run,type,module,name,attrname,attrvalue,vectime,vecvalue
General-1-20260518-23:34:40-35278,runattr,,,configname,General,,
General-1-20260518-23:34:40-35278,runattr,,,datetime,20260518-23:34:40,,
General-1-20260518-23:34:40-35278,runattr,,,datetimef,20260518-233440,,
General-1-20260518-23:34:40-35278,runattr,,,experiment,General,,
General-1-20260518-23:34:40-35278,runattr,,,inifile,n100-gw1.ini,,
General-1-20260518-23:34:40-35278,runattr,,,iterationvars,"$0=""avg""",,
General-1-20260518-23:34:40-35278,runattr,,,iterationvarsd,avg,,
General-1-20260518-23:34:40-35278,runattr,,,iterationvarsf,avg-,,
General-1-20260518-23:34:40-35278,runattr,,,measurement,"$0=""avg""",,
General-1-20260518-23:34:40-35278,runattr,,,network,flora.simulations.LoRaNetworkTest,,
General-1-20260518-23:34:40-35278,runattr,,,processid,35278,,
General-1-20260518-23:34:40-35278,runattr,,,repetition,1,,
General-1-20260518-23:34:40-35278,runattr,,,replication,#1,,
General-1-20260518-23:34:40-35278,runattr,,,resultdir,results,,
General-1-20260518-23:34:40-35278,runattr,,,runnumber,1,,
General-1-20260518-23:34:40-35278,runattr,,,seedset,1,,
General-1-20260518-23:34:40-35278,config,,,image-path,../../../inet4.4/images,,
General-1-20260518-23:34:40-35278,config,,,network,flora.simulations.LoRaNetworkTest,,
General-1-20260518-23:34:40-35278,config,,,output-vector-file,../results/n100-gw1-s1.ini.vec,,
General-1-20260518-23:34:40-35278,config,,,**.maxTransmissionDuration,4s,,
General-1-20260518-23:34:40-35278,config,,,**.energyDetection,-110dBm,,
General-1-20260518-23:34:40-35278,config,,,rng-class,cMersenneTwister,,
General-1-20260518-23:34:40-35278,config,,,**.loRaGW[*].numUdpApps,1,,
General-1-20260518-23:34:40-35278,config,,,**.loRaGW[0].packetForwarder.localPort,2000,,
General-1-20260518-23:34:40-35278,config,,,**.loRaGW[0].packetForwarder.destPort,1000,,
General-1-20260518-23:34:40-35278,config,,,**.loRaGW[0].packetForwarder.destAddresses,"""networkServer""",,
General-1-20260518-23:34:40-35278,config,,,**.loRaGW[0].packetForwarder.indexNumber,0,,
General-1-20260518-23:34:40-35278,config,,,**.networkServer.numApps,1,,
General-1-20260518-23:34:40-35278,config,,,**.networkServer.**.evaluateADRinServer,true,,
General-1-20260518-23:34:40-35278,config,,,**.networkServer.app[0].typename,NetworkServerApp,,
General-1-20260518-23:34:40-35278,config,,,**.networkServer.app[0].destAddresses,"""loRaGW[0]""",,
General-1-20260518-23:34:40-35278,config,,,**.networkServer.app[0].destPort,2000,,
General-1-20260518-23:34:40-35278,config,,,**.networkServer.app[0].localPort,1000,,
General-1-20260518-23:34:40-35278,config,,,**.networkServer.app[0].adrMethod,"""avg""",,
General-1-20260518-23:34:40-35278,config,,,**.numberOfPacketsToSend,0,,
General-1-20260518-23:34:40-35278,config,,,sim-time-limit,3d,,
General-1-20260518-23:34:40-35278,config,,,warmup-period,2h,,
General-1-20260518-23:34:40-35278,config,,,simtime-resolution,-11,,
General-1-20260518-23:34:40-35278,config,,,repeat,3,,
General-1-20260518-23:34:40-35278,config,,,**.loRaNodes[0..19].app[0].timeToFirstPacket,exponential(1h),,
General-1-20260518-23:34:40-35278,config,,,**.loRaNodes[0..19].app[0].timeToNextPacket,exponential(1h),,
General-1-20260518-23:34:40-35278,config,,,**.loRaNodes[20..24].app[0].timeToFirstPacket,exponential(24h),,
General-1-20260518-23:34:40-35278,config,,,**.loRaNodes[20..24].app[0].timeToNextPacket,exponential(24h),,
General-1-20260518-23:34:40-35278,config,,,**.loRaNodes[25..39].app[0].timeToFirstPacket,exponential(4h),,
General-1-20260518-23:34:40-35278,config,,,**.loRaNodes[25..39].app[0].timeToNextPacket,exponential(4h),,
General-1-20260518-23:34:40-35278,config,,,**.alohaChannelModel,false,,
General-1-20260518-23:34:40-35278,config,,,**.loRaNodes[*].**.initFromDisplayString,false,,
General-1-20260518-23:34:40-35278,config,,,**.loRaNodes[*].**.evaluateADRinNode,true,,
General-1-20260518-23:34:40-35278,config,,,**.loRaNodes[*].**initialLoRaBW,125 kHz,,
General-1-20260518-23:34:40-35278,config,,,**.loRaNodes[*].**initialLoRaCR,4,,
General-1-20260518-23:34:40-35278,config,,,**.loRaNodes[*].numApps,1,,
General-1-20260518-23:34:40-35278,config,,,**.loRaNodes[*].app[0].typename,SimpleLoRaApp,,
General-1-20260518-23:34:40-35278,config,,,**.LoRaGWNic.radio.iAmGateway,true,,
General-1-20260518-23:34:40-35278,config,,,**.loRaGW[*].**.initFromDisplayString,false,,
General-1-20260518-23:34:40-35278,config,,,**.loRaNodes[*].LoRaNic.radio.energyConsumer.typename,LoRaEnergyConsumer,,
General-1-20260518-23:34:40-35278,config,,,**.loRaNodes[*].**.energySourceModule,"""^.IdealEpEnergyStorage""",,
General-1-20260518-23:34:40-35278,config,,,**.loRaNodes[*].LoRaNic.radio.energyConsumer.configFile,"xmldoc(""../energyConsumptionParameters.xml"")",,
General-1-20260518-23:34:40-35278,config,,,**.sigma,3.57,,
General-1-20260518-23:34:40-35278,config,,,**.constraintAreaMinX,0m,,
General-1-20260518-23:34:40-35278,config,,,**.constraintAreaMinY,0m,,
General-1-20260518-23:34:40-35278,config,,,**.constraintAreaMinZ,0m,,
General-1-20260518-23:34:40-35278,config,,,**.constraintAreaMaxZ,0m,,
General-1-20260518-23:34:40-35278,config,,,LoRaNetworkTest.**.radio.separateTransmissionParts,false,,
General-1-20260518-23:34:40-35278,config,,,LoRaNetworkTest.**.radio.separateReceptionParts,false,,
General-1-20260518-23:34:40-35278,config,,,**.ipv4Delayer.config,"xmldoc(""../cloudDelays.xml"")",,
General-1-20260518-23:34:40-35278,config,,,**.radio.radioMediumModule,"""LoRaMedium""",,
General-1-20260518-23:34:40-35278,config,,,**.LoRaMedium.pathLossType,"""LoRaLogNormalShadowing""",,
General-1-20260518-23:34:40-35278,config,,,**.minInterferenceTime,0s,,
General-1-20260518-23:34:40-35278,config,,,**.displayAddresses,false,,
General-1-20260518-23:34:40-35278,config,,,**.numberOfNodes,40,,
General-1-20260518-23:34:40-35278,config,,,**.numberOfGateways,1,,
General-1-20260518-23:34:40-35278,config,,,**.constraintAreaMaxX,2376.0m,,
General-1-20260518-23:34:40-35278,config,,,**.constraintAreaMaxY,1090.0m,,
General-1-20260518-23:34:40-35278,config,,,**.loRaGW[0].**.initialX,544.00m,,
General-1-20260518-23:34:40-35278,config,,,**.loRaGW[0].**.initialY,544.00m,,
General-1-20260518-23:34:40-35278,config,,,output-scalar-file,../results/n100-gw1-s1.ini.sca,,
General-1-20260518-23:34:40-35278,config,,,**.loRaNodes[0..19].app[0].sendInterval,exponential(1h),,
General-1-20260518-23:34:40-35278,config,,,**.loRaNodes[20..24].app[0].sendInterval,exponential(24h),,
General-1-20260518-23:34:40-35278,config,,,**.loRaNodes[25..39].app[0].sendInterval,exponential(4h),,
General-1-20260518-23:34:40-35278,config,,,**.loRaNodes[0].**.initialX,756.75m,,
General-1-20260518-23:34:40-35278,config,,,**.loRaNodes[0].**.initialY,475.93m,,
General-1-20260518-23:34:40-35278,config,,,**.loRaNodes[1].**.initialX,289.82m,,
General-1-20260518-23:34:40-35278,config,,,**.loRaNodes[1].**.initialY,362.58m,,
General-1-20260518-23:34:40-35278,config,,,**.loRaNodes[2].**.initialX,624.29m,,
General-1-20260518-23:34:40-35278,config,,,**.loRaNodes[2].**.initialY,663.75m,,
General-1-20260518-23:34:40-35278,config,,,**.loRaNodes[3].**.initialX,602.66m,,
General-1-20260518-23:34:40-35278,config,,,**.loRaNodes[3].**.initialY,478.45m,,
General-1-20260518-23:34:40-35278,config,,,**.loRaNodes[4].**.initialX,470.31m,,
General-1-20260518-23:34:40-35278,config,,,**.loRaNodes[4].**.initialY,270.77m,,
General-1-20260518-23:34:40-35278,config,,,**.loRaNodes[5].**.initialX,595.43m,,
General-1-20260518-23:34:40-35278,config,,,**.loRaNodes[5].**.initialY,534.16m,,
General-1-20260518-23:34:40-35278,config,,,**.loRaNodes[6].**.initialX,622.07m,,
General-1-20260518-23:34:40-35278,config,,,**.loRaNodes[6].**.initialY,867.74m,,
General-1-20260518-23:34:40-35278,config,,,**.loRaNodes[7].**.initialX,607.24m,,
General-1-20260518-23:34:40-35278,config,,,**.loRaNodes[7].**.initialY,686.21m,,
General-1-20260518-23:34:40-35278,config,,,**.loRaNodes[8].**.initialX,345.10m,,
General-1-20260518-23:34:40-35278,config,,,**.loRaNodes[8].**.initialY,512.81m,,
General-1-20260518-23:34:40-35278,config,,,**.loRaNodes[9].**.initialX,482.55m,,
General-1-20260518-23:34:40-35278,config,,,**.loRaNodes[9].**.initialY,775.88m,,
General-1-20260518-23:34:40-35278,config,,,**.loRaNodes[10].**.initialX,726.69m,,
General-1-20260518-23:34:40-35278,config,,,**.loRaNodes[10].**.initialY,763.41m,,
General-1-20260518-23:34:40-35278,config,,,**.loRaNodes[11].**.initialX,412.27m,,
General-1-20260518-23:34:40-35278,config,,,**.loRaNodes[11].**.initialY,690.86m,,
General-1-20260518-23:34:40-35278,config,,,**.loRaNodes[12].**.initialX,598.04m,,
General-1-20260518-23:34:40-35278,config,,,**.loRaNodes[12].**.initialY,303.50m,,
General-1-20260518-23:34:40-35278,config,,,**.loRaNodes[13].**.initialX,381.55m,,
General-1-20260518-23:34:40-35278,config,,,**.loRaNodes[13].**.initialY,529.43m,,
General-1-20260518-23:34:40-35278,config,,,**.loRaNodes[14].**.initialX,813.05m,,
General-1-20260518-23:34:40-35278,config,,,**.loRaNodes[14].**.initialY,624.83m,,
General-1-20260518-23:34:40-35278,config,,,**.loRaNodes[15].**.initialX,680.24m,,
General-1-20260518-23:34:40-35278,config,,,**.loRaNodes[15].**.initialY,793.76m,,
General-1-20260518-23:34:40-35278,config,,,**.loRaNodes[16].**.initialX,632.33m,,
General-1-20260518-23:34:40-35278,config,,,**.loRaNodes[16].**.initialY,514.61m,,
General-1-20260518-23:34:40-35278,config,,,**.loRaNodes[17].**.initialX,672.67m,,
General-1-20260518-23:34:40-35278,config,,,**.loRaNodes[17].**.initialY,209.20m,,
General-1-20260518-23:34:40-35278,config,,,**.loRaNodes[18].**.initialX,708.69m,,
General-1-20260518-23:34:40-35278,config,,,**.loRaNodes[18].**.initialY,660.01m,,
General-1-20260518-23:34:40-35278,config,,,**.loRaNodes[19].**.initialX,263.17m,,
General-1-20260518-23:34:40-35278,config,,,**.loRaNodes[19].**.initialY,654.88m,,
General-1-20260518-23:34:40-35278,config,,,**.loRaNodes[20].**.initialX,416.55m,,
General-1-20260518-23:34:40-35278,config,,,**.loRaNodes[20].**.initialY,547.86m,,
General-1-20260518-23:34:40-35278,config,,,**.loRaNodes[21].**.initialX,600.99m,,
General-1-20260518-23:34:40-35278,config,,,**.loRaNodes[21].**.initialY,507.49m,,
General-1-20260518-23:34:40-35278,config,,,**.loRaNodes[22].**.initialX,447.01m,,
General-1-20260518-23:34:40-35278,config,,,**.loRaNodes[22].**.initialY,385.67m,,
General-1-20260518-23:34:40-35278,config,,,**.loRaNodes[23].**.initialX,341.83m,,
General-1-20260518-23:34:40-35278,config,,,**.loRaNodes[23].**.initialY,518.37m,,
General-1-20260518-23:34:40-35278,config,,,**.loRaNodes[24].**.initialX,651.41m,,
General-1-20260518-23:34:40-35278,config,,,**.loRaNodes[24].**.initialY,791.59m,,
General-1-20260518-23:34:40-35278,config,,,**.loRaNodes[25].**.initialX,600.52m,,
General-1-20260518-23:34:40-35278,config,,,**.loRaNodes[25].**.initialY,189.07m,,
General-1-20260518-23:34:40-35278,config,,,**.loRaNodes[26].**.initialX,823.31m,,
General-1-20260518-23:34:40-35278,config,,,**.loRaNodes[26].**.initialY,326.86m,,
General-1-20260518-23:34:40-35278,config,,,**.loRaNodes[27].**.initialX,792.91m,,
General-1-20260518-23:34:40-35278,config,,,**.loRaNodes[27].**.initialY,410.96m,,
General-1-20260518-23:34:40-35278,config,,,**.loRaNodes[28].**.initialX,580.15m,,
General-1-20260518-23:34:40-35278,config,,,**.loRaNodes[28].**.initialY,646.39m,,
General-1-20260518-23:34:40-35278,config,,,**.loRaNodes[29].**.initialX,508.62m,,
General-1-20260518-23:34:40-35278,config,,,**.loRaNodes[29].**.initialY,613.09m,,
General-1-20260518-23:34:40-35278,config,,,**.loRaNodes[30].**.initialX,513.57m,,
General-1-20260518-23:34:40-35278,config,,,**.loRaNodes[30].**.initialY,769.51m,,
General-1-20260518-23:34:40-35278,config,,,**.loRaNodes[31].**.initialX,337.46m,,
General-1-20260518-23:34:40-35278,config,,,**.loRaNodes[31].**.initialY,804.29m,,
General-1-20260518-23:34:40-35278,config,,,**.loRaNodes[32].**.initialX,357.46m,,
General-1-20260518-23:34:40-35278,config,,,**.loRaNodes[32].**.initialY,492.72m,,
General-1-20260518-23:34:40-35278,config,,,**.loRaNodes[33].**.initialX,588.14m,,
General-1-20260518-23:34:40-35278,config,,,**.loRaNodes[33].**.initialY,414.28m,,
General-1-20260518-23:34:40-35278,config,,,**.loRaNodes[34].**.initialX,643.32m,,
General-1-20260518-23:34:40-35278,config,,,**.loRaNodes[34].**.initialY,535.80m,,
General-1-20260518-23:34:40-35278,config,,,**.loRaNodes[35].**.initialX,645.58m,,
General-1-20260518-23:34:40-35278,config,,,**.loRaNodes[35].**.initialY,848.24m,,
General-1-20260518-23:34:40-35278,config,,,**.loRaNodes[36].**.initialX,554.84m,,
General-1-20260518-23:34:40-35278,config,,,**.loRaNodes[36].**.initialY,519.14m,,
General-1-20260518-23:34:40-35278,config,,,**.loRaNodes[37].**.initialX,503.64m,,
General-1-20260518-23:34:40-35278,config,,,**.loRaNodes[37].**.initialY,239.79m,,
General-1-20260518-23:34:40-35278,config,,,**.loRaNodes[38].**.initialX,830.48m,,
General-1-20260518-23:34:40-35278,config,,,**.loRaNodes[38].**.initialY,687.81m,,
General-1-20260518-23:34:40-35278,config,,,**.loRaNodes[39].**.initialX,707.13m,,
General-1-20260518-23:34:40-35278,config,,,**.loRaNodes[39].**.initialY,689.41m,,
General-1-20260518-23:34:40-35278,config,,,**.loRaNodes[0].**initialLoRaSF,10,,
General-1-20260518-23:34:40-35278,config,,,**.loRaNodes[0].**initialLoRaTP,14dBm,,
General-1-20260518-23:34:40-35278,config,,,**.loRaNodes[1].**initialLoRaSF,12,,
General-1-20260518-23:34:40-35278,config,,,**.loRaNodes[1].**initialLoRaTP,14dBm,,
General-1-20260518-23:34:40-35278,config,,,**.loRaNodes[2].**initialLoRaSF,9,,
General-1-20260518-23:34:40-35278,config,,,**.loRaNodes[2].**initialLoRaTP,14dBm,,
General-1-20260518-23:34:40-35278,config,,,**.loRaNodes[3].**initialLoRaSF,8,,
General-1-20260518-23:34:40-35278,config,,,**.loRaNodes[3].**initialLoRaTP,14dBm,,
General-1-20260518-23:34:40-35278,config,,,**.loRaNodes[4].**initialLoRaSF,11,,
General-1-20260518-23:34:40-35278,config,,,**.loRaNodes[4].**initialLoRaTP,14dBm,,
General-1-20260518-23:34:40-35278,config,,,**.loRaNodes[5].**initialLoRaSF,7,,
General-1-20260518-23:34:40-35278,config,,,**.loRaNodes[5].**initialLoRaTP,11dBm,,
General-1-20260518-23:34:40-35278,config,,,**.loRaNodes[6].**initialLoRaSF,12,,
General-1-20260518-23:34:40-35278,config,,,**.loRaNodes[6].**initialLoRaTP,14dBm,,
General-1-20260518-23:34:40-35278,config,,,**.loRaNodes[7].**initialLoRaSF,9,,
General-1-20260518-23:34:40-35278,config,,,**.loRaNodes[7].**initialLoRaTP,14dBm,,
General-1-20260518-23:34:40-35278,config,,,**.loRaNodes[8].**initialLoRaSF,10,,
General-1-20260518-23:34:40-35278,config,,,**.loRaNodes[8].**initialLoRaTP,14dBm,,
General-1-20260518-23:34:40-35278,config,,,**.loRaNodes[9].**initialLoRaSF,11,,
General-1-20260518-23:34:40-35278,config,,,**.loRaNodes[9].**initialLoRaTP,14dBm,,
General-1-20260518-23:34:40-35278,config,,,**.loRaNodes[10].**initialLoRaSF,11,,
General-1-20260518-23:34:40-35278,config,,,**.loRaNodes[10].**initialLoRaTP,14dBm,,
General-1-20260518-23:34:40-35278,config,,,**.loRaNodes[11].**initialLoRaSF,10,,
General-1-20260518-23:34:40-35278,config,,,**.loRaNodes[11].**initialLoRaTP,14dBm,,
General-1-20260518-23:34:40-35278,config,,,**.loRaNodes[12].**initialLoRaSF,11,,
General-1-20260518-23:34:40-35278,config,,,**.loRaNodes[12].**initialLoRaTP,14dBm,,
General-1-20260518-23:34:40-35278,config,,,**.loRaNodes[13].**initialLoRaSF,9,,
General-1-20260518-23:34:40-35278,config,,,**.loRaNodes[13].**initialLoRaTP,14dBm,,
General-1-20260518-23:34:40-35278,config,,,**.loRaNodes[14].**initialLoRaSF,11,,
General-1-20260518-23:34:40-35278,config,,,**.loRaNodes[14].**initialLoRaTP,14dBm,,
General-1-20260518-23:34:40-35278,config,,,**.loRaNodes[15].**initialLoRaSF,11,,
General-1-20260518-23:34:40-35278,config,,,**.loRaNodes[15].**initialLoRaTP,14dBm,,
General-1-20260518-23:34:40-35278,config,,,**.loRaNodes[16].**initialLoRaSF,8,,
General-1-20260518-23:34:40-35278,config,,,**.loRaNodes[16].**initialLoRaTP,14dBm,,
General-1-20260518-23:34:40-35278,config,,,**.loRaNodes[17].**initialLoRaSF,12,,
General-1-20260518-23:34:40-35278,config,,,**.loRaNodes[17].**initialLoRaTP,14dBm,,
General-1-20260518-23:34:40-35278,config,,,**.loRaNodes[18].**initialLoRaSF,10,,
General-1-20260518-23:34:40-35278,config,,,**.loRaNodes[18].**initialLoRaTP,14dBm,,
General-1-20260518-23:34:40-35278,config,,,**.loRaNodes[19].**initialLoRaSF,12,,
General-1-20260518-23:34:40-35278,config,,,**.loRaNodes[19].**initialLoRaTP,14dBm,,
General-1-20260518-23:34:40-35278,config,,,**.loRaNodes[20].**initialLoRaSF,9,,
General-1-20260518-23:34:40-35278,config,,,**.loRaNodes[20].**initialLoRaTP,14dBm,,
General-1-20260518-23:34:40-35278,config,,,**.loRaNodes[21].**initialLoRaSF,7,,
General-1-20260518-23:34:40-35278,config,,,**.loRaNodes[21].**initialLoRaTP,14dBm,,
General-1-20260518-23:34:40-35278,config,,,**.loRaNodes[22].**initialLoRaSF,10,,
General-1-20260518-23:34:40-35278,config,,,**.loRaNodes[22].**initialLoRaTP,14dBm,,
General-1-20260518-23:34:40-35278,config,,,**.loRaNodes[23].**initialLoRaSF,10,,
General-1-20260518-23:34:40-35278,config,,,**.loRaNodes[23].**initialLoRaTP,14dBm,,
General-1-20260518-23:34:40-35278,config,,,**.loRaNodes[24].**initialLoRaSF,11,,
General-1-20260518-23:34:40-35278,config,,,**.loRaNodes[24].**initialLoRaTP,14dBm,,
General-1-20260518-23:34:40-35278,config,,,**.loRaNodes[25].**initialLoRaSF,12,,
General-1-20260518-23:34:40-35278,config,,,**.loRaNodes[25].**initialLoRaTP,14dBm,,
General-1-20260518-23:34:40-35278,config,,,**.loRaNodes[26].**initialLoRaSF,12,,
General-1-20260518-23:34:40-35278,config,,,**.loRaNodes[26].**initialLoRaTP,14dBm,,
General-1-20260518-23:34:40-35278,config,,,**.loRaNodes[27].**initialLoRaSF,11,,
General-1-20260518-23:34:40-35278,config,,,**.loRaNodes[27].**initialLoRaTP,14dBm,,
General-1-20260518-23:34:40-35278,config,,,**.loRaNodes[28].**initialLoRaSF,8,,
General-1-20260518-23:34:40-35278,config,,,**.loRaNodes[28].**initialLoRaTP,14dBm,,
General-1-20260518-23:34:40-35278,config,,,**.loRaNodes[29].**initialLoRaSF,7,,
General-1-20260518-23:34:40-35278,config,,,**.loRaNodes[29].**initialLoRaTP,14dBm,,
General-1-20260518-23:34:40-35278,config,,,**.loRaNodes[30].**initialLoRaSF,10,,
General-1-20260518-23:34:40-35278,config,,,**.loRaNodes[30].**initialLoRaTP,14dBm,,
General-1-20260518-23:34:40-35278,config,,,**.loRaNodes[31].**initialLoRaSF,12,,
General-1-20260518-23:34:40-35278,config,,,**.loRaNodes[31].**initialLoRaTP,14dBm,,
General-1-20260518-23:34:40-35278,config,,,**.loRaNodes[32].**initialLoRaSF,10,,
General-1-20260518-23:34:40-35278,config,,,**.loRaNodes[32].**initialLoRaTP,14dBm,,
General-1-20260518-23:34:40-35278,config,,,**.loRaNodes[33].**initialLoRaSF,9,,
General-1-20260518-23:34:40-35278,config,,,**.loRaNodes[33].**initialLoRaTP,14dBm,,
General-1-20260518-23:34:40-35278,config,,,**.loRaNodes[34].**initialLoRaSF,8,,
General-1-20260518-23:34:40-35278,config,,,**.loRaNodes[34].**initialLoRaTP,14dBm,,
General-1-20260518-23:34:40-35278,config,,,**.loRaNodes[35].**initialLoRaSF,12,,
General-1-20260518-23:34:40-35278,config,,,**.loRaNodes[35].**initialLoRaTP,14dBm,,
General-1-20260518-23:34:40-35278,config,,,**.loRaNodes[36].**initialLoRaSF,7,,
General-1-20260518-23:34:40-35278,config,,,**.loRaNodes[36].**initialLoRaTP,5dBm,,
General-1-20260518-23:34:40-35278,config,,,**.loRaNodes[37].**initialLoRaSF,12,,
General-1-20260518-23:34:40-35278,config,,,**.loRaNodes[37].**initialLoRaTP,14dBm,,
General-1-20260518-23:34:40-35278,config,,,**.loRaNodes[38].**initialLoRaSF,12,,
General-1-20260518-23:34:40-35278,config,,,**.loRaNodes[38].**initialLoRaTP,14dBm,,
General-1-20260518-23:34:40-35278,config,,,**.loRaNodes[39].**initialLoRaSF,10,,
General-1-20260518-23:34:40-35278,config,,,**.loRaNodes[39].**initialLoRaTP,14dBm,,
General-1-20260518-23:34:40-35278,config,,,**.vector-recording,true,,
General-1-20260518-23:34:40-35278,config,,,**.loRaGW[*].packetForwarder.highQueueLength.vector-recording,true,,
General-1-20260518-23:34:40-35278,config,,,**.loRaGW[*].packetForwarder.lowQueueLength.vector-recording,true,,
General-1-20260518-23:34:40-35278,config,,,**.networkServer.app[0].delaySignal.vector-recording,true,,
General-1-20260518-23:34:40-35278,config,,,**.loRaNodes[*].app[0].packetsSent:scalar,true,,
General-1-20260518-23:34:40-35278,config,,,**.networkServer.app[0].totalReceivedPackets:scalar,true,,
General-1-20260518-23:34:40-35278,config,,,**.loRaGW[*].**.packetDropRate:scalar,true,,
General-2-20260519-00:18:35-54743,runattr,,,configname,General,,
General-2-20260519-00:18:35-54743,runattr,,,datetime,20260519-00:18:35,,
General-2-20260519-00:18:35-54743,runattr,,,datetimef,20260519-001835,,
General-2-20260519-00:18:35-54743,runattr,,,experiment,General,,
General-2-20260519-00:18:35-54743,runattr,,,inifile,n100-gw1.ini,,
General-2-20260519-00:18:35-54743,runattr,,,iterationvars,"$0=""avg""",,
General-2-20260519-00:18:35-54743,runattr,,,iterationvarsd,avg,,
General-2-20260519-00:18:35-54743,runattr,,,iterationvarsf,avg-,,
General-2-20260519-00:18:35-54743,runattr,,,measurement,"$0=""avg""",,
General-2-20260519-00:18:35-54743,runattr,,,network,flora.simulations.LoRaNetworkTest,,
General-2-20260519-00:18:35-54743,runattr,,,processid,54743,,
General-2-20260519-00:18:35-54743,runattr,,,repetition,2,,
General-2-20260519-00:18:35-54743,runattr,,,replication,#2,,
General-2-20260519-00:18:35-54743,runattr,,,resultdir,results,,
General-2-20260519-00:18:35-54743,runattr,,,runnumber,2,,
General-2-20260519-00:18:35-54743,runattr,,,seedset,2,,
General-2-20260519-00:18:35-54743,config,,,image-path,../../../inet4.4/images,,
General-2-20260519-00:18:35-54743,config,,,network,flora.simulations.LoRaNetworkTest,,
General-2-20260519-00:18:35-54743,config,,,output-vector-file,../results/n100-gw1-s2.ini.vec,,
General-2-20260519-00:18:35-54743,config,,,**.maxTransmissionDuration,4s,,
General-2-20260519-00:18:35-54743,config,,,**.energyDetection,-110dBm,,
General-2-20260519-00:18:35-54743,config,,,rng-class,cMersenneTwister,,
General-2-20260519-00:18:35-54743,config,,,**.loRaGW[*].numUdpApps,1,,
General-2-20260519-00:18:35-54743,config,,,**.loRaGW[0].packetForwarder.localPort,2000,,
General-2-20260519-00:18:35-54743,config,,,**.loRaGW[0].packetForwarder.destPort,1000,,
General-2-20260519-00:18:35-54743,config,,,**.loRaGW[0].packetForwarder.destAddresses,"""networkServer""",,
General-2-20260519-00:18:35-54743,config,,,**.loRaGW[0].packetForwarder.indexNumber,0,,
General-2-20260519-00:18:35-54743,config,,,**.networkServer.numApps,1,,
General-2-20260519-00:18:35-54743,config,,,**.networkServer.**.evaluateADRinServer,true,,
General-2-20260519-00:18:35-54743,config,,,**.networkServer.app[0].typename,NetworkServerApp,,
General-2-20260519-00:18:35-54743,config,,,**.networkServer.app[0].destAddresses,"""loRaGW[0]""",,
General-2-20260519-00:18:35-54743,config,,,**.networkServer.app[0].destPort,2000,,
General-2-20260519-00:18:35-54743,config,,,**.networkServer.app[0].localPort,1000,,
General-2-20260519-00:18:35-54743,config,,,**.networkServer.app[0].adrMethod,"""avg""",,
General-2-20260519-00:18:35-54743,config,,,**.numberOfPacketsToSend,0,,
General-2-20260519-00:18:35-54743,config,,,sim-time-limit,3d,,
General-2-20260519-00:18:35-54743,config,,,warmup-period,2h,,
General-2-20260519-00:18:35-54743,config,,,simtime-resolution,-11,,
General-2-20260519-00:18:35-54743,config,,,repeat,3,,
General-2-20260519-00:18:35-54743,config,,,**.loRaNodes[0..19].app[0].timeToFirstPacket,exponential(1h),,
General-2-20260519-00:18:35-54743,config,,,**.loRaNodes[0..19].app[0].timeToNextPacket,exponential(1h),,
General-2-20260519-00:18:35-54743,config,,,**.loRaNodes[20..24].app[0].timeToFirstPacket,exponential(24h),,
General-2-20260519-00:18:35-54743,config,,,**.loRaNodes[20..24].app[0].timeToNextPacket,exponential(24h),,
General-2-20260519-00:18:35-54743,config,,,**.loRaNodes[25..39].app[0].timeToFirstPacket,exponential(4h),,
General-2-20260519-00:18:35-54743,config,,,**.loRaNodes[25..39].app[0].timeToNextPacket,exponential(4h),,
General-2-20260519-00:18:35-54743,config,,,**.alohaChannelModel,false,,
General-2-20260519-00:18:35-54743,config,,,**.loRaNodes[*].**.initFromDisplayString,false,,
General-2-20260519-00:18:35-54743,config,,,**.loRaNodes[*].**.evaluateADRinNode,true,,
General-2-20260519-00:18:35-54743,config,,,**.loRaNodes[*].**initialLoRaBW,125 kHz,,
General-2-20260519-00:18:35-54743,config,,,**.loRaNodes[*].**initialLoRaCR,4,,
General-2-20260519-00:18:35-54743,config,,,**.loRaNodes[*].numApps,1,,
General-2-20260519-00:18:35-54743,config,,,**.loRaNodes[*].app[0].typename,SimpleLoRaApp,,
General-2-20260519-00:18:35-54743,config,,,**.LoRaGWNic.radio.iAmGateway,true,,
General-2-20260519-00:18:35-54743,config,,,**.loRaGW[*].**.initFromDisplayString,false,,
General-2-20260519-00:18:35-54743,config,,,**.loRaNodes[*].LoRaNic.radio.energyConsumer.typename,LoRaEnergyConsumer,,
General-2-20260519-00:18:35-54743,config,,,**.loRaNodes[*].**.energySourceModule,"""^.IdealEpEnergyStorage""",,
General-2-20260519-00:18:35-54743,config,,,**.loRaNodes[*].LoRaNic.radio.energyConsumer.configFile,"xmldoc(""../energyConsumptionParameters.xml"")",,
General-2-20260519-00:18:35-54743,config,,,**.sigma,3.57,,
General-2-20260519-00:18:35-54743,config,,,**.constraintAreaMinX,0m,,
General-2-20260519-00:18:35-54743,config,,,**.constraintAreaMinY,0m,,
General-2-20260519-00:18:35-54743,config,,,**.constraintAreaMinZ,0m,,
General-2-20260519-00:18:35-54743,config,,,**.constraintAreaMaxZ,0m,,
General-2-20260519-00:18:35-54743,config,,,LoRaNetworkTest.**.radio.separateTransmissionParts,false,,
General-2-20260519-00:18:35-54743,config,,,LoRaNetworkTest.**.radio.separateReceptionParts,false,,
General-2-20260519-00:18:35-54743,config,,,**.ipv4Delayer.config,"xmldoc(""../cloudDelays.xml"")",,
General-2-20260519-00:18:35-54743,config,,,**.radio.radioMediumModule,"""LoRaMedium""",,
General-2-20260519-00:18:35-54743,config,,,**.LoRaMedium.pathLossType,"""LoRaLogNormalShadowing""",,
General-2-20260519-00:18:35-54743,config,,,**.minInterferenceTime,0s,,
General-2-20260519-00:18:35-54743,config,,,**.displayAddresses,false,,
General-2-20260519-00:18:35-54743,config,,,**.numberOfNodes,40,,
General-2-20260519-00:18:35-54743,config,,,**.numberOfGateways,1,,
General-2-20260519-00:18:35-54743,config,,,**.constraintAreaMaxX,2376.0m,,
General-2-20260519-00:18:35-54743,config,,,**.constraintAreaMaxY,1090.0m,,
General-2-20260519-00:18:35-54743,config,,,**.loRaGW[0].**.initialX,544.00m,,
General-2-20260519-00:18:35-54743,config,,,**.loRaGW[0].**.initialY,544.00m,,
General-2-20260519-00:18:35-54743,config,,,output-scalar-file,../results/n100-gw1-s2.ini.sca,,
General-2-20260519-00:18:35-54743,config,,,**.loRaNodes[0..19].app[0].sendInterval,exponential(1h),,
General-2-20260519-00:18:35-54743,config,,,**.loRaNodes[20..24].app[0].sendInterval,exponential(24h),,
General-2-20260519-00:18:35-54743,config,,,**.loRaNodes[25..39].app[0].sendInterval,exponential(4h),,
General-2-20260519-00:18:35-54743,config,,,**.loRaNodes[0].**.initialX,756.75m,,
General-2-20260519-00:18:35-54743,config,,,**.loRaNodes[0].**.initialY,475.93m,,
General-2-20260519-00:18:35-54743,config,,,**.loRaNodes[1].**.initialX,289.82m,,
General-2-20260519-00:18:35-54743,config,,,**.loRaNodes[1].**.initialY,362.58m,,
General-2-20260519-00:18:35-54743,config,,,**.loRaNodes[2].**.initialX,624.29m,,
General-2-20260519-00:18:35-54743,config,,,**.loRaNodes[2].**.initialY,663.75m,,
General-2-20260519-00:18:35-54743,config,,,**.loRaNodes[3].**.initialX,602.66m,,
General-2-20260519-00:18:35-54743,config,,,**.loRaNodes[3].**.initialY,478.45m,,
General-2-20260519-00:18:35-54743,config,,,**.loRaNodes[4].**.initialX,470.31m,,
General-2-20260519-00:18:35-54743,config,,,**.loRaNodes[4].**.initialY,270.77m,,
General-2-20260519-00:18:35-54743,config,,,**.loRaNodes[5].**.initialX,595.43m,,
General-2-20260519-00:18:35-54743,config,,,**.loRaNodes[5].**.initialY,534.16m,,
General-2-20260519-00:18:35-54743,config,,,**.loRaNodes[6].**.initialX,622.07m,,
General-2-20260519-00:18:35-54743,config,,,**.loRaNodes[6].**.initialY,867.74m,,
General-2-20260519-00:18:35-54743,config,,,**.loRaNodes[7].**.initialX,607.24m,,
General-2-20260519-00:18:35-54743,config,,,**.loRaNodes[7].**.initialY,686.21m,,
General-2-20260519-00:18:35-54743,config,,,**.loRaNodes[8].**.initialX,345.10m,,
General-2-20260519-00:18:35-54743,config,,,**.loRaNodes[8].**.initialY,512.81m,,
General-2-20260519-00:18:35-54743,config,,,**.loRaNodes[9].**.initialX,482.55m,,
General-2-20260519-00:18:35-54743,config,,,**.loRaNodes[9].**.initialY,775.88m,,
General-2-20260519-00:18:35-54743,config,,,**.loRaNodes[10].**.initialX,726.69m,,
General-2-20260519-00:18:35-54743,config,,,**.loRaNodes[10].**.initialY,763.41m,,
General-2-20260519-00:18:35-54743,config,,,**.loRaNodes[11].**.initialX,412.27m,,
General-2-20260519-00:18:35-54743,config,,,**.loRaNodes[11].**.initialY,690.86m,,
General-2-20260519-00:18:35-54743,config,,,**.loRaNodes[12].**.initialX,598.04m,,
General-2-20260519-00:18:35-54743,config,,,**.loRaNodes[12].**.initialY,303.50m,,
General-2-20260519-00:18:35-54743,config,,,**.loRaNodes[13].**.initialX,381.55m,,
General-2-20260519-00:18:35-54743,config,,,**.loRaNodes[13].**.initialY,529.43m,,
General-2-20260519-00:18:35-54743,config,,,**.loRaNodes[14].**.initialX,813.05m,,
General-2-20260519-00:18:35-54743,config,,,**.loRaNodes[14].**.initialY,624.83m,,
General-2-20260519-00:18:35-54743,config,,,**.loRaNodes[15].**.initialX,680.24m,,
General-2-20260519-00:18:35-54743,config,,,**.loRaNodes[15].**.initialY,793.76m,,
General-2-20260519-00:18:35-54743,config,,,**.loRaNodes[16].**.initialX,632.33m,,
General-2-20260519-00:18:35-54743,config,,,**.loRaNodes[16].**.initialY,514.61m,,
General-2-20260519-00:18:35-54743,config,,,**.loRaNodes[17].**.initialX,672.67m,,
General-2-20260519-00:18:35-54743,config,,,**.loRaNodes[17].**.initialY,209.20m,,
General-2-20260519-00:18:35-54743,config,,,**.loRaNodes[18].**.initialX,708.69m,,
General-2-20260519-00:18:35-54743,config,,,**.loRaNodes[18].**.initialY,660.01m,,
General-2-20260519-00:18:35-54743,config,,,**.loRaNodes[19].**.initialX,263.17m,,
General-2-20260519-00:18:35-54743,config,,,**.loRaNodes[19].**.initialY,654.88m,,
General-2-20260519-00:18:35-54743,config,,,**.loRaNodes[20].**.initialX,416.55m,,
General-2-20260519-00:18:35-54743,config,,,**.loRaNodes[20].**.initialY,547.86m,,
General-2-20260519-00:18:35-54743,config,,,**.loRaNodes[21].**.initialX,600.99m,,
General-2-20260519-00:18:35-54743,config,,,**.loRaNodes[21].**.initialY,507.49m,,
General-2-20260519-00:18:35-54743,config,,,**.loRaNodes[22].**.initialX,447.01m,,
General-2-20260519-00:18:35-54743,config,,,**.loRaNodes[22].**.initialY,385.67m,,
General-2-20260519-00:18:35-54743,config,,,**.loRaNodes[23].**.initialX,341.83m,,
General-2-20260519-00:18:35-54743,config,,,**.loRaNodes[23].**.initialY,518.37m,,
General-2-20260519-00:18:35-54743,config,,,**.loRaNodes[24].**.initialX,651.41m,,
General-2-20260519-00:18:35-54743,config,,,**.loRaNodes[24].**.initialY,791.59m,,
General-2-20260519-00:18:35-54743,config,,,**.loRaNodes[25].**.initialX,600.52m,,
General-2-20260519-00:18:35-54743,config,,,**.loRaNodes[25].**.initialY,189.07m,,
General-2-20260519-00:18:35-54743,config,,,**.loRaNodes[26].**.initialX,823.31m,,
General-2-20260519-00:18:35-54743,config,,,**.loRaNodes[26].**.initialY,326.86m,,
General-2-20260519-00:18:35-54743,config,,,**.loRaNodes[27].**.initialX,792.91m,,
General-2-20260519-00:18:35-54743,config,,,**.loRaNodes[27].**.initialY,410.96m,,
General-2-20260519-00:18:35-54743,config,,,**.loRaNodes[28].**.initialX,580.15m,,
General-2-20260519-00:18:35-54743,config,,,**.loRaNodes[28].**.initialY,646.39m,,
General-2-20260519-00:18:35-54743,config,,,**.loRaNodes[29].**.initialX,508.62m,,
General-2-20260519-00:18:35-54743,config,,,**.loRaNodes[29].**.initialY,613.09m,,
General-2-20260519-00:18:35-54743,config,,,**.loRaNodes[30].**.initialX,513.57m,,
General-2-20260519-00:18:35-54743,config,,,**.loRaNodes[30].**.initialY,769.51m,,
General-2-20260519-00:18:35-54743,config,,,**.loRaNodes[31].**.initialX,337.46m,,
General-2-20260519-00:18:35-54743,config,,,**.loRaNodes[31].**.initialY,804.29m,,
General-2-20260519-00:18:35-54743,config,,,**.loRaNodes[32].**.initialX,357.46m,,
General-2-20260519-00:18:35-54743,config,,,**.loRaNodes[32].**.initialY,492.72m,,
General-2-20260519-00:18:35-54743,config,,,**.loRaNodes[33].**.initialX,588.14m,,
General-2-20260519-00:18:35-54743,config,,,**.loRaNodes[33].**.initialY,414.28m,,
General-2-20260519-00:18:35-54743,config,,,**.loRaNodes[34].**.initialX,643.32m,,
General-2-20260519-00:18:35-54743,config,,,**.loRaNodes[34].**.initialY,535.80m,,
General-2-20260519-00:18:35-54743,config,,,**.loRaNodes[35].**.initialX,645.58m,,
General-2-20260519-00:18:35-54743,config,,,**.loRaNodes[35].**.initialY,848.24m,,
General-2-20260519-00:18:35-54743,config,,,**.loRaNodes[36].**.initialX,554.84m,,
General-2-20260519-00:18:35-54743,config,,,**.loRaNodes[36].**.initialY,519.14m,,
General-2-20260519-00:18:35-54743,config,,,**.loRaNodes[37].**.initialX,503.64m,,
General-2-20260519-00:18:35-54743,config,,,**.loRaNodes[37].**.initialY,239.79m,,
General-2-20260519-00:18:35-54743,config,,,**.loRaNodes[38].**.initialX,830.48m,,
General-2-20260519-00:18:35-54743,config,,,**.loRaNodes[38].**.initialY,687.81m,,
General-2-20260519-00:18:35-54743,config,,,**.loRaNodes[39].**.initialX,707.13m,,
General-2-20260519-00:18:35-54743,config,,,**.loRaNodes[39].**.initialY,689.41m,,
General-2-20260519-00:18:35-54743,config,,,**.loRaNodes[0].**initialLoRaSF,10,,
General-2-20260519-00:18:35-54743,config,,,**.loRaNodes[0].**initialLoRaTP,14dBm,,
General-2-20260519-00:18:35-54743,config,,,**.loRaNodes[1].**initialLoRaSF,12,,
General-2-20260519-00:18:35-54743,config,,,**.loRaNodes[1].**initialLoRaTP,14dBm,,
General-2-20260519-00:18:35-54743,config,,,**.loRaNodes[2].**initialLoRaSF,9,,
General-2-20260519-00:18:35-54743,config,,,**.loRaNodes[2].**initialLoRaTP,14dBm,,
General-2-20260519-00:18:35-54743,config,,,**.loRaNodes[3].**initialLoRaSF,8,,
General-2-20260519-00:18:35-54743,config,,,**.loRaNodes[3].**initialLoRaTP,14dBm,,
General-2-20260519-00:18:35-54743,config,,,**.loRaNodes[4].**initialLoRaSF,11,,
General-2-20260519-00:18:35-54743,config,,,**.loRaNodes[4].**initialLoRaTP,14dBm,,
General-2-20260519-00:18:35-54743,config,,,**.loRaNodes[5].**initialLoRaSF,7,,
General-2-20260519-00:18:35-54743,config,,,**.loRaNodes[5].**initialLoRaTP,11dBm,,
General-2-20260519-00:18:35-54743,config,,,**.loRaNodes[6].**initialLoRaSF,12,,
General-2-20260519-00:18:35-54743,config,,,**.loRaNodes[6].**initialLoRaTP,14dBm,,
General-2-20260519-00:18:35-54743,config,,,**.loRaNodes[7].**initialLoRaSF,9,,
General-2-20260519-00:18:35-54743,config,,,**.loRaNodes[7].**initialLoRaTP,14dBm,,
General-2-20260519-00:18:35-54743,config,,,**.loRaNodes[8].**initialLoRaSF,10,,
General-2-20260519-00:18:35-54743,config,,,**.loRaNodes[8].**initialLoRaTP,14dBm,,
General-2-20260519-00:18:35-54743,config,,,**.loRaNodes[9].**initialLoRaSF,11,,
General-2-20260519-00:18:35-54743,config,,,**.loRaNodes[9].**initialLoRaTP,14dBm,,
General-2-20260519-00:18:35-54743,config,,,**.loRaNodes[10].**initialLoRaSF,11,,
General-2-20260519-00:18:35-54743,config,,,**.loRaNodes[10].**initialLoRaTP,14dBm,,
General-2-20260519-00:18:35-54743,config,,,**.loRaNodes[11].**initialLoRaSF,10,,
General-2-20260519-00:18:35-54743,config,,,**.loRaNodes[11].**initialLoRaTP,14dBm,,
General-2-20260519-00:18:35-54743,config,,,**.loRaNodes[12].**initialLoRaSF,11,,
General-2-20260519-00:18:35-54743,config,,,**.loRaNodes[12].**initialLoRaTP,14dBm,,
General-2-20260519-00:18:35-54743,config,,,**.loRaNodes[13].**initialLoRaSF,9,,
General-2-20260519-00:18:35-54743,config,,,**.loRaNodes[13].**initialLoRaTP,14dBm,,
General-2-20260519-00:18:35-54743,config,,,**.loRaNodes[14].**initialLoRaSF,11,,
General-2-20260519-00:18:35-54743,config,,,**.loRaNodes[14].**initialLoRaTP,14dBm,,
General-2-20260519-00:18:35-54743,config,,,**.loRaNodes[15].**initialLoRaSF,11,,
General-2-20260519-00:18:35-54743,config,,,**.loRaNodes[15].**initialLoRaTP,14dBm,,
General-2-20260519-00:18:35-54743,config,,,**.loRaNodes[16].**initialLoRaSF,8,,
General-2-20260519-00:18:35-54743,config,,,**.loRaNodes[16].**initialLoRaTP,14dBm,,
General-2-20260519-00:18:35-54743,config,,,**.loRaNodes[17].**initialLoRaSF,12,,
General-2-20260519-00:18:35-54743,config,,,**.loRaNodes[17].**initialLoRaTP,14dBm,,
General-2-20260519-00:18:35-54743,config,,,**.loRaNodes[18].**initialLoRaSF,10,,
General-2-20260519-00:18:35-54743,config,,,**.loRaNodes[18].**initialLoRaTP,14dBm,,
General-2-20260519-00:18:35-54743,config,,,**.loRaNodes[19].**initialLoRaSF,12,,
General-2-20260519-00:18:35-54743,config,,,**.loRaNodes[19].**initialLoRaTP,14dBm,,
General-2-20260519-00:18:35-54743,config,,,**.loRaNodes[20].**initialLoRaSF,9,,
General-2-20260519-00:18:35-54743,config,,,**.loRaNodes[20].**initialLoRaTP,14dBm,,
General-2-20260519-00:18:35-54743,config,,,**.loRaNodes[21].**initialLoRaSF,7,,
General-2-20260519-00:18:35-54743,config,,,**.loRaNodes[21].**initialLoRaTP,14dBm,,
General-2-20260519-00:18:35-54743,config,,,**.loRaNodes[22].**initialLoRaSF,10,,
General-2-20260519-00:18:35-54743,config,,,**.loRaNodes[22].**initialLoRaTP,14dBm,,
General-2-20260519-00:18:35-54743,config,,,**.loRaNodes[23].**initialLoRaSF,10,,
General-2-20260519-00:18:35-54743,config,,,**.loRaNodes[23].**initialLoRaTP,14dBm,,
General-2-20260519-00:18:35-54743,config,,,**.loRaNodes[24].**initialLoRaSF,11,,
General-2-20260519-00:18:35-54743,config,,,**.loRaNodes[24].**initialLoRaTP,14dBm,,
General-2-20260519-00:18:35-54743,config,,,**.loRaNodes[25].**initialLoRaSF,12,,
General-2-20260519-00:18:35-54743,config,,,**.loRaNodes[25].**initialLoRaTP,14dBm,,
General-2-20260519-00:18:35-54743,config,,,**.loRaNodes[26].**initialLoRaSF,12,,
General-2-20260519-00:18:35-54743,config,,,**.loRaNodes[26].**initialLoRaTP,14dBm,,
General-2-20260519-00:18:35-54743,config,,,**.loRaNodes[27].**initialLoRaSF,11,,
General-2-20260519-00:18:35-54743,config,,,**.loRaNodes[27].**initialLoRaTP,14dBm,,
General-2-20260519-00:18:35-54743,config,,,**.loRaNodes[28].**initialLoRaSF,8,,
General-2-20260519-00:18:35-54743,config,,,**.loRaNodes[28].**initialLoRaTP,14dBm,,
General-2-20260519-00:18:35-54743,config,,,**.loRaNodes[29].**initialLoRaSF,7,,
General-2-20260519-00:18:35-54743,config,,,**.loRaNodes[29].**initialLoRaTP,14dBm,,
General-2-20260519-00:18:35-54743,config,,,**.loRaNodes[30].**initialLoRaSF,10,,
General-2-20260519-00:18:35-54743,config,,,**.loRaNodes[30].**initialLoRaTP,14dBm,,
General-2-20260519-00:18:35-54743,config,,,**.loRaNodes[31].**initialLoRaSF,12,,
General-2-20260519-00:18:35-54743,config,,,**.loRaNodes[31].**initialLoRaTP,14dBm,,
General-2-20260519-00:18:35-54743,config,,,**.loRaNodes[32].**initialLoRaSF,10,,
General-2-20260519-00:18:35-54743,config,,,**.loRaNodes[32].**initialLoRaTP,14dBm,,
General-2-20260519-00:18:35-54743,config,,,**.loRaNodes[33].**initialLoRaSF,9,,
General-2-20260519-00:18:35-54743,config,,,**.loRaNodes[33].**initialLoRaTP,14dBm,,
General-2-20260519-00:18:35-54743,config,,,**.loRaNodes[34].**initialLoRaSF,8,,
General-2-20260519-00:18:35-54743,config,,,**.loRaNodes[34].**initialLoRaTP,14dBm,,
General-2-20260519-00:18:35-54743,config,,,**.loRaNodes[35].**initialLoRaSF,12,,
General-2-20260519-00:18:35-54743,config,,,**.loRaNodes[35].**initialLoRaTP,14dBm,,
General-2-20260519-00:18:35-54743,config,,,**.loRaNodes[36].**initialLoRaSF,7,,
General-2-20260519-00:18:35-54743,config,,,**.loRaNodes[36].**initialLoRaTP,5dBm,,
General-2-20260519-00:18:35-54743,config,,,**.loRaNodes[37].**initialLoRaSF,12,,
General-2-20260519-00:18:35-54743,config,,,**.loRaNodes[37].**initialLoRaTP,14dBm,,
General-2-20260519-00:18:35-54743,config,,,**.loRaNodes[38].**initialLoRaSF,12,,
General-2-20260519-00:18:35-54743,config,,,**.loRaNodes[38].**initialLoRaTP,14dBm,,
General-2-20260519-00:18:35-54743,config,,,**.loRaNodes[39].**initialLoRaSF,10,,
General-2-20260519-00:18:35-54743,config,,,**.loRaNodes[39].**initialLoRaTP,14dBm,,
General-2-20260519-00:18:35-54743,config,,,**.vector-recording,true,,
General-2-20260519-00:18:35-54743,config,,,**.loRaGW[*].packetForwarder.highQueueLength.vector-recording,true,,
General-2-20260519-00:18:35-54743,config,,,**.loRaGW[*].packetForwarder.lowQueueLength.vector-recording,true,,
General-2-20260519-00:18:35-54743,config,,,**.networkServer.app[0].delaySignal.vector-recording,true,,
General-2-20260519-00:18:35-54743,config,,,**.loRaNodes[*].app[0].packetsSent:scalar,true,,
General-2-20260519-00:18:35-54743,config,,,**.networkServer.app[0].totalReceivedPackets:scalar,true,,
General-2-20260519-00:18:35-54743,config,,,**.loRaGW[*].**.packetDropRate:scalar,true,,
General-0-20260518-22:50:21-16558,runattr,,,configname,General,,
General-0-20260518-22:50:21-16558,runattr,,,datetime,20260518-22:50:21,,
General-0-20260518-22:50:21-16558,runattr,,,datetimef,20260518-225021,,
General-0-20260518-22:50:21-16558,runattr,,,experiment,General,,
General-0-20260518-22:50:21-16558,runattr,,,inifile,n100-gw1.ini,,
General-0-20260518-22:50:21-16558,runattr,,,iterationvars,"$0=""avg""",,
General-0-20260518-22:50:21-16558,runattr,,,iterationvarsd,avg,,
General-0-20260518-22:50:21-16558,runattr,,,iterationvarsf,avg-,,
General-0-20260518-22:50:21-16558,runattr,,,measurement,"$0=""avg""",,
General-0-20260518-22:50:21-16558,runattr,,,network,flora.simulations.LoRaNetworkTest,,
General-0-20260518-22:50:21-16558,runattr,,,processid,16558,,
General-0-20260518-22:50:21-16558,runattr,,,repetition,0,,
General-0-20260518-22:50:21-16558,runattr,,,replication,#0,,
General-0-20260518-22:50:21-16558,runattr,,,resultdir,results,,
General-0-20260518-22:50:21-16558,runattr,,,runnumber,0,,
General-0-20260518-22:50:21-16558,runattr,,,seedset,0,,
General-0-20260518-22:50:21-16558,config,,,image-path,../../../inet4.4/images,,
General-0-20260518-22:50:21-16558,config,,,network,flora.simulations.LoRaNetworkTest,,
General-0-20260518-22:50:21-16558,config,,,output-vector-file,../results/n100-gw1-s0.ini.vec,,
General-0-20260518-22:50:21-16558,config,,,**.maxTransmissionDuration,4s,,
General-0-20260518-22:50:21-16558,config,,,**.energyDetection,-110dBm,,
General-0-20260518-22:50:21-16558,config,,,rng-class,cMersenneTwister,,
General-0-20260518-22:50:21-16558,config,,,**.loRaGW[*].numUdpApps,1,,
General-0-20260518-22:50:21-16558,config,,,**.loRaGW[0].packetForwarder.localPort,2000,,
General-0-20260518-22:50:21-16558,config,,,**.loRaGW[0].packetForwarder.destPort,1000,,
General-0-20260518-22:50:21-16558,config,,,**.loRaGW[0].packetForwarder.destAddresses,"""networkServer""",,
General-0-20260518-22:50:21-16558,config,,,**.loRaGW[0].packetForwarder.indexNumber,0,,
General-0-20260518-22:50:21-16558,config,,,**.networkServer.numApps,1,,
General-0-20260518-22:50:21-16558,config,,,**.networkServer.**.evaluateADRinServer,true,,
General-0-20260518-22:50:21-16558,config,,,**.networkServer.app[0].typename,NetworkServerApp,,
General-0-20260518-22:50:21-16558,config,,,**.networkServer.app[0].destAddresses,"""loRaGW[0]""",,
General-0-20260518-22:50:21-16558,config,,,**.networkServer.app[0].destPort,2000,,
General-0-20260518-22:50:21-16558,config,,,**.networkServer.app[0].localPort,1000,,
General-0-20260518-22:50:21-16558,config,,,**.networkServer.app[0].adrMethod,"""avg""",,
General-0-20260518-22:50:21-16558,config,,,**.numberOfPacketsToSend,0,,
General-0-20260518-22:50:21-16558,config,,,sim-time-limit,3d,,
General-0-20260518-22:50:21-16558,config,,,warmup-period,2h,,
General-0-20260518-22:50:21-16558,config,,,simtime-resolution,-11,,
General-0-20260518-22:50:21-16558,config,,,repeat,3,,
General-0-20260518-22:50:21-16558,config,,,**.loRaNodes[0..19].app[0].timeToFirstPacket,exponential(1h),,
General-0-20260518-22:50:21-16558,config,,,**.loRaNodes[0..19].app[0].timeToNextPacket,exponential(1h),,
General-0-20260518-22:50:21-16558,config,,,**.loRaNodes[20..24].app[0].timeToFirstPacket,exponential(24h),,
General-0-20260518-22:50:21-16558,config,,,**.loRaNodes[20..24].app[0].timeToNextPacket,exponential(24h),,
General-0-20260518-22:50:21-16558,config,,,**.loRaNodes[25..39].app[0].timeToFirstPacket,exponential(4h),,
General-0-20260518-22:50:21-16558,config,,,**.loRaNodes[25..39].app[0].timeToNextPacket,exponential(4h),,
General-0-20260518-22:50:21-16558,config,,,**.alohaChannelModel,false,,
General-0-20260518-22:50:21-16558,config,,,**.loRaNodes[*].**.initFromDisplayString,false,,
General-0-20260518-22:50:21-16558,config,,,**.loRaNodes[*].**.evaluateADRinNode,true,,
General-0-20260518-22:50:21-16558,config,,,**.loRaNodes[*].**initialLoRaBW,125 kHz,,
General-0-20260518-22:50:21-16558,config,,,**.loRaNodes[*].**initialLoRaCR,4,,
General-0-20260518-22:50:21-16558,config,,,**.loRaNodes[*].numApps,1,,
General-0-20260518-22:50:21-16558,config,,,**.loRaNodes[*].app[0].typename,SimpleLoRaApp,,
General-0-20260518-22:50:21-16558,config,,,**.LoRaGWNic.radio.iAmGateway,true,,
General-0-20260518-22:50:21-16558,config,,,**.loRaGW[*].**.initFromDisplayString,false,,
General-0-20260518-22:50:21-16558,config,,,**.loRaNodes[*].LoRaNic.radio.energyConsumer.typename,LoRaEnergyConsumer,,
General-0-20260518-22:50:21-16558,config,,,**.loRaNodes[*].**.energySourceModule,"""^.IdealEpEnergyStorage""",,
General-0-20260518-22:50:21-16558,config,,,**.loRaNodes[*].LoRaNic.radio.energyConsumer.configFile,"xmldoc(""../energyConsumptionParameters.xml"")",,
General-0-20260518-22:50:21-16558,config,,,**.sigma,3.57,,
General-0-20260518-22:50:21-16558,config,,,**.constraintAreaMinX,0m,,
General-0-20260518-22:50:21-16558,config,,,**.constraintAreaMinY,0m,,
General-0-20260518-22:50:21-16558,config,,,**.constraintAreaMinZ,0m,,
General-0-20260518-22:50:21-16558,config,,,**.constraintAreaMaxZ,0m,,
General-0-20260518-22:50:21-16558,config,,,LoRaNetworkTest.**.radio.separateTransmissionParts,false,,
General-0-20260518-22:50:21-16558,config,,,LoRaNetworkTest.**.radio.separateReceptionParts,false,,
General-0-20260518-22:50:21-16558,config,,,**.ipv4Delayer.config,"xmldoc(""../cloudDelays.xml"")",,
General-0-20260518-22:50:21-16558,config,,,**.radio.radioMediumModule,"""LoRaMedium""",,
General-0-20260518-22:50:21-16558,config,,,**.LoRaMedium.pathLossType,"""LoRaLogNormalShadowing""",,
General-0-20260518-22:50:21-16558,config,,,**.minInterferenceTime,0s,,
General-0-20260518-22:50:21-16558,config,,,**.displayAddresses,false,,
General-0-20260518-22:50:21-16558,config,,,**.numberOfNodes,40,,
General-0-20260518-22:50:21-16558,config,,,**.numberOfGateways,1,,
General-0-20260518-22:50:21-16558,config,,,**.constraintAreaMaxX,2376.0m,,
General-0-20260518-22:50:21-16558,config,,,**.constraintAreaMaxY,1090.0m,,
General-0-20260518-22:50:21-16558,config,,,**.loRaGW[0].**.initialX,544.00m,,
General-0-20260518-22:50:21-16558,config,,,**.loRaGW[0].**.initialY,544.00m,,
General-0-20260518-22:50:21-16558,config,,,output-scalar-file,../results/n100-gw1-s0.ini.sca,,
General-0-20260518-22:50:21-16558,config,,,**.loRaNodes[0..19].app[0].sendInterval,exponential(1h),,
General-0-20260518-22:50:21-16558,config,,,**.loRaNodes[20..24].app[0].sendInterval,exponential(24h),,
General-0-20260518-22:50:21-16558,config,,,**.loRaNodes[25..39].app[0].sendInterval,exponential(4h),,
General-0-20260518-22:50:21-16558,config,,,**.loRaNodes[0].**.initialX,756.75m,,
General-0-20260518-22:50:21-16558,config,,,**.loRaNodes[0].**.initialY,475.93m,,
General-0-20260518-22:50:21-16558,config,,,**.loRaNodes[1].**.initialX,289.82m,,
General-0-20260518-22:50:21-16558,config,,,**.loRaNodes[1].**.initialY,362.58m,,
General-0-20260518-22:50:21-16558,config,,,**.loRaNodes[2].**.initialX,624.29m,,
General-0-20260518-22:50:21-16558,config,,,**.loRaNodes[2].**.initialY,663.75m,,
General-0-20260518-22:50:21-16558,config,,,**.loRaNodes[3].**.initialX,602.66m,,
General-0-20260518-22:50:21-16558,config,,,**.loRaNodes[3].**.initialY,478.45m,,
General-0-20260518-22:50:21-16558,config,,,**.loRaNodes[4].**.initialX,470.31m,,
General-0-20260518-22:50:21-16558,config,,,**.loRaNodes[4].**.initialY,270.77m,,
General-0-20260518-22:50:21-16558,config,,,**.loRaNodes[5].**.initialX,595.43m,,
General-0-20260518-22:50:21-16558,config,,,**.loRaNodes[5].**.initialY,534.16m,,
General-0-20260518-22:50:21-16558,config,,,**.loRaNodes[6].**.initialX,622.07m,,
General-0-20260518-22:50:21-16558,config,,,**.loRaNodes[6].**.initialY,867.74m,,
General-0-20260518-22:50:21-16558,config,,,**.loRaNodes[7].**.initialX,607.24m,,
General-0-20260518-22:50:21-16558,config,,,**.loRaNodes[7].**.initialY,686.21m,,
General-0-20260518-22:50:21-16558,config,,,**.loRaNodes[8].**.initialX,345.10m,,
General-0-20260518-22:50:21-16558,config,,,**.loRaNodes[8].**.initialY,512.81m,,
General-0-20260518-22:50:21-16558,config,,,**.loRaNodes[9].**.initialX,482.55m,,
General-0-20260518-22:50:21-16558,config,,,**.loRaNodes[9].**.initialY,775.88m,,
General-0-20260518-22:50:21-16558,config,,,**.loRaNodes[10].**.initialX,726.69m,,
General-0-20260518-22:50:21-16558,config,,,**.loRaNodes[10].**.initialY,763.41m,,
General-0-20260518-22:50:21-16558,config,,,**.loRaNodes[11].**.initialX,412.27m,,
General-0-20260518-22:50:21-16558,config,,,**.loRaNodes[11].**.initialY,690.86m,,
General-0-20260518-22:50:21-16558,config,,,**.loRaNodes[12].**.initialX,598.04m,,
General-0-20260518-22:50:21-16558,config,,,**.loRaNodes[12].**.initialY,303.50m,,
General-0-20260518-22:50:21-16558,config,,,**.loRaNodes[13].**.initialX,381.55m,,
General-0-20260518-22:50:21-16558,config,,,**.loRaNodes[13].**.initialY,529.43m,,
General-0-20260518-22:50:21-16558,config,,,**.loRaNodes[14].**.initialX,813.05m,,
General-0-20260518-22:50:21-16558,config,,,**.loRaNodes[14].**.initialY,624.83m,,
General-0-20260518-22:50:21-16558,config,,,**.loRaNodes[15].**.initialX,680.24m,,
General-0-20260518-22:50:21-16558,config,,,**.loRaNodes[15].**.initialY,793.76m,,
General-0-20260518-22:50:21-16558,config,,,**.loRaNodes[16].**.initialX,632.33m,,
General-0-20260518-22:50:21-16558,config,,,**.loRaNodes[16].**.initialY,514.61m,,
General-0-20260518-22:50:21-16558,config,,,**.loRaNodes[17].**.initialX,672.67m,,
General-0-20260518-22:50:21-16558,config,,,**.loRaNodes[17].**.initialY,209.20m,,
General-0-20260518-22:50:21-16558,config,,,**.loRaNodes[18].**.initialX,708.69m,,
General-0-20260518-22:50:21-16558,config,,,**.loRaNodes[18].**.initialY,660.01m,,
General-0-20260518-22:50:21-16558,config,,,**.loRaNodes[19].**.initialX,263.17m,,
General-0-20260518-22:50:21-16558,config,,,**.loRaNodes[19].**.initialY,654.88m,,
General-0-20260518-22:50:21-16558,config,,,**.loRaNodes[20].**.initialX,416.55m,,
General-0-20260518-22:50:21-16558,config,,,**.loRaNodes[20].**.initialY,547.86m,,
General-0-20260518-22:50:21-16558,config,,,**.loRaNodes[21].**.initialX,600.99m,,
General-0-20260518-22:50:21-16558,config,,,**.loRaNodes[21].**.initialY,507.49m,,
General-0-20260518-22:50:21-16558,config,,,**.loRaNodes[22].**.initialX,447.01m,,
General-0-20260518-22:50:21-16558,config,,,**.loRaNodes[22].**.initialY,385.67m,,
General-0-20260518-22:50:21-16558,config,,,**.loRaNodes[23].**.initialX,341.83m,,
General-0-20260518-22:50:21-16558,config,,,**.loRaNodes[23].**.initialY,518.37m,,
General-0-20260518-22:50:21-16558,config,,,**.loRaNodes[24].**.initialX,651.41m,,
General-0-20260518-22:50:21-16558,config,,,**.loRaNodes[24].**.initialY,791.59m,,
General-0-20260518-22:50:21-16558,config,,,**.loRaNodes[25].**.initialX,600.52m,,
General-0-20260518-22:50:21-16558,config,,,**.loRaNodes[25].**.initialY,189.07m,,
General-0-20260518-22:50:21-16558,config,,,**.loRaNodes[26].**.initialX,823.31m,,
General-0-20260518-22:50:21-16558,config,,,**.loRaNodes[26].**.initialY,326.86m,,
General-0-20260518-22:50:21-16558,config,,,**.loRaNodes[27].**.initialX,792.91m,,
General-0-20260518-22:50:21-16558,config,,,**.loRaNodes[27].**.initialY,410.96m,,
General-0-20260518-22:50:21-16558,config,,,**.loRaNodes[28].**.initialX,580.15m,,
General-0-20260518-22:50:21-16558,config,,,**.loRaNodes[28].**.initialY,646.39m,,
General-0-20260518-22:50:21-16558,config,,,**.loRaNodes[29].**.initialX,508.62m,,
General-0-20260518-22:50:21-16558,config,,,**.loRaNodes[29].**.initialY,613.09m,,
General-0-20260518-22:50:21-16558,config,,,**.loRaNodes[30].**.initialX,513.57m,,
General-0-20260518-22:50:21-16558,config,,,**.loRaNodes[30].**.initialY,769.51m,,
General-0-20260518-22:50:21-16558,config,,,**.loRaNodes[31].**.initialX,337.46m,,
General-0-20260518-22:50:21-16558,config,,,**.loRaNodes[31].**.initialY,804.29m,,
General-0-20260518-22:50:21-16558,config,,,**.loRaNodes[32].**.initialX,357.46m,,
General-0-20260518-22:50:21-16558,config,,,**.loRaNodes[32].**.initialY,492.72m,,
General-0-20260518-22:50:21-16558,config,,,**.loRaNodes[33].**.initialX,588.14m,,
General-0-20260518-22:50:21-16558,config,,,**.loRaNodes[33].**.initialY,414.28m,,
General-0-20260518-22:50:21-16558,config,,,**.loRaNodes[34].**.initialX,643.32m,,
General-0-20260518-22:50:21-16558,config,,,**.loRaNodes[34].**.initialY,535.80m,,
General-0-20260518-22:50:21-16558,config,,,**.loRaNodes[35].**.initialX,645.58m,,
General-0-20260518-22:50:21-16558,config,,,**.loRaNodes[35].**.initialY,848.24m,,
General-0-20260518-22:50:21-16558,config,,,**.loRaNodes[36].**.initialX,554.84m,,
General-0-20260518-22:50:21-16558,config,,,**.loRaNodes[36].**.initialY,519.14m,,
General-0-20260518-22:50:21-16558,config,,,**.loRaNodes[37].**.initialX,503.64m,,
General-0-20260518-22:50:21-16558,config,,,**.loRaNodes[37].**.initialY,239.79m,,
General-0-20260518-22:50:21-16558,config,,,**.loRaNodes[38].**.initialX,830.48m,,
General-0-20260518-22:50:21-16558,config,,,**.loRaNodes[38].**.initialY,687.81m,,
General-0-20260518-22:50:21-16558,config,,,**.loRaNodes[39].**.initialX,707.13m,,
General-0-20260518-22:50:21-16558,config,,,**.loRaNodes[39].**.initialY,689.41m,,
General-0-20260518-22:50:21-16558,config,,,**.loRaNodes[0].**initialLoRaSF,10,,
General-0-20260518-22:50:21-16558,config,,,**.loRaNodes[0].**initialLoRaTP,14dBm,,
General-0-20260518-22:50:21-16558,config,,,**.loRaNodes[1].**initialLoRaSF,12,,
General-0-20260518-22:50:21-16558,config,,,**.loRaNodes[1].**initialLoRaTP,14dBm,,
General-0-20260518-22:50:21-16558,config,,,**.loRaNodes[2].**initialLoRaSF,9,,
General-0-20260518-22:50:21-16558,config,,,**.loRaNodes[2].**initialLoRaTP,14dBm,,
General-0-20260518-22:50:21-16558,config,,,**.loRaNodes[3].**initialLoRaSF,8,,
General-0-20260518-22:50:21-16558,config,,,**.loRaNodes[3].**initialLoRaTP,14dBm,,
General-0-20260518-22:50:21-16558,config,,,**.loRaNodes[4].**initialLoRaSF,11,,
General-0-20260518-22:50:21-16558,config,,,**.loRaNodes[4].**initialLoRaTP,14dBm,,
General-0-20260518-22:50:21-16558,config,,,**.loRaNodes[5].**initialLoRaSF,7,,
General-0-20260518-22:50:21-16558,config,,,**.loRaNodes[5].**initialLoRaTP,11dBm,,
General-0-20260518-22:50:21-16558,config,,,**.loRaNodes[6].**initialLoRaSF,12,,
General-0-20260518-22:50:21-16558,config,,,**.loRaNodes[6].**initialLoRaTP,14dBm,,
General-0-20260518-22:50:21-16558,config,,,**.loRaNodes[7].**initialLoRaSF,9,,
General-0-20260518-22:50:21-16558,config,,,**.loRaNodes[7].**initialLoRaTP,14dBm,,
General-0-20260518-22:50:21-16558,config,,,**.loRaNodes[8].**initialLoRaSF,10,,
General-0-20260518-22:50:21-16558,config,,,**.loRaNodes[8].**initialLoRaTP,14dBm,,
General-0-20260518-22:50:21-16558,config,,,**.loRaNodes[9].**initialLoRaSF,11,,
General-0-20260518-22:50:21-16558,config,,,**.loRaNodes[9].**initialLoRaTP,14dBm,,
General-0-20260518-22:50:21-16558,config,,,**.loRaNodes[10].**initialLoRaSF,11,,
General-0-20260518-22:50:21-16558,config,,,**.loRaNodes[10].**initialLoRaTP,14dBm,,
General-0-20260518-22:50:21-16558,config,,,**.loRaNodes[11].**initialLoRaSF,10,,
General-0-20260518-22:50:21-16558,config,,,**.loRaNodes[11].**initialLoRaTP,14dBm,,
General-0-20260518-22:50:21-16558,config,,,**.loRaNodes[12].**initialLoRaSF,11,,
General-0-20260518-22:50:21-16558,config,,,**.loRaNodes[12].**initialLoRaTP,14dBm,,
General-0-20260518-22:50:21-16558,config,,,**.loRaNodes[13].**initialLoRaSF,9,,
General-0-20260518-22:50:21-16558,config,,,**.loRaNodes[13].**initialLoRaTP,14dBm,,
General-0-20260518-22:50:21-16558,config,,,**.loRaNodes[14].**initialLoRaSF,11,,
General-0-20260518-22:50:21-16558,config,,,**.loRaNodes[14].**initialLoRaTP,14dBm,,
General-0-20260518-22:50:21-16558,config,,,**.loRaNodes[15].**initialLoRaSF,11,,
General-0-20260518-22:50:21-16558,config,,,**.loRaNodes[15].**initialLoRaTP,14dBm,,
General-0-20260518-22:50:21-16558,config,,,**.loRaNodes[16].**initialLoRaSF,8,,
General-0-20260518-22:50:21-16558,config,,,**.loRaNodes[16].**initialLoRaTP,14dBm,,
General-0-20260518-22:50:21-16558,config,,,**.loRaNodes[17].**initialLoRaSF,12,,
General-0-20260518-22:50:21-16558,config,,,**.loRaNodes[17].**initialLoRaTP,14dBm,,
General-0-20260518-22:50:21-16558,config,,,**.loRaNodes[18].**initialLoRaSF,10,,
General-0-20260518-22:50:21-16558,config,,,**.loRaNodes[18].**initialLoRaTP,14dBm,,
General-0-20260518-22:50:21-16558,config,,,**.loRaNodes[19].**initialLoRaSF,12,,
General-0-20260518-22:50:21-16558,config,,,**.loRaNodes[19].**initialLoRaTP,14dBm,,
General-0-20260518-22:50:21-16558,config,,,**.loRaNodes[20].**initialLoRaSF,9,,
General-0-20260518-22:50:21-16558,config,,,**.loRaNodes[20].**initialLoRaTP,14dBm,,
General-0-20260518-22:50:21-16558,config,,,**.loRaNodes[21].**initialLoRaSF,7,,
General-0-20260518-22:50:21-16558,config,,,**.loRaNodes[21].**initialLoRaTP,14dBm,,
General-0-20260518-22:50:21-16558,config,,,**.loRaNodes[22].**initialLoRaSF,10,,
General-0-20260518-22:50:21-16558,config,,,**.loRaNodes[22].**initialLoRaTP,14dBm,,
General-0-20260518-22:50:21-16558,config,,,**.loRaNodes[23].**initialLoRaSF,10,,
General-0-20260518-22:50:21-16558,config,,,**.loRaNodes[23].**initialLoRaTP,14dBm,,
General-0-20260518-22:50:21-16558,config,,,**.loRaNodes[24].**initialLoRaSF,11,,
General-0-20260518-22:50:21-16558,config,,,**.loRaNodes[24].**initialLoRaTP,14dBm,,
General-0-20260518-22:50:21-16558,config,,,**.loRaNodes[25].**initialLoRaSF,12,,
General-0-20260518-22:50:21-16558,config,,,**.loRaNodes[25].**initialLoRaTP,14dBm,,
General-0-20260518-22:50:21-16558,config,,,**.loRaNodes[26].**initialLoRaSF,12,,
General-0-20260518-22:50:21-16558,config,,,**.loRaNodes[26].**initialLoRaTP,14dBm,,
General-0-20260518-22:50:21-16558,config,,,**.loRaNodes[27].**initialLoRaSF,11,,
General-0-20260518-22:50:21-16558,config,,,**.loRaNodes[27].**initialLoRaTP,14dBm,,
General-0-20260518-22:50:21-16558,config,,,**.loRaNodes[28].**initialLoRaSF,8,,
General-0-20260518-22:50:21-16558,config,,,**.loRaNodes[28].**initialLoRaTP,14dBm,,
General-0-20260518-22:50:21-16558,config,,,**.loRaNodes[29].**initialLoRaSF,7,,
General-0-20260518-22:50:21-16558,config,,,**.loRaNodes[29].**initialLoRaTP,14dBm,,
General-0-20260518-22:50:21-16558,config,,,**.loRaNodes[30].**initialLoRaSF,10,,
General-0-20260518-22:50:21-16558,config,,,**.loRaNodes[30].**initialLoRaTP,14dBm,,
General-0-20260518-22:50:21-16558,config,,,**.loRaNodes[31].**initialLoRaSF,12,,
General-0-20260518-22:50:21-16558,config,,,**.loRaNodes[31].**initialLoRaTP,14dBm,,
General-0-20260518-22:50:21-16558,config,,,**.loRaNodes[32].**initialLoRaSF,10,,
General-0-20260518-22:50:21-16558,config,,,**.loRaNodes[32].**initialLoRaTP,14dBm,,
General-0-20260518-22:50:21-16558,config,,,**.loRaNodes[33].**initialLoRaSF,9,,
General-0-20260518-22:50:21-16558,config,,,**.loRaNodes[33].**initialLoRaTP,14dBm,,
General-0-20260518-22:50:21-16558,config,,,**.loRaNodes[34].**initialLoRaSF,8,,
General-0-20260518-22:50:21-16558,config,,,**.loRaNodes[34].**initialLoRaTP,14dBm,,
General-0-20260518-22:50:21-16558,config,,,**.loRaNodes[35].**initialLoRaSF,12,,
General-0-20260518-22:50:21-16558,config,,,**.loRaNodes[35].**initialLoRaTP,14dBm,,
General-0-20260518-22:50:21-16558,config,,,**.loRaNodes[36].**initialLoRaSF,7,,
General-0-20260518-22:50:21-16558,config,,,**.loRaNodes[36].**initialLoRaTP,5dBm,,
General-0-20260518-22:50:21-16558,config,,,**.loRaNodes[37].**initialLoRaSF,12,,
General-0-20260518-22:50:21-16558,config,,,**.loRaNodes[37].**initialLoRaTP,14dBm,,
General-0-20260518-22:50:21-16558,config,,,**.loRaNodes[38].**initialLoRaSF,12,,
General-0-20260518-22:50:21-16558,config,,,**.loRaNodes[38].**initialLoRaTP,14dBm,,
General-0-20260518-22:50:21-16558,config,,,**.loRaNodes[39].**initialLoRaSF,10,,
General-0-20260518-22:50:21-16558,config,,,**.loRaNodes[39].**initialLoRaTP,14dBm,,
General-0-20260518-22:50:21-16558,config,,,**.vector-recording,true,,
General-0-20260518-22:50:21-16558,config,,,**.loRaGW[*].packetForwarder.highQueueLength.vector-recording,true,,
General-0-20260518-22:50:21-16558,config,,,**.loRaGW[*].packetForwarder.lowQueueLength.vector-recording,true,,
General-0-20260518-22:50:21-16558,config,,,**.networkServer.app[0].delaySignal.vector-recording,true,,
General-0-20260518-22:50:21-16558,config,,,**.loRaNodes[*].app[0].packetsSent:scalar,true,,
General-0-20260518-22:50:21-16558,config,,,**.networkServer.app[0].totalReceivedPackets:scalar,true,,
General-0-20260518-22:50:21-16558,config,,,**.loRaGW[*].**.packetDropRate:scalar,true,,
General-0-20260518-22:50:21-16558,vector,LoRaNetworkTest.networkServer.app[0],delaySignal:vector,,,"7244.61252740869 7626.21972147677 7704.13741289954 8050.02789495586 8504.58905873807 8609.26563818224 8724.81390561782 8750.98316223208 9097.30211777962 9249.16247270063 9312.89888507195 9417.23837912672 9672.57783644818 9845.83295015193 9918.18088040886 9977.09195706387 10000.35069917039 10420.17051072951 10577.32881178138 10752.3492083799 10773.89209475707 10860.32579929474 10943.43182472442 11089.57392883575 11157.45805028421 11240.35171550878 11305.89380619865 11348.59282662466 11522.97546497804 11578.24252679983 11606.5741475613 11652.92179523917 11822.16355396948 12102.54189544654 12211.17967580924 12279.77716140231 12299.77715889831 12372.52464198416 12429.40746999761 12612.5473290343 12632.5473265303 12678.40134690328 12759.84908319245 12789.3538722603 12809.3538722603 13169.67775383759 13638.47428585972 13794.92345180091 13817.74766148775 13843.97360573375 13866.62332767678 13946.73546922228 13966.78154827511 14212.05918274157 14491.556069515 14552.64116464351 14844.73076426183 14876.62792749951 15215.19880928585 15259.10533512656 15364.40556587076 15403.48318780825 15630.02470447173 15765.86606817092 16329.19601856888 16491.72308213639 16598.43990186044 16747.75624952013 16767.75624701613 16831.37340308965 16871.72070168759 16951.84468914356 16971.84468914356 16991.84469164756 17056.4526594365 17094.12063316567 17755.89931089218 17816.22035478693 17836.22035478693 18145.00476615179 18165.00476364779 18297.84345030456 18706.82590065948 18733.90786821466 18819.05956362727 19071.72433824217 19185.77075855698 19313.07345974117 19806.49825939806 19849.44625886963 19892.63522703179 19918.55428490832 19965.591164137 20196.15479417302 20513.31414566076 20533.31414315676 20942.80457690746 21062.30037316886 21086.65566996783 21114.31030487137 21142.6674676688 21732.05179974022 22337.4763386735 22428.706124523 22448.706124523 22629.97467357441 22747.11981104178 23311.90974959568 23331.90974709168 23417.81504184128 23572.18087249916 24020.4401886176 24191.68333117213 24286.8777808401 24602.1217725974 24748.42616851789 24791.42277440706 25233.96778121226 25433.54362008979 25534.96251941454 25587.91770970036 25667.07940779444 25920.62595170957 26153.98447445124 26267.50268440981 26287.50268691381 26532.42079162974 26978.65703950127 27247.31269802777 27267.31269552377 27401.18506975615 27805.48448686055 27871.89496078705 27891.89496078705 27967.04334639588 28327.34098955815 28520.511035439 29068.95332325612 29088.95332075212 29113.40812117708 29133.40812117708 29352.99141579775 29524.44415634146 29565.3118955419 29667.45423767406 29687.45423517006 29876.45535286954 29985.90509536663 30096.71818507849 30122.3857016465 30142.3857016465 30315.50790796961 30663.4110342726 30685.68239879476 30876.25282076884 31001.82345673744 31126.38356806449 31242.59571629193 31315.78465709222 31391.49888428402 31491.49156608585 32165.6577439057 32226.10378106349 32617.14882549766 32637.14882299366 32693.71885566185 32966.93513216628 33030.53969227354 33172.94706952074 33430.83579764919 33485.30670663981 33505.30670663981 33536.44067170287 33856.46088454881 33934.63585342375 33972.94660633491 34087.1146009861 34107.79227200247 34317.52123372236 34337.52123121836 34634.84670396986 34682.94153333702 34831.38686185184 35031.59650601232 35195.39981154545 35411.80721606422 35435.83090952025 35476.42166978106 35641.0011041972 35767.71984965585 35981.34391804106 36252.79786053311 36272.79785802911 36328.58726627755 36555.36546342889 36594.29844958717 36668.81232663637 36858.11649382313 37053.50432459406 37073.50432209006 37183.19755883322 37292.44194642763 37505.81005481842 37848.50108825229 37949.22799468562 38018.52146969911 38289.55773653706 38460.09438773964 38816.90833555623 38859.24722656284 39333.95863855486 39353.95863605086 39706.83876596606 40140.52419280488 40840.88092187981 40896.2575071388 41041.12944554631 41443.69844090065 41481.18373555142 41610.13535303663 41699.06493818695 41757.7821892664 41905.18384054318 41925.63540654991 42014.44593706582 42107.39127346957 42229.58384738333 42266.12416000563 42310.2866269067 42331.05272969991 42384.92425168489 42584.15924499337 42784.38231191532 43020.85280033594 43119.44323911689 43363.93622180936 43488.08940552961 43573.53985448321 43700.47138850662 43720.73015193249 43740.73015193249 43975.57508612896 44350.83395406163 44433.64714857079 44685.87737379454 45255.24620328566 45553.94589501873 45874.58606433114 45901.86587638342 46086.77577863708 46265.41961973536 46335.77023289826 46356.31163865841 46865.22974074053 47179.95488255525 47266.72139034405 47306.64095518438 47344.48685050577 47448.22540121659 47468.22539871259 47579.06000918171 47849.62648948265 48116.83021468209 48136.83021217809 48208.58209424595 48275.65005048715 48400.02339251501 48630.42288937023 48791.08373574994 48824.39326470094 49040.16800452657 49101.23890944619 49251.76666150916 49271.76665900516 49597.77002294816 49892.93826468235 49965.04146279063 50125.99666349217 50243.37163071377 50338.12167718164 51021.81281432527 51177.62800463699 51240.67947839054 51402.52793775918 51528.31890393305 51816.47826168353 52068.93647475962 52370.10386559909 52584.88322372975 52604.88322122575 52625.22493462524 52768.64669356485 52810.19864841724 52830.19864841724 52896.81544835662 53092.89513141668 53418.22055483461 53627.21785213222 53678.38992618375 53729.544571282 53749.544573786 53866.48095665657 53945.83659589608 54108.62261243404 54226.60134810672 54301.70149943384 54418.64279857637 54640.87078116732 54803.86308234729 54833.0342426826 54853.0342426826 55235.27952286479 55292.88048955391 55441.72943939621 55541.9848464454 55657.45257629175 55863.23725042152 56461.65443483101 56507.19147509521 56566.55686087025 56621.9756000086 56797.41191910604 56902.34264140402 56959.36172594892 57046.76862205626 57119.68093825516 57251.02102513824 57343.33543293522 57385.33138307976 57638.53731684327 58018.76346346543 58217.70248136414 58270.226854819 58406.63129602017 58546.74305277038 58813.29580894754 59016.40390124753 59414.45356974394 59725.2915882058 60182.60208049574 60364.39844578373 60384.39844327973 60502.96549629619 60790.51800333602 60924.53902850906 61016.25876707336 61149.97495930247 61259.85972582957 61283.19758293005 61483.85299143568 61549.1645301731 61609.88655161985 61636.33708868369 61809.83556504663 61914.61111477939 62162.2803912085 62915.18167048642 62996.79532585483 63078.71121178493 63518.37787792596 63538.37787542196 63921.90346573781 63990.97944283661 64243.19643076711 64430.07749117995 64484.66830484912 64627.67557957673 64684.99483995353 64720.94455409384 64815.44873522241 64919.66616092358 65489.28857138508 65579.76334627255 65599.76334627255 65658.95574498892 65679.26075062841 65762.90654229146 65795.7279099206 65933.65470744221 66001.09683953193 66290.25328665015 66434.26920080256 66524.48255947268 66554.36722603448 66777.81388357461 66896.52741326692 66924.80507084097 67167.48138769514 67236.66654376203 67309.46214115253 67329.46213864853 67526.92913032886 67677.97900942662 68039.59753384508 68149.61558119304 68169.61558369704 68237.6276577396 68325.09961601514 68426.88836022917 68584.89889247168 68614.78029141015 68645.93137210132 68748.4361314708 68768.4361289668 68788.4361289668 69142.06504795371 69183.2279540712 69295.23269043258 69315.23268792858 69434.49996611276 69457.57647325525 69682.16578212676 70063.09092601446 70090.52626129644 70164.01441745285 70297.47357512983 70403.02031386343 70446.21916010103 70641.29718391388 70991.37208810083 71050.02615673008 71504.84871190921 71705.27754994329 71725.27754743929 71818.95439998802 71930.45727480086 71950.45727229686 72174.07804132969 72365.40283813396 72547.98574129943 72567.98573879543 72626.54538386231 72736.45453230772 72756.45452980372 72827.05467806223 73223.77523528767 73243.77523278367 73576.84819692988 73730.40137883278 73750.40137632878 74502.8032516157 74597.20352918493 75022.80900671594 75318.76846168563 75771.12172030164 75850.37672006706 76276.83754115673 76296.83753865273 76352.32592229963 76603.612372814 76633.06436636461 76715.28921833097 76952.49443144511 77020.9784458511 77107.3004161076 77251.22256114325 77321.51140829413 77453.11348749364 77473.11348498964 77818.16525319712 78706.51440815895 78990.15713779343 79157.23527033059 79231.24527191475 79291.67976599152 79444.07391699136 79500.52337307694 79520.52337307694 79540.52337307694 79583.86659679105 79981.88490478312 80191.18766252813 80269.97293915669 80329.190968709 80349.190966205 80416.60388429535 80631.84974866318 81168.57226356015 81258.1597783935 81489.67587219073 82238.87671410242 82324.9737036288 82410.08631973758 82430.08631723358 82807.34746292575 82909.245206849 82929.245209353 82993.3496819516 83033.15108787834 83292.78910213531 83452.47657267006 83777.75646029444 83989.70945079941 84106.46651259057 84126.46651509457 84286.44008096239 84427.56155911906 84663.61289793197 84913.44346312129 84996.04767855553 85023.96072745865 85069.23453521092 85130.80211482743 85195.39292027949 85544.14990123664 85800.68031503776 86452.98684337008 87008.56204703303 87367.80976952525 87475.34911869833 87579.56801482222 87751.80807266085 87917.25848297836 88072.27934615492 88224.28246804405 88544.61263791995 88696.65741069487 88864.77253431492 88993.36167299022 89013.36167048622 89097.45404970554 89117.45405220954 89206.04397325864 89260.09169346367 89300.97023633356 90593.68893688527 91226.76838105858 91318.67569845065 91609.49654848914 91950.38576504204 91970.38576253804 92089.90342352282 92434.34548793986 92637.14845699314 92703.79052360688 92920.87893031582 92940.87892781182 93008.70297326538 93083.94998719957 93752.78645871039 93937.03153493214 94126.01914651442 94346.62385466733 94439.67799664067 94627.17181161988 94837.60311816504 95191.62657982181 95656.79483023412 95894.77036696888 96217.16317743998 96482.13493484423 96523.628427298 96641.49637047621 96894.53907050226 96944.0252091297 97399.3932104143 97490.03761292211 97880.98013116198 98024.22636877293 98734.54063975201 98766.69604324903 99516.7715269998 99583.69134272838 100069.00831526265 100089.00831275865 100325.7680828739 100363.9732774482 100805.58374153327 100867.59550826059 100997.13562024266 101152.97994037433 101289.77701015856 101441.46409837214 101485.39584314639 101763.50553342763 101807.00083575277 102305.68807508239 102379.22623042316 102399.22623042316 102918.9942670808 103151.56961853105 103227.85460831568 103618.99816873588 103709.26719166985 103743.76486819985 103780.51182889158 104189.21660075125 104634.26841572657 105073.26322472901 105153.18225678119 105511.14726251492 105683.86822935914 106054.66565136543 106190.15780552208 106233.25948051355 106565.2810634475 106585.2810609435 106755.69944397901 106802.18333780096 106822.18333780096 107124.50094934622 107301.9911196631 107346.39174418538 107629.91246608657 107764.06773225917 107929.04297949885 108270.65196878702 108290.65196628302 108585.01150937338 108688.75166129296 108744.08076065224 108982.85026991129 109162.11273834575 109302.56605158283 109450.97106053429 109855.41142587372 109905.68842252426 109983.65493721459 110162.02507847605 110458.97489824061 111144.49729633108 111164.49729382708 111190.93641329695 111239.31217249952 111717.51863936863 112114.28165775431 112411.41891458286 112553.19642531356 112729.39993437631 112903.75634988224 113020.9508209991 113558.51776268142 113599.96504354925 113739.62755526716 113984.69856847744 114251.5105325462 114412.13851590919 114838.32407696807 114858.32407446407 115327.89554584677 115369.57552305447 115480.03736398417 115549.15588722267 115723.0808488702 116000.68365250753 116090.42790632457 116110.42790632457 116331.4814302626 116447.78055405803 116632.89760241161 116652.89759990761 116681.78289052191 116799.79521780817 117137.85628605945 117653.15778307874 118207.58281530232 118974.28140953384 119125.18073073593 119147.62593383175 119484.32603243485 119858.35962475621 119952.21415925999 119984.77894022528 120171.56646622808 120571.89709085058 120922.03835588845 121240.09075685285 121273.1486680548 121300.7428886785 121680.6160804206 121743.59849015463 121866.19698902626 122125.5947329317 122467.96402086926 122577.41768303269 122680.25256659357 122746.05854886484 122843.58912516605 122936.5423183979 122958.90834273991 123202.71713376242 123417.46287236569 123437.46286986169 123564.46817551577 123831.18539086157 123925.7920944135 124189.45791274138 124209.45791023738 124406.85098040833 124922.61909926868 125259.6158633686 125558.18221993721 125578.18221743321 125670.08442248709 125822.63420842107 125937.79573185423 125985.38492463757 126145.49437649754 126412.56752481711 126540.05061201455 126635.30685057789 126869.99867526438 126963.11337015621 127098.25130798378 127118.25130547978 127380.21999064816 127807.61849915711 128050.4482365401 128084.60611286764 128242.78311555139 128262.78311304739 128282.78311304739 128564.37682429379 128584.37682178979 128604.37682178979 128711.73346792454 129487.15339811973 129754.75694742675 129865.45255749458 129969.30554911692 130061.22320091389 130081.22320091389 130396.14999301373 130428.11149440564 130529.67860987472 130549.67860737072 130569.67860737072 130589.67860737072 131025.39664298056 131728.42635295624 132168.19401671243 132318.13427622467 132338.13427372067 132873.12040456793 133066.34960555918 133100.01297017373 133207.71103867616 133465.91496731439 133512.50513172745 133532.50513172745 134002.28039098093 134365.7251755466 134585.61268339977 135639.84094281196 135659.84094030796 136624.44016307797 136710.18151960602 136906.61428917669 137060.7617015146 137095.53325320067 137168.75993440256 137198.12025133067 137260.42045023797 137345.89001309191 137568.65857040374 137763.88078126044 137870.8682132833 138268.50415823964 138288.50415573564 138536.59120359458 138989.00283651612 139009.00283401212 139387.90132361555 140414.9632234241 140434.9632209201 140475.99618490804 140668.95961494507 141004.23970552175 141064.58605304502 141135.31122541555 141162.74211888459 141825.63384138634 142279.3870304484 142403.71674545566 142658.23191572103 142704.75285283426 142928.69992191701 142965.46460922186 143073.93798425558 143364.4681862823 143477.98654813554 143598.66442171808 143697.99275162973 143867.67632512402 143887.67632262002 144387.32625953372 144889.20043926544 145225.06850173644 145548.32216244145 145601.01448757908 145669.72612421354 145693.84230073881 146077.31148244248 146293.97425903682 146372.26453934991 146392.26453934991 146572.12281659245 146889.83471835147 147075.76569106465 147639.61277046836 147663.035212726 147937.66301463412 148099.95392276785 148245.22309572882 148315.50078932416 148364.29212599807 148518.02730134374 148762.78450190968 148834.38499694088 150054.04654126243 150075.89406494734 150156.67050425237 151110.23442670633 151213.99339536289 151337.35779747914 151426.49586596109 151560.15547616803 151971.01662240404 152054.65669240756 152107.48481834014 152403.64908704361 152468.08555126858 153085.67284657123 153138.31078147781 153323.95043954428 153820.7111031907 154474.53058012927 154514.06291398649 154870.23476718567 155294.55151575986 155767.32398950852 157458.37991988751 157542.07339801256 157676.42060027944 157717.95092210733 158002.24731854446 158498.69335610219 158980.64504421876 159039.43185554566 159405.96041556685 159586.07867194313 159848.10438826491 160280.88135447385 160300.88135196985 160320.88135196985 160340.88135196985 160556.9059456578 160627.78006682014 161175.53143611306 161195.53143360906 161227.92552359128 161623.34913374746 161643.34913124346 162153.95591759028 162350.72389510471 162522.95114828917 162718.5681354158 162821.79631530707 162841.79631781107 163100.1474985783 163195.2332216374 163334.67790713107 163430.79413960052 163632.0294215161 164169.95460292634 164201.86694163225 164239.39923768151 164262.59148513494 164621.78737533452 164665.17974004562 165202.50708100735 165408.60586405811 165473.6356499965 165493.6356499965 165986.99646866502 166216.15991434954 166436.78905221468 166924.38792704521 167147.75581814254 167183.85256403865 167368.83831085258 167749.38671959244 167836.67492687256 168213.08725443661 168233.08725193261 168518.82328907122 168617.1338490479 168637.1338490479 168866.64163615068 169043.80710377862 169185.88500879136 169569.25710089907 169775.46673556393 170032.84037086839 170325.83578882563 170455.56293571439 170475.56293321039 170495.56293321039 170515.56293321039 170769.66140118288 171472.0775156617 171744.7561084031 171893.68596054546 172033.78820360418 172080.07773422902 172101.78810462031 172193.6098706874 173066.79361181618 173086.79360931218 173424.90041718654 173444.90041468254 173469.78459441554 173521.58366518189 173881.00854548309 173963.33064456683 175052.14690404397 175392.74779013439 175515.99060881979 176077.77783988565 176097.77783738165 176145.22415601668 176616.50747032667 177320.9856084921 177392.22831736246 178038.93307362601 178465.81824653361 178712.72901676447 179031.32250478335 179788.90883751382 180089.98417404639 180263.69901840793 180336.77206468841 180836.0394357518 181288.96251863436 181346.03479775093 181429.59800582069 181620.92511079948 181840.74982936973 182367.65636233571 182656.8449175986 182766.88013740849 182967.05667779333 183181.5130015248 183437.59574256976 183955.87110613061 183979.5542089236 184159.06409375194 184356.54819023547 185983.93867289043 186003.93867038643 186528.54553170482 186806.82504758571 186990.63231052104 187120.08836446052 187234.16419259622 187260.08078812508 187383.63181987382 187540.27751036107 187725.97196342535 188058.70836236142 188079.42339786344 188821.46191060816 189061.97303759987 189285.62754512171 189978.87536984843 190123.39270418437 190400.24546868942 190485.724860889 190505.724860889 190525.724863393 190545.724860889 190565.724860889 190687.36938048728 190905.58772433651 190936.11186927382 190974.76025478393 191425.24955900497 191657.57921447294 191887.99852196758 192077.25521447735 192097.25521197335 192117.25521197335 192170.12255745363 192419.72947749823 192612.96925476394 192686.10013438265 192829.15090860946 193107.75044211381 193231.31518587025 193303.89867720714 193562.22477845984 193646.02123633789 195362.04639283407 195388.41995649935 195509.24711115268 195901.14669848262 195949.25161526531 196158.47717273664 196178.47717023264 196240.05326354107 196713.72569439529 197324.83542048312 197533.27555624827 197920.35057337766 198244.14181305565 198325.59611724543 198345.59611724543 198872.71544760456 199133.82403929012 199445.10051908517 199540.96352495531 199777.16968075318 200111.07641371684 200332.71558391315 200558.66476525848 202124.03713798379 202175.99208025986 202214.75296003454 202448.68285128704 203087.70702158882 203154.66992779649 203174.66992779649 204251.15898077963 204411.98848338971 204437.43824827396 204457.43824827396 205122.29652161571 205496.67187733006 205725.41036709813 205815.37824334146 205986.25780495244 206251.34959615621 206356.65136762453 206461.20131277166 206575.83386585432 206774.22831845731 206880.03131323018 207134.73826015853 207627.30857674995 207673.0291425127 207742.43616699609 207816.43357025444 208138.5638991063 208229.25014241011 208274.86130722168 208550.29112806076 208934.0929531077 209103.52722375015 209241.39803706349 209451.59433453864 209891.00132422059 209914.88669501498 209945.10747673905 210490.93752495451 210620.57795686141 210793.3928494405 211124.27501447871 211565.5143578432 211683.52218735896 212897.46934210751 212917.46933960351 214124.18962047191 214348.73762918398 214549.72260748744 214743.29180870589 214931.15333123836 214961.67392418415 215130.12295399734 215232.17735394437 215288.99962534693 215444.59553075676 215464.59552825276 215870.24141862279 216128.67541279784 216241.2806746119 216372.04281290702 216678.35451931228 217189.35153417685 217499.374165316 217673.38009263936 217797.85554955862 217972.33337517793 219056.52741309807 219085.42356886342 219213.92779676612 220178.39471885999 220232.25992685608 220288.35508092431 220504.90745095022 220732.83633398198 220977.99300884818 221776.01829468667 221834.30470974905 222189.20316894859 222251.76620749683 222285.11172356511 222510.08571941699 222556.83169904039 222635.40517242949 222821.25277734821 222972.69803794641 223263.34707291388 223985.77199762666 224047.78913022421 224530.18086604207 225111.87940279976 225424.13769349056 225828.0676686039 225864.63590670722 225884.63590670722 226109.69814968505 226129.69814718105 226391.81318523826 226411.81318273426 226479.50676352192 226628.33401380741 226712.51092453776 227644.51752726622 227672.3458530584 227890.01270954528 227963.3537688547 228440.96381843229 228907.42559518937 229123.29071879673 229335.48644414905 230056.59998374127 230112.54738859028 230187.5077845946 230543.61526211174 230843.89165561311 231149.04070971628 231340.76029068091 231464.42198662647 231551.33308620114 231731.07753153255 231805.05266547555 231825.05266547555 231893.99678405438 232440.18418098286 232858.98402381218 232930.37120597153 232950.37120597153 233260.64107531743 233445.55039483759 233475.03096453323 233684.14836738701 233707.69354394249 234405.78187722845 234517.42407019625 234537.42407270025 234588.97700844468 235817.6787878994 235844.08211663888 235912.03496519553 236063.87096423034 236178.66786060416 237495.58897213922 237548.16226309943 237745.562087631 237889.325334019 238195.73780914364 238462.41274455994 238592.25577231693 239012.0959696439 239417.57865199839 239538.01448517319 239689.1539734989 239738.95875080796 240139.12387790122 240325.07467078083 240391.33790229996 240794.7908244797 240920.37974751272 241207.74692201785 241337.90783618322 242036.34161455955 242056.34161205555 242610.94444043981 242872.61513279483 242917.75008323059 242953.39751723463 243340.03922212285 243488.19857761803 243576.59972319272 244146.80235105429 244349.21929307879 245331.7268907578 245388.49218309395 246707.79248683172 246755.67791533434 246775.67791533434 246975.73635075415 248020.17935604656 248439.33438473883 248839.57155585633 249115.97430842438 249204.21237797965 249541.38073781913 250053.38010870617 250665.51203263312 250796.09688597487 250841.15959334996 250975.21826983267 251404.09034776509 251696.46353038988 252287.45219271205 252424.36040578606 252560.28469574725 252992.76241493865 253040.45578809582 253556.37651150374 253892.31373670256 254019.06144426756 254207.17581476397 254337.83774112451 255184.25151419455 256167.55267180931 256303.83586062549 256567.63748413914 256587.63748163514 256824.75380197791 256934.76957138941 257008.42862176108 257292.96642182964 257926.37615107186 258091.14700225669 258293.94008771436 258565.41901189602 258672.12601442717 258757.78983644222 258811.06911902539 258908.3674102454","0.25678991292 0.86607038436 0.866067877 1.72213443912 0.25678991292 1.72213199724 1.72213454284 0.14977922142 1.72213450124 0.25678995115 0.25678744715 0.14978174252 0.86607023217 0.14978172542 0.86606775022 1.72213454284 0.1497792902 0.25678997605 1.72213450124 0.86607023217 0.08808310266 0.14977926042 0.50357410396 0.50357410357 0.50357159996 1.72213443912 0.86606787196 0.86606788036 0.14978174252 0.14977922142 0.866067877 0.50357410357 0.86607036908 1.72213463084 1.72213193512 0.50357410396 1.31103091222 0.866067877 0.25678995115 0.86607025422 8.30413939988 1.72213203884 0.25678995115 0.86606786508 10.29030407398 0.25678991292 1.72213454037 0.25678991292 0.25678738506 0.08808318692 0.86606775022 0.86607037343 1.72213193512 0.08808560666 0.25678991292 0.86606772817 0.25678991292 0.50357158607 0.14978174252 0.08808310266 1.72213450124 0.86606786508 0.08808560666 0.25678997605 0.86607036908 1.72213445563 0.25678740892 0.50357409007 2.05537266192 1.72213196966 0.25678988906 0.08808310266 6.55480299742 14.58095888318 1.72213212441 1.72213212684 0.14978172542 0.25678735332 19.97173034555 0.25678997605 10.97231494439 0.86607036908 0.50357409007 0.86606787196 0.50357159996 1.72213454037 0.08808310266 1.72213450124 0.86607025422 0.86606772817 0.866067877 0.14977922142 0.50357410357 0.25678995115 1.72213447366 12.24355609615 0.86607036908 0.50357159957 0.86607033224 0.14977922142 0.50357158607 0.50357416094 0.14978176442 1.72213203884 12.22088577284 0.14978172542 0.86606775022 0.50357407731 10.73533604642 0.25678747205 1.72213443912 0.08808560666 0.866070381 0.25678744715 0.14978174252 0.14978174252 0.86606786943 1.72213454284 1.72213447366 0.25678747205 0.50357410396 0.08808318692 0.50357410396 0.86607037596 0.14977923852 6.82939639072 0.50357410396 1.72213454284 0.25678997605 3.14852161746 0.86607037596 0.86607025422 0.86606786508 4.89838077622 0.25678991292 0.50357410357 0.86607036908 1.72213454284 10.35101925771 0.5035716731 5.99809662522 0.08808560666 1.72213450124 0.14977923852 1.7221346121 14.7011631854 0.14978174252 0.86606772817 0.25678991292 0.14977922142 6.70328147168 0.14978172542 0.14978172542 0.25678744715 0.25678997605 1.72213463084 0.14978172542 1.72213196966 1.7221346121 0.86606772817 0.5035741771 0.86607037596 1.72213196966 0.08808560666 4.41897491055 0.866067877 0.50357410357 0.25678744715 0.50357409007 0.14978172542 0.25678747205 2.27256064099 0.08808301846 0.25678997605 0.25678744715 0.50357159996 0.08808560666 1.72213203637 0.5035741771 4.74032858385 0.86607025422 0.08808301846 0.08808560666 0.86607023217 1.72213443912 0.5035741771 1.72213199724 0.50357158607 0.14978172542 0.5035741771 0.25678991292 0.86607036908 7.55219458139 0.86606775022 0.25678997605 0.25678740892 1.72213196966 0.5035741771 0.86607037596 8.35622131825 1.72213454037 0.50357165694 0.14978172542 0.08808560666 0.25678740892 0.866070381 0.25678991292 0.08808560666 0.25678988906 1.72213196966 0.86607037343 3.15766680741 0.1497817942 0.08808560666 0.25678995115 0.86606772817 0.50357410396 1.72213450191 1.72213193512 1.72213462841 0.14977923852 0.50357410396 0.866070381 0.08808318692 0.14977926042 0.08808560666 0.08808560666 1.72213193512 0.25678744715 0.86606772817 0.25678991292 0.86607037343 0.14978174252 0.08808552246 0.86606788036 1.72213454284 0.14978174252 0.866067877 0.1497817942 0.50357159996 9.15426363499 0.1497817942 0.25678997605 1.72213196966 0.86607038436 0.08808569092 0.50357419104 0.866070381 0.50357159996 0.866070381 0.08808560666 0.14977922142 0.25678747205 1.72213450124 1.72213443912 0.86606786508 0.14978176442 1.72213195163 0.25678988906 18.82471972149 1.72213454284 0.08808560666 0.50357410357 9.50603406104 0.50357159957 0.50357409007 0.14978174252 0.5035741771 0.14978174252 0.866067877 0.50357416094 0.50357159957 0.50357410357 18.40451705353 0.86607037596 0.866070381 1.72213193512 1.72213454284 1.72213196966 0.86607023217 0.86607038436 0.5035741771 0.86606786943 1.72213462841 0.86607037596 1.72213447366 1.72213454284 0.50357410357 0.50357410357 6.30423739791 0.50357160776 0.14978174252 1.72213199724 6.70490494883 0.14978172542 0.86607036908 0.50357410357 1.72213443912 0.08808310266 0.50357159996 18.47259699866 1.72213203884 0.08808569092 0.50357410357 0.14977923852 0.50357410357 0.86606786508 0.14978174252 0.86607036908 0.86606788036 12.25589503341 0.25678995115 0.86606775022 0.25678997605 0.25678740892 0.25678997605 0.86607037343 1.72213454284 0.86606772817 0.14977923852 0.50357410357 1.72213454284 0.25678744715 0.50357410357 0.5035716731 0.86607025422 1.72213450124 1.72213212441 0.25678995115 0.50357409007 0.86607036908 0.50357410396 1.72213212441 1.72213443912 0.50357416094 0.86607025422 0.08808569092 0.08808560666 0.5035741771 0.14978174252 0.86607025422 13.44317129546 0.25678991292 0.50357410396 0.50357409007 1.72213212441 0.5035741771 0.50357159957 0.08808560666 1.72213447366 0.50357165694 0.14978172542 1.72213203884 1.72213447366 0.86606772817 1.72213450124 0.25678991292 1.72213203884 0.86607023217 0.86607025422 3.61627727976 0.14978174252 0.50357159957 0.86607037596 1.72213454284 0.86606772817 0.50357410357 0.86606787196 1.72213193512 0.25678997605 1.72213212441 0.86607023217 0.25678740892 20.09735807538 0.08808560666 0.25678744715 1.72213203884 0.14978174252 1.72213447366 0.86606786508 0.50357407731 0.50357410396 1.72213195163 1.72213462841 0.14978172542 0.14977944715 0.08808560666 0.50357410396 0.14977926042 0.25678991292 2.39503596118 0.86607023217 0.5035741771 0.86607038436 1.72213199791 14.47375352055 0.86606788036 0.50357409007 0.25678803884 0.14978174252 0.866067877 0.86606787196 0.5035741771 1.55416166308 4.02254558577 0.50357410396 0.14977940892 0.14978172542 13.41178002575 0.50357416094 0.25678738506 0.14978191292 0.50357409007 0.50357159996 0.50357158607 1.72213447366 0.86606775022 1.72213443912 0.08808560666 0.86607038436 0.50357158607 0.86607023217 0.50357409007 1.04214226934 0.86606787196 1.72213443912 5.97284190905 0.86607025422 1.72213450124 0.50357416094 16.00289597239 0.86606775022 0.14978172542 20.45188493305 1.72213212441 1.72213445563 10.53587530663 1.72213462841 0.50357419104 7.51403492076 1.72213462841 0.14977922142 0.86607036908 0.25678985732 0.14978172542 0.86606787196 0.08808560666 18.41687444346 0.50357159957 0.14978172542 1.72213196966 0.50357159996 1.72213443912 1.72213212441 0.86607038436 0.86607038436 0.86606787196 1.72213447366 8.48446999032 1.72213447366 0.08808552246 0.86607036908 0.866070381 1.72213193512 0.25678997605 1.7221346121 1.72213212684 15.42015323933 9.7287641287 0.14978209007 1.72213450124 0.08808560666 0.08808310266 0.08808569092 10.24826674528 1.72213212441 0.86607025422 0.866070381 0.14977940892 1.72213443912 1.72213447366 1.72213212441 0.14978174252 8.14187377826 0.50357410357 0.25678747205 18.79156237651 0.50357159957 0.14977958607 0.14978174252 0.14978174252 0.25678997605 0.14978174252 0.50357159996 19.84169257231 0.50357410357 1.72213462841 0.5035741771 0.86607038436 1.72213199791 1.72213212441 0.86607038436 0.5035716731 0.50357416094 0.50357416094 0.14978174252 0.86607036908 1.72213463084 0.14978174252 1.72213193512 0.25678997605 1.72213462841 0.86607038436 0.86607025422 0.50357410396 1.72213462841 1.7221346121 1.72213462841 0.14978195115 13.43510559261 0.5035716731 18.51352021801 0.25678786508 0.25679036908 0.50357159957 0.14978176442 0.14978172542 0.86606788036 0.1497817942 1.72213462841 1.45568199166 0.08808560666 0.25679037596 1.72213454037 0.50357159996 1.72213443912 1.27879080958 1.72213203637 0.14978172542 0.14978195115 1.72213450124 0.86607038436 0.08808560666 1.72213212441 0.14978195115 1.72213450124 0.5035741771 0.5035741771 0.256790381 1.72213462841 0.08808560666 0.5035716731 0.86607025422 0.08808560666 0.1497792902 1.72213443912 0.50357159957 0.14978172542 0.1497817942 0.25678997605 1.72213212441 0.25678997605 0.25678786508 1.72213463084 17.6203574646 0.14978174252 0.14977958607 0.14978223217 0.08808310266 0.86607025422 1.72213445563 0.50357410357 0.50357416094 0.86606786943 1.72213450191 1.72213193512 0.86607025422 0.25678787196 18.92534078012 0.50357410357 1.72213454037 0.25678747205 0.14978172542 0.14977922142 0.25678997605 0.50357159957 0.86607025422 0.50357410396 0.14978195115 0.5035716731 0.14978172542 0.50357410357 0.25678997605 0.50357410357 0.14977922142 0.50357410396 7.77835634442 0.86607038436 0.08808310266 11.27104540775 1.72213462841 0.25679047366 0.5035716731 0.50357416094 0.25678997605 1.72213462841 0.08808560666 10.52725727216 0.14978191292 0.25678738506 0.86607025422 1.72213454037 0.14978176442 0.25678997605 0.14978174252 0.08808560666 0.08808318692 0.50357419104 0.25679047366 0.14978174252 0.50357410357 5.31353993368 1.72213199791 0.14977940892 0.25679054284 1.72213445563 0.25678997605 0.86607025422 0.86607025422 0.14978174252 0.25678738506 0.14978195115 0.25678796966 0.5035741771 1.72213443912 0.86607038436 0.08808560666 1.72213443912 12.02263951528 1.72213463084 0.50357154735 0.14978209007 1.72213203637 0.14978172542 0.14978172542 0.25678747205 2.68915964817 1.72213450124 1.72213193512 0.25679047366 12.70507148923 0.14977922142 0.14978191292 0.86607025422 1.72213443912 0.50357416094 0.25679036908 0.25678988906 0.25678747205 1.72213443912 0.1497817942 0.256787877 0.86607038436 0.86607025422 0.14978174252 1.72213450191 0.5035741771 1.72213193512 0.50357159957 0.86607038436 0.08808310266 0.50357410396 0.256790381 0.14978209007 0.25678796966 1.72213443912 0.50357159957 0.50357407731 1.72213199724 0.08808310266 0.14978191292 0.86607025422 2.54980170679 0.25678997605 0.50357416094 0.50357159996 0.86607038436 1.03420999248 0.14978174252 0.50357416094 0.14978195115 0.50357410357 16.71793285734 0.25678747205 0.25678988906 0.86606775022 0.50357419104 0.25679047366 0.08808552246 0.14978209007 0.14977922142 0.1497817942 1.72213212441 0.86607025422 13.08365315599 0.25679037596 0.25679036908 0.25679036908 0.1497792902 0.25679054284 13.85121676623 3.38887584901 0.50357410357 13.67290719305 19.15987684495 0.14978195115 0.50357419104 1.72213463084 0.14977922142 1.72213450191 0.256787877 10.32194774407 0.25678997605 0.14977959957 0.256790381 9.06447737422 27.85148793438 4.8919084655 0.25679047366 0.14978191292 0.86607025422 0.86607025422 10.87153139191 1.72213450124 0.1497817942 0.08808310266 0.50357410396 0.14978191292 0.08808318692 14.34714089015 0.256790381 0.25679036908 0.14978195115 0.86607025422 9.6745460319 0.25679036908 0.25678787196 0.14978174252 0.08808560666 0.86606788036 0.1497792902 1.72213443912 0.1497792902 0.86607038436 0.14978195115 0.50357410396 0.86606775022 1.72213445563 2.67663524445 0.14978209007 0.25679037596 13.13354054507 0.86607025422 0.14978191292 1.67352059917 0.25678803884 0.14978195115 0.86607038436 0.25678786508 1.72213462841 0.14977922142 0.86607038436 1.72213443912 0.14978210357 0.1497817942 0.50357168704 0.14978176442 0.08808301846 0.14978191292 0.14978223217 0.5035716731 0.08808560666 0.14977922142 0.25679047366 12.25573162584 1.72213463084 0.14978172542 0.14978210357 0.14978174252 1.72213212441 1.72213443912 0.25678735332 0.14978172542 0.14978174252 0.14977958607 12.32585524546 0.256790381 0.25679036908 0.14978191292 0.50357407731 0.25678747205 0.50357416094 0.50357410396 1.72213454037 1.72213193512 0.5035716731 0.256790381 1.72213463084 0.08808310266 1.72213454037 0.14977940892 0.256787877 0.14978210357 0.08808310266 0.08808560666 1.72213193512 0.25678997605 0.14978176442 0.14977922142 0.14978174252 0.14978195115 0.25678786508 0.14978174252 0.14977972817 0.86607038436 1.72213462841 0.50357407731 0.14977975022 0.25679047366 0.256790381 0.14978225422 0.14978210357 0.25678786508 1.72213462841 0.86606788036 0.50357410396 0.14978174252 1.72213462841 0.08808310266 0.14978172542 0.14978197605 0.14978191292 0.86607037343 4.22342866559 21.11572558834 5.98454398881 0.86607038436 0.14977922142 0.14978176442 2.13414796132 1.72213195163 1.72213462841 3.15495872009 0.25678988906 0.14978210357 0.14978174252 0.14978209007 0.25678786508 14.09154085815 0.50357410396 0.14977923852 0.5035741771 0.14977944715 0.08808560666 0.14978172542 0.14977944715 0.14977944715 0.14977959957 0.08808560666 0.14977922142 0.50357416094 0.14978172542 1.72213212441 18.93881550532 0.14978176442 1.72213443912 0.25679054284 0.50357407731 0.50357416094 0.50357159996 0.08808569092 0.14978197605 0.14977940892 1.7221346121 4.93073333041 0.50357411176 1.72213212684 4.69337039537 0.14978172542 0.14978191292 0.1497817942 0.14978191292 0.14978174252 1.72213443912 0.14978195115 0.14978174252 8.264610536 20.63707117518 21.70955625406 0.14978195115 0.14978191292 1.72213445563 0.08808560666 0.14978225422 0.14977947205 0.08808301846 0.50357410396 0.14978172542 17.27552432817 0.14978197605 7.34296996811 0.14977959957 0.14977959957 0.50357410396 0.14977958607 0.25679037596 1.72213443912 0.14978172542 0.25679054284 1.46231979407 0.50357157331 1.72213450191 0.14978174252 0.50357165694 0.14978191292 1.72213463084 0.14978223217 0.14978174252 0.14978225422 0.5035741771 0.14978174252 0.14977922142 1.72213454037 0.14978191292 0.14977944715 1.72213454037 1.72213443912 0.14978172542 0.14978195115 0.14978197605 0.25678738506 0.14978210357 0.86607037343 0.14978174252 0.08808560666 0.14977940892 1.72213443912 1.72213443912 0.14978197605 4.26897093106 0.50357419104 0.5035741771 0.08808572542 0.86607038436 1.72213203637 0.08808560666 0.14978195115 0.14978174252 0.5035741771 0.14978225422 1.72213195163 0.08808560666 0.08808572542 0.14978223217 0.14978191292 0.25679054284 0.14978174252 1.72213193512 0.75263159179 10.14191387369 23.11622023872 29.11927537706 0.86607038436 0.86607038436 1.72213195163 0.50357159996 0.08808560666 0.14978195115 1.72213443912 0.14978191292 18.2920946834 8.11094432807 0.25678738506 0.14978197605 0.14978195115 0.50357157331 0.5035741771 0.14978210396 0.25679054284 0.50357168704 1.72213463084 0.1497792902 0.25678988906 0.25678796966 0.50357419104 0.1497817942 1.72213199791 0.08808572542 15.35407562172 0.14977959957 0.25679037596 0.08808560666 0.14978195115 1.72213450191 0.14978197605 0.5035716731 8.7545992192 0.86607038436 0.25679054284 0.25679050124 0.50357157331 0.5035741771 0.08808565776 1.72213443912 0.08808552246 0.86607038436 0.86606786943 1.72213203637 0.14978197605 1.72213450191 0.14977923852 15.2741862668 0.50357411176 0.08808569092 1.72213193512 2.11266421364 0.86607038436 1.72213454037 0.14978191292 0.25678787196 0.14978174252 0.25679054284 0.256787877 1.72213443912 0.1497792902 0.08808560666 0.86606788036 0.14978191292 0.08808560666 1.72213193512 0.08808322142 0.08808560666 1.72213443912 0.25678787196 0.25678988906 0.14978191292 0.50357407731 0.256790381 0.14978209007 0.86607038436 0.08808572542 0.50357165694 0.08808322142 0.256790381 0.08808572542 0.14978223217 0.14978191292 0.14978195115 0.08808301846 0.25679036908 2.42413172927 0.14978210396 1.72213450191 0.14978210357 0.08808560666 1.72213450191 1.72213195163 0.25679016094 0.5035716731 0.25679050124 0.14978197605 3.87186994816 0.14978197605 0.50357407731 0.5035716731 1.72213443912 0.25679062841 0.08808560666 0.08808572542 0.25679050124 0.50357419104 0.08808569092 1.72213443912 0.08808310266 1.72213463084 0.5035741771 1.72213212684 0.25678786508 1.72213454037 0.14978210357 0.5035741771 0.14978210357 0.1497792902 0.86607037343 1.72213212684 0.86606788036 0.14978191292 0.256787877 0.14978210357 0.25679062841 1.72213463084 0.86607038436 0.86607038436 0.14977947205 0.14978210357 0.14978197605 1.72213445563 0.08808572542 0.5035716731 0.54976452318 0.08808560666 11.42521175583 0.86607038436 4.52396897802 1.72213203637 0.5035741771 0.14977975022 0.25679047366 1.72213203637 1.72213454037 0.14977959957 0.08808572542 0.14978174252 0.25679054284 0.14978197605 0.25679036908 0.14977923852 0.14978210396 0.25679050124 0.25679036908 0.08808560666 0.08808552246 0.08808552246 0.14977947205 0.14978225422 0.14977944715 3.05292889917 0.25679054284 1.72213445563 0.14978174252 0.14977947205 4.4638761602 0.25678988906 0.14978197605 1.7221321081 0.14978210357 0.5035716731 0.25679047366 0.14977959957 3.03671641145 0.14977959957 0.14978174252 0.14977972817 0.5035716731 1.72213445563 0.5035716731 0.14978174252 0.25678796966 0.25679050124 0.14978174252 0.25679047366 0.14978174252 0.14978223217 0.08808569092 0.14978223217 0.14978191292 0.25679062841 0.14977923852 0.25679062841 0.25679037596 0.14977947205 0.256790381 0.25678988906 0.25679043912 0.14978197605 0.08808552246 12.89988786992 0.5035741771 0.08808560666 0.25678765694 0.14977959957 0.25678988906 0.5035741771 0.5035716731 0.14978191292 0.14978210396 0.14978197605 0.25678793512 0.08808552246 0.14977923852 8.73630842392 0.25678985732 0.25679037596 0.14978210396 0.14978191292 0.14978174252 0.14977958607 0.14978174252 0.14978174252 0.256790381 0.08808572542 0.08808310266 0.25679062841 0.14978210396 0.08808560666 0.08808572542 0.14978210357 0.256790381 0.25679043912 0.14977947205 0.25679043912 0.2567901771 0.50357407731 0.25679037596 0.25679054284 0.14978174252 0.50357419104 0.25679037596 0.256790381 13.05323718767 0.14978174252 0.08808322142 0.14978197605 0.25679037596 0.08808572542 0.50357405135 0.256790381 0.14978174252 0.14977972817 0.14978225422 0.14977959957 0.14978225422"
General-0-20260518-22:50:21-16558,attr,LoRaNetworkTest.networkServer.app[0],delaySignal:vector,recordingmode,vector,,
General-0-20260518-22:50:21-16558,attr,LoRaNetworkTest.networkServer.app[0],delaySignal:vector,source,delaySignal,,
General-1-20260518-23:34:40-35278,vector,LoRaNetworkTest.networkServer.app[0],delaySignal:vector,,,"7209.97329157674 7354.17939704134 7579.37287929735 7623.5358900783 7660.16000341864 8101.06719940268 8437.15774681291 8473.51033410019 9223.2298235061 9434.71850592567 9677.65222175077 10467.37990716834 10553.36000196995 10624.11724637505 10843.31650983351 10928.54812387502 10971.35445942441 11036.38827707679 11303.23431684416 11444.24104019405 11817.63407996175 11914.53832689747 12104.07904905893 12462.34076864646 12605.95543906229 13063.75382659159 13083.75382408759 13690.3751822381 14088.46282943933 14142.65663620111 14167.21854962691 14354.94688283194 14622.6961608526 14918.60810741053 14938.60810490653 15105.68987539256 15339.55352165057 15687.85095780615 16129.33373514974 16239.53589861059 16259.53590111459 16328.57577023888 16457.53216649052 16572.89153733572 16705.12983836994 16739.74526630039 17099.92857501321 17123.92794955574 17293.17058383991 17529.44860572978 17841.75572642968 18243.6120436498 18322.55091752991 18638.41533701018 19230.33147972512 19250.33147722112 19531.55796010274 19806.08025713914 19951.2165903587 19972.67572588948 20186.86820643081 20250.53818625924 20478.92722950983 20943.40876664471 21021.55576354812 21075.15792405562 21107.58669346583 21735.08008391602 21755.08008141202 22022.54105918187 22183.50553229725 22219.2151428042 22490.5510869442 22735.9127658268 23028.5773922434 23394.99822998752 24099.94381103887 24172.45800396556 24263.7560839926 24283.7560814886 24559.2583265715 24599.15681088239 24668.55858695377 25014.14407008473 25034.14406758073 25054.14406758073 25273.6415833501 25308.3169341033 25558.14471926765 25585.59125779527 25699.4855980436 25913.68648747088 26206.02012285945 26261.35270120597 26607.30530227142 26627.30529976742 26778.94724676693 26857.42795676905 27032.51777872794 27332.28875019755 27367.40037298334 27722.51575633577 27745.76210052727 27801.10514738697 27918.10974282871 28031.29609665843 28178.11339398346 28325.75460813857 28459.84692849022 28589.60687560181 28696.55992289608 28962.80308445118 29048.27150785471 29456.81750349208 29568.23209987865 29969.6315874185 30060.4043739325 30081.15500878413 30717.10528683105 31027.40654789191 31047.40654538791 31103.6670658882 31170.04649867992 31190.04649617592 31230.71135483816 31465.57201479188 31521.85028236278 31541.85028236278 31808.50131288442 31846.73957456081 31869.70093735261 32073.70734299886 32391.2651719199 32471.70284020301 32511.44748673589 32611.83202584532 32895.41970671289 33154.26446228087 33212.80651358512 33263.54094358779 33657.55319596955 33820.7551086836 34274.24009380189 34358.77195882925 34379.03432456229 34482.61916356784 34728.20814454834 34868.98628675061 35441.60031003369 35803.25481777354 36162.78962690594 36345.3414688282 36537.18537409251 37191.48680369959 37224.98499460377 37451.38137571306 37826.64381858457 37870.00355360237 37890.70543350606 37997.06210078157 38017.06209827757 38401.27203531743 38542.27527618764 38593.4053765192 38747.0773853303 39092.58389644498 39353.16202548198 39428.48490262976 39525.33712870705 39721.66659826095 40323.43287467783 40407.73180002268 40539.94982443239 40685.49824996312 40950.8613419206 41041.48371942514 41107.70547026579 41408.6297143796 41530.54963002354 41639.83959511937 41806.95436810268 41887.66737615623 41913.07821641347 41978.72514282254 42055.02791596712 42399.90829547819 42631.81359879052 42723.90091677065 42765.86419152237 43103.30016389176 43369.74387956819 43506.44103031878 43526.44102781478 43753.63304070319 43773.63303819919 43834.93581589317 43854.93581589317 43966.71992818214 44019.5589202458 44067.22885946311 44265.72069827171 44285.72069576771 44765.9292996228 44785.9292971188 44847.52399473208 44867.52399473208 44934.97694552622 44968.61339193317 45272.95093746151 45850.55069002636 45976.72988417697 46014.81604791102 46105.82499693062 46529.45538616652 46592.6422988718 46612.6422988718 46632.6422988718 46652.6423013758 46783.31813028717 46868.21339712358 46974.56899231003 47125.58774644894 47229.6710794711 47406.7663333432 47556.92979432428 47576.92979182028 47767.51750874062 48109.39350405619 48129.75317578598 48236.66658242964 48295.8114621987 48489.09352518472 48627.27758680772 48823.35165348002 48927.47578553171 49035.25981679223 49206.28583866055 49390.93383367604 49742.32525549073 49762.32525298673 50196.18601465852 50260.18136426148 50498.3491077133 50553.80111406863 50643.99539426633 50790.55182917732 51041.19120743768 51459.98053226647 51479.98052976247 51567.02343684421 52095.45785462243 52207.05693323093 52231.09428356733 52291.13024260937 52556.10074777566 52576.10074527166 52674.92757633088 52765.41268054047 53075.54103999757 53134.15045985882 53184.7858464352 53397.7631712111 53758.95713828527 54057.45144282557 54219.3451799076 54617.95372941471 54643.15859836731 54663.39407503616 54734.13597421814 55268.6452966052 55355.06784077372 55763.5263876223 55935.64915743304 56134.29472767474 56479.83651291975 56499.83651041575 56628.89370779641 56660.19684247843 56687.26722758941 56747.07614238392 56780.08309537388 56861.01493798899 57052.95709665815 57526.37397929999 57648.19513781477 57767.12888602296 57852.75220609676 58181.34909141202 58418.8313726303 58825.81130573695 59094.87482606132 59214.73923572433 59727.17349593718 59747.17349343318 59808.86688293963 60062.80944525206 60200.77240962325 60495.81763882469 60520.81969944088 60638.64381012586 60744.76805132585 60863.11044130098 60886.03258291542 60944.14735774832 61011.3304120522 61031.3304095482 61336.75256916981 61738.70205994088 62219.73083898263 62353.97622287644 62620.35320265659 62640.35320015259 62682.29418087363 62976.08652143905 62996.08651893505 63097.51562645011 63416.41047607281 63436.41047356881 63477.63553810323 63543.48146595622 63669.01636712776 63823.15181623283 63881.19800740967 64018.64334293804 64146.20785546348 64432.58662491239 64472.80368930849 64492.80368930849 64538.5693776055 64558.5693801095 64578.5693776055 64631.00294014282 64761.77719845132 64815.82902401281 65119.28521221095 65720.71578041482 65938.4590024754 66066.90751631095 66164.93187676324 66659.1519909163 66934.18519270282 67702.33690374731 67876.10727964913 67896.10727714513 67977.69867615968 67997.69867866368 68050.12244274008 68091.09517941022 68142.01060986056 68210.87712000939 68559.14885150029 68603.63398001673 68731.51941261658 68953.07307804591 68973.07307554191 69088.46502808518 69380.71575892176 69400.71575641776 69548.82440998988 70015.09965683863 70086.415950384 70241.86749828007 70275.93434878749 70455.84786056075 70890.91044559114 71142.78404913869 71193.83395238538 71242.73231885839 71262.73231885839 71308.4729991377 71337.56781242936 71430.21083996794 71450.21083746394 72385.89765084614 72429.90741018835 72681.26480525723 72815.03972391746 72922.81060837921 72942.81061088321 72996.94518103434 73284.34510400883 73467.58450238016 73696.15502301166 74046.96006759336 74125.45815011442 74145.45815011442 74276.23952683002 74304.28110015995 74584.56295309842 74791.15039223378 75176.56675790931 75338.52217127287 75588.936668788 75771.36803241051 75791.36802990651 75900.64854211816 75920.64853961416 76229.14498879771 76321.03234808221 76341.03234808221 76432.37592090453 77135.71779351933 77185.27210457844 77282.05668820546 77436.17048017843 77456.17047767443 77551.57721502298 77682.76302388186 77929.13116930074 77949.13116679674 78059.65413223014 78267.51555136957 78550.18051116217 78845.1327825155 79315.14141763299 79437.48569433548 79686.61445262822 80061.49747922204 80402.22562367588 80659.73600659936 81263.01355634137 81425.25761656027 81557.53049080803 81577.53048830403 81597.53048830403 81698.85404027535 81718.85403777135 81903.55135407797 81976.77651499149 82026.1705334129 82765.07777773194 82871.09488842938 83019.12638832401 83448.41546608405 83481.92105986148 83501.92105986148 83657.11672490092 84021.75323964221 84097.56702293645 84142.78386258777 84162.78386008377 84182.78386008377 84393.7058984371 84550.22958709128 84660.45797278261 84790.18899550493 84813.90469055221 84843.28758099512 85127.43195507845 85169.14858293557 85189.76671860341 85213.72641212011 85502.69184608328 85633.63497268665 85763.08764954359 85838.96149935181 85875.79912186583 86037.705551509 86121.21653652834 86829.24266895393 87481.84049968783 87647.85292986136 87667.85292735736 87772.99221780742 87877.2788810704 87957.65852203459 88470.82837511549 88674.75103852934 88860.2796909948 89067.08176405078 89213.22419154151 89957.68395222827 90364.05080868394 90452.3222330482 90514.01003027188 90665.81784070338 90834.43320261811 91237.50484658382 92093.42115574818 92478.3945007 92845.1515110818 92969.67210101221 93189.89132130404 93336.72019556537 93528.15457074381 93550.87184508398 93574.69855999864 93900.26265715496 94044.11817891674 94391.71409278618 94479.65057876835 94576.90649307285 94705.91872820902 94849.38657150352 95004.2435634967 95551.80937984839 95571.80937734439 95605.06186765777 95670.47806451776 95731.24404900464 96223.11461309819 97046.96563453812 97066.96563203412 97086.96563203412 97158.73358607543 97660.97835657607 97810.43660138888 98382.28416697651 99132.21707094958 99587.62457547026 99661.01749358754 99730.57006574022 99850.80420210227 99986.20038126442 100033.38106687979 100441.2132564264 100461.2132539224 100611.97465973453 100633.79764419098 100870.01080334377 101249.73784504849 102280.16226481108 102512.50344877264 102712.30927043249 102732.30926792849 102752.30926792849 102966.8789398811 103306.97980852344 103441.87317095449 103496.68702567191 103861.30256962036 104049.00133934673 104069.00133684273 104413.17243637904 105859.7659667928 106122.85900790384 106347.01702341208 106686.16082242783 107192.27366775394 107260.70995752733 107323.41158561467 107685.61584192399 107870.11700548016 108407.4662323133 108488.48191621118 108654.23263076311 108674.23262825911 108794.13946702457 109219.74311787451 109515.37865269045 109624.32415140049 109644.32415390449 109664.32415140049 109850.23715895202 109916.31653829327 110148.95404908484 110239.20292952646 110433.72282556209 110910.51554856287 110930.51554605887 111443.55523422118 112689.18571649301 112984.2474817965 113017.55557427529 113257.63941840099 113340.51354044415 113685.33743150506 113820.1671367619 113873.72142706464 113893.72142706464 113951.69990824728 114416.19028312903 114463.04361458058 114971.04701988458 114991.04701738058 115015.18749891641 115594.44045561095 115637.58343658607 115676.71219509353 116112.71911543351 116396.67133529112 116450.70372280064 116482.04684530221 117174.49045382498 117329.17451470916 117349.17451220516 117570.45764159762 117684.60121512471 117946.24497984358 118300.576999589 118489.89756639378 119456.46657826879 119493.51106021287 119799.53877775071 120714.99171335444 120734.99171085044 120837.91012732752 121047.37228341665 121224.12972394718 121259.54192855756 121321.0473731614 121791.67935359276 121933.08440578351 122319.34733861895 122496.23558818297 122806.18310699871 122845.48716618294 122865.48716618294 123255.18458657655 123278.11105848431 123396.17923448524 123689.28023350927 123829.23334671091 123960.20583138551 124827.64859285916 124847.64859035516 125070.85765682801 125290.79669515173 125310.79669264773 125571.10893361223 125786.4345699751 126506.42816064528 127126.86026606127 127252.38365339974 128740.49053127418 128970.53911433727 129023.75510395516 129574.88082203135 129766.97378271702 129911.71527425165 131387.34057451593 131486.33216097054 131609.05783617264 131996.24689218066 132041.10555316147 132198.44373130239 132238.5233510607 132436.311990261 132665.13277252803 132952.15164000495 133503.73425059202 134091.97705638509 134147.74382836437 134168.81146215263 134188.81146215263 134468.70200840877 134488.70200590477 134614.55842499431 134773.87993628098 134851.88732255545 135719.08817989695 135790.52600739584 135951.23827985548 136100.30303414914 136499.29711038188 136534.53914403945 136757.49428126581 136954.0201974977 136979.45142958005 137415.4094721979 137673.17412770886 137702.78243093384 137884.46241958061 138011.95359675576 138161.63609487521 138597.16664935922 139038.63543593084 139125.17298987355 139145.17298987355 139287.69897328803 139351.07264537894 139395.81210782887 139473.77905918176 139500.93495297407 139617.20102152757 140219.17776753073 140265.37702565659 140292.70880427732 140498.33075479642 140957.02846380134 141001.94997002908 141028.4341015514 141265.19270236317 141294.5684204774 141323.9949973609 141786.74182559047 141967.8795651031 142055.35614753275 143080.06420092792 143108.78814445912 143141.66146804421 143254.79145963358 143330.79742087792 143448.51911890666 143577.83017624986 144480.73426992615 144600.63917750752 144860.63715701215 145772.10565654759 145813.52870403516 145833.52870403516 145853.52870403516 146090.82328880299 146404.80293108362 146424.80292857962 147768.5748469312 147836.96253786921 147888.27358157715 148195.67483448436 148258.27108859495 148344.20223852108 148364.20223601708 148823.30773379495 148943.54985643195 149123.56924316988 149356.09420655683 149618.85527577312 149750.22190218361 149933.23281486807 149956.15377932361 150273.69519774842 150940.90733234794 151059.78290887413 151219.2894950824 151355.81545224887 151581.41433590627 151987.20148196183 152031.81039446099 152051.81039446099 152250.77782674028 152749.59297286839 153002.38514844087 153269.99208284341 153724.58482205541 153777.64425020571 154255.91387156003 154301.49925759052 154394.21609659534 154416.88007015336 154585.78822155495 154687.77643568392 155200.40437466952 155278.47062608508 155391.61969821874 155618.88567955054 156052.1515806281 156158.08885110034 156178.08885360434 156304.82317324552 156354.29612955263 156664.97243582073 156684.97243331673 157499.83970092283 157657.71042969899 157707.42654422969 157761.55379072034 157832.95762819844 157969.55765142054 158445.1892567344 158465.1892542304 158519.61942689124 158552.80327784465 158942.08885521701 159750.57606977113 159827.97533403668 159860.84574670446 160111.01435700718 160403.47010959208 160755.39083074362 160937.18692165628 161883.55444850133 162029.06641089667 162126.22670861262 162299.01875797385 162438.46120883864 163002.65949766871 163073.8419750439 163107.48230903962 163191.78392633234 163624.2656051902 163658.07374915449 164156.57763419373 164289.39160622036 164332.26640028926 164647.99427300365 164934.02762247245 165046.07289437746 165179.6743958801 165199.6743933761 165219.6743933761 165298.53993066335 165656.86126367968 165729.32680549327 166887.00014245076 167608.80877332537 167889.02194270906 168265.10031243228 168360.89344162006 168491.75366863098 168737.08374365833 168835.39297221492 169065.55554880226 169374.00695633522 169399.7479179003 169593.30546842077 169700.93396261184 170458.78694423443 170577.73950637039 170721.33304668523 170741.33304418123 171054.56382339288 171950.84739818856 172292.53750285963 172358.37066809019 172425.8858374067 172649.81126342073 173169.16416226541 173358.90419283827 173579.78331096397 173700.72130555617 173787.77183994241 174547.69297386426 174567.69297136026 174700.73503072425 175075.47756434669 175114.11232415054 175288.70249572151 175319.07035025065 175642.95145566249 175698.30462167842 176957.25655771088 177077.5637821372 177437.2107929381 177664.76065365699 177740.94169423275 177973.19850085679 178187.05765870206 178224.19549625874 178869.76765923763 179114.21113153226 179257.99297416094 179492.72674107966 180341.14410321517 180859.11768722537 180921.65025936457 181060.11453101206 181127.00096853117 181887.01868100616 182021.74582818923 182188.82249068956 182275.86619839929 182376.48979501368 182453.94246159677 182804.85148998898 182860.6299204399 183491.51785596183 183543.56032919056 183563.56032919056 183776.0597484864 184874.81270866536 184966.86012939843 185589.83656949053 185948.50819759288 186381.30497556746 186474.63874963815 186494.63874963815 187248.22907012647 187559.50547721934 187630.92272366084 187735.74889256691 187861.02828536309 187911.37011176211 188469.60882409435 188908.44565852768 189067.44999171891 190321.18735585848 190622.54175441056 190847.75672250014 190888.41041678521 191525.80037006168 191793.33901411428 192022.25388615985 192230.83047295045 192257.71001595952 192939.19252400616 193293.68709026618 193500.63208278538 193799.98113284713 193819.98113034313 194253.50108028591 194418.01706930832 194646.91700631971 195233.07693300248 195376.65221864456 195622.32413928617 195696.32193753861 196325.46373322466 196345.46373072066 196365.46373072066 196782.00501082384 196827.42361290921 196869.6147593728 197749.61143379903 197769.98029842877 197824.73337121904 197880.41048137403 198102.70843477076 198122.70843226676 198266.34394445298 199223.24894867963 200151.16700689965 200234.70171447805 200254.70171447805 200416.03161377751 200559.22877936361 200642.04138917968 200887.79652165101 200924.55416352737 201293.84515919275 201366.66117077522 201386.66117077522 201772.82545256168 201811.48028349767 201845.41899998509 201914.76127657323 201934.76127406923 202419.93260260916 202509.52103782997 202562.21341953054 203118.13359746454 203173.84135594929 203287.76696279361 203307.76696028961 203332.76546822759 203489.06801459647 203546.19421144974 203726.68895988707 204207.37606815392 205174.16554445604 205397.23991782484 205861.78684764627 206182.97634712202 206254.13331306135 206351.57044343058 206438.58388017563 206465.37939098619 206902.78358444539 207049.06608039896 207297.80026021341 207644.29220730414 209901.51711601787 210054.64085845714 210155.22288702401 210196.09503105392 210880.50149241403 212002.92609784353 212141.31965149308 212187.19861691543 212522.68760090017 212600.11196404126 212962.03453680073 213742.10695354299 213883.53396827211 213990.9295650203 214619.2788756655 214961.28158067711 215047.52885630331 215153.61586997291 215273.83336085065 215293.83335834665 215331.34831336923 215362.46683603614 215382.46683603614 215457.46514713768 215798.84213063664 215873.76854943739 216303.4950704592 216387.27895586524 216494.94939963966 216747.09509200837 217033.86503079383 217072.38998598979 218471.11206958406 218676.00527353869 218836.29509277805 219225.65645178269 219376.01583018578 219549.35072528761 220454.80873265888 220509.09086116607 220694.37377901186 221282.17015026129 221385.44175704783 221405.44175955183 221569.34210917832 221665.03598201952 222072.54813815147 222127.37631733761 222590.17328829859 223874.6335492696 223941.87880129504 224621.23936243569 224946.62585517944 225068.59000885388 225259.85986793385 225577.54357842007 225650.61817437219 225849.90295767171 226149.66466746569 226955.86548086141 227083.64269371327 227254.00286284768 227278.81038487189 227301.10570723687 227423.61528449874 227847.14821107363 228118.42809821741 228224.03139121541 228285.56283589807 228341.94226390747 228524.58228781194 228608.43947196791 228700.07246428129 228785.10259432683 228816.73890190501 229546.638785082 229931.57197820975 230293.77986698921 230575.18101401013 230763.27729849344 230951.13184078777 231596.86957254304 231697.9715506902 231964.43473395235 232176.11516849011 232196.11516598611 232389.63082771563 232600.46419997359 232647.03245768841 232669.80862270734 233017.73142268719 233262.46531297376 233336.73750582911 233512.05165575395 233556.58165432384 233939.37777327892 233973.26437731052 234073.99162115205 234104.65411385158 234732.35872285561 234820.80478817462 235037.00428629798 235582.77556907215 235874.25045044 236232.27185591842 236394.2965367405 236474.77938392656 236814.45519626649 236963.25909876695 237125.33555787268 237344.13961857856 237563.4245659237 238309.61509241304 238347.50424832634 238741.40882627839 238955.90455886326 239333.15732580607 239572.29075439379 239714.51669735452 239767.47974788092 240728.35990205654 240748.35989955254 241206.69798145708 241596.36015143243 241732.29132729295 241880.43699216392 241900.43698965992 242029.82393945048 242158.06516382482 242231.74349140345 242251.74349140345 242271.74349140345 242812.80204595083 243379.20655274497 243407.60665055442 243546.40384685065 243895.94385716637 244676.22983748113 244887.12665205364 245134.12752601788 245849.88524625217 246061.13083728363 246094.3498315088 246114.3498315088 246440.61354973622 246491.993580509 246725.89453997033 246749.07950179494 247954.7677038919 247977.96551411958 248416.82947231004 248763.30895114489 249124.67534066833 249848.36962515977 250119.65441722334 250230.28645774091 250393.91063083845 250586.3876770768 250649.31346327131 250989.29441348986 251214.72060179121 251340.53488006596 251407.84266855899 251427.84266855899 251525.9968353648 251560.33901818593 251657.41815368596 251761.61898480096 251847.55071722594 252351.26988916541 252371.26988666141 252551.13304204021 252571.13303953621 252884.48718012644 252904.48717762244 253290.75120618391 253326.97972433304 253831.28522852448 254112.99328863735 254132.99328613335 254276.95424825947 254333.84780693352 254394.62002464101 254486.04466925996 254506.04466675596 254915.95226002509 255185.18315608396 255676.2248332191 255729.85663610844 255800.6645319387 255851.47401499228 256187.294750216 256326.90110131862 256373.33748431509 256556.74277399159 256585.8930991444 256608.49168084311 256930.76829092718 257008.86383223321 257287.21698965559 257441.18096250978 257461.18096000578 257617.59076609065 257804.12795673339 258287.7723960234 258804.51420079555","0.50357410357 0.86607036908 1.72213462841 0.50357158607 0.14977926042 0.86607023217 0.14978174252 1.72213203884 0.08808560666 0.50357409007 0.86607038436 0.866070381 0.50357158607 0.08808560666 0.86607036908 0.86606788036 1.72213463084 0.14977922142 0.08808552246 1.72213450191 0.14978176442 0.5035716731 0.86607025422 0.14978176442 1.72213454284 0.866070381 9.64292020531 0.50357410396 1.72213450124 0.86606772817 1.72213196966 1.72213463084 0.866070381 0.86607025422 10.82018634772 0.86607037596 0.50357409007 0.86607038436 1.72213462841 0.50357168704 15.2468011459 1.72213193512 0.50357410357 0.14977923852 1.72213454037 0.50357159996 0.86607037596 0.14977922142 0.50357410396 1.72213454284 0.86607025422 0.14978174252 0.50357158607 0.08808560666 1.72213443912 17.40083387536 0.50357419104 1.72213462841 0.86607025422 1.72213195163 0.25678991292 0.50357158607 0.5035741771 1.72213447366 0.86606775022 1.72213454037 0.5035716731 0.08808569092 11.84718309624 0.50357407731 0.5035741771 0.14977923852 0.866070381 0.86607037343 0.08808560666 0.25678991292 1.72213463084 0.86606786943 0.86607037596 5.27747306439 0.14978174252 0.25678744715 1.72213199791 0.86607037343 13.85834884113 3.45429486112 1.72213454284 0.86606787196 0.14978174252 1.72213193512 0.50357410396 0.25678988906 0.86607037343 1.72213196966 0.14978172542 19.96729599273 0.50357410396 0.86606772817 0.50357409007 0.86607037343 0.14977922142 1.72213462841 0.08808310266 0.86606772817 1.72213462841 0.25678744715 0.14978172542 1.72213447366 1.72213462841 0.14978172542 0.866067877 0.50357410357 1.72213203637 0.5035741771 0.86606787196 0.5035741771 1.72213196966 0.14977926042 0.14978172542 0.50357410396 2.04930787981 0.86606786943 1.7221346121 12.13128422161 0.50357159996 1.72213462841 0.86606775022 16.76355402163 0.25678995115 0.86606786508 0.50357159996 0.08808560666 1.72213454284 0.08808310266 1.72213462841 0.1497792902 0.50357410357 0.25678997605 1.72213196966 1.7221321081 0.86607036908 0.14978174252 0.25678991292 0.14977923852 0.5035716731 0.50357409007 1.72213463084 0.866070381 0.866070381 0.08808560666 0.14978172542 0.866070381 0.86607023217 0.50357410357 0.86606787196 0.14978176442 1.72213462841 0.86606772817 1.72213203884 1.72213450191 9.88387804335 0.50357410357 1.72213447366 0.25678740892 0.866070381 0.14978172542 0.86607023217 0.50357158607 0.866070381 1.72213447366 0.86607036908 1.72213193512 0.86607025422 0.86607023217 0.50357407731 1.72213212684 0.866070381 0.08808560666 0.86607036908 0.50357159996 0.86607023217 1.72213203637 0.5035716731 1.72213447366 0.50357159996 1.72213454284 0.50357410357 0.5035716731 0.50357410396 0.86607025422 0.14978174252 0.50357409007 13.71587507918 0.50357410357 15.68984741545 0.50357158607 9.42511996545 0.5035741771 1.72213212441 1.72213193512 0.25678995115 9.82957763409 0.50357410396 7.47426164681 0.86606775022 18.38824934363 0.08808560666 0.25678747205 0.86607025422 0.86607033224 0.86607036908 0.50357158607 0.50357409007 0.50357409007 1.72213193512 13.42224877792 8.4804990647 7.05821982097 0.86607023217 1.72213196966 0.86607037343 0.25678997605 0.08808315376 1.72213447366 1.72213462841 0.99828538673 1.7221346121 0.50357410396 0.5035716731 0.25678991292 0.86606787196 0.86607037596 0.50357419104 0.14978172542 1.72213199791 0.5035741771 1.72213463084 0.86607033224 0.25678997605 4.66964376815 0.50357409007 0.866067877 0.86607038436 1.72213203884 1.72213463084 0.50357410357 0.50357410396 0.25678997605 10.03987832972 0.50357158607 0.1497817942 0.08808301846 1.72213445563 0.86606787196 0.14978174252 16.55099355732 0.25678744715 0.86607038436 0.86607025422 0.86606772817 1.72213193512 1.72213443912 1.72213454037 0.50357409007 1.72213443912 0.25678995115 0.50357159996 0.5035716731 0.866067877 0.50357410396 0.08808310266 1.72213463084 0.50357410357 0.866070381 1.72213463084 14.78544495162 1.72213454284 0.50357159996 0.14977922142 0.25678740892 0.25678995115 1.72213193512 0.25678991292 0.5035741771 0.50357409007 0.1497792902 1.72213447366 1.72213443912 1.72213443912 0.86607023217 0.14978174252 1.72213203884 1.72213454037 13.41703117958 1.72213193512 0.86607036908 0.25678997605 0.86607036908 0.5035716731 0.86607037596 0.50357159957 0.25679010396 1.72213212441 0.86606775022 0.866070381 14.06704843272 0.86607023217 0.50357410357 0.14978172542 0.14978172542 0.14978174252 12.68113947732 0.86606788036 0.86607037343 3.81577343537 0.25678997605 0.14978174252 19.10024219525 0.25678759996 1.72213445563 0.25679010396 0.86607038436 0.08808318692 0.5035741771 0.50357410357 0.50357410357 0.86606772817 5.90170870973 0.86606775022 15.10758481844 1.54791155096 1.72213196966 0.50357416094 1.72213195163 0.86607023217 0.50357410357 0.86607023217 0.86607036908 0.866067877 0.86607036908 0.25678997605 0.86607036908 0.25678991292 3.05409996656 0.14977923852 5.50333488646 0.86606788036 0.50357159957 0.86607025422 0.86606772817 0.25679010396 0.08808310266 0.08808560666 1.72213447366 15.89535955028 1.72213454284 1.72213454284 9.37133537363 1.72213447366 0.86607037596 1.72213196966 1.72213454284 1.72213193512 1.72213450191 1.72213454284 1.72213454284 0.86606772817 1.72213199724 1.80189116154 0.86607037596 0.5035716731 0.14978176442 3.9355217588 1.72213462841 0.86606786508 1.72213447366 0.86607036908 0.50357168704 10.92361932929 0.14977923852 0.50357407731 1.72213450124 0.14978225422 0.08808560666 0.50357165694 10.01285599073 0.50357409007 0.08808310266 0.25678995115 1.72213443912 0.5035741771 1.72213463084 0.86607037596 0.86607037343 4.12740146173 0.25678997605 0.63058785093 0.25679054284 0.86606786943 2.63332299301 0.25679010357 0.25679054284 1.72213195163 0.86607036908 0.25678997605 12.00124606817 0.866067877 0.25678985732 0.08808552246 16.28855231013 1.72213450124 0.14978174252 0.25679009007 0.14978172542 0.50357416094 1.72213443912 0.866070381 0.08808560666 0.5035741771 0.25678991292 0.08808560666 0.25679009007 0.5035741771 17.97950736788 12.25283963394 0.25679009007 9.85286280832 1.72213445563 0.86606787196 0.5035741771 0.25678997605 0.08808310266 0.86607038436 1.72213462841 0.25678803884 9.85246298547 0.86607037596 1.72213462841 0.86606786508 0.256790381 11.84360566335 21.60755765322 0.14978174252 0.25679009007 0.14977926042 1.72213445563 0.25678793512 0.14977923852 1.72213447366 0.14977922142 0.25678759957 0.1497792902 0.25678988906 0.86607038436 0.86607037596 0.50357168704 0.08808318692 0.08808552246 1.72213196966 0.25679010396 0.86607038436 0.50357419104 3.59892624969 0.25679010357 0.86606788036 0.14978174252 0.86607023217 0.08808560666 0.08808560666 0.08808569092 0.25679054284 0.25679009007 1.72213450124 0.14977972817 0.25679009007 0.25679010357 0.25679037596 0.14978223217 0.25678991292 0.5035741771 0.25678997605 0.25678991292 0.25679010396 0.86607038436 0.25678991292 0.08808301846 0.25678793512 0.25679043912 0.86607038436 0.25678995115 0.25678759957 1.72213450191 0.25678991292 0.14978172542 0.14978172542 0.25678988906 2.18013977375 0.14977975022 0.14977923852 0.25678995115 0.50357405135 0.25679010396 11.51840542493 29.57609456677 1.72213199724 0.86607038436 1.72213450124 1.72213462841 0.14978174252 0.86607038436 0.25678796966 0.25679009007 0.14978174252 0.08808552246 0.25678744715 1.72213463084 16.93437419523 1.72213462841 0.14977923852 0.50357407731 0.14978172542 0.14978174252 0.14978174252 0.08808560666 18.51445854939 21.67915242186 0.08808560666 0.14978172542 1.7221346121 0.14977923852 0.08808569092 0.25678991292 10.67650264861 0.14978225422 1.72213445563 0.50357419104 0.14978172542 0.25679054284 1.72213450124 0.25678758607 0.25678997605 0.25679047366 0.25679037596 0.14978223217 0.25678740892 0.50357407731 11.57462522086 0.14978172542 0.25679010396 1.72213450191 0.256787877 18.53598830823 16.61549034946 0.14978172542 0.08808310266 0.25679010396 0.25678759957 0.25679010396 0.14978174252 7.88365692599 0.25679047366 0.25679010357 1.72213450124 0.86606788036 0.14978174252 0.25678793512 0.08808560666 0.25678995115 0.25678786508 18.46066071579 0.50357416094 0.14978174252 0.08808301846 0.08808560666 14.05279404514 0.25678747205 0.25679037596 0.08808310266 0.14977940892 0.5035741771 0.25678997605 0.25678744715 0.86606788036 0.25678997605 1.72213454037 10.0374811648 0.50357419104 1.72213195163 0.25679010357 0.14978223217 0.5035741771 0.86607038436 1.72213199791 0.14978172542 0.86607038436 8.55559889852 0.86607038436 0.25678995115 0.14978223217 0.25678738506 0.25678786508 0.08808569092 0.5035741771 1.7221346121 0.25678997605 0.50357416094 1.72213195163 16.46315810177 0.25679037596 0.25678758607 0.86607038436 1.72213463084 0.5035741771 0.25679037596 0.25678997605 1.01612819023 1.72213454037 0.25679037596 7.72493000191 0.25679009007 0.08808560666 0.14978191292 0.25679009007 0.25679010396 0.25678997605 0.25679010357 0.25678758607 0.25679010357 0.14978174252 0.14978191292 0.86607033224 0.256787877 0.08808560666 0.14978174252 0.14977922142 0.25679010357 0.25678759957 0.256790381 0.14978172542 0.5035741771 0.25679010396 0.14978172542 0.08808318692 0.86606786943 12.60932903467 0.5035741771 11.35665388092 0.25678997605 1.72213450191 0.14977975022 0.14978176442 0.50357165694 0.86607037343 0.5035741771 0.25679009007 0.25678744715 0.14978174252 0.86607037343 0.14977923852 0.14978172542 0.50357419104 0.08808301846 0.5035741771 1.7221346121 0.25679009007 0.14978176442 0.25679062841 0.25678787196 15.83964307293 0.25678988906 0.256787877 0.14977975022 0.256790381 0.256787877 0.25679010396 0.25679009007 0.25678803884 0.25678812441 0.25679010396 0.08808560666 0.25678759996 0.25678759996 0.25678997605 0.25678759957 1.72213199791 0.14978174252 0.25679010357 0.14977975022 0.14978172542 1.7221321081 0.1497792902 0.25679010357 0.25678759996 0.86607037343 0.256790381 0.14978172542 0.25678747205 0.86607038436 0.25679054284 0.50357168704 15.24347535783 27.27479806613 0.50357407731 0.5035741771 6.73840576123 0.25679054284 0.14977923852 0.08808310266 0.25678995115 0.256787877 0.86607037343 18.09670345925 1.72213450124 0.86607038436 0.08808560666 0.14978172542 0.50357416094 0.50357416094 0.08808560666 0.25678744715 0.5035741771 1.72213463084 0.08808318692 0.14978172542 0.14978225422 0.08808560666 0.14978172542 0.14977922142 1.29666149741 0.25679043912 0.14978174252 0.25679010396 0.25678995115 0.86607037343 0.25678759996 0.25679009007 0.25678793512 0.25679009007 0.25678786508 0.25679062841 0.50357168704 0.25679043912 0.256787877 0.25678997605 0.14978172542 0.25679010396 0.08808310266 11.37896647157 0.25679043912 0.08808318692 0.5035741771 6.47625410642 0.25678997605 0.25679009007 1.7221321081 0.08808310266 0.08808560666 0.256790381 0.256790381 10.23666022664 0.08808301846 0.25678759957 0.25678997605 0.25679010396 0.25678747205 0.08808310266 0.25678995115 0.25679010396 0.50357419104 0.5035741771 0.25678995115 0.14978191292 0.25678759996 0.08808572542 0.256790381 1.7221346121 0.86606786943 0.25678796966 0.14978174252 0.25679009007 0.86606786943 0.25678995115 0.5035741771 0.25678787196 0.08808560666 0.25678995115 0.14977923852 0.08808572542 6.86336149539 21.46491034551 0.25678759996 0.08808572542 1.7221321081 0.14978174252 0.14978174252 0.14978176442 0.25678997605 0.25678759957 0.14978174252 0.1497817942 0.25678787196 0.14978176442 1.72213450124 0.08808310266 1.7221346121 0.25678747205 0.14978225422 0.14977940892 0.25678995115 3.37645684329 0.86607038436 0.08808572542 0.25678995115 0.50357165694 0.25678995115 0.25679043912 0.08808560666 0.25678997605 0.14978225422 0.25678995115 0.25678747205 0.25679037596 3.03072607671 0.1497821771 0.25678995115 0.14977923852 0.08808560666 0.25678786508 0.25679037596 0.256787877 0.25679037596 0.08808569092 0.25679010357 0.25679037596 0.25678744715 0.08808572542 0.14978176442 1.72213199724 0.14978223217 0.14978176442 0.08808560666 0.256790381 1.72213463084 0.14978174252 0.25678747205 0.08808572542 0.25678759957 1.72213450124 0.14978191292 0.50357416094 1.7221321081 0.86607038436 0.14977975022 0.25678995115 0.25678759996 0.25678997605 0.86606786943 9.80104363769 0.08808569092 0.86607038436 0.25678796966 0.25679037596 1.72213463084 0.50357416094 0.50357165694 15.21715698118 0.25679054284 1.72213463084 0.08808318692 0.08808572542 0.08808572542 0.25678812441 0.25678997605 0.25679036908 0.25679037596 0.25679009007 1.72213450191 1.72213445563 0.14977923852 0.25679009007 0.25678995115 0.25679054284 0.14978174252 0.08808322142 0.25679047366 0.08808560666 0.25679010396 0.14978223217 6.48492223153 0.25679010357 0.50357419104 0.08808569092 0.25678997605 0.08808560666 1.72213450124 0.25678787196 1.7221346121 12.83105870325 24.34288569977 0.25679037596 0.25678747205 0.25678759996 0.25678995115 0.25678812441 0.25678744715 0.14978176442 0.25679009007 4.58197071562 1.7221346121 0.08808572542 0.14978174252 0.86606788036 8.53825339206 0.25678995115 0.14978174252 0.25678747205 0.14978191292 0.14977923852 0.1497821771 1.7221321081 18.65425005769 0.1497821771 0.25678803884 0.08808310266 0.86607038436 1.29114862586 0.08808569092 0.14977923852 0.25679009007 0.08808572542 0.25678793512 0.08808560666 18.84152361584 0.50357168704 0.25679009007 0.25678796966 0.08808572542 0.25679036908 0.25679010357 0.50357419104 0.14978191292 0.25679010396 1.72213199791 0.14978191292 0.86606788036 0.25678759957 0.86607038436 0.08808552246 0.25678997605 0.25679010357 0.25679036908 0.08808560666 0.25678786508 0.256790381 0.256790381 1.72213454037 1.72213463084 0.25678758607 0.50357407731 0.25678759996 0.25679010396 0.86607038436 0.08808572542 0.25678803884 0.25679036908 0.08808572542 0.14977940892 0.25679009007 1.72213450191 3.72754411644 0.25678744715 1.72213195163 3.84759226298 0.25678997605 0.25679036908 0.14977923852 0.08808560666 0.08808310266 0.25678995115 0.25679010357 0.25679043912 0.50357165694 0.08808572542 0.25679010357 1.72213450191 0.25678995115 0.08808572542 0.25678988906 0.25678997605 0.25678796966 0.08808560666 0.08808552246 0.25678758607 13.85633747135 0.25679010357 0.08808322142 0.25679062841 0.14977972817 0.14978174252 0.25679036908 0.25678759957 0.25679036908 0.25679010396 0.25679036908 0.25678995115 0.86607038436 0.08808310266 0.08808560666 0.14978191292 0.256790381 0.25679043912 0.14978225422 0.08808318692 0.25678744715 0.25679009007 0.25678997605 0.25679037596 0.25678758607 0.08808572542 0.25678759996 0.14978174252 0.14977972817 0.50357416094 0.50357168704 0.14977923852 1.72213445563 0.14978191292 0.25678995115 0.08808572542 0.1497821771 0.25678988906 0.08808572542 0.08808322142 0.25679062841 1.72213463084 15.37415109344 0.14978174252 0.14978191292 0.256787877 0.08808315376 0.14978174252 0.25679036908 0.25678787196 0.25679009007 1.72213212684 0.1497821771 0.14977972817 0.25678995115 1.72213199724 0.08808572542 1.72213203637 0.1497821771 0.08808552246 0.25679009007 0.25679010357 0.25679037343 0.25678738506 0.1497821771 0.25679047366 0.25679037343 0.25678988906 0.25678995115 0.08808560666 0.25678759957 0.50357419104 0.25679036908 0.08808572542 0.25679009007 0.08808560666 1.72213199724 0.25679010357 16.35522558907 0.25679036908 0.25679010357 0.14978225422 0.256790381 1.71619380503 0.14978176442 0.25678988906 0.25678787196 9.22169480392 9.54918443209 0.08808572542 0.25679009007 0.25678759957 0.08808572542 1.7221346121 1.7221346121 1.72213454037 1.72213463084 0.25679036908 0.25679054284 0.08808301846 18.16388542297 0.14978191292 0.14977923852 0.14978191292 0.25678759957 0.256790381 1.72213199724 0.25679036908 1.7221346121 0.25679010357 0.25678995115 0.08808560666 0.14977972817 0.50357407731 0.25678985732 0.08808310266 1.72213450124 0.25679010396 0.14978174252 0.08808310266 1.10855726705 0.08808560666 0.86606788036 0.25678997605 0.25678787196 0.14978174252 0.14978223217 18.93661543744 0.25678995115 7.58594193214 0.08808572542 15.7789895632 0.08808572542 0.25678759996 1.72213463084 1.72213450191 3.41869750621 0.25679038436 0.25678744715 0.25678758607 0.08808572542 8.88728367914 0.08808560666 0.14978174252 0.1497821771 0.14977923852 0.25678988906 0.25678744715 0.25678988906 1.72213463084 0.14977923852 0.25678997605 0.25678738506 0.25678759996 0.08808572542 0.25678744715 0.25679009007 0.25679009007 0.83631270824 0.256790381 0.14978174252 0.50357407731 0.25678995115"
General-1-20260518-23:34:40-35278,attr,LoRaNetworkTest.networkServer.app[0],delaySignal:vector,recordingmode,vector,,
General-1-20260518-23:34:40-35278,attr,LoRaNetworkTest.networkServer.app[0],delaySignal:vector,source,delaySignal,,
General-2-20260519-00:18:35-54743,vector,LoRaNetworkTest.networkServer.app[0],delaySignal:vector,,,"7367.71509283335 7718.82751596599 7738.82751346199 7826.61078017202 8335.66347969507 8362.36428447642 8462.81222979919 8832.49181999435 8890.25856223641 9147.92553002794 9172.88295893441 9314.24777127832 9408.24607706567 9503.52591369261 9963.369363684 10051.17019758833 10133.79826483528 10196.29338488876 10317.3645939169 10455.28852971277 10692.77939693606 10712.77939443206 10972.283001722 11154.68217597624 11213.59159773922 11294.21499603382 11877.99822621582 11909.94500688125 12121.17903699688 12226.22390609541 12268.74385290627 12288.74385040227 12366.55102560595 12492.40837847759 12916.75309419738 12936.75309169338 13066.76503192368 13225.79701312742 13421.8409384566 13548.22753409795 13671.96893686224 14071.3017906121 14134.28170940667 14609.38423570645 14675.6695072526 14790.72901713619 14893.82842314398 15565.6196155188 15658.84590450765 15697.56387213419 15799.41390132164 15898.44682553812 16061.38721122053 16145.00098918305 16342.14425405108 16362.14425154708 16382.14425154708 16402.14425154708 16837.68191002147 16857.68190751747 16895.62040287954 17065.85041653608 17220.33970414438 17240.33970164038 17287.15957849153 17375.08836306467 17771.88998082659 17867.76461166912 17950.62081849562 18025.23616726179 18067.16829259989 18147.00266674403 18167.00266424003 18449.86197080153 18516.53387412482 18918.91353009663 19196.7097901276 19216.7097876236 19468.16485150303 19604.88245533288 19816.31525416233 20014.47428857806 20502.39255345562 20522.39255095162 20628.79160258417 20736.30507513014 20756.30507763414 21181.13014781591 21201.13014531191 21221.13014531191 21336.13802637519 21399.21400427167 21452.88264156934 21896.92313509569 21975.30828918978 22029.62398366753 22187.36437729185 22207.36437478785 22350.59156083944 22387.96970852248 22527.79081324504 22703.08406881046 22726.66047791037 22751.94861671423 23045.93903321234 23141.31626889121 23172.78592713267 23345.06573565796 23611.90362535946 23737.61842322611 24033.38699427719 24357.67901235498 24657.80968541738 24829.90730218806 24849.90729968406 24869.90729968406 24919.99269071921 24979.0533119055 25056.26702868594 25982.33929945012 26076.05897448175 26222.96553457012 26268.36511440235 26395.7725557267 26578.91089460373 26910.68274304075 27003.55261146678 27050.49818258826 27070.49818008426 27133.45875507174 27386.61266433619 27540.91116103008 27593.96146918814 27916.9950132012 27936.9950106972 28476.41254782678 28723.43053459679 28873.95292749059 28950.43495199584 28985.5411543305 29042.86749122935 29264.23695869208 29627.38467534151 29710.58682957897 29775.73404106706 30115.39445853368 30480.16713378032 30500.16713127632 30543.50814212641 30567.7610757355 30693.3391407348 31068.92365564412 31452.19856196841 31665.29121490472 31773.85033472604 32299.35436104627 32341.80660606897 32634.24088050741 32678.94228206571 32727.68183446788 32888.56782646195 32908.56782395795 32928.56782395795 32966.28689879566 33098.00726033799 33368.71468818325 33643.76106430484 33744.48074468952 33902.76330566263 34195.61009654631 34275.82262805861 34889.29126889044 35163.15621390265 35304.32095356704 35324.32095106304 35344.32095106304 35607.39071488939 35753.9225237048 35778.15430238734 35835.47072791025 36061.13772726868 36215.50187954204 36357.4917700459 36490.13467163502 36548.44905270162 37227.23781934642 37715.48018016603 37817.74035887546 37837.74036137946 38024.17022120854 38371.19679553781 38980.10617561306 39276.88946830995 39334.43222234229 39465.9399265497 39574.03090043907 39673.67401552418 39707.41496316729 39792.92976603397 39985.17541879824 40127.07102381494 40540.09814117302 40578.20184663744 40602.88004830881 40622.88004830881 40790.81406290006 40833.33033433452 41097.56796233786 41167.34172411084 41380.51554681032 42038.49881994706 42079.88285632625 42435.38885960835 42510.56247589122 42581.64279313407 42631.70067951742 42730.99685903756 42772.80937284877 43115.64530489985 43189.0327678387 43362.68310452626 43407.63704214307 43487.8763285361 43547.37223321975 43567.37223321975 43636.29133238092 43957.08868634217 43979.63755768875 44092.65892009485 44501.09498625396 44552.29009090027 44748.62556051134 44784.86952921104 45087.46205781432 45253.24573432152 45276.33619078241 45312.07253100269 45356.58794604494 45740.13662334496 45789.24924504265 45913.35005815208 46006.89798239354 46039.52029041026 46200.11775562247 46385.07499479707 46592.24300330254 46612.24300079854 46989.47346330147 47011.63017656885 47111.62906216444 47490.10574203762 47712.16127960018 47984.79745511835 48091.64440842224 48124.33324524306 48144.33324273906 48178.46342880928 48412.63335455825 48580.62564399148 49365.17096790681 49448.48171364325 49648.64494807989 50085.48875651768 50303.19909942622 50601.56782580106 50662.17128538465 50723.32056935381 51105.66337605945 51210.89420336998 51280.88468128019 51391.55533600046 51509.79445363644 52114.65507332023 52390.895067128 52516.06775675761 52557.4851800517 52997.37333207131 53425.41525324064 53779.46171002777 54193.30713726087 54277.82812880363 54366.68554673148 54421.30691971525 54507.23502198407 54572.85588822525 54606.80463434483 54638.02534793463 54742.52816500397 54762.52816750797 54786.81182547573 55414.03178402197 55643.95579246963 55723.31231487478 55776.24188625585 56232.04834584182 56300.98405592265 56573.05478218342 56605.04410685228 56668.38802280983 56791.67369046298 56828.06621853633 57139.255206019 57542.4225468858 57644.67497474696 57926.24588234488 57984.33615807408 58284.93970850052 58392.71936532725 58474.25678568956 58590.14116343169 58647.45259732045 58667.45259481645 58819.0145103147 59481.85072884181 59505.69782717448 59595.74328672831 59683.41756419159 60420.72390861633 60511.25219957305 60748.31144936355 60800.76423838486 60956.48885708471 61184.14181522082 61204.14181271682 61331.94422994708 61688.295230162 62099.77276075872 62249.96679098765 62285.40286117704 62535.263702824 62816.09534591343 63024.43619758595 63054.44217923918 63096.02105494059 63251.65136708438 63536.64974828572 63818.3987020749 64506.19259677032 64735.64948099302 65106.54869430566 65141.77043229567 65189.68065132392 65242.94818031147 65828.42113427877 65881.78426836475 66002.31883704713 66022.31883454313 66404.24404454122 66526.80685764942 66547.43354873401 66567.91322889059 66679.12153057075 66747.15697679571 66767.15697679571 66817.15405044676 67066.96067706168 67164.78072650514 67259.49051913419 67403.74699449642 67462.69551482663 67597.26678560707 67660.372694883 67681.88846623635 67714.40330758439 67936.94646557018 68027.82448840572 68114.45975805693 69042.45168204005 69062.45167953605 69292.15599628371 69657.09049110629 69811.78919233841 69922.245816605 70003.83665320877 70648.52827140752 70680.70545489859 70735.59329524776 70863.73216245421 70893.32072277968 71155.05307716364 71202.88165662559 71229.87162902023 71914.79892049572 72191.45419285335 72359.988804813 72644.93871257654 72723.32948354028 73036.88018422906 73240.28957533086 73387.9905886741 73418.17038360159 73599.37393721136 73633.23692751821 73691.16705698317 73945.92859879558 74088.95229358321 74213.55009200573 74275.51435239454 74490.46201980678 74569.99749323911 74590.18719870642 74610.18719870642 74880.46163784843 75427.20827266346 75476.09500870279 75496.09500870279 75537.06979861344 75557.51672847026 75843.88696726737 75863.88696476337 76007.51838110538 76229.65976810932 76665.31436131117 76865.89700402514 77391.98054424431 77844.46647877801 78063.52127671935 78148.22725805572 78207.46553556876 78234.35926859136 78323.62146392247 78594.9109181888 78614.9109156848 78856.07805822811 79314.48099662181 79380.55660571777 79462.00490976229 79519.05880728768 79804.26068665919 79974.39789784145 80672.61644768048 80694.26511575283 80776.47683426006 80828.30693314937 81007.06557529788 81309.26997791954 81476.30739823792 81539.51763332148 82058.15539840875 82078.15539590475 82414.22207128961 82565.3365708481 82798.71183822596 82870.38560798527 82903.24508998662 82923.24509249062 82944.19272822592 83086.47979712721 83114.57012090957 83187.07078828808 83476.34206851361 83496.34206600961 83641.6806289127 84879.27674425948 85274.03607134826 85756.50496903695 85880.1431287079 86059.88676042599 86231.60539796652 86388.57864221997 86509.58187270184 86760.71501660897 86827.09717611439 86847.09717611439 87073.37727654526 87412.63676740348 87503.01914912783 87580.73612206928 88368.84087908656 88508.81628531416 88606.84154512865 88626.84154512865 88774.08330488617 90225.84752915086 90440.86040044839 90798.00207321458 90818.00207071058 91189.86660217027 91209.86659966627 91886.68997130614 92287.96857965787 92960.21130280946 92982.64078517362 93172.30771741319 93389.41968125945 93497.73030105796 93520.0064040252 93622.75222322671 93723.98263548532 93937.03944941659 93999.5997312464 94069.12329462363 94790.42148748076 95133.27473954305 95153.27473703905 95302.36622172893 95373.82945011961 96678.03890418177 96743.86648151964 96888.79183376924 97156.71416889795 97333.75641980867 97621.21357728858 97641.21357478458 97741.08682007485 98037.50684414121 98288.57096741707 98353.66311727732 98471.02731633494 98725.0669549689 99591.9115345746 99611.9115320706 99798.21661750526 100593.82695217708 100676.99353989848 101062.98638779834 101283.75258787001 101502.6819837659 101869.20134015699 102040.23655814209 102060.23655563809 102304.8971248107 102392.17966922167 102963.13932204083 103184.69191817363 103323.11754210259 103400.38479202886 103833.07372131062 103922.07798162241 104197.10965407908 104267.15877361774 104937.4174136214 105108.03156870373 105550.1542675746 105640.39869821828 105847.73702691855 106140.11525023217 106226.26473028457 106658.29036986592 106783.41605198087 107013.27028704804 107294.26121621685 107695.64697074362 108005.40243296651 108046.68175548658 108086.84518080054 108168.35649651466 108379.37586975861 108457.06139654473 109438.11586345719 109641.88774351558 110284.49122713797 110577.86010441033 110744.31295972803 111973.04715743212 112000.94190285472 112020.94190285472 112104.63463360974 112766.40495505046 112905.51569643483 113033.60796034058 113291.73901035308 113490.51593180623 113807.56317489307 114245.45226252349 114403.95103011809 114461.6107998451 114710.8153142863 114730.8153117823 114842.33721979953 115407.01606778217 115464.64077918402 116044.75163983111 116236.38253931618 116256.38253681218 117597.41885700858 117646.56038128023 118072.36525842924 118138.5992790036 118258.42899602579 118538.21205721858 118844.35806667739 118871.89861151801 119305.08314332511 119890.03968585062 119910.03968334662 119930.03968334662 120096.1855348401 120763.28291863541 121929.3579575694 121984.99457755798 122004.99457755798 122153.68832602511 122258.7488785803 122402.58402563996 122566.28900100307 123230.67406202498 123283.9868710153 123778.76629407238 123852.62337250732 124050.51020757256 124129.55128548844 124239.17778102389 124404.51412801197 124672.54022114064 124901.4930947424 125222.14510418311 125448.30328857019 125887.63590383962 126441.13511037681 127242.87939222194 127528.50427079562 128773.03463693137 128793.03463442737 128813.03463442737 128992.14738895396 129971.86624841952 130010.05885323366 130096.34030969459 130274.05615475641 130683.35707010896 130745.26118317295 131008.76586418641 131092.10096237616 131574.602824269 131603.88391136696 131811.11679110485 131926.41735782357 132085.98279064481 132201.30617955969 132400.63207927734 132428.38863961421 133037.96922717007 133152.44684046397 133397.65641708363 133666.20754657749 133782.77849854112 134047.15980112939 134691.22917023145 135122.37943008013 135942.55895439525 135962.55895189125 135982.55895189125 136373.59920712537 136764.0095332162 137076.28206698474 137162.47788837584 137304.8027237956 137324.8027212916 137723.77626360107 137823.47459761546 137978.68814133911 138563.66929323683 138765.02829999847 139665.79744849436 140146.30151707401 140231.01214646109 140657.34904601859 141088.88116665584 141603.5051226977 141628.27404369609 141706.40450237127 141840.5262495773 141962.09469156148 142007.28864230266 142068.68019805944 142172.68305178282 142261.90728164689 142604.43010878633 143087.4723953755 143658.253834647 143835.51501770405 143893.26574735997 143945.32107985272 144067.64939656143 144865.1246411176 144895.63500681177 144915.63500681177 144993.54359976054 145182.48574685123 145435.32322774801 145623.31259001455 146628.67560598993 146978.70156160922 147090.2975688693 147200.09427063564 147445.04098987781 147465.04098737381 147588.8506947856 147928.11346119891 148598.51219850839 148720.00228417739 148998.68916964274 149450.10118588366 149621.96846942244 149960.37588853561 150054.55552839789 150428.80620731562 150750.41475682588 150820.09339435638 151168.34827142944 151549.28310060533 151667.3786950179 151739.90648727271 151838.36325949839 151942.04928391486 152361.59729554255 152594.27424001454 153742.08289295239 153899.97226642904 154565.03752112115 154893.1239954255 154929.77774066056 155193.48474692186 155213.48474441786 155659.65885346898 155848.47200593335 155969.28856891663 156152.14554664183 156261.236064177 157209.41249363235 157343.307409338 157379.44999794479 157880.67370078138 158376.13337089187 158702.73268311302 158772.90644134724 159403.89950939885 159428.83681983554 159571.27296305184 159833.84101967996 159991.32600599248 160978.62839968777 161203.09853180041 161239.47337920833 161676.83122860104 162062.27249482054 162191.5941801235 162219.14350219558 162281.34924095726 162382.45376080318 163230.78821519035 163499.60423378242 163879.34847848219 163931.15984837647 164104.78189014282 164618.62784406083 165075.69601910461 165732.0971278824 165979.73748264518 166163.67111608785 166463.5134205822 166674.88610960308 166896.64377730809 167028.27168593913 167048.27168343513 167259.80157055076 167408.94125916128 167575.72289148813 167595.72288898413 167615.72288898413 168032.60474038992 168085.40502792909 168938.83076847002 169115.40686617371 170009.3924950195 170370.35313111019 170390.35312860619 170563.1509794302 170925.24813843533 170982.11564680086 171506.71013467973 171589.58380776059 171635.03675565514 171884.17832383006 172202.02302501695 172222.02302251295 172652.20792495747 172748.53888583399 172811.65077460989 172843.47989289764 173358.26944871714 173621.06833888092 174000.43798106832 174251.77481608467 175014.73401398125 175255.8796634264 175504.13731513504 175536.28611950894 175915.61260076952 176032.08132563778 176156.54710583224 176224.16201966677 176512.17678576136 176623.11402653897 176643.11402904297 177019.50256578762 177424.41495167639 177558.31045197104 177630.57676369843 177907.95721767906 177984.26533379777 178102.07273061854 178299.58431279626 178763.67401449644 178982.83009764772 179016.01340360535 179547.45908566152 179594.57302020159 180838.70953001649 180858.70952751249 180885.05509933556 180952.1542724479 180984.96153159984 181068.49534610875 181223.03732431772 181288.47820365497 181447.76143369308 181895.55495397074 181915.55495146674 182936.91085255238 183353.35989514514 183741.58073952521 183882.83901902291 184765.36469864119 185894.11932060468 186228.45780486202 186523.42747558149 186866.85682894152 187540.70734184319 187822.52257189313 188226.95695075885 188572.06322897037 188663.02423254439 189001.54636227863 189676.78544369948 189717.77479194884 189775.60260287896 189851.44216917983 190302.75085309461 190322.75085059061 190669.37127888504 190993.46763635167 191148.84611422396 191864.34509852505 192064.17158419846 192231.78818807127 192475.30926513157 193041.32553760173 193151.78255892146 193185.07146953311 193256.64268643987 193509.09580839993 193685.00320483438 193795.76163167734 193815.76163418134 194426.66359758187 194478.26258674074 194666.36926737443 194749.60524356103 195583.48870270418 195835.80084056695 196019.9791345639 196105.54157221727 196135.25135357707 196155.25135608107 196584.34221642552 196875.80066712803 197098.65660040503 197616.03375169792 197679.67939074657 197759.03198847632 198204.72641845694 198276.69673000134 199060.92905065043 199270.4835424723 199434.08881049641 199643.55423594997 200958.03458932256 201061.24613534361 201108.00093295186 201333.59191357305 201463.19495375801 201579.24502352365 201819.95273805798 202625.22467512541 202653.29745870447 202981.1496741819 203196.27361294975 203270.13631936308 204218.2309417715 204262.96868282413 204730.37085991347 204784.27483445472 204838.76349261301 204909.15123612295 205468.13449917223 205942.94042553923 206237.42767477666 206352.14405105065 207060.03233851308 207089.14953692924 207109.14953692924 207243.00151270742 207449.36229911271 207701.35276618628 208078.13035295052 208218.28304839513 208758.46541323556 208778.56629265121 208936.25789882498 209091.64792978374 209365.15735402989 209933.41243122158 210256.23093195953 210447.67368002142 210577.36695673097 210597.36695422697 210647.47283345777 210667.47283345777 211119.08078318073 211180.47526707813 211248.01980822842 211301.61831801717 211648.4495500125 211864.7170076116 212043.5820657672 212581.21268726864 212689.58821972052 212866.90740661306 213141.42905245169 213181.69524584563 214081.17550290051 214164.08433158254 214335.69705234288 215057.37907190384 215077.37906939984 215135.66735908412 215516.58660297254 215649.15494963766 216100.36216396952 216723.68525855633 216920.53966384123 217238.22238412174 217472.21345643209 217546.38597505759 217578.69172178283 217625.3360558911 217650.2884894868 217942.76232471151 218533.15482764993 218698.9725697987 218859.34834462853 219097.64610162024 219310.15753944359 219454.4047923104 219558.37090844781 219637.6839025782 220398.31555087269 220490.03802971729 220967.3493148842 221084.72145828227 222499.52699165064 222794.69338414549 222867.43654455783 223394.694558728 223414.694556224 223507.11493216563 224027.58117676711 224405.77519723759 224668.46597784976 224940.2810252183 225052.3144877983 225130.10958486409 225187.8625649178 225438.76447397972 225483.49667359476 225756.99962003037 225876.29886617064 226499.10719811008 228008.54142079385 228039.34099560472 228304.91565345967 228383.76439998833 228409.54249673836 228448.81389798352 228825.70333732235 229544.80771289715 229585.77518024085 229674.32664540777 229812.74010434735 229839.81886141609 229859.81886141609 229925.10599065073 230048.00695314016 230115.97875115974 230411.61020472759 230622.38650208935 231109.65998359184 231360.53664868067 231380.53664617667 231748.39309254827 232018.92357704087 232901.68405816502 232960.57324850801 233541.6561420031 235090.63384570708 235110.63384320308 235333.40382468693 235888.93212197509 235993.70173025689 236030.07091155952 236148.47354145179 236534.8739313101 236597.12959534934 236754.3981909224 237550.00819641366 238050.98444183465 238427.3522419598 238514.98658846768 238855.61458352723 239383.80866235592 239924.50230274151 240730.94051906471 240986.68985738694 241888.89159073561 242112.42556926318 242255.92447935679 242388.81185877161 242428.48592033147 242754.99837259797 242774.99837009397 243997.73583619755 244038.75812047353 244113.80116745752 244334.87730959704 244506.53054763988 244600.46101238373 244721.05871559134 244992.48972373594 245785.18314879328 246376.9865559805 247023.23049268181 247638.44841956354 247744.43621535616 248009.89838576663 248618.21771534296 248872.36550780958 249352.01345391267 249704.06285901123 250146.59538226143 250666.43400722252 250996.17736755675 251016.17736505275 251036.17736505275 251123.42659165515 251244.48900797078 251653.11471880287 252172.38045290082 252251.76805160071 252551.59816016217 252740.9519514566 253179.89943224499 253907.34765420566 254369.71533471582 254635.13690048479 255404.94934632562 256442.41638319233 256734.84706845015 257088.31418512568 257405.35427573935 257751.12349273772 257824.86349526978 257942.49708956954 257984.59166306616 258169.29933922291 258521.4951058585 259038.94325109654","0.50357410396 0.25678995115 7.48390777259 0.866067877 1.72213447366 0.50357159957 0.14978176442 0.25678991292 0.25678744715 0.86607023217 1.72213203884 0.50357410357 1.72213193512 1.72213463084 0.86607036908 0.50357159957 0.86607037343 0.86606786508 0.25678997605 0.86607023217 0.86607025422 17.56991049404 0.14978174252 1.72213462841 0.50357158607 0.86607036908 0.86607036908 0.14977922142 1.72213454284 0.86606772817 0.14978174252 6.22693283856 0.86606775022 0.25678988906 0.25678997605 10.59374511162 0.50357410357 0.08808552246 0.86607037343 0.86607023217 0.50357419104 0.14978172542 0.86606787196 0.50357409007 0.14977922142 1.72213454284 0.50357158607 0.14978176442 0.86606775022 0.86607037596 1.72213203884 0.1497817942 0.86607037596 0.14977923852 0.50357410357 1.27583657268 6.04400944533 23.69891884293 1.72213454284 12.33113354249 1.72213193512 0.86607023217 0.08808560666 19.87066268276 0.86606788036 1.72213445563 0.866070381 0.25678744715 0.86607023217 0.86606788036 0.25678744715 0.50357410396 3.02743456245 0.86607025422 0.25678744715 1.72213454284 1.72213450191 14.20402382733 0.08808565776 0.08808560666 0.14978174252 0.14978176442 0.866070381 15.92746093775 0.86607023217 0.5035716731 0.89077690765 0.14978172542 16.06466226057 31.79772781194 0.50357410396 0.50357158607 1.72213203884 0.86607037343 0.08808318692 0.5035741771 0.86607037343 6.44086325517 0.25678995115 0.5035716731 0.50357410357 0.25678995115 1.72213203637 0.14977923852 0.25678995115 0.25678747205 0.866070381 0.86607023217 0.86607025422 0.86607025422 0.86607036908 0.14978176442 0.866070381 0.25678997605 18.8449999836 19.99489467557 1.72213195163 0.86607023217 1.72213212441 1.72213454284 0.50357158607 0.25678991292 0.50357158607 1.7221346121 0.14978174252 1.72213443912 0.25678738506 0.86607023217 5.49478700457 0.14977923852 0.86607038436 1.72213450124 1.72213203884 1.72213450124 17.59883427483 0.86607036908 1.72213443912 0.86607037596 0.08808310266 0.14977926042 1.72213463084 0.25678991292 0.14978172542 0.25678740892 0.86607037596 1.72213462841 1.72213447366 12.28000583457 0.50357159996 0.08808310266 0.14978172542 1.72213454037 1.72213462841 0.25678988906 1.72213193512 0.86607037596 0.86606775022 1.72213447366 0.14977923852 0.866067877 0.50357410396 16.12441976907 9.33279262062 0.14977923852 0.25678991292 0.86607036908 1.72213463084 0.50357159957 0.14978174252 1.72213462841 0.50357159996 0.25678991292 0.86607025422 1.72213447366 11.25073947439 24.10054975457 0.50357410357 0.50357410396 1.72213203884 0.25678744715 1.7221346121 0.14978172542 1.72213454284 0.50357410357 0.14977926042 0.1497817942 0.14978174252 0.08808301846 3.29017849168 0.50357410357 0.08808569092 0.25678997605 0.86607038436 0.08808310266 0.14978174252 0.25678735332 0.25678997605 0.08808310266 0.50357158607 0.866070381 0.08808560666 0.25678991292 0.14977926042 1.72213203884 10.39999771867 0.08808560666 0.86606775022 0.86607025422 1.72213203884 0.5035741771 0.86607038436 0.86606775022 1.72213454284 1.72213196966 0.5035741771 1.72213212684 0.08808560666 1.72213203884 0.08808560666 0.50357158607 0.14978172542 1.72213203884 0.50357410396 0.50357158607 11.26800420811 0.1497817942 1.72213450191 0.14977926042 1.72213454037 1.72213462841 0.86606786508 1.72213454037 0.14977922142 0.86607025422 0.50357409007 0.25678744715 0.866067877 0.14977923852 0.25678991292 1.72213196966 0.50357410357 1.72213193512 0.25678991292 0.5035741771 0.14978172542 0.86607037596 5.06053110061 0.14978174252 1.72213212441 0.14978174252 0.14978172542 0.14978172542 1.72213445563 0.50357165694 0.50357409007 13.11304993816 0.86606775022 1.72213454284 0.14978174252 0.14978172542 1.72213193512 0.25678988906 0.86607038436 0.86607037596 0.86607025422 1.72213195163 0.86607023217 0.08808560666 0.86606786508 0.50357409007 0.25678740892 0.25678997605 0.14978172542 0.25678988906 1.72213443912 0.50357159996 1.7221346121 0.86607038436 0.25678991292 1.72213462841 0.86606775022 0.50357409007 0.86606772817 0.25678997605 0.50357159957 0.14977922142 0.50357405135 1.72213196966 14.7173889493 0.50357158607 0.25678988906 1.72213462841 0.50357159996 0.25678991292 0.08808574252 1.72213195163 0.08808552246 1.7221321081 1.72213196966 0.25678997605 1.72213193512 1.7221346121 0.866070381 0.50357159957 0.86607036908 1.72213212441 0.08808574252 0.25678740892 1.72213443912 0.08808301846 0.08808552246 11.93521748376 0.25678995115 0.86607025422 0.50357159957 1.72213212441 0.866070381 0.50357410396 0.86606787196 0.50357410357 0.86606788036 1.72213447366 0.25678997605 6.59218240001 1.72213443912 0.86607038436 0.50357409007 1.72213443912 1.72213212441 1.72213443912 0.08808572542 0.86607036908 0.5035716731 0.25678747205 0.08808560666 0.50357409007 1.72213462841 0.14978176442 0.25678991292 0.86607023217 0.50357165694 0.86606786943 0.86607025422 0.25678991292 1.72213212441 0.08808552246 16.20166404022 0.86607025422 0.5035741771 0.50357159996 0.25678740892 1.72213447366 0.86606775022 0.95614488715 0.08808574252 1.72213447366 0.08808322142 0.08808565776 0.50357409007 0.14977940892 0.50357407731 1.72213212441 0.86606772817 0.25678775022 1.72213443912 0.08808310266 0.14978191292 0.86607036908 19.91813594222 0.86607037596 1.7221346121 1.72213447366 0.08808322142 0.08808560666 0.08808574252 0.25678747205 1.72213193512 0.08808572542 0.08808323852 1.72213450191 0.14977940892 0.866067877 1.72213462841 0.08808560666 0.25678995115 1.72213462841 1.72213193512 0.86607037343 0.866070381 0.14978210357 0.25678744715 1.7221346121 0.86606787196 0.50357159996 1.72213447366 0.25678995115 0.86607023217 0.50357159996 0.86607037596 0.25678744715 0.866067877 20.04477612421 0.86607038436 1.72213463084 1.72213193512 13.58887582507 1.72213196966 0.86607036908 0.08808574252 6.12361602524 1.72213454037 0.08808572542 0.50357416094 0.08808572542 1.72213454037 0.866070381 0.50357410396 0.25678775022 0.86607037596 0.86606788036 0.25678775022 0.5035741771 17.76377197143 0.08808574252 0.866070381 0.1497792902 1.72213447366 1.72213193512 1.72213463084 0.25679025422 1.7221346121 0.14977940892 0.25678775022 0.5035741771 0.50357419104 0.86607038436 0.14978191292 0.86606786943 1.72213447366 15.25114299137 0.86607037343 0.25678995115 0.08808572542 0.14977959996 0.08808323852 13.13854632101 1.72213203637 0.50357416094 0.86606788036 0.08808301846 0.14978210396 8.32810523974 0.25678997605 0.25679043912 0.08808574252 0.1497817942 0.14978191292 0.86607037596 0.14978210396 0.25679009007 0.50357407731 0.86607037343 0.08808323852 18.71924976751 0.25679043912 0.08808560666 0.25678747205 1.72213463084 0.50357411176 0.14978210357 0.08808322142 1.18525220582 0.08808560666 0.08808574252 0.14978210357 0.86607038436 19.09300603541 0.86607038436 3.39051654269 1.72213450191 0.50357416094 0.08808574252 0.50357157331 0.08808569092 0.866070381 0.25678793512 0.50357416094 0.08808322142 0.50357419104 0.86607036908 0.25678758607 0.86607036908 0.25678997605 0.08808574252 10.75783887208 0.25679054284 0.14977940892 0.1497817942 0.5035716731 0.14978191292 0.14978210357 0.25678997605 0.866070381 3.86683285156 0.25678787196 0.5035741771 0.50357416094 0.08808323852 0.25678995115 0.25679037596 1.72213454037 0.7044059547 0.25679062841 0.14978191292 0.08808310266 0.08808560666 0.25679009007 0.86607036908 0.08808560666 0.25679009007 5.55204478659 0.25679025422 0.25678796966 0.14978210396 0.14978210396 0.08808560666 0.25678793512 0.08808574252 0.25678747205 0.866070381 0.25678744715 0.25679025422 0.14978210357 0.866070381 1.72213199791 0.50357416094 0.14978210357 0.25678812441 0.08808565776 0.25679038436 1.72213450124 0.08808552246 0.08808572542 0.08808574252 0.08808322142 0.25678738506 0.50357407731 0.25678995115 0.08808310266 0.08808560666 0.86607036908 0.86607037343 0.25679009007 0.14978210357 0.08808569092 0.86606786508 12.2228566362 0.50357407731 0.14978197605 0.14978210357 0.08808574252 0.14978210357 0.50357419104 0.866070381 0.1497817942 0.50357419104 0.08808323852 0.25678995115 4.28915898499 0.25678988906 0.08808560666 0.25678744715 0.866070381 0.25678988906 0.82526823893 0.86607037343 0.25678775022 0.866070381 1.72213212684 0.14978191292 0.14978210396 0.866070381 0.25678772817 0.08808572542 0.14978191292 17.36555142667 20.62479926846 0.08808560666 0.14978197605 0.866070381 0.50357168704 17.81501113222 0.25679038436 0.50357160776 0.1497817942 0.08808574252 0.866070381 0.86606786508 1.72213463084 0.25678787196 0.08808560666 0.25678786508 0.25679009007 0.14978210396 1.72213450124 1.72213463084 0.25679009007 0.866070381 0.25679009007 0.25679023217 0.14978191292 0.1497821771 1.7221346121 18.35415160938 23.58235000759 0.25679036908 0.25679023217 0.08808322142 0.08808574252 0.25679037596 0.08808560666 0.25678758607 0.08808560666 0.25678786508 0.25679023217 0.25678786508 0.50357416094 0.08808301846 0.25679036908 0.25678738506 1.72213454037 0.08808310266 0.25679043912 1.72213212684 0.14978197605 0.14978191292 0.08808310266 1.72213463084 0.25679037596 0.25679009007 0.25678995115 10.70906298339 3.24938011788 1.72213454037 0.25678995115 0.08808572542 0.25678744715 1.7221346121 8.11665806791 0.08808572542 0.25678787196 1.7221346121 0.08808552246 0.25679025422 0.866070381 0.08808574252 0.14977940892 0.14978191292 0.25678995115 0.1497821771 0.08808310266 0.14977940892 0.25679009007 0.25679023217 0.25678744715 0.14977926042 0.08808572542 1.72213195163 0.25679038436 0.866070381 0.86607037343 0.1497821771 0.25678744715 0.25678796966 0.25679043912 0.25679025422 0.1497792902 11.88965941442 0.25679036908 0.08808572542 0.25679054284 0.08808552246 0.86607037343 0.25679036908 0.1497796731 1.72213450191 0.25679054284 17.5680527643 0.14978191292 0.08808572542 0.25678995115 0.25679009007 0.08808560666 0.25679025422 0.25678995115 1.72213445563 0.14977940892 0.08808574252 0.25678995115 0.25678772817 0.25679043912 1.72213450124 0.08808323852 0.14978210357 1.72213199724 0.14978191292 0.866070381 0.866070381 0.1497821771 0.866070381 0.25679036908 0.866070381 0.25678744715 0.14978191292 15.95125783201 1.72213454037 0.14978197605 0.14978197605 0.866070381 0.14977959996 0.14978191292 0.25679036908 0.08808323852 1.72213450191 0.08808574252 0.08808572542 0.866067877 0.25679047366 0.08808323852 0.25679025422 0.25679025422 1.72213450124 0.25679038436 0.1497821771 1.72213195163 0.25679009007 0.14978191292 0.08808560666 0.08808322142 0.25678744715 0.14978210357 0.14978210396 0.25679037596 1.72213445563 0.25678787196 0.08808560666 0.08808574252 0.14978195115 0.14978191292 0.14978197605 0.50357419104 0.08808574252 0.25679023217 0.08808574252 0.50357416094 3.01309568523 0.14978210357 0.14978191292 0.25679009007 6.36155773123 7.30225021101 0.25679043912 0.256787877 0.50357407731 0.1497817942 0.25679043912 0.08808574252 3.91053745845 1.7221346121 0.25679009007 0.86606786943 0.08808572542 0.14977940892 0.08808572542 0.25679025422 0.25679009007 17.2123501931 0.25679025422 0.25678788036 0.14978191292 0.08808323852 0.25679047366 0.08808572542 0.25679054284 0.25679038436 0.50357405135 0.08808574252 0.1497817942 0.25678787196 0.25679038436 0.08808318692 0.08808552246 0.25678812441 0.14978210396 0.14977944715 1.14516476932 0.25679025422 0.08808574252 1.72213454037 0.08808323852 0.14978210357 0.25678775022 0.08808569092 0.25679023217 0.14978176442 0.50357416094 0.14977947205 0.08808574252 0.256787877 0.14978195115 17.26644438335 1.72213199791 0.08808322142 0.25679023217 0.25678772817 0.25679023217 0.25678793512 0.08808565776 0.25679037596 9.43396546665 0.50357416094 1.72213450124 0.08808552246 0.14978210357 1.7221346121 0.25679023217 0.25679009007 0.25679009007 0.25679047366 0.25679036908 0.08808560666 0.14978210396 0.1497817942 0.256787877 0.14978191292 0.1497817942 0.256787877 0.25678788036 0.25679037596 0.14978210396 15.86323316894 0.14978197605 0.08808569092 0.25679009007 0.14978191292 0.25679009007 0.14978176442 0.08808574252 0.08808569092 0.25678788036 0.86607037343 0.1497796731 0.25679043912 0.25679036908 1.72213199724 1.43880447896 1.72213454037 0.08808322142 0.86607037343 0.25678775022 0.08808574252 0.1497817942 1.72213445563 0.25678796966 0.14977926042 12.32707420555 0.08808574252 0.08808560666 0.14978197605 0.08808572542 1.72213212684 0.50357416094 0.14978210357 0.14977959957 0.08808552246 0.25679062841 0.14978197605 0.1497821771 0.08808572542 0.50357157331 0.14978197605 0.14978195115 0.25679025422 0.25678796966 0.25679062841 0.25679009007 0.08808310266 0.86607033224 0.25679023217 0.08808310266 0.1497817942 0.25678786508 0.08808574252 0.14977959996 0.1497792902 0.25679043912 0.25679009007 0.25679037596 0.25679047366 0.14977944715 0.25679025422 0.08808310266 11.47028282575 0.14978197605 0.25679062841 0.25679047366 0.25679037596 1.7221346121 0.1497821771 1.7221321081 0.50357416094 0.08808560666 0.08808565776 0.50357419104 0.14978210396 0.14978195115 0.25679025422 6.75157591077 0.08808323852 11.239635481 0.08808560666 0.50357165694 0.25679037596 0.14977959957 1.7221346121 0.14978191292 0.14978210396 0.50357407731 0.14977959996 0.25679038436 0.25679009007 0.08808301846 1.72213450124 0.25678772817 0.25679023217 0.1497817942 14.70335405058 0.1497796731 0.08808569092 0.08808572542 0.25679062841 0.50357416094 1.72213454037 0.08808552246 0.14978176442 0.50357165694 0.25678775022 0.08808572542 0.25678758607 0.50357407731 0.08808572542 0.08808560666 1.72213450191 0.50357419104 0.14978210357 0.14978195115 0.08808310266 0.1497817942 0.25679054284 0.14977944715 0.08808572542 0.14977944715 0.14978210396 0.08808572542 0.14977926042 0.25679025422 18.66147721293 0.08808315376 0.08808560666 0.1497821771 1.72213454037 0.25679025422 0.50357165694 0.25679037596 0.25678786508 0.25679009007 1.72213212684 1.72213445563 0.25678772817 0.14978197605 0.50357419104 0.25678796966 0.14978191292 0.14977944715 0.08808323852 0.256790381 1.72213454037 0.256790381 0.14977940892 0.25679037596 0.14978195115 0.25678787196 5.04232214796 0.25678758607 0.08808552246 0.08808323852 1.72213445563 0.25679043912 0.256790381 0.25679023217 12.03768466832 0.08808572542 0.14978197605 0.25679009007 0.25678758607 0.25679054284 0.14978197605 6.63003111507 0.08808574252 0.14978197605 0.08808310266 0.25679025422 0.25678788036 0.14978195115 1.72213199791 0.50357407731 0.08808572542 0.25679054284 0.50357407731 0.25678772817 0.14978210357 0.14978197605 0.14978210396 0.25678988906 0.14978191292 0.08808572542 1.72213454037 1.72213445563 0.14978191292 0.25678758607 0.14978210357 8.93635846579 1.7221346121 0.08808310266 0.25678758607 0.25679009007 0.08808560666 0.25678772817 0.14978197605 0.14978197605 0.25679038436 0.25679025422 0.14978197605 0.14978197605 0.08808322142 1.72213454037 0.14978197605 0.14978197605 0.25679025422 0.25679043912 0.14978191292 0.50357411176 0.14978195115 11.79826907528 24.65699923613 0.08808569092 0.14978197605 0.08808560666 0.08808574252 0.14977959996 1.72213450124 0.25679025422 0.08808572542 1.72213450191 0.25679043912 0.25679009007 1.72213445563 0.14978210396 0.14978210357 0.50357416094 0.50357407731 0.25679062841 0.25678758607 0.14978210357 0.50357165694 0.25679009007 0.14978191292 1.72213450124"
General-2-20260519-00:18:35-54743,attr,LoRaNetworkTest.networkServer.app[0],delaySignal:vector,recordingmode,vector,,
General-2-20260519-00:18:35-54743,attr,LoRaNetworkTest.networkServer.app[0],delaySignal:vector,source,delaySignal,,
