run,type,module,name,attrname,attrvalue,vectime,vecvalue
General-1-20260518-23:34:40-35278,runattr,,,configname,General,,
General-1-20260518-23:34:40-35278,runattr,,,datetime,20260518-23:34:40,,
General-1-20260518-23:34:40-35278,runattr,,,datetimef,20260518-233440,,
General-1-20260518-23:34:40-35278,runattr,,,experiment,General,,
General-1-20260518-23:34:40-35278,runattr,,,inifile,n100-gw1.ini,,
General-1-20260518-23:34:40-35278,runattr,,,iterationvars,"$0=""avg""",,
General-1-20260518-23:34:40-35278,runattr,,,iterationvarsd,avg,,
General-1-20260518-23:34:40-35278,runattr,,,iterationvarsf,avg-,,
General-1-20260518-23:34:40-35278,runattr,,,measurement,"$0=""avg""",,
General-1-20260518-23:34:40-35278,runattr,,,network,flora.simulations.LoRaNetworkTest,,
General-1-20260518-23:34:40-35278,runattr,,,processid,35278,,
General-1-20260518-23:34:40-35278,runattr,,,repetition,1,,
General-1-20260518-23:34:40-35278,runattr,,,replication,#1,,
General-1-20260518-23:34:40-35278,runattr,,,resultdir,results,,
General-1-20260518-23:34:40-35278,runattr,,,runnumber,1,,
General-1-20260518-23:34:40-35278,runattr,,,seedset,1,,
General-1-20260518-23:34:40-35278,config,,,image-path,../../../inet4.4/images,,
General-1-20260518-23:34:40-35278,config,,,network,flora.simulations.LoRaNetworkTest,,
General-1-20260518-23:34:40-35278,config,,,output-vector-file,../results/n100-gw1-s1.ini.vec,,
General-1-20260518-23:34:40-35278,config,,,**.maxTransmissionDuration,4s,,
General-1-20260518-23:34:40-35278,config,,,**.energyDetection,-110dBm,,
General-1-20260518-23:34:40-35278,config,,,rng-class,cMersenneTwister,,
General-1-20260518-23:34:40-35278,config,,,**.loRaGW[*].numUdpApps,1,,
General-1-20260518-23:34:40-35278,config,,,**.loRaGW[0].packetForwarder.localPort,2000,,
General-1-20260518-23:34:40-35278,config,,,**.loRaGW[0].packetForwarder.destPort,1000,,
General-1-20260518-23:34:40-35278,config,,,**.loRaGW[0].packetForwarder.destAddresses,"""networkServer""",,
General-1-20260518-23:34:40-35278,config,,,**.loRaGW[0].packetForwarder.indexNumber,0,,
General-1-20260518-23:34:40-35278,config,,,**.networkServer.numApps,1,,
General-1-20260518-23:34:40-35278,config,,,**.networkServer.**.evaluateADRinServer,true,,
General-1-20260518-23:34:40-35278,config,,,**.networkServer.app[0].typename,NetworkServerApp,,
General-1-20260518-23:34:40-35278,config,,,**.networkServer.app[0].destAddresses,"""loRaGW[0]""",,
General-1-20260518-23:34:40-35278,config,,,**.networkServer.app[0].destPort,2000,,
General-1-20260518-23:34:40-35278,config,,,**.networkServer.app[0].localPort,1000,,
General-1-20260518-23:34:40-35278,config,,,**.networkServer.app[0].adrMethod,"""avg""",,
General-1-20260518-23:34:40-35278,config,,,**.numberOfPacketsToSend,0,,
General-1-20260518-23:34:40-35278,config,,,sim-time-limit,3d,,
General-1-20260518-23:34:40-35278,config,,,warmup-period,2h,,
General-1-20260518-23:34:40-35278,config,,,simtime-resolution,-11,,
General-1-20260518-23:34:40-35278,config,,,repeat,3,,
General-1-20260518-23:34:40-35278,config,,,**.loRaNodes[0..19].app[0].timeToFirstPacket,exponential(1h),,
General-1-20260518-23:34:40-35278,config,,,**.loRaNodes[0..19].app[0].timeToNextPacket,exponential(1h),,
General-1-20260518-23:34:40-35278,config,,,**.loRaNodes[20..24].app[0].timeToFirstPacket,exponential(24h),,
General-1-20260518-23:34:40-35278,config,,,**.loRaNodes[20..24].app[0].timeToNextPacket,exponential(24h),,
General-1-20260518-23:34:40-35278,config,,,**.loRaNodes[25..39].app[0].timeToFirstPacket,exponential(4h),,
General-1-20260518-23:34:40-35278,config,,,**.loRaNodes[25..39].app[0].timeToNextPacket,exponential(4h),,
General-1-20260518-23:34:40-35278,config,,,**.alohaChannelModel,false,,
General-1-20260518-23:34:40-35278,config,,,**.loRaNodes[*].**.initFromDisplayString,false,,
General-1-20260518-23:34:40-35278,config,,,**.loRaNodes[*].**.evaluateADRinNode,true,,
General-1-20260518-23:34:40-35278,config,,,**.loRaNodes[*].**initialLoRaBW,125 kHz,,
General-1-20260518-23:34:40-35278,config,,,**.loRaNodes[*].**initialLoRaCR,4,,
General-1-20260518-23:34:40-35278,config,,,**.loRaNodes[*].numApps,1,,
General-1-20260518-23:34:40-35278,config,,,**.loRaNodes[*].app[0].typename,SimpleLoRaApp,,
General-1-20260518-23:34:40-35278,config,,,**.LoRaGWNic.radio.iAmGateway,true,,
General-1-20260518-23:34:40-35278,config,,,**.loRaGW[*].**.initFromDisplayString,false,,
General-1-20260518-23:34:40-35278,config,,,**.loRaNodes[*].LoRaNic.radio.energyConsumer.typename,LoRaEnergyConsumer,,
General-1-20260518-23:34:40-35278,config,,,**.loRaNodes[*].**.energySourceModule,"""^.IdealEpEnergyStorage""",,
General-1-20260518-23:34:40-35278,config,,,**.loRaNodes[*].LoRaNic.radio.energyConsumer.configFile,"xmldoc(""../energyConsumptionParameters.xml"")",,
General-1-20260518-23:34:40-35278,config,,,**.sigma,3.57,,
General-1-20260518-23:34:40-35278,config,,,**.constraintAreaMinX,0m,,
General-1-20260518-23:34:40-35278,config,,,**.constraintAreaMinY,0m,,
General-1-20260518-23:34:40-35278,config,,,**.constraintAreaMinZ,0m,,
General-1-20260518-23:34:40-35278,config,,,**.constraintAreaMaxZ,0m,,
General-1-20260518-23:34:40-35278,config,,,LoRaNetworkTest.**.radio.separateTransmissionParts,false,,
General-1-20260518-23:34:40-35278,config,,,LoRaNetworkTest.**.radio.separateReceptionParts,false,,
General-1-20260518-23:34:40-35278,config,,,**.ipv4Delayer.config,"xmldoc(""../cloudDelays.xml"")",,
General-1-20260518-23:34:40-35278,config,,,**.radio.radioMediumModule,"""LoRaMedium""",,
General-1-20260518-23:34:40-35278,config,,,**.LoRaMedium.pathLossType,"""LoRaLogNormalShadowing""",,
General-1-20260518-23:34:40-35278,config,,,**.minInterferenceTime,0s,,
General-1-20260518-23:34:40-35278,config,,,**.displayAddresses,false,,
General-1-20260518-23:34:40-35278,config,,,**.numberOfNodes,40,,
General-1-20260518-23:34:40-35278,config,,,**.numberOfGateways,1,,
General-1-20260518-23:34:40-35278,config,,,**.constraintAreaMaxX,2376.0m,,
General-1-20260518-23:34:40-35278,config,,,**.constraintAreaMaxY,1090.0m,,
General-1-20260518-23:34:40-35278,config,,,**.loRaGW[0].**.initialX,544.00m,,
General-1-20260518-23:34:40-35278,config,,,**.loRaGW[0].**.initialY,544.00m,,
General-1-20260518-23:34:40-35278,config,,,output-scalar-file,../results/n100-gw1-s1.ini.sca,,
General-1-20260518-23:34:40-35278,config,,,**.loRaNodes[0..19].app[0].sendInterval,exponential(1h),,
General-1-20260518-23:34:40-35278,config,,,**.loRaNodes[20..24].app[0].sendInterval,exponential(24h),,
General-1-20260518-23:34:40-35278,config,,,**.loRaNodes[25..39].app[0].sendInterval,exponential(4h),,
General-1-20260518-23:34:40-35278,config,,,**.loRaNodes[0].**.initialX,756.75m,,
General-1-20260518-23:34:40-35278,config,,,**.loRaNodes[0].**.initialY,475.93m,,
General-1-20260518-23:34:40-35278,config,,,**.loRaNodes[1].**.initialX,289.82m,,
General-1-20260518-23:34:40-35278,config,,,**.loRaNodes[1].**.initialY,362.58m,,
General-1-20260518-23:34:40-35278,config,,,**.loRaNodes[2].**.initialX,624.29m,,
General-1-20260518-23:34:40-35278,config,,,**.loRaNodes[2].**.initialY,663.75m,,
General-1-20260518-23:34:40-35278,config,,,**.loRaNodes[3].**.initialX,602.66m,,
General-1-20260518-23:34:40-35278,config,,,**.loRaNodes[3].**.initialY,478.45m,,
General-1-20260518-23:34:40-35278,config,,,**.loRaNodes[4].**.initialX,470.31m,,
General-1-20260518-23:34:40-35278,config,,,**.loRaNodes[4].**.initialY,270.77m,,
General-1-20260518-23:34:40-35278,config,,,**.loRaNodes[5].**.initialX,595.43m,,
General-1-20260518-23:34:40-35278,config,,,**.loRaNodes[5].**.initialY,534.16m,,
General-1-20260518-23:34:40-35278,config,,,**.loRaNodes[6].**.initialX,622.07m,,
General-1-20260518-23:34:40-35278,config,,,**.loRaNodes[6].**.initialY,867.74m,,
General-1-20260518-23:34:40-35278,config,,,**.loRaNodes[7].**.initialX,607.24m,,
General-1-20260518-23:34:40-35278,config,,,**.loRaNodes[7].**.initialY,686.21m,,
General-1-20260518-23:34:40-35278,config,,,**.loRaNodes[8].**.initialX,345.10m,,
General-1-20260518-23:34:40-35278,config,,,**.loRaNodes[8].**.initialY,512.81m,,
General-1-20260518-23:34:40-35278,config,,,**.loRaNodes[9].**.initialX,482.55m,,
General-1-20260518-23:34:40-35278,config,,,**.loRaNodes[9].**.initialY,775.88m,,
General-1-20260518-23:34:40-35278,config,,,**.loRaNodes[10].**.initialX,726.69m,,
General-1-20260518-23:34:40-35278,config,,,**.loRaNodes[10].**.initialY,763.41m,,
General-1-20260518-23:34:40-35278,config,,,**.loRaNodes[11].**.initialX,412.27m,,
General-1-20260518-23:34:40-35278,config,,,**.loRaNodes[11].**.initialY,690.86m,,
General-1-20260518-23:34:40-35278,config,,,**.loRaNodes[12].**.initialX,598.04m,,
General-1-20260518-23:34:40-35278,config,,,**.loRaNodes[12].**.initialY,303.50m,,
General-1-20260518-23:34:40-35278,config,,,**.loRaNodes[13].**.initialX,381.55m,,
General-1-20260518-23:34:40-35278,config,,,**.loRaNodes[13].**.initialY,529.43m,,
General-1-20260518-23:34:40-35278,config,,,**.loRaNodes[14].**.initialX,813.05m,,
General-1-20260518-23:34:40-35278,config,,,**.loRaNodes[14].**.initialY,624.83m,,
General-1-20260518-23:34:40-35278,config,,,**.loRaNodes[15].**.initialX,680.24m,,
General-1-20260518-23:34:40-35278,config,,,**.loRaNodes[15].**.initialY,793.76m,,
General-1-20260518-23:34:40-35278,config,,,**.loRaNodes[16].**.initialX,632.33m,,
General-1-20260518-23:34:40-35278,config,,,**.loRaNodes[16].**.initialY,514.61m,,
General-1-20260518-23:34:40-35278,config,,,**.loRaNodes[17].**.initialX,672.67m,,
General-1-20260518-23:34:40-35278,config,,,**.loRaNodes[17].**.initialY,209.20m,,
General-1-20260518-23:34:40-35278,config,,,**.loRaNodes[18].**.initialX,708.69m,,
General-1-20260518-23:34:40-35278,config,,,**.loRaNodes[18].**.initialY,660.01m,,
General-1-20260518-23:34:40-35278,config,,,**.loRaNodes[19].**.initialX,263.17m,,
General-1-20260518-23:34:40-35278,config,,,**.loRaNodes[19].**.initialY,654.88m,,
General-1-20260518-23:34:40-35278,config,,,**.loRaNodes[20].**.initialX,416.55m,,
General-1-20260518-23:34:40-35278,config,,,**.loRaNodes[20].**.initialY,547.86m,,
General-1-20260518-23:34:40-35278,config,,,**.loRaNodes[21].**.initialX,600.99m,,
General-1-20260518-23:34:40-35278,config,,,**.loRaNodes[21].**.initialY,507.49m,,
General-1-20260518-23:34:40-35278,config,,,**.loRaNodes[22].**.initialX,447.01m,,
General-1-20260518-23:34:40-35278,config,,,**.loRaNodes[22].**.initialY,385.67m,,
General-1-20260518-23:34:40-35278,config,,,**.loRaNodes[23].**.initialX,341.83m,,
General-1-20260518-23:34:40-35278,config,,,**.loRaNodes[23].**.initialY,518.37m,,
General-1-20260518-23:34:40-35278,config,,,**.loRaNodes[24].**.initialX,651.41m,,
General-1-20260518-23:34:40-35278,config,,,**.loRaNodes[24].**.initialY,791.59m,,
General-1-20260518-23:34:40-35278,config,,,**.loRaNodes[25].**.initialX,600.52m,,
General-1-20260518-23:34:40-35278,config,,,**.loRaNodes[25].**.initialY,189.07m,,
General-1-20260518-23:34:40-35278,config,,,**.loRaNodes[26].**.initialX,823.31m,,
General-1-20260518-23:34:40-35278,config,,,**.loRaNodes[26].**.initialY,326.86m,,
General-1-20260518-23:34:40-35278,config,,,**.loRaNodes[27].**.initialX,792.91m,,
General-1-20260518-23:34:40-35278,config,,,**.loRaNodes[27].**.initialY,410.96m,,
General-1-20260518-23:34:40-35278,config,,,**.loRaNodes[28].**.initialX,580.15m,,
General-1-20260518-23:34:40-35278,config,,,**.loRaNodes[28].**.initialY,646.39m,,
General-1-20260518-23:34:40-35278,config,,,**.loRaNodes[29].**.initialX,508.62m,,
General-1-20260518-23:34:40-35278,config,,,**.loRaNodes[29].**.initialY,613.09m,,
General-1-20260518-23:34:40-35278,config,,,**.loRaNodes[30].**.initialX,513.57m,,
General-1-20260518-23:34:40-35278,config,,,**.loRaNodes[30].**.initialY,769.51m,,
General-1-20260518-23:34:40-35278,config,,,**.loRaNodes[31].**.initialX,337.46m,,
General-1-20260518-23:34:40-35278,config,,,**.loRaNodes[31].**.initialY,804.29m,,
General-1-20260518-23:34:40-35278,config,,,**.loRaNodes[32].**.initialX,357.46m,,
General-1-20260518-23:34:40-35278,config,,,**.loRaNodes[32].**.initialY,492.72m,,
General-1-20260518-23:34:40-35278,config,,,**.loRaNodes[33].**.initialX,588.14m,,
General-1-20260518-23:34:40-35278,config,,,**.loRaNodes[33].**.initialY,414.28m,,
General-1-20260518-23:34:40-35278,config,,,**.loRaNodes[34].**.initialX,643.32m,,
General-1-20260518-23:34:40-35278,config,,,**.loRaNodes[34].**.initialY,535.80m,,
General-1-20260518-23:34:40-35278,config,,,**.loRaNodes[35].**.initialX,645.58m,,
General-1-20260518-23:34:40-35278,config,,,**.loRaNodes[35].**.initialY,848.24m,,
General-1-20260518-23:34:40-35278,config,,,**.loRaNodes[36].**.initialX,554.84m,,
General-1-20260518-23:34:40-35278,config,,,**.loRaNodes[36].**.initialY,519.14m,,
General-1-20260518-23:34:40-35278,config,,,**.loRaNodes[37].**.initialX,503.64m,,
General-1-20260518-23:34:40-35278,config,,,**.loRaNodes[37].**.initialY,239.79m,,
General-1-20260518-23:34:40-35278,config,,,**.loRaNodes[38].**.initialX,830.48m,,
General-1-20260518-23:34:40-35278,config,,,**.loRaNodes[38].**.initialY,687.81m,,
General-1-20260518-23:34:40-35278,config,,,**.loRaNodes[39].**.initialX,707.13m,,
General-1-20260518-23:34:40-35278,config,,,**.loRaNodes[39].**.initialY,689.41m,,
General-1-20260518-23:34:40-35278,config,,,**.loRaNodes[0].**initialLoRaSF,10,,
General-1-20260518-23:34:40-35278,config,,,**.loRaNodes[0].**initialLoRaTP,14dBm,,
General-1-20260518-23:34:40-35278,config,,,**.loRaNodes[1].**initialLoRaSF,12,,
General-1-20260518-23:34:40-35278,config,,,**.loRaNodes[1].**initialLoRaTP,14dBm,,
General-1-20260518-23:34:40-35278,config,,,**.loRaNodes[2].**initialLoRaSF,9,,
General-1-20260518-23:34:40-35278,config,,,**.loRaNodes[2].**initialLoRaTP,14dBm,,
General-1-20260518-23:34:40-35278,config,,,**.loRaNodes[3].**initialLoRaSF,8,,
General-1-20260518-23:34:40-35278,config,,,**.loRaNodes[3].**initialLoRaTP,14dBm,,
General-1-20260518-23:34:40-35278,config,,,**.loRaNodes[4].**initialLoRaSF,11,,
General-1-20260518-23:34:40-35278,config,,,**.loRaNodes[4].**initialLoRaTP,14dBm,,
General-1-20260518-23:34:40-35278,config,,,**.loRaNodes[5].**initialLoRaSF,7,,
General-1-20260518-23:34:40-35278,config,,,**.loRaNodes[5].**initialLoRaTP,11dBm,,
General-1-20260518-23:34:40-35278,config,,,**.loRaNodes[6].**initialLoRaSF,12,,
General-1-20260518-23:34:40-35278,config,,,**.loRaNodes[6].**initialLoRaTP,14dBm,,
General-1-20260518-23:34:40-35278,config,,,**.loRaNodes[7].**initialLoRaSF,9,,
General-1-20260518-23:34:40-35278,config,,,**.loRaNodes[7].**initialLoRaTP,14dBm,,
General-1-20260518-23:34:40-35278,config,,,**.loRaNodes[8].**initialLoRaSF,10,,
General-1-20260518-23:34:40-35278,config,,,**.loRaNodes[8].**initialLoRaTP,14dBm,,
General-1-20260518-23:34:40-35278,config,,,**.loRaNodes[9].**initialLoRaSF,11,,
General-1-20260518-23:34:40-35278,config,,,**.loRaNodes[9].**initialLoRaTP,14dBm,,
General-1-20260518-23:34:40-35278,config,,,**.loRaNodes[10].**initialLoRaSF,11,,
General-1-20260518-23:34:40-35278,config,,,**.loRaNodes[10].**initialLoRaTP,14dBm,,
General-1-20260518-23:34:40-35278,config,,,**.loRaNodes[11].**initialLoRaSF,10,,
General-1-20260518-23:34:40-35278,config,,,**.loRaNodes[11].**initialLoRaTP,14dBm,,
General-1-20260518-23:34:40-35278,config,,,**.loRaNodes[12].**initialLoRaSF,11,,
General-1-20260518-23:34:40-35278,config,,,**.loRaNodes[12].**initialLoRaTP,14dBm,,
General-1-20260518-23:34:40-35278,config,,,**.loRaNodes[13].**initialLoRaSF,9,,
General-1-20260518-23:34:40-35278,config,,,**.loRaNodes[13].**initialLoRaTP,14dBm,,
General-1-20260518-23:34:40-35278,config,,,**.loRaNodes[14].**initialLoRaSF,11,,
General-1-20260518-23:34:40-35278,config,,,**.loRaNodes[14].**initialLoRaTP,14dBm,,
General-1-20260518-23:34:40-35278,config,,,**.loRaNodes[15].**initialLoRaSF,11,,
General-1-20260518-23:34:40-35278,config,,,**.loRaNodes[15].**initialLoRaTP,14dBm,,
General-1-20260518-23:34:40-35278,config,,,**.loRaNodes[16].**initialLoRaSF,8,,
General-1-20260518-23:34:40-35278,config,,,**.loRaNodes[16].**initialLoRaTP,14dBm,,
General-1-20260518-23:34:40-35278,config,,,**.loRaNodes[17].**initialLoRaSF,12,,
General-1-20260518-23:34:40-35278,config,,,**.loRaNodes[17].**initialLoRaTP,14dBm,,
General-1-20260518-23:34:40-35278,config,,,**.loRaNodes[18].**initialLoRaSF,10,,
General-1-20260518-23:34:40-35278,config,,,**.loRaNodes[18].**initialLoRaTP,14dBm,,
General-1-20260518-23:34:40-35278,config,,,**.loRaNodes[19].**initialLoRaSF,12,,
General-1-20260518-23:34:40-35278,config,,,**.loRaNodes[19].**initialLoRaTP,14dBm,,
General-1-20260518-23:34:40-35278,config,,,**.loRaNodes[20].**initialLoRaSF,9,,
General-1-20260518-23:34:40-35278,config,,,**.loRaNodes[20].**initialLoRaTP,14dBm,,
General-1-20260518-23:34:40-35278,config,,,**.loRaNodes[21].**initialLoRaSF,7,,
General-1-20260518-23:34:40-35278,config,,,**.loRaNodes[21].**initialLoRaTP,14dBm,,
General-1-20260518-23:34:40-35278,config,,,**.loRaNodes[22].**initialLoRaSF,10,,
General-1-20260518-23:34:40-35278,config,,,**.loRaNodes[22].**initialLoRaTP,14dBm,,
General-1-20260518-23:34:40-35278,config,,,**.loRaNodes[23].**initialLoRaSF,10,,
General-1-20260518-23:34:40-35278,config,,,**.loRaNodes[23].**initialLoRaTP,14dBm,,
General-1-20260518-23:34:40-35278,config,,,**.loRaNodes[24].**initialLoRaSF,11,,
General-1-20260518-23:34:40-35278,config,,,**.loRaNodes[24].**initialLoRaTP,14dBm,,
General-1-20260518-23:34:40-35278,config,,,**.loRaNodes[25].**initialLoRaSF,12,,
General-1-20260518-23:34:40-35278,config,,,**.loRaNodes[25].**initialLoRaTP,14dBm,,
General-1-20260518-23:34:40-35278,config,,,**.loRaNodes[26].**initialLoRaSF,12,,
General-1-20260518-23:34:40-35278,config,,,**.loRaNodes[26].**initialLoRaTP,14dBm,,
General-1-20260518-23:34:40-35278,config,,,**.loRaNodes[27].**initialLoRaSF,11,,
General-1-20260518-23:34:40-35278,config,,,**.loRaNodes[27].**initialLoRaTP,14dBm,,
General-1-20260518-23:34:40-35278,config,,,**.loRaNodes[28].**initialLoRaSF,8,,
General-1-20260518-23:34:40-35278,config,,,**.loRaNodes[28].**initialLoRaTP,14dBm,,
General-1-20260518-23:34:40-35278,config,,,**.loRaNodes[29].**initialLoRaSF,7,,
General-1-20260518-23:34:40-35278,config,,,**.loRaNodes[29].**initialLoRaTP,14dBm,,
General-1-20260518-23:34:40-35278,config,,,**.loRaNodes[30].**initialLoRaSF,10,,
General-1-20260518-23:34:40-35278,config,,,**.loRaNodes[30].**initialLoRaTP,14dBm,,
General-1-20260518-23:34:40-35278,config,,,**.loRaNodes[31].**initialLoRaSF,12,,
General-1-20260518-23:34:40-35278,config,,,**.loRaNodes[31].**initialLoRaTP,14dBm,,
General-1-20260518-23:34:40-35278,config,,,**.loRaNodes[32].**initialLoRaSF,10,,
General-1-20260518-23:34:40-35278,config,,,**.loRaNodes[32].**initialLoRaTP,14dBm,,
General-1-20260518-23:34:40-35278,config,,,**.loRaNodes[33].**initialLoRaSF,9,,
General-1-20260518-23:34:40-35278,config,,,**.loRaNodes[33].**initialLoRaTP,14dBm,,
General-1-20260518-23:34:40-35278,config,,,**.loRaNodes[34].**initialLoRaSF,8,,
General-1-20260518-23:34:40-35278,config,,,**.loRaNodes[34].**initialLoRaTP,14dBm,,
General-1-20260518-23:34:40-35278,config,,,**.loRaNodes[35].**initialLoRaSF,12,,
General-1-20260518-23:34:40-35278,config,,,**.loRaNodes[35].**initialLoRaTP,14dBm,,
General-1-20260518-23:34:40-35278,config,,,**.loRaNodes[36].**initialLoRaSF,7,,
General-1-20260518-23:34:40-35278,config,,,**.loRaNodes[36].**initialLoRaTP,5dBm,,
General-1-20260518-23:34:40-35278,config,,,**.loRaNodes[37].**initialLoRaSF,12,,
General-1-20260518-23:34:40-35278,config,,,**.loRaNodes[37].**initialLoRaTP,14dBm,,
General-1-20260518-23:34:40-35278,config,,,**.loRaNodes[38].**initialLoRaSF,12,,
General-1-20260518-23:34:40-35278,config,,,**.loRaNodes[38].**initialLoRaTP,14dBm,,
General-1-20260518-23:34:40-35278,config,,,**.loRaNodes[39].**initialLoRaSF,10,,
General-1-20260518-23:34:40-35278,config,,,**.loRaNodes[39].**initialLoRaTP,14dBm,,
General-1-20260518-23:34:40-35278,config,,,**.vector-recording,true,,
General-1-20260518-23:34:40-35278,config,,,**.loRaGW[*].packetForwarder.highQueueLength.vector-recording,true,,
General-1-20260518-23:34:40-35278,config,,,**.loRaGW[*].packetForwarder.lowQueueLength.vector-recording,true,,
General-1-20260518-23:34:40-35278,config,,,**.networkServer.app[0].delaySignal.vector-recording,true,,
General-1-20260518-23:34:40-35278,config,,,**.loRaNodes[*].app[0].packetsSent:scalar,true,,
General-1-20260518-23:34:40-35278,config,,,**.networkServer.app[0].totalReceivedPackets:scalar,true,,
General-1-20260518-23:34:40-35278,config,,,**.loRaGW[*].**.packetDropRate:scalar,true,,
General-2-20260519-00:18:35-54743,runattr,,,configname,General,,
General-2-20260519-00:18:35-54743,runattr,,,datetime,20260519-00:18:35,,
General-2-20260519-00:18:35-54743,runattr,,,datetimef,20260519-001835,,
General-2-20260519-00:18:35-54743,runattr,,,experiment,General,,
General-2-20260519-00:18:35-54743,runattr,,,inifile,n100-gw1.ini,,
General-2-20260519-00:18:35-54743,runattr,,,iterationvars,"$0=""avg""",,
General-2-20260519-00:18:35-54743,runattr,,,iterationvarsd,avg,,
General-2-20260519-00:18:35-54743,runattr,,,iterationvarsf,avg-,,
General-2-20260519-00:18:35-54743,runattr,,,measurement,"$0=""avg""",,
General-2-20260519-00:18:35-54743,runattr,,,network,flora.simulations.LoRaNetworkTest,,
General-2-20260519-00:18:35-54743,runattr,,,processid,54743,,
General-2-20260519-00:18:35-54743,runattr,,,repetition,2,,
General-2-20260519-00:18:35-54743,runattr,,,replication,#2,,
General-2-20260519-00:18:35-54743,runattr,,,resultdir,results,,
General-2-20260519-00:18:35-54743,runattr,,,runnumber,2,,
General-2-20260519-00:18:35-54743,runattr,,,seedset,2,,
General-2-20260519-00:18:35-54743,config,,,image-path,../../../inet4.4/images,,
General-2-20260519-00:18:35-54743,config,,,network,flora.simulations.LoRaNetworkTest,,
General-2-20260519-00:18:35-54743,config,,,output-vector-file,../results/n100-gw1-s2.ini.vec,,
General-2-20260519-00:18:35-54743,config,,,**.maxTransmissionDuration,4s,,
General-2-20260519-00:18:35-54743,config,,,**.energyDetection,-110dBm,,
General-2-20260519-00:18:35-54743,config,,,rng-class,cMersenneTwister,,
General-2-20260519-00:18:35-54743,config,,,**.loRaGW[*].numUdpApps,1,,
General-2-20260519-00:18:35-54743,config,,,**.loRaGW[0].packetForwarder.localPort,2000,,
General-2-20260519-00:18:35-54743,config,,,**.loRaGW[0].packetForwarder.destPort,1000,,
General-2-20260519-00:18:35-54743,config,,,**.loRaGW[0].packetForwarder.destAddresses,"""networkServer""",,
General-2-20260519-00:18:35-54743,config,,,**.loRaGW[0].packetForwarder.indexNumber,0,,
General-2-20260519-00:18:35-54743,config,,,**.networkServer.numApps,1,,
General-2-20260519-00:18:35-54743,config,,,**.networkServer.**.evaluateADRinServer,true,,
General-2-20260519-00:18:35-54743,config,,,**.networkServer.app[0].typename,NetworkServerApp,,
General-2-20260519-00:18:35-54743,config,,,**.networkServer.app[0].destAddresses,"""loRaGW[0]""",,
General-2-20260519-00:18:35-54743,config,,,**.networkServer.app[0].destPort,2000,,
General-2-20260519-00:18:35-54743,config,,,**.networkServer.app[0].localPort,1000,,
General-2-20260519-00:18:35-54743,config,,,**.networkServer.app[0].adrMethod,"""avg""",,
General-2-20260519-00:18:35-54743,config,,,**.numberOfPacketsToSend,0,,
General-2-20260519-00:18:35-54743,config,,,sim-time-limit,3d,,
General-2-20260519-00:18:35-54743,config,,,warmup-period,2h,,
General-2-20260519-00:18:35-54743,config,,,simtime-resolution,-11,,
General-2-20260519-00:18:35-54743,config,,,repeat,3,,
General-2-20260519-00:18:35-54743,config,,,**.loRaNodes[0..19].app[0].timeToFirstPacket,exponential(1h),,
General-2-20260519-00:18:35-54743,config,,,**.loRaNodes[0..19].app[0].timeToNextPacket,exponential(1h),,
General-2-20260519-00:18:35-54743,config,,,**.loRaNodes[20..24].app[0].timeToFirstPacket,exponential(24h),,
General-2-20260519-00:18:35-54743,config,,,**.loRaNodes[20..24].app[0].timeToNextPacket,exponential(24h),,
General-2-20260519-00:18:35-54743,config,,,**.loRaNodes[25..39].app[0].timeToFirstPacket,exponential(4h),,
General-2-20260519-00:18:35-54743,config,,,**.loRaNodes[25..39].app[0].timeToNextPacket,exponential(4h),,
General-2-20260519-00:18:35-54743,config,,,**.alohaChannelModel,false,,
General-2-20260519-00:18:35-54743,config,,,**.loRaNodes[*].**.initFromDisplayString,false,,
General-2-20260519-00:18:35-54743,config,,,**.loRaNodes[*].**.evaluateADRinNode,true,,
General-2-20260519-00:18:35-54743,config,,,**.loRaNodes[*].**initialLoRaBW,125 kHz,,
General-2-20260519-00:18:35-54743,config,,,**.loRaNodes[*].**initialLoRaCR,4,,
General-2-20260519-00:18:35-54743,config,,,**.loRaNodes[*].numApps,1,,
General-2-20260519-00:18:35-54743,config,,,**.loRaNodes[*].app[0].typename,SimpleLoRaApp,,
General-2-20260519-00:18:35-54743,config,,,**.LoRaGWNic.radio.iAmGateway,true,,
General-2-20260519-00:18:35-54743,config,,,**.loRaGW[*].**.initFromDisplayString,false,,
General-2-20260519-00:18:35-54743,config,,,**.loRaNodes[*].LoRaNic.radio.energyConsumer.typename,LoRaEnergyConsumer,,
General-2-20260519-00:18:35-54743,config,,,**.loRaNodes[*].**.energySourceModule,"""^.IdealEpEnergyStorage""",,
General-2-20260519-00:18:35-54743,config,,,**.loRaNodes[*].LoRaNic.radio.energyConsumer.configFile,"xmldoc(""../energyConsumptionParameters.xml"")",,
General-2-20260519-00:18:35-54743,config,,,**.sigma,3.57,,
General-2-20260519-00:18:35-54743,config,,,**.constraintAreaMinX,0m,,
General-2-20260519-00:18:35-54743,config,,,**.constraintAreaMinY,0m,,
General-2-20260519-00:18:35-54743,config,,,**.constraintAreaMinZ,0m,,
General-2-20260519-00:18:35-54743,config,,,**.constraintAreaMaxZ,0m,,
General-2-20260519-00:18:35-54743,config,,,LoRaNetworkTest.**.radio.separateTransmissionParts,false,,
General-2-20260519-00:18:35-54743,config,,,LoRaNetworkTest.**.radio.separateReceptionParts,false,,
General-2-20260519-00:18:35-54743,config,,,**.ipv4Delayer.config,"xmldoc(""../cloudDelays.xml"")",,
General-2-20260519-00:18:35-54743,config,,,**.radio.radioMediumModule,"""LoRaMedium""",,
General-2-20260519-00:18:35-54743,config,,,**.LoRaMedium.pathLossType,"""LoRaLogNormalShadowing""",,
General-2-20260519-00:18:35-54743,config,,,**.minInterferenceTime,0s,,
General-2-20260519-00:18:35-54743,config,,,**.displayAddresses,false,,
General-2-20260519-00:18:35-54743,config,,,**.numberOfNodes,40,,
General-2-20260519-00:18:35-54743,config,,,**.numberOfGateways,1,,
General-2-20260519-00:18:35-54743,config,,,**.constraintAreaMaxX,2376.0m,,
General-2-20260519-00:18:35-54743,config,,,**.constraintAreaMaxY,1090.0m,,
General-2-20260519-00:18:35-54743,config,,,**.loRaGW[0].**.initialX,544.00m,,
General-2-20260519-00:18:35-54743,config,,,**.loRaGW[0].**.initialY,544.00m,,
General-2-20260519-00:18:35-54743,config,,,output-scalar-file,../results/n100-gw1-s2.ini.sca,,
General-2-20260519-00:18:35-54743,config,,,**.loRaNodes[0..19].app[0].sendInterval,exponential(1h),,
General-2-20260519-00:18:35-54743,config,,,**.loRaNodes[20..24].app[0].sendInterval,exponential(24h),,
General-2-20260519-00:18:35-54743,config,,,**.loRaNodes[25..39].app[0].sendInterval,exponential(4h),,
General-2-20260519-00:18:35-54743,config,,,**.loRaNodes[0].**.initialX,756.75m,,
General-2-20260519-00:18:35-54743,config,,,**.loRaNodes[0].**.initialY,475.93m,,
General-2-20260519-00:18:35-54743,config,,,**.loRaNodes[1].**.initialX,289.82m,,
General-2-20260519-00:18:35-54743,config,,,**.loRaNodes[1].**.initialY,362.58m,,
General-2-20260519-00:18:35-54743,config,,,**.loRaNodes[2].**.initialX,624.29m,,
General-2-20260519-00:18:35-54743,config,,,**.loRaNodes[2].**.initialY,663.75m,,
General-2-20260519-00:18:35-54743,config,,,**.loRaNodes[3].**.initialX,602.66m,,
General-2-20260519-00:18:35-54743,config,,,**.loRaNodes[3].**.initialY,478.45m,,
General-2-20260519-00:18:35-54743,config,,,**.loRaNodes[4].**.initialX,470.31m,,
General-2-20260519-00:18:35-54743,config,,,**.loRaNodes[4].**.initialY,270.77m,,
General-2-20260519-00:18:35-54743,config,,,**.loRaNodes[5].**.initialX,595.43m,,
General-2-20260519-00:18:35-54743,config,,,**.loRaNodes[5].**.initialY,534.16m,,
General-2-20260519-00:18:35-54743,config,,,**.loRaNodes[6].**.initialX,622.07m,,
General-2-20260519-00:18:35-54743,config,,,**.loRaNodes[6].**.initialY,867.74m,,
General-2-20260519-00:18:35-54743,config,,,**.loRaNodes[7].**.initialX,607.24m,,
General-2-20260519-00:18:35-54743,config,,,**.loRaNodes[7].**.initialY,686.21m,,
General-2-20260519-00:18:35-54743,config,,,**.loRaNodes[8].**.initialX,345.10m,,
General-2-20260519-00:18:35-54743,config,,,**.loRaNodes[8].**.initialY,512.81m,,
General-2-20260519-00:18:35-54743,config,,,**.loRaNodes[9].**.initialX,482.55m,,
General-2-20260519-00:18:35-54743,config,,,**.loRaNodes[9].**.initialY,775.88m,,
General-2-20260519-00:18:35-54743,config,,,**.loRaNodes[10].**.initialX,726.69m,,
General-2-20260519-00:18:35-54743,config,,,**.loRaNodes[10].**.initialY,763.41m,,
General-2-20260519-00:18:35-54743,config,,,**.loRaNodes[11].**.initialX,412.27m,,
General-2-20260519-00:18:35-54743,config,,,**.loRaNodes[11].**.initialY,690.86m,,
General-2-20260519-00:18:35-54743,config,,,**.loRaNodes[12].**.initialX,598.04m,,
General-2-20260519-00:18:35-54743,config,,,**.loRaNodes[12].**.initialY,303.50m,,
General-2-20260519-00:18:35-54743,config,,,**.loRaNodes[13].**.initialX,381.55m,,
General-2-20260519-00:18:35-54743,config,,,**.loRaNodes[13].**.initialY,529.43m,,
General-2-20260519-00:18:35-54743,config,,,**.loRaNodes[14].**.initialX,813.05m,,
General-2-20260519-00:18:35-54743,config,,,**.loRaNodes[14].**.initialY,624.83m,,
General-2-20260519-00:18:35-54743,config,,,**.loRaNodes[15].**.initialX,680.24m,,
General-2-20260519-00:18:35-54743,config,,,**.loRaNodes[15].**.initialY,793.76m,,
General-2-20260519-00:18:35-54743,config,,,**.loRaNodes[16].**.initialX,632.33m,,
General-2-20260519-00:18:35-54743,config,,,**.loRaNodes[16].**.initialY,514.61m,,
General-2-20260519-00:18:35-54743,config,,,**.loRaNodes[17].**.initialX,672.67m,,
General-2-20260519-00:18:35-54743,config,,,**.loRaNodes[17].**.initialY,209.20m,,
General-2-20260519-00:18:35-54743,config,,,**.loRaNodes[18].**.initialX,708.69m,,
General-2-20260519-00:18:35-54743,config,,,**.loRaNodes[18].**.initialY,660.01m,,
General-2-20260519-00:18:35-54743,config,,,**.loRaNodes[19].**.initialX,263.17m,,
General-2-20260519-00:18:35-54743,config,,,**.loRaNodes[19].**.initialY,654.88m,,
General-2-20260519-00:18:35-54743,config,,,**.loRaNodes[20].**.initialX,416.55m,,
General-2-20260519-00:18:35-54743,config,,,**.loRaNodes[20].**.initialY,547.86m,,
General-2-20260519-00:18:35-54743,config,,,**.loRaNodes[21].**.initialX,600.99m,,
General-2-20260519-00:18:35-54743,config,,,**.loRaNodes[21].**.initialY,507.49m,,
General-2-20260519-00:18:35-54743,config,,,**.loRaNodes[22].**.initialX,447.01m,,
General-2-20260519-00:18:35-54743,config,,,**.loRaNodes[22].**.initialY,385.67m,,
General-2-20260519-00:18:35-54743,config,,,**.loRaNodes[23].**.initialX,341.83m,,
General-2-20260519-00:18:35-54743,config,,,**.loRaNodes[23].**.initialY,518.37m,,
General-2-20260519-00:18:35-54743,config,,,**.loRaNodes[24].**.initialX,651.41m,,
General-2-20260519-00:18:35-54743,config,,,**.loRaNodes[24].**.initialY,791.59m,,
General-2-20260519-00:18:35-54743,config,,,**.loRaNodes[25].**.initialX,600.52m,,
General-2-20260519-00:18:35-54743,config,,,**.loRaNodes[25].**.initialY,189.07m,,
General-2-20260519-00:18:35-54743,config,,,**.loRaNodes[26].**.initialX,823.31m,,
General-2-20260519-00:18:35-54743,config,,,**.loRaNodes[26].**.initialY,326.86m,,
General-2-20260519-00:18:35-54743,config,,,**.loRaNodes[27].**.initialX,792.91m,,
General-2-20260519-00:18:35-54743,config,,,**.loRaNodes[27].**.initialY,410.96m,,
General-2-20260519-00:18:35-54743,config,,,**.loRaNodes[28].**.initialX,580.15m,,
General-2-20260519-00:18:35-54743,config,,,**.loRaNodes[28].**.initialY,646.39m,,
General-2-20260519-00:18:35-54743,config,,,**.loRaNodes[29].**.initialX,508.62m,,
General-2-20260519-00:18:35-54743,config,,,**.loRaNodes[29].**.initialY,613.09m,,
General-2-20260519-00:18:35-54743,config,,,**.loRaNodes[30].**.initialX,513.57m,,
General-2-20260519-00:18:35-54743,config,,,**.loRaNodes[30].**.initialY,769.51m,,
General-2-20260519-00:18:35-54743,config,,,**.loRaNodes[31].**.initialX,337.46m,,
General-2-20260519-00:18:35-54743,config,,,**.loRaNodes[31].**.initialY,804.29m,,
General-2-20260519-00:18:35-54743,config,,,**.loRaNodes[32].**.initialX,357.46m,,
General-2-20260519-00:18:35-54743,config,,,**.loRaNodes[32].**.initialY,492.72m,,
General-2-20260519-00:18:35-54743,config,,,**.loRaNodes[33].**.initialX,588.14m,,
General-2-20260519-00:18:35-54743,config,,,**.loRaNodes[33].**.initialY,414.28m,,
General-2-20260519-00:18:35-54743,config,,,**.loRaNodes[34].**.initialX,643.32m,,
General-2-20260519-00:18:35-54743,config,,,**.loRaNodes[34].**.initialY,535.80m,,
General-2-20260519-00:18:35-54743,config,,,**.loRaNodes[35].**.initialX,645.58m,,
General-2-20260519-00:18:35-54743,config,,,**.loRaNodes[35].**.initialY,848.24m,,
General-2-20260519-00:18:35-54743,config,,,**.loRaNodes[36].**.initialX,554.84m,,
General-2-20260519-00:18:35-54743,config,,,**.loRaNodes[36].**.initialY,519.14m,,
General-2-20260519-00:18:35-54743,config,,,**.loRaNodes[37].**.initialX,503.64m,,
General-2-20260519-00:18:35-54743,config,,,**.loRaNodes[37].**.initialY,239.79m,,
General-2-20260519-00:18:35-54743,config,,,**.loRaNodes[38].**.initialX,830.48m,,
General-2-20260519-00:18:35-54743,config,,,**.loRaNodes[38].**.initialY,687.81m,,
General-2-20260519-00:18:35-54743,config,,,**.loRaNodes[39].**.initialX,707.13m,,
General-2-20260519-00:18:35-54743,config,,,**.loRaNodes[39].**.initialY,689.41m,,
General-2-20260519-00:18:35-54743,config,,,**.loRaNodes[0].**initialLoRaSF,10,,
General-2-20260519-00:18:35-54743,config,,,**.loRaNodes[0].**initialLoRaTP,14dBm,,
General-2-20260519-00:18:35-54743,config,,,**.loRaNodes[1].**initialLoRaSF,12,,
General-2-20260519-00:18:35-54743,config,,,**.loRaNodes[1].**initialLoRaTP,14dBm,,
General-2-20260519-00:18:35-54743,config,,,**.loRaNodes[2].**initialLoRaSF,9,,
General-2-20260519-00:18:35-54743,config,,,**.loRaNodes[2].**initialLoRaTP,14dBm,,
General-2-20260519-00:18:35-54743,config,,,**.loRaNodes[3].**initialLoRaSF,8,,
General-2-20260519-00:18:35-54743,config,,,**.loRaNodes[3].**initialLoRaTP,14dBm,,
General-2-20260519-00:18:35-54743,config,,,**.loRaNodes[4].**initialLoRaSF,11,,
General-2-20260519-00:18:35-54743,config,,,**.loRaNodes[4].**initialLoRaTP,14dBm,,
General-2-20260519-00:18:35-54743,config,,,**.loRaNodes[5].**initialLoRaSF,7,,
General-2-20260519-00:18:35-54743,config,,,**.loRaNodes[5].**initialLoRaTP,11dBm,,
General-2-20260519-00:18:35-54743,config,,,**.loRaNodes[6].**initialLoRaSF,12,,
General-2-20260519-00:18:35-54743,config,,,**.loRaNodes[6].**initialLoRaTP,14dBm,,
General-2-20260519-00:18:35-54743,config,,,**.loRaNodes[7].**initialLoRaSF,9,,
General-2-20260519-00:18:35-54743,config,,,**.loRaNodes[7].**initialLoRaTP,14dBm,,
General-2-20260519-00:18:35-54743,config,,,**.loRaNodes[8].**initialLoRaSF,10,,
General-2-20260519-00:18:35-54743,config,,,**.loRaNodes[8].**initialLoRaTP,14dBm,,
General-2-20260519-00:18:35-54743,config,,,**.loRaNodes[9].**initialLoRaSF,11,,
General-2-20260519-00:18:35-54743,config,,,**.loRaNodes[9].**initialLoRaTP,14dBm,,
General-2-20260519-00:18:35-54743,config,,,**.loRaNodes[10].**initialLoRaSF,11,,
General-2-20260519-00:18:35-54743,config,,,**.loRaNodes[10].**initialLoRaTP,14dBm,,
General-2-20260519-00:18:35-54743,config,,,**.loRaNodes[11].**initialLoRaSF,10,,
General-2-20260519-00:18:35-54743,config,,,**.loRaNodes[11].**initialLoRaTP,14dBm,,
General-2-20260519-00:18:35-54743,config,,,**.loRaNodes[12].**initialLoRaSF,11,,
General-2-20260519-00:18:35-54743,config,,,**.loRaNodes[12].**initialLoRaTP,14dBm,,
General-2-20260519-00:18:35-54743,config,,,**.loRaNodes[13].**initialLoRaSF,9,,
General-2-20260519-00:18:35-54743,config,,,**.loRaNodes[13].**initialLoRaTP,14dBm,,
General-2-20260519-00:18:35-54743,config,,,**.loRaNodes[14].**initialLoRaSF,11,,
General-2-20260519-00:18:35-54743,config,,,**.loRaNodes[14].**initialLoRaTP,14dBm,,
General-2-20260519-00:18:35-54743,config,,,**.loRaNodes[15].**initialLoRaSF,11,,
General-2-20260519-00:18:35-54743,config,,,**.loRaNodes[15].**initialLoRaTP,14dBm,,
General-2-20260519-00:18:35-54743,config,,,**.loRaNodes[16].**initialLoRaSF,8,,
General-2-20260519-00:18:35-54743,config,,,**.loRaNodes[16].**initialLoRaTP,14dBm,,
General-2-20260519-00:18:35-54743,config,,,**.loRaNodes[17].**initialLoRaSF,12,,
General-2-20260519-00:18:35-54743,config,,,**.loRaNodes[17].**initialLoRaTP,14dBm,,
General-2-20260519-00:18:35-54743,config,,,**.loRaNodes[18].**initialLoRaSF,10,,
General-2-20260519-00:18:35-54743,config,,,**.loRaNodes[18].**initialLoRaTP,14dBm,,
General-2-20260519-00:18:35-54743,config,,,**.loRaNodes[19].**initialLoRaSF,12,,
General-2-20260519-00:18:35-54743,config,,,**.loRaNodes[19].**initialLoRaTP,14dBm,,
General-2-20260519-00:18:35-54743,config,,,**.loRaNodes[20].**initialLoRaSF,9,,
General-2-20260519-00:18:35-54743,config,,,**.loRaNodes[20].**initialLoRaTP,14dBm,,
General-2-20260519-00:18:35-54743,config,,,**.loRaNodes[21].**initialLoRaSF,7,,
General-2-20260519-00:18:35-54743,config,,,**.loRaNodes[21].**initialLoRaTP,14dBm,,
General-2-20260519-00:18:35-54743,config,,,**.loRaNodes[22].**initialLoRaSF,10,,
General-2-20260519-00:18:35-54743,config,,,**.loRaNodes[22].**initialLoRaTP,14dBm,,
General-2-20260519-00:18:35-54743,config,,,**.loRaNodes[23].**initialLoRaSF,10,,
General-2-20260519-00:18:35-54743,config,,,**.loRaNodes[23].**initialLoRaTP,14dBm,,
General-2-20260519-00:18:35-54743,config,,,**.loRaNodes[24].**initialLoRaSF,11,,
General-2-20260519-00:18:35-54743,config,,,**.loRaNodes[24].**initialLoRaTP,14dBm,,
General-2-20260519-00:18:35-54743,config,,,**.loRaNodes[25].**initialLoRaSF,12,,
General-2-20260519-00:18:35-54743,config,,,**.loRaNodes[25].**initialLoRaTP,14dBm,,
General-2-20260519-00:18:35-54743,config,,,**.loRaNodes[26].**initialLoRaSF,12,,
General-2-20260519-00:18:35-54743,config,,,**.loRaNodes[26].**initialLoRaTP,14dBm,,
General-2-20260519-00:18:35-54743,config,,,**.loRaNodes[27].**initialLoRaSF,11,,
General-2-20260519-00:18:35-54743,config,,,**.loRaNodes[27].**initialLoRaTP,14dBm,,
General-2-20260519-00:18:35-54743,config,,,**.loRaNodes[28].**initialLoRaSF,8,,
General-2-20260519-00:18:35-54743,config,,,**.loRaNodes[28].**initialLoRaTP,14dBm,,
General-2-20260519-00:18:35-54743,config,,,**.loRaNodes[29].**initialLoRaSF,7,,
General-2-20260519-00:18:35-54743,config,,,**.loRaNodes[29].**initialLoRaTP,14dBm,,
General-2-20260519-00:18:35-54743,config,,,**.loRaNodes[30].**initialLoRaSF,10,,
General-2-20260519-00:18:35-54743,config,,,**.loRaNodes[30].**initialLoRaTP,14dBm,,
General-2-20260519-00:18:35-54743,config,,,**.loRaNodes[31].**initialLoRaSF,12,,
General-2-20260519-00:18:35-54743,config,,,**.loRaNodes[31].**initialLoRaTP,14dBm,,
General-2-20260519-00:18:35-54743,config,,,**.loRaNodes[32].**initialLoRaSF,10,,
General-2-20260519-00:18:35-54743,config,,,**.loRaNodes[32].**initialLoRaTP,14dBm,,
General-2-20260519-00:18:35-54743,config,,,**.loRaNodes[33].**initialLoRaSF,9,,
General-2-20260519-00:18:35-54743,config,,,**.loRaNodes[33].**initialLoRaTP,14dBm,,
General-2-20260519-00:18:35-54743,config,,,**.loRaNodes[34].**initialLoRaSF,8,,
General-2-20260519-00:18:35-54743,config,,,**.loRaNodes[34].**initialLoRaTP,14dBm,,
General-2-20260519-00:18:35-54743,config,,,**.loRaNodes[35].**initialLoRaSF,12,,
General-2-20260519-00:18:35-54743,config,,,**.loRaNodes[35].**initialLoRaTP,14dBm,,
General-2-20260519-00:18:35-54743,config,,,**.loRaNodes[36].**initialLoRaSF,7,,
General-2-20260519-00:18:35-54743,config,,,**.loRaNodes[36].**initialLoRaTP,5dBm,,
General-2-20260519-00:18:35-54743,config,,,**.loRaNodes[37].**initialLoRaSF,12,,
General-2-20260519-00:18:35-54743,config,,,**.loRaNodes[37].**initialLoRaTP,14dBm,,
General-2-20260519-00:18:35-54743,config,,,**.loRaNodes[38].**initialLoRaSF,12,,
General-2-20260519-00:18:35-54743,config,,,**.loRaNodes[38].**initialLoRaTP,14dBm,,
General-2-20260519-00:18:35-54743,config,,,**.loRaNodes[39].**initialLoRaSF,10,,
General-2-20260519-00:18:35-54743,config,,,**.loRaNodes[39].**initialLoRaTP,14dBm,,
General-2-20260519-00:18:35-54743,config,,,**.vector-recording,true,,
General-2-20260519-00:18:35-54743,config,,,**.loRaGW[*].packetForwarder.highQueueLength.vector-recording,true,,
General-2-20260519-00:18:35-54743,config,,,**.loRaGW[*].packetForwarder.lowQueueLength.vector-recording,true,,
General-2-20260519-00:18:35-54743,config,,,**.networkServer.app[0].delaySignal.vector-recording,true,,
General-2-20260519-00:18:35-54743,config,,,**.loRaNodes[*].app[0].packetsSent:scalar,true,,
General-2-20260519-00:18:35-54743,config,,,**.networkServer.app[0].totalReceivedPackets:scalar,true,,
General-2-20260519-00:18:35-54743,config,,,**.loRaGW[*].**.packetDropRate:scalar,true,,
General-0-20260518-22:50:21-16558,runattr,,,configname,General,,
General-0-20260518-22:50:21-16558,runattr,,,datetime,20260518-22:50:21,,
General-0-20260518-22:50:21-16558,runattr,,,datetimef,20260518-225021,,
General-0-20260518-22:50:21-16558,runattr,,,experiment,General,,
General-0-20260518-22:50:21-16558,runattr,,,inifile,n100-gw1.ini,,
General-0-20260518-22:50:21-16558,runattr,,,iterationvars,"$0=""avg""",,
General-0-20260518-22:50:21-16558,runattr,,,iterationvarsd,avg,,
General-0-20260518-22:50:21-16558,runattr,,,iterationvarsf,avg-,,
General-0-20260518-22:50:21-16558,runattr,,,measurement,"$0=""avg""",,
General-0-20260518-22:50:21-16558,runattr,,,network,flora.simulations.LoRaNetworkTest,,
General-0-20260518-22:50:21-16558,runattr,,,processid,16558,,
General-0-20260518-22:50:21-16558,runattr,,,repetition,0,,
General-0-20260518-22:50:21-16558,runattr,,,replication,#0,,
General-0-20260518-22:50:21-16558,runattr,,,resultdir,results,,
General-0-20260518-22:50:21-16558,runattr,,,runnumber,0,,
General-0-20260518-22:50:21-16558,runattr,,,seedset,0,,
General-0-20260518-22:50:21-16558,config,,,image-path,../../../inet4.4/images,,
General-0-20260518-22:50:21-16558,config,,,network,flora.simulations.LoRaNetworkTest,,
General-0-20260518-22:50:21-16558,config,,,output-vector-file,../results/n100-gw1-s0.ini.vec,,
General-0-20260518-22:50:21-16558,config,,,**.maxTransmissionDuration,4s,,
General-0-20260518-22:50:21-16558,config,,,**.energyDetection,-110dBm,,
General-0-20260518-22:50:21-16558,config,,,rng-class,cMersenneTwister,,
General-0-20260518-22:50:21-16558,config,,,**.loRaGW[*].numUdpApps,1,,
General-0-20260518-22:50:21-16558,config,,,**.loRaGW[0].packetForwarder.localPort,2000,,
General-0-20260518-22:50:21-16558,config,,,**.loRaGW[0].packetForwarder.destPort,1000,,
General-0-20260518-22:50:21-16558,config,,,**.loRaGW[0].packetForwarder.destAddresses,"""networkServer""",,
General-0-20260518-22:50:21-16558,config,,,**.loRaGW[0].packetForwarder.indexNumber,0,,
General-0-20260518-22:50:21-16558,config,,,**.networkServer.numApps,1,,
General-0-20260518-22:50:21-16558,config,,,**.networkServer.**.evaluateADRinServer,true,,
General-0-20260518-22:50:21-16558,config,,,**.networkServer.app[0].typename,NetworkServerApp,,
General-0-20260518-22:50:21-16558,config,,,**.networkServer.app[0].destAddresses,"""loRaGW[0]""",,
General-0-20260518-22:50:21-16558,config,,,**.networkServer.app[0].destPort,2000,,
General-0-20260518-22:50:21-16558,config,,,**.networkServer.app[0].localPort,1000,,
General-0-20260518-22:50:21-16558,config,,,**.networkServer.app[0].adrMethod,"""avg""",,
General-0-20260518-22:50:21-16558,config,,,**.numberOfPacketsToSend,0,,
General-0-20260518-22:50:21-16558,config,,,sim-time-limit,3d,,
General-0-20260518-22:50:21-16558,config,,,warmup-period,2h,,
General-0-20260518-22:50:21-16558,config,,,simtime-resolution,-11,,
General-0-20260518-22:50:21-16558,config,,,repeat,3,,
General-0-20260518-22:50:21-16558,config,,,**.loRaNodes[0..19].app[0].timeToFirstPacket,exponential(1h),,
General-0-20260518-22:50:21-16558,config,,,**.loRaNodes[0..19].app[0].timeToNextPacket,exponential(1h),,
General-0-20260518-22:50:21-16558,config,,,**.loRaNodes[20..24].app[0].timeToFirstPacket,exponential(24h),,
General-0-20260518-22:50:21-16558,config,,,**.loRaNodes[20..24].app[0].timeToNextPacket,exponential(24h),,
General-0-20260518-22:50:21-16558,config,,,**.loRaNodes[25..39].app[0].timeToFirstPacket,exponential(4h),,
General-0-20260518-22:50:21-16558,config,,,**.loRaNodes[25..39].app[0].timeToNextPacket,exponential(4h),,
General-0-20260518-22:50:21-16558,config,,,**.alohaChannelModel,false,,
General-0-20260518-22:50:21-16558,config,,,**.loRaNodes[*].**.initFromDisplayString,false,,
General-0-20260518-22:50:21-16558,config,,,**.loRaNodes[*].**.evaluateADRinNode,true,,
General-0-20260518-22:50:21-16558,config,,,**.loRaNodes[*].**initialLoRaBW,125 kHz,,
General-0-20260518-22:50:21-16558,config,,,**.loRaNodes[*].**initialLoRaCR,4,,
General-0-20260518-22:50:21-16558,config,,,**.loRaNodes[*].numApps,1,,
General-0-20260518-22:50:21-16558,config,,,**.loRaNodes[*].app[0].typename,SimpleLoRaApp,,
General-0-20260518-22:50:21-16558,config,,,**.LoRaGWNic.radio.iAmGateway,true,,
General-0-20260518-22:50:21-16558,config,,,**.loRaGW[*].**.initFromDisplayString,false,,
General-0-20260518-22:50:21-16558,config,,,**.loRaNodes[*].LoRaNic.radio.energyConsumer.typename,LoRaEnergyConsumer,,
General-0-20260518-22:50:21-16558,config,,,**.loRaNodes[*].**.energySourceModule,"""^.IdealEpEnergyStorage""",,
General-0-20260518-22:50:21-16558,config,,,**.loRaNodes[*].LoRaNic.radio.energyConsumer.configFile,"xmldoc(""../energyConsumptionParameters.xml"")",,
General-0-20260518-22:50:21-16558,config,,,**.sigma,3.57,,
General-0-20260518-22:50:21-16558,config,,,**.constraintAreaMinX,0m,,
General-0-20260518-22:50:21-16558,config,,,**.constraintAreaMinY,0m,,
General-0-20260518-22:50:21-16558,config,,,**.constraintAreaMinZ,0m,,
General-0-20260518-22:50:21-16558,config,,,**.constraintAreaMaxZ,0m,,
General-0-20260518-22:50:21-16558,config,,,LoRaNetworkTest.**.radio.separateTransmissionParts,false,,
General-0-20260518-22:50:21-16558,config,,,LoRaNetworkTest.**.radio.separateReceptionParts,false,,
General-0-20260518-22:50:21-16558,config,,,**.ipv4Delayer.config,"xmldoc(""../cloudDelays.xml"")",,
General-0-20260518-22:50:21-16558,config,,,**.radio.radioMediumModule,"""LoRaMedium""",,
General-0-20260518-22:50:21-16558,config,,,**.LoRaMedium.pathLossType,"""LoRaLogNormalShadowing""",,
General-0-20260518-22:50:21-16558,config,,,**.minInterferenceTime,0s,,
General-0-20260518-22:50:21-16558,config,,,**.displayAddresses,false,,
General-0-20260518-22:50:21-16558,config,,,**.numberOfNodes,40,,
General-0-20260518-22:50:21-16558,config,,,**.numberOfGateways,1,,
General-0-20260518-22:50:21-16558,config,,,**.constraintAreaMaxX,2376.0m,,
General-0-20260518-22:50:21-16558,config,,,**.constraintAreaMaxY,1090.0m,,
General-0-20260518-22:50:21-16558,config,,,**.loRaGW[0].**.initialX,544.00m,,
General-0-20260518-22:50:21-16558,config,,,**.loRaGW[0].**.initialY,544.00m,,
General-0-20260518-22:50:21-16558,config,,,output-scalar-file,../results/n100-gw1-s0.ini.sca,,
General-0-20260518-22:50:21-16558,config,,,**.loRaNodes[0..19].app[0].sendInterval,exponential(1h),,
General-0-20260518-22:50:21-16558,config,,,**.loRaNodes[20..24].app[0].sendInterval,exponential(24h),,
General-0-20260518-22:50:21-16558,config,,,**.loRaNodes[25..39].app[0].sendInterval,exponential(4h),,
General-0-20260518-22:50:21-16558,config,,,**.loRaNodes[0].**.initialX,756.75m,,
General-0-20260518-22:50:21-16558,config,,,**.loRaNodes[0].**.initialY,475.93m,,
General-0-20260518-22:50:21-16558,config,,,**.loRaNodes[1].**.initialX,289.82m,,
General-0-20260518-22:50:21-16558,config,,,**.loRaNodes[1].**.initialY,362.58m,,
General-0-20260518-22:50:21-16558,config,,,**.loRaNodes[2].**.initialX,624.29m,,
General-0-20260518-22:50:21-16558,config,,,**.loRaNodes[2].**.initialY,663.75m,,
General-0-20260518-22:50:21-16558,config,,,**.loRaNodes[3].**.initialX,602.66m,,
General-0-20260518-22:50:21-16558,config,,,**.loRaNodes[3].**.initialY,478.45m,,
General-0-20260518-22:50:21-16558,config,,,**.loRaNodes[4].**.initialX,470.31m,,
General-0-20260518-22:50:21-16558,config,,,**.loRaNodes[4].**.initialY,270.77m,,
General-0-20260518-22:50:21-16558,config,,,**.loRaNodes[5].**.initialX,595.43m,,
General-0-20260518-22:50:21-16558,config,,,**.loRaNodes[5].**.initialY,534.16m,,
General-0-20260518-22:50:21-16558,config,,,**.loRaNodes[6].**.initialX,622.07m,,
General-0-20260518-22:50:21-16558,config,,,**.loRaNodes[6].**.initialY,867.74m,,
General-0-20260518-22:50:21-16558,config,,,**.loRaNodes[7].**.initialX,607.24m,,
General-0-20260518-22:50:21-16558,config,,,**.loRaNodes[7].**.initialY,686.21m,,
General-0-20260518-22:50:21-16558,config,,,**.loRaNodes[8].**.initialX,345.10m,,
General-0-20260518-22:50:21-16558,config,,,**.loRaNodes[8].**.initialY,512.81m,,
General-0-20260518-22:50:21-16558,config,,,**.loRaNodes[9].**.initialX,482.55m,,
General-0-20260518-22:50:21-16558,config,,,**.loRaNodes[9].**.initialY,775.88m,,
General-0-20260518-22:50:21-16558,config,,,**.loRaNodes[10].**.initialX,726.69m,,
General-0-20260518-22:50:21-16558,config,,,**.loRaNodes[10].**.initialY,763.41m,,
General-0-20260518-22:50:21-16558,config,,,**.loRaNodes[11].**.initialX,412.27m,,
General-0-20260518-22:50:21-16558,config,,,**.loRaNodes[11].**.initialY,690.86m,,
General-0-20260518-22:50:21-16558,config,,,**.loRaNodes[12].**.initialX,598.04m,,
General-0-20260518-22:50:21-16558,config,,,**.loRaNodes[12].**.initialY,303.50m,,
General-0-20260518-22:50:21-16558,config,,,**.loRaNodes[13].**.initialX,381.55m,,
General-0-20260518-22:50:21-16558,config,,,**.loRaNodes[13].**.initialY,529.43m,,
General-0-20260518-22:50:21-16558,config,,,**.loRaNodes[14].**.initialX,813.05m,,
General-0-20260518-22:50:21-16558,config,,,**.loRaNodes[14].**.initialY,624.83m,,
General-0-20260518-22:50:21-16558,config,,,**.loRaNodes[15].**.initialX,680.24m,,
General-0-20260518-22:50:21-16558,config,,,**.loRaNodes[15].**.initialY,793.76m,,
General-0-20260518-22:50:21-16558,config,,,**.loRaNodes[16].**.initialX,632.33m,,
General-0-20260518-22:50:21-16558,config,,,**.loRaNodes[16].**.initialY,514.61m,,
General-0-20260518-22:50:21-16558,config,,,**.loRaNodes[17].**.initialX,672.67m,,
General-0-20260518-22:50:21-16558,config,,,**.loRaNodes[17].**.initialY,209.20m,,
General-0-20260518-22:50:21-16558,config,,,**.loRaNodes[18].**.initialX,708.69m,,
General-0-20260518-22:50:21-16558,config,,,**.loRaNodes[18].**.initialY,660.01m,,
General-0-20260518-22:50:21-16558,config,,,**.loRaNodes[19].**.initialX,263.17m,,
General-0-20260518-22:50:21-16558,config,,,**.loRaNodes[19].**.initialY,654.88m,,
General-0-20260518-22:50:21-16558,config,,,**.loRaNodes[20].**.initialX,416.55m,,
General-0-20260518-22:50:21-16558,config,,,**.loRaNodes[20].**.initialY,547.86m,,
General-0-20260518-22:50:21-16558,config,,,**.loRaNodes[21].**.initialX,600.99m,,
General-0-20260518-22:50:21-16558,config,,,**.loRaNodes[21].**.initialY,507.49m,,
General-0-20260518-22:50:21-16558,config,,,**.loRaNodes[22].**.initialX,447.01m,,
General-0-20260518-22:50:21-16558,config,,,**.loRaNodes[22].**.initialY,385.67m,,
General-0-20260518-22:50:21-16558,config,,,**.loRaNodes[23].**.initialX,341.83m,,
General-0-20260518-22:50:21-16558,config,,,**.loRaNodes[23].**.initialY,518.37m,,
General-0-20260518-22:50:21-16558,config,,,**.loRaNodes[24].**.initialX,651.41m,,
General-0-20260518-22:50:21-16558,config,,,**.loRaNodes[24].**.initialY,791.59m,,
General-0-20260518-22:50:21-16558,config,,,**.loRaNodes[25].**.initialX,600.52m,,
General-0-20260518-22:50:21-16558,config,,,**.loRaNodes[25].**.initialY,189.07m,,
General-0-20260518-22:50:21-16558,config,,,**.loRaNodes[26].**.initialX,823.31m,,
General-0-20260518-22:50:21-16558,config,,,**.loRaNodes[26].**.initialY,326.86m,,
General-0-20260518-22:50:21-16558,config,,,**.loRaNodes[27].**.initialX,792.91m,,
General-0-20260518-22:50:21-16558,config,,,**.loRaNodes[27].**.initialY,410.96m,,
General-0-20260518-22:50:21-16558,config,,,**.loRaNodes[28].**.initialX,580.15m,,
General-0-20260518-22:50:21-16558,config,,,**.loRaNodes[28].**.initialY,646.39m,,
General-0-20260518-22:50:21-16558,config,,,**.loRaNodes[29].**.initialX,508.62m,,
General-0-20260518-22:50:21-16558,config,,,**.loRaNodes[29].**.initialY,613.09m,,
General-0-20260518-22:50:21-16558,config,,,**.loRaNodes[30].**.initialX,513.57m,,
General-0-20260518-22:50:21-16558,config,,,**.loRaNodes[30].**.initialY,769.51m,,
General-0-20260518-22:50:21-16558,config,,,**.loRaNodes[31].**.initialX,337.46m,,
General-0-20260518-22:50:21-16558,config,,,**.loRaNodes[31].**.initialY,804.29m,,
General-0-20260518-22:50:21-16558,config,,,**.loRaNodes[32].**.initialX,357.46m,,
General-0-20260518-22:50:21-16558,config,,,**.loRaNodes[32].**.initialY,492.72m,,
General-0-20260518-22:50:21-16558,config,,,**.loRaNodes[33].**.initialX,588.14m,,
General-0-20260518-22:50:21-16558,config,,,**.loRaNodes[33].**.initialY,414.28m,,
General-0-20260518-22:50:21-16558,config,,,**.loRaNodes[34].**.initialX,643.32m,,
General-0-20260518-22:50:21-16558,config,,,**.loRaNodes[34].**.initialY,535.80m,,
General-0-20260518-22:50:21-16558,config,,,**.loRaNodes[35].**.initialX,645.58m,,
General-0-20260518-22:50:21-16558,config,,,**.loRaNodes[35].**.initialY,848.24m,,
General-0-20260518-22:50:21-16558,config,,,**.loRaNodes[36].**.initialX,554.84m,,
General-0-20260518-22:50:21-16558,config,,,**.loRaNodes[36].**.initialY,519.14m,,
General-0-20260518-22:50:21-16558,config,,,**.loRaNodes[37].**.initialX,503.64m,,
General-0-20260518-22:50:21-16558,config,,,**.loRaNodes[37].**.initialY,239.79m,,
General-0-20260518-22:50:21-16558,config,,,**.loRaNodes[38].**.initialX,830.48m,,
General-0-20260518-22:50:21-16558,config,,,**.loRaNodes[38].**.initialY,687.81m,,
General-0-20260518-22:50:21-16558,config,,,**.loRaNodes[39].**.initialX,707.13m,,
General-0-20260518-22:50:21-16558,config,,,**.loRaNodes[39].**.initialY,689.41m,,
General-0-20260518-22:50:21-16558,config,,,**.loRaNodes[0].**initialLoRaSF,10,,
General-0-20260518-22:50:21-16558,config,,,**.loRaNodes[0].**initialLoRaTP,14dBm,,
General-0-20260518-22:50:21-16558,config,,,**.loRaNodes[1].**initialLoRaSF,12,,
General-0-20260518-22:50:21-16558,config,,,**.loRaNodes[1].**initialLoRaTP,14dBm,,
General-0-20260518-22:50:21-16558,config,,,**.loRaNodes[2].**initialLoRaSF,9,,
General-0-20260518-22:50:21-16558,config,,,**.loRaNodes[2].**initialLoRaTP,14dBm,,
General-0-20260518-22:50:21-16558,config,,,**.loRaNodes[3].**initialLoRaSF,8,,
General-0-20260518-22:50:21-16558,config,,,**.loRaNodes[3].**initialLoRaTP,14dBm,,
General-0-20260518-22:50:21-16558,config,,,**.loRaNodes[4].**initialLoRaSF,11,,
General-0-20260518-22:50:21-16558,config,,,**.loRaNodes[4].**initialLoRaTP,14dBm,,
General-0-20260518-22:50:21-16558,config,,,**.loRaNodes[5].**initialLoRaSF,7,,
General-0-20260518-22:50:21-16558,config,,,**.loRaNodes[5].**initialLoRaTP,11dBm,,
General-0-20260518-22:50:21-16558,config,,,**.loRaNodes[6].**initialLoRaSF,12,,
General-0-20260518-22:50:21-16558,config,,,**.loRaNodes[6].**initialLoRaTP,14dBm,,
General-0-20260518-22:50:21-16558,config,,,**.loRaNodes[7].**initialLoRaSF,9,,
General-0-20260518-22:50:21-16558,config,,,**.loRaNodes[7].**initialLoRaTP,14dBm,,
General-0-20260518-22:50:21-16558,config,,,**.loRaNodes[8].**initialLoRaSF,10,,
General-0-20260518-22:50:21-16558,config,,,**.loRaNodes[8].**initialLoRaTP,14dBm,,
General-0-20260518-22:50:21-16558,config,,,**.loRaNodes[9].**initialLoRaSF,11,,
General-0-20260518-22:50:21-16558,config,,,**.loRaNodes[9].**initialLoRaTP,14dBm,,
General-0-20260518-22:50:21-16558,config,,,**.loRaNodes[10].**initialLoRaSF,11,,
General-0-20260518-22:50:21-16558,config,,,**.loRaNodes[10].**initialLoRaTP,14dBm,,
General-0-20260518-22:50:21-16558,config,,,**.loRaNodes[11].**initialLoRaSF,10,,
General-0-20260518-22:50:21-16558,config,,,**.loRaNodes[11].**initialLoRaTP,14dBm,,
General-0-20260518-22:50:21-16558,config,,,**.loRaNodes[12].**initialLoRaSF,11,,
General-0-20260518-22:50:21-16558,config,,,**.loRaNodes[12].**initialLoRaTP,14dBm,,
General-0-20260518-22:50:21-16558,config,,,**.loRaNodes[13].**initialLoRaSF,9,,
General-0-20260518-22:50:21-16558,config,,,**.loRaNodes[13].**initialLoRaTP,14dBm,,
General-0-20260518-22:50:21-16558,config,,,**.loRaNodes[14].**initialLoRaSF,11,,
General-0-20260518-22:50:21-16558,config,,,**.loRaNodes[14].**initialLoRaTP,14dBm,,
General-0-20260518-22:50:21-16558,config,,,**.loRaNodes[15].**initialLoRaSF,11,,
General-0-20260518-22:50:21-16558,config,,,**.loRaNodes[15].**initialLoRaTP,14dBm,,
General-0-20260518-22:50:21-16558,config,,,**.loRaNodes[16].**initialLoRaSF,8,,
General-0-20260518-22:50:21-16558,config,,,**.loRaNodes[16].**initialLoRaTP,14dBm,,
General-0-20260518-22:50:21-16558,config,,,**.loRaNodes[17].**initialLoRaSF,12,,
General-0-20260518-22:50:21-16558,config,,,**.loRaNodes[17].**initialLoRaTP,14dBm,,
General-0-20260518-22:50:21-16558,config,,,**.loRaNodes[18].**initialLoRaSF,10,,
General-0-20260518-22:50:21-16558,config,,,**.loRaNodes[18].**initialLoRaTP,14dBm,,
General-0-20260518-22:50:21-16558,config,,,**.loRaNodes[19].**initialLoRaSF,12,,
General-0-20260518-22:50:21-16558,config,,,**.loRaNodes[19].**initialLoRaTP,14dBm,,
General-0-20260518-22:50:21-16558,config,,,**.loRaNodes[20].**initialLoRaSF,9,,
General-0-20260518-22:50:21-16558,config,,,**.loRaNodes[20].**initialLoRaTP,14dBm,,
General-0-20260518-22:50:21-16558,config,,,**.loRaNodes[21].**initialLoRaSF,7,,
General-0-20260518-22:50:21-16558,config,,,**.loRaNodes[21].**initialLoRaTP,14dBm,,
General-0-20260518-22:50:21-16558,config,,,**.loRaNodes[22].**initialLoRaSF,10,,
General-0-20260518-22:50:21-16558,config,,,**.loRaNodes[22].**initialLoRaTP,14dBm,,
General-0-20260518-22:50:21-16558,config,,,**.loRaNodes[23].**initialLoRaSF,10,,
General-0-20260518-22:50:21-16558,config,,,**.loRaNodes[23].**initialLoRaTP,14dBm,,
General-0-20260518-22:50:21-16558,config,,,**.loRaNodes[24].**initialLoRaSF,11,,
General-0-20260518-22:50:21-16558,config,,,**.loRaNodes[24].**initialLoRaTP,14dBm,,
General-0-20260518-22:50:21-16558,config,,,**.loRaNodes[25].**initialLoRaSF,12,,
General-0-20260518-22:50:21-16558,config,,,**.loRaNodes[25].**initialLoRaTP,14dBm,,
General-0-20260518-22:50:21-16558,config,,,**.loRaNodes[26].**initialLoRaSF,12,,
General-0-20260518-22:50:21-16558,config,,,**.loRaNodes[26].**initialLoRaTP,14dBm,,
General-0-20260518-22:50:21-16558,config,,,**.loRaNodes[27].**initialLoRaSF,11,,
General-0-20260518-22:50:21-16558,config,,,**.loRaNodes[27].**initialLoRaTP,14dBm,,
General-0-20260518-22:50:21-16558,config,,,**.loRaNodes[28].**initialLoRaSF,8,,
General-0-20260518-22:50:21-16558,config,,,**.loRaNodes[28].**initialLoRaTP,14dBm,,
General-0-20260518-22:50:21-16558,config,,,**.loRaNodes[29].**initialLoRaSF,7,,
General-0-20260518-22:50:21-16558,config,,,**.loRaNodes[29].**initialLoRaTP,14dBm,,
General-0-20260518-22:50:21-16558,config,,,**.loRaNodes[30].**initialLoRaSF,10,,
General-0-20260518-22:50:21-16558,config,,,**.loRaNodes[30].**initialLoRaTP,14dBm,,
General-0-20260518-22:50:21-16558,config,,,**.loRaNodes[31].**initialLoRaSF,12,,
General-0-20260518-22:50:21-16558,config,,,**.loRaNodes[31].**initialLoRaTP,14dBm,,
General-0-20260518-22:50:21-16558,config,,,**.loRaNodes[32].**initialLoRaSF,10,,
General-0-20260518-22:50:21-16558,config,,,**.loRaNodes[32].**initialLoRaTP,14dBm,,
General-0-20260518-22:50:21-16558,config,,,**.loRaNodes[33].**initialLoRaSF,9,,
General-0-20260518-22:50:21-16558,config,,,**.loRaNodes[33].**initialLoRaTP,14dBm,,
General-0-20260518-22:50:21-16558,config,,,**.loRaNodes[34].**initialLoRaSF,8,,
General-0-20260518-22:50:21-16558,config,,,**.loRaNodes[34].**initialLoRaTP,14dBm,,
General-0-20260518-22:50:21-16558,config,,,**.loRaNodes[35].**initialLoRaSF,12,,
General-0-20260518-22:50:21-16558,config,,,**.loRaNodes[35].**initialLoRaTP,14dBm,,
General-0-20260518-22:50:21-16558,config,,,**.loRaNodes[36].**initialLoRaSF,7,,
General-0-20260518-22:50:21-16558,config,,,**.loRaNodes[36].**initialLoRaTP,5dBm,,
General-0-20260518-22:50:21-16558,config,,,**.loRaNodes[37].**initialLoRaSF,12,,
General-0-20260518-22:50:21-16558,config,,,**.loRaNodes[37].**initialLoRaTP,14dBm,,
General-0-20260518-22:50:21-16558,config,,,**.loRaNodes[38].**initialLoRaSF,12,,
General-0-20260518-22:50:21-16558,config,,,**.loRaNodes[38].**initialLoRaTP,14dBm,,
General-0-20260518-22:50:21-16558,config,,,**.loRaNodes[39].**initialLoRaSF,10,,
General-0-20260518-22:50:21-16558,config,,,**.loRaNodes[39].**initialLoRaTP,14dBm,,
General-0-20260518-22:50:21-16558,config,,,**.vector-recording,true,,
General-0-20260518-22:50:21-16558,config,,,**.loRaGW[*].packetForwarder.highQueueLength.vector-recording,true,,
General-0-20260518-22:50:21-16558,config,,,**.loRaGW[*].packetForwarder.lowQueueLength.vector-recording,true,,
General-0-20260518-22:50:21-16558,config,,,**.networkServer.app[0].delaySignal.vector-recording,true,,
General-0-20260518-22:50:21-16558,config,,,**.loRaNodes[*].app[0].packetsSent:scalar,true,,
General-0-20260518-22:50:21-16558,config,,,**.networkServer.app[0].totalReceivedPackets:scalar,true,,
General-0-20260518-22:50:21-16558,config,,,**.loRaGW[*].**.packetDropRate:scalar,true,,
General-0-20260518-22:50:21-16558,vector,LoRaNetworkTest.loRaGW[0].packetForwarder,highQueueLength:vector,,,"7244.60252197669 7244.60252197669 7626.20971604477 7626.20971604477 7704.12740997154 7704.12740997154 8050.01788952386 8050.01788952386 8504.57905330607 8504.57905330607 8609.25563525424 8609.25563525424 8724.80390018582 8724.80390018582 8750.97315930408 8750.97315930408 9097.29211234762 9097.29211234762 9249.15246726863 9249.15246726863 9312.88888214395 9312.88888214395 9417.22837369472 9417.22837369472 9672.56783101618 9672.56783101618 9845.82294471993 9845.82294471993 9918.17087748086 9918.17087748086 9977.08195163187 9977.08195163187 10000.34069624239 10000.34069624239 10420.16050529751 10420.16050529751 10577.31880634938 10577.31880634938 10752.3392029479 10752.3392029479 10773.88209182907 10773.88209182907 10860.31579636674 10860.31579636674 10943.42181929242 10943.42181929242 11089.56392340375 11089.56392340375 11157.44804735621 11157.44804735621 11240.34171007678 11240.34171007678 11305.88380327065 11305.88380327065 11348.58282369666 11348.58282369666 11522.96545954604 11522.96545954604 11578.23252387183 11578.23252387183 11606.5641446333 11606.5641446333 11652.91178980717 11652.91178980717 11822.15354853748 11822.15354853748 12102.53189001454 12102.53189001454 12211.16967288124 12211.16967288124 12279.76715597031 12279.76715597031 12372.51463905616 12372.51463905616 12429.39746456561 12429.39746456561 12612.5373236023 12612.5373236023 12624.38296342384 12632.5373236023 12678.39134397528 12678.39134397528 12759.83907776045 12759.83907776045 12789.3438693323 12789.3438693323 12799.20334447974 12809.3438693323 13169.66774840559 13169.66774840559 13638.46428042772 13638.46428042772 13794.91344636891 13794.91344636891 13817.73765855975 13817.73765855975 13843.96360280575 13843.96360280575 13866.61332474878 13866.61332474878 13946.72546379028 13946.72546379028 13966.77154534711 13966.77154534711 14212.04917730957 14212.04917730957 14491.546064083 14491.546064083 14552.63116171551 14552.63116171551 14844.72075882983 14844.72075882983 14876.61792457151 14876.61792457151 15215.18880385385 15215.18880385385 15259.09533219856 15259.09533219856 15364.39556043876 15364.39556043876 15403.47318488025 15403.47318488025 15630.01469903973 15630.01469903973 15765.85606273892 15765.85606273892 16329.18601313688 16329.18601313688 16491.71307670439 16491.71307670439 16598.42989893244 16598.42989893244 16747.74624408813 16747.74624408813 16766.55693915438 16767.74624408813 16831.36340016165 16831.36340016165 16871.71069625559 16871.71069625559 16951.83468621556 16951.83468621556 16965.3679663208 16971.83468621556 16978.11979756455 16991.83468621556 17056.4426565085 17056.4426565085 17094.11063023767 17094.11063023767 17755.88930546018 17755.88930546018 17816.21035185893 17816.21035185893 17817.96075363779 17836.21035185893 18144.99476071979 18144.99476071979 18155.74457781424 18164.99476071979 18297.83344487256 18297.83344487256 18706.81589522748 18706.81589522748 18733.89786528666 18733.89786528666 18819.04956069927 18819.04956069927 19071.71433281017 19071.71433281017 19185.76075562898 19185.76075562898 19313.06345430917 19313.06345430917 19806.48825396606 19806.48825396606 19849.43625594163 19849.43625594163 19892.62522410379 19892.62522410379 19918.54428198032 19918.54428198032 19965.581158705 19965.581158705 20196.14478874102 20196.14478874102 20513.30414022876 20513.30414022876 20521.21036337113 20533.30414022876 20942.79457147546 20942.79457147546 21062.29037024086 21062.29037024086 21086.64566453583 21086.64566453583 21114.30030194337 21114.30030194337 21142.6574647408 21142.6574647408 21732.04179430822 21732.04179430822 22337.4663332415 22337.4663332415 22428.696121595 22428.696121595 22436.56331892482 22448.696121595 22629.96466814241 22629.96466814241 22747.10980811378 22747.10980811378 23311.89974416368 23311.89974416368 23321.25249121992 23331.89974416368 23417.80503891328 23417.80503891328 23572.17086706716 23572.17086706716 24020.4301831856 24020.4301831856 24191.67332574013 24191.67332574013 24286.8677779121 24286.8677779121 24602.1117671654 24602.1117671654 24748.41616308589 24748.41616308589 24791.41277147906 24791.41277147906 25233.95777578026 25233.95777578026 25433.53361465779 25433.53361465779 25534.95251648654 25534.95251648654 25587.90770426836 25587.90770426836 25667.06940486644 25667.06940486644 25920.61594627757 25920.61594627757 26153.97446901924 26153.97446901924 26267.49268148181 26267.49268148181 26282.38541953021 26287.49268148181 26532.41078619774 26532.41078619774 26978.64703406927 26978.64703406927 27247.30269259577 27247.30269259577 27264.65774256438 27267.30269259577 27401.17506432415 27401.17506432415 27805.47448142855 27805.47448142855 27871.88495785905 27871.88495785905 27887.4901486824 27891.88495785905 27967.03334096388 27967.03334096388 28327.33098412615 28327.33098412615 28520.501030007 28520.501030007 29068.94331782412 29068.94331782412 29079.09587015248 29088.94331782412 29128.26608949582 29133.39811824908 29352.98141036575 29352.98141036575 29524.43415090946 29524.43415090946 29565.3018926139 29565.3018926139 29667.44423224206 29667.44423224206 29674.4652011835 29687.44423224206 29876.44534743754 29876.44534743754 29985.89509243863 29985.89509243863 30096.70817964649 30096.70817964649 30122.3756987185 30122.3756987185 30135.92920471887 30142.3756987185 30315.49790253761 30315.49790253761 30663.4010288406 30663.4010288406 30685.67239586676 30685.67239586676 30876.24281533684 30876.24281533684 31001.81345130544 31001.81345130544 31126.37356263249 31126.37356263249 31242.58571336393 31242.58571336393 31315.77465166022 31315.77465166022 31391.48888135602 31391.48888135602 32165.6477384737 32165.6477384737 32226.09377813549 32226.09377813549 32617.13882006566 32617.13882006566 32633.58591302707 32637.13882006566 32693.70885273385 32693.70885273385 32966.92512673428 32966.92512673428 33030.52968934554 33030.52968934554 33172.93706408874 33172.93706408874 33430.82579221719 33430.82579221719 33485.29670371181 33485.29670371181 33503.52771464413 33505.29670371181 33536.43066877487 33536.43066877487 33856.45087911681 33856.45087911681 33934.62585049575 33934.62585049575 33972.93660340691 33972.93660340691 34087.1045955541 34087.1045955541 34107.78226907447 34107.78226907447 34332.92067892793 34337.51122829036 34634.83669853786 34634.83669853786 34682.93153040902 34682.93153040902 34831.37685641984 34831.37685641984 35031.58650058032 35031.58650058032 35195.38980611345 35195.38980611345 35435.82090659225 35435.82090659225 35476.41166685306 35476.41166685306 35640.9910987652 35640.9910987652 35981.33391260906 35981.33391260906 36252.78785510111 36252.78785510111 36266.95779245484 36272.78785510111 36328.57726334955 36328.57726334955 36555.35545799689 36555.35545799689 36594.28844665917 36594.28844665917 36668.80232370837 36668.80232370837 37053.49431916206 37053.49431916206 37065.28787706523 37073.49431916206 37183.18755340122 37183.18755340122 37292.43194349963 37292.43194349963 37505.80004938642 37505.80004938642 37848.49108282029 37848.49108282029 37949.21799175762 37949.21799175762 38018.51146426711 38018.51146426711 38289.54773110506 38289.54773110506 38460.08438230764 38460.08438230764 38816.89833012423 38816.89833012423 38859.23722363484 38859.23722363484 39333.94863312286 39333.94863312286 39351.65703419581 39353.94863312286 39706.82876053406 39706.82876053406 40140.51418737288 40140.51418737288 40840.87091644781 40840.87091644781 40896.2475042108 40896.2475042108 41041.11944011431 41041.11944011431 41443.68843546865 41443.68843546865 41481.17373262342 41481.17373262342 41610.12534760463 41610.12534760463 41699.05493525895 41699.05493525895 41757.7721838344 41757.7721838344 41905.17383511118 41905.17383511118 41925.62540362191 41925.62540362191 42014.43593413782 42014.43593413782 42107.38126803757 42107.38126803757 42229.57384195133 42229.57384195133 42266.11415707763 42266.11415707763 42310.2766239787 42310.2766239787 42331.04272677191 42331.04272677191 42384.91424625289 42384.91424625289 42584.14923956137 42584.14923956137 42784.37230648332 42784.37230648332 43020.84279490394 43020.84279490394 43119.43323618889 43119.43323618889 43363.92621637736 43363.92621637736 43488.07940009761 43488.07940009761 43573.52985155521 43573.52985155521 43700.46138307462 43700.46138307462 43720.72014900449 43720.72014900449 43732.06945695557 43740.72014900449 43975.56508069696 43975.56508069696 44350.82394862963 44350.82394862963 44433.63714564279 44433.63714564279 44685.86736836254 44685.86736836254 45255.23619785366 45255.23619785366 45553.93588958673 45553.93588958673 45874.57605889914 45874.57605889914 45901.85587345542 45901.85587345542 46086.76577320508 46086.76577320508 46265.40961430336 46265.40961430336 46335.76022997026 46335.76022997026 46356.30163573041 46356.30163573041 46865.21973530853 46865.21973530853 47179.94487712325 47179.94487712325 47266.71138741605 47266.71138741605 47306.63094975238 47306.63094975238 47344.47684757777 47344.47684757777 47448.21539578459 47448.21539578459 47449.89424766306 47468.21539578459 47579.05000374971 47579.05000374971 47849.61648405065 47849.61648405065 48116.82020925009 48116.82020925009 48127.40225829171 48136.82020925009 48208.57209131795 48208.57209131795 48275.64004505515 48275.64004505515 48400.01338708301 48400.01338708301 48791.07373031794 48791.07373031794 48824.38326177294 48824.38326177294 49040.15799909457 49040.15799909457 49101.22890651819 49101.22890651819 49251.75665607716 49251.75665607716 49255.07427099329 49271.75665607716 49597.76001751616 49597.76001751616 49892.92825925035 49892.92825925035 49965.03145986263 49965.03145986263 50125.98665806017 50125.98665806017 50243.36162778577 50243.36162778577 50338.11167174964 50338.11167174964 51021.80280889327 51021.80280889327 51240.66947546254 51240.66947546254 51402.51793232718 51402.51793232718 51528.30889850105 51528.30889850105 51816.46825625153 51816.46825625153 52068.92646932762 52068.92646932762 52370.09386016709 52370.09386016709 52584.87321829775 52584.87321829775 52598.6570640025 52604.87321829775 52625.21493169724 52625.21493169724 52768.63668813285 52768.63668813285 52810.18864548924 52810.18864548924 52825.20587266725 52830.18864548924 52896.80544292462 52896.80544292462 53092.88512598468 53092.88512598468 53418.21054940261 53418.21054940261 53627.20784670022 53627.20784670022 53678.37992325575 53678.37992325575 53729.534568354 53729.534568354 53731.150056962 53749.534568354 53866.47095372857 53866.47095372857 53945.82659046408 53945.82659046408 54108.61260700204 54108.61260700204 54226.59134517872 54226.59134517872 54301.69149400184 54301.69149400184 54418.63279564837 54418.63279564837 54640.86077573532 54640.86077573532 54803.85307691529 54803.85307691529 54833.0242397546 54833.0242397546 54840.85642782385 54853.0242397546 55235.26951743279 55235.26951743279 55292.87048662591 55292.87048662591 55441.71943396421 55441.71943396421 55541.9748435174 55541.9748435174 55657.44257085975 55657.44257085975 55863.22724498952 55863.22724498952 56461.64442939901 56461.64442939901 56507.18147216721 56507.18147216721 56566.54685794225 56566.54685794225 56621.9655945766 56621.9655945766 56797.40191367404 56797.40191367404 56902.33263847602 56902.33263847602 56959.35172051692 56959.35172051692 57119.67093282316 57119.67093282316 57251.01101970624 57251.01101970624 57343.32543000722 57343.32543000722 57385.32137764776 57385.32137764776 57638.52731141127 57638.52731141127 58018.75345803343 58018.75345803343 58217.69247593214 58217.69247593214 58270.216851891 58270.216851891 58406.62129058817 58406.62129058817 58546.73304733838 58546.73304733838 58813.28580351554 58813.28580351554 59016.39389581553 59016.39389581553 59414.44356431194 59414.44356431194 60182.59207506374 60182.59207506374 60364.38844035173 60364.38844035173 60372.66740118068 60384.38844035173 60502.95549086419 60502.95549086419 60790.50799790402 60790.50799790402 60924.52902307706 60924.52902307706 61016.24876414536 61016.24876414536 61259.84972290157 61259.84972290157 61283.18757749805 61283.18757749805 61483.84298600368 61483.84298600368 61549.1545272451 61549.1545272451 61609.87654618785 61609.87654618785 61636.32708575569 61636.32708575569 61809.82555961463 61809.82555961463 61914.60111185139 61914.60111185139 62162.2703857765 62162.2703857765 62915.17166505442 62915.17166505442 62996.78532292683 62996.78532292683 63078.70120635293 63078.70120635293 63518.36787249396 63518.36787249396 63536.47372721144 63538.36787249396 63921.89346030581 63921.89346030581 63990.96943990861 63990.96943990861 64243.18642533511 64243.18642533511 64430.06748574795 64430.06748574795 64484.65830192112 64484.65830192112 64627.66557414473 64627.66557414473 64684.98483702553 64684.98483702553 64720.93455116584 64720.93455116584 64815.43872979041 64815.43872979041 64919.65615799558 64919.65615799558 65489.27856595308 65489.27856595308 65579.75334334455 65579.75334334455 65580.5220531386 65599.75334334455 65658.94573955692 65658.94573955692 65679.25074770041 65679.25074770041 65762.89653936346 65762.89653936346 65795.7179044886 65795.7179044886 65933.64470201021 65933.64470201021 66001.08683660393 66001.08683660393 66290.24328121815 66290.24328121815 66434.25919537056 66434.25919537056 66524.47255654468 66524.47255654468 66554.35722060248 66554.35722060248 66777.80387814261 66777.80387814261 66896.51741033892 66896.51741033892 66924.79506540897 66924.79506540897 67167.47138226314 67167.47138226314 67236.65654083403 67236.65654083403 67309.45213572053 67309.45213572053 67328.77923171098 67329.45213572053 67526.91912489686 67526.91912489686 68039.58752841308 68039.58752841308 68149.60557826504 68149.60557826504 68155.38861472054 68169.60557826504 68237.6176548116 68237.6176548116 68325.08961058314 68325.08961058314 68426.87835730117 68426.87835730117 68584.88888703968 68584.88888703968 68614.77028848215 68614.77028848215 68645.92136917332 68645.92136917332 68767.02174382287 68768.4261260388 68786.12571238815 68788.4261260388 69142.05504252171 69142.05504252171 69183.2179511432 69183.2179511432 69295.22268500058 69295.22268500058 69302.67697272505 69315.22268500058 69434.48996068076 69434.48996068076 69457.56647032725 69457.56647032725 69682.15577669476 69682.15577669476 70063.08092058246 70063.08092058246 70090.51625836844 70090.51625836844 70164.00441452485 70164.00441452485 70297.46356969783 70297.46356969783 70403.01031093543 70403.01031093543 70446.20915466903 70446.20915466903 70641.28717848188 70641.28717848188 70991.36208266883 70991.36208266883 71050.01615380208 71050.01615380208 71504.83870647721 71504.83870647721 71705.26754451129 71705.26754451129 71818.94439706002 71818.94439706002 71930.44726936886 71930.44726936886 71945.34049521003 71950.44726936886 72174.06803589769 72174.06803589769 72365.39283270196 72365.39283270196 72547.97573586743 72547.97573586743 72552.22962793388 72567.97573586743 72626.53538093431 72626.53538093431 72736.44452687572 72736.44452687572 72736.85870969289 72756.44452687572 72827.04467513423 72827.04467513423 73223.76522985567 73223.76522985567 73233.37913395796 73243.76522985567 73576.83819149788 73576.83819149788 73730.39137340078 73730.39137340078 73744.59947041514 73750.39137340078 74502.7932461837 74502.7932461837 74597.19352625693 74597.19352625693 75022.79900128394 75022.79900128394 75318.75845625363 75318.75845625363 75771.11171486964 75771.11171486964 75850.36671713906 75850.36671713906 76276.82753572473 76276.82753572473 76280.13279321639 76296.82753572473 76352.31591937163 76352.31591937163 76603.602367382 76603.602367382 76633.05436343661 76633.05436343661 76715.27921540297 76715.27921540297 76952.48442601311 76952.48442601311 77020.9684429231 77020.9684429231 77107.2904106756 77107.2904106756 77251.21255571125 77251.21255571125 77321.50140536613 77321.50140536613 77453.10348206164 77453.10348206164 77464.87579954337 77473.10348206164 77818.15524776512 77818.15524776512 78706.50440272695 78706.50440272695 78990.14713236143 78990.14713236143 79157.22526489859 79157.22526489859 79231.23526898675 79231.23526898675 79291.66976055952 79291.66976055952 79444.06391155936 79444.06391155936 79500.51337014894 79500.51337014894 79505.35000438166 79520.51337014894 79531.65067389724 79540.51337014894 79583.85659135905 79583.85659135905 79981.87489935112 79981.87489935112 80191.17765709613 80191.17765709613 80269.96293622869 80269.96293622869 80329.180963277 80329.180963277 80339.43626813129 80349.180963277 80416.59388136735 80416.59388136735 80631.83974323118 80631.83974323118 81168.56225812815 81168.56225812815 81258.1497754655 81258.1497754655 81489.66586675873 81489.66586675873 82238.86670867042 82238.86670867042 82324.9637007008 82324.9637007008 82410.07631430558 82410.07631430558 82422.19122799937 82430.07631430558 82807.33745749375 82807.33745749375 82909.235203921 82909.235203921 82910.59342326991 82929.235203921 82993.3396790236 82993.3396790236 83033.14108495034 83033.14108495034 83292.77909670331 83292.77909670331 83452.46656723806 83452.46656723806 83777.74645486244 83777.74645486244 83989.69944536741 83989.69944536741 84106.45650966257 84106.45650966257 84108.33695171867 84126.45650966257 84286.43007553039 84286.43007553039 84427.55155368706 84427.55155368706 84913.43345768929 84913.43345768929 84996.03767562753 84996.03767562753 85023.95072453065 85023.95072453065 85069.22452977892 85069.22452977892 85195.38291484749 85195.38291484749 85544.13989580464 85544.13989580464 85800.67030960576 85800.67030960576 86452.97683793808 86452.97683793808 87008.55204160103 87008.55204160103 87367.79976409325 87367.79976409325 87475.33911577033 87475.33911577033 87579.55800939022 87579.55800939022 87751.79806722885 87751.79806722885 87917.24847754636 87917.24847754636 88072.26934072292 88072.26934072292 88224.27246261205 88224.27246261205 88544.60263248795 88544.60263248795 88696.64740526287 88696.64740526287 88864.76252888292 88864.76252888292 88993.35166755822 88993.35166755822 89000.00464506827 89013.35166755822 89099.08030830205 89117.44404677754 89206.03397033064 89206.03397033064 89260.08168803167 89260.08168803167 89300.96023340556 89300.96023340556 90593.67893145327 90593.67893145327 91226.75837562658 91226.75837562658 91318.66569552265 91318.66569552265 91609.48654305714 91609.48654305714 91950.37575961004 91950.37575961004 91969.06985720445 91970.37575961004 92089.89341809082 92089.89341809082 92434.33548250786 92434.33548250786 92637.13845156114 92637.13845156114 92703.78052067888 92703.78052067888 92920.86892488382 92920.86892488382 92939.6782171769 92940.86892488382 93008.69297033738 93008.69297033738 93083.93998176757 93083.93998176757 93752.77645327839 93752.77645327839 93937.02152950014 93937.02152950014 94126.00914108242 94126.00914108242 94346.61384923533 94346.61384923533 94439.66799371267 94439.66799371267 94627.16180618788 94627.16180618788 94837.59311273304 94837.59311273304 95894.76036153688 95894.76036153688 96217.15317200798 96217.15317200798 96482.12492941223 96482.12492941223 96641.48636504421 96641.48636504421 96894.52906507026 96894.52906507026 96944.0152062017 96944.0152062017 97399.3832049823 97399.3832049823 97490.02760999411 97490.02760999411 97880.97012572998 97880.97012572998 98024.21636334093 98024.21636334093 98734.53063432001 98734.53063432001 98766.68604032103 98766.68604032103 99516.7615215678 99516.7615215678 99583.68133980038 99583.68133980038 100068.99830983065 100068.99830983065 100325.7580774419 100325.7580774419 100363.9632745202 100363.9632745202 100805.57373610127 100805.57373610127 100867.58550533259 100867.58550533259 100997.12561481066 100997.12561481066 101152.96993494233 101152.96993494233 101289.76700472656 101289.76700472656 101441.45409294014 101441.45409294014 101485.38584021839 101485.38584021839 101763.49552799563 101763.49552799563 101806.99083282477 101806.99083282477 102305.67806965039 102305.67806965039 102379.21622749516 102379.21622749516 102380.794458315 102399.21622749516 102918.9842616488 102918.9842616488 103151.55961309905 103151.55961309905 103227.84460538768 103227.84460538768 103618.98816330388 103618.98816330388 103709.25718874185 103709.25718874185 103743.75486276785 103743.75486276785 103780.50182596358 103780.50182596358 104189.20659531925 104189.20659531925 104634.25841029457 104634.25841029457 105073.25321929701 105073.25321929701 105511.13725708292 105511.13725708292 105683.85822392714 105683.85822392714 106054.65564593343 106054.65564593343 106190.14780009008 106190.14780009008 106233.24947758555 106233.24947758555 106565.2710580155 106565.2710580155 106578.35876955144 106585.2710580155 106755.68943854701 106755.68943854701 106802.17333487296 106802.17333487296 106811.05206905128 106822.17333487296 107124.49094391422 107124.49094391422 107301.9811142311 107301.9811142311 107629.90246065457 107629.90246065457 107764.05772682717 107764.05772682717 107929.03297406685 107929.03297406685 108270.64196335502 108270.64196335502 108280.37149394794 108290.64196335502 108585.00150394138 108585.00150394138 108688.74165836496 108688.74165836496 108744.07075522024 108744.07075522024 108982.84026447929 108982.84026447929 109162.10273291375 109162.10273291375 109302.55604615083 109302.55604615083 109450.96105510229 109450.96105510229 109855.40142044172 109855.40142044172 109905.67841959626 109905.67841959626 109983.64493178259 109983.64493178259 110162.01507304405 110162.01507304405 110458.96489280861 110458.96489280861 111144.48729089908 111144.48729089908 111159.32353041255 111164.48729089908 111190.92641036895 111190.92641036895 111239.30216957152 111239.30216957152 111717.50863393663 111717.50863393663 112114.27165232231 112114.27165232231 112411.40890915086 112411.40890915086 112553.18641988156 112553.18641988156 112729.38992894431 112729.38992894431 112903.74634445024 112903.74634445024 113020.9408180711 113020.9408180711 113558.50775724942 113558.50775724942 113599.95504062125 113599.95504062125 113984.68856304544 113984.68856304544 114251.5005271142 114251.5005271142 114412.12851047719 114412.12851047719 114838.31407153607 114838.31407153607 114846.44121142971 114858.31407153607 115327.88554041477 115327.88554041477 115369.56552012647 115369.56552012647 115480.02735855217 115480.02735855217 115549.14588429467 115549.14588429467 115723.0708434382 115723.0708434382 116000.67364707553 116000.67364707553 116090.41790339657 116090.41790339657 116109.45087574564 116110.41790339657 116331.4714248306 116331.4714248306 116447.77055113003 116447.77055113003 116632.88759697961 116632.88759697961 116640.27060859304 116652.88759697961 116681.77288759391 116681.77288759391 116799.78521237617 116799.78521237617 117137.84628062745 117137.84628062745 117653.14777764674 117653.14777764674 118207.57280987032 118207.57280987032 118974.27140410184 118974.27140410184 119125.17072530393 119125.17072530393 119147.61593090375 119147.61593090375 119484.31602700285 119484.31602700285 119858.34961932421 119858.34961932421 119952.20415633199 119952.20415633199 119984.76893479328 119984.76893479328 120171.55646079608 120171.55646079608 120571.88708541858 120571.88708541858 120922.02835045645 120922.02835045645 121273.1386651268 121273.1386651268 121300.7328857505 121300.7328857505 121680.6060749886 121680.6060749886 121743.58848722663 121743.58848722663 121866.18698359426 121866.18698359426 122125.5847274997 122125.5847274997 122467.95401543726 122467.95401543726 122577.40768010469 122577.40768010469 122680.24256116157 122680.24256116157 122746.04854593684 122746.04854593684 122843.57911973405 122843.57911973405 122936.5323154699 122936.5323154699 122958.89833981191 122958.89833981191 123202.70712833042 123202.70712833042 123417.45286693369 123417.45286693369 123436.62519716202 123437.45286693369 123564.45817008377 123564.45817008377 123831.17538542957 123831.17538542957 123925.7820914855 123925.7820914855 124189.44790730938 124189.44790730938 124208.67048470196 124209.44790730938 124406.84097497633 124406.84097497633 124922.60909383668 124922.60909383668 125259.6058579366 125259.6058579366 125558.17221450521 125558.17221450521 125562.32034952823 125578.17221450521 125670.07441955909 125670.07441955909 125822.62420298907 125822.62420298907 125937.78572892623 125937.78572892623 125985.37491920557 125985.37491920557 126145.48437106554 126145.48437106554 126412.55751938511 126412.55751938511 126540.04060658255 126540.04060658255 126635.29684764989 126635.29684764989 126869.98866983238 126869.98866983238 126963.10336722821 126963.10336722821 127098.24130255178 127098.24130255178 127105.30742880471 127118.24130255178 127380.20998521616 127380.20998521616 127807.60849372511 127807.60849372511 128050.4382311081 128050.4382311081 128084.59610993964 128084.59610993964 128242.77311011939 128242.77311011939 128250.64402547757 128262.77311011939 128281.10636626829 128282.77311011939 128564.36681886179 128564.36681886179 128572.41604360386 128584.36681886179 128585.2950251706 128604.36681886179 128711.72346249254 128711.72346249254 129487.14339268773 129487.14339268773 129754.74694199475 129754.74694199475 129865.44255456658 129865.44255456658 129969.29554368492 129969.29554368492 130061.21319798589 130061.21319798589 130072.61338236623 130081.21319798589 130396.13998758173 130396.13998758173 130428.10149147764 130428.10149147764 130529.66860444272 130529.66860444272 130540.69221017116 130543.53924863275 130549.66860444272 130569.66860444272 130585.03348401606 130589.66860444272 131025.38663754856 131025.38663754856 131728.41634752424 131728.41634752424 132168.18401128043 132168.18401128043 132318.12427079267 132318.12427079267 132873.11039913593 132873.11039913593 133066.33960012718 133066.33960012718 133100.00296724573 133100.00296724573 133207.70103324416 133207.70103324416 133465.90496188239 133465.90496188239 133512.49512879945 133512.49512879945 133518.40477538135 133532.49512879945 134002.27038554893 134002.27038554893 134365.7151701146 134365.7151701146 134585.60267796777 134585.60267796777 135639.83093737996 135639.83093737996 136624.43015764597 136624.43015764597 136710.17151667802 136710.17151667802 136906.60428374469 136906.60428374469 137060.7516960826 137060.7516960826 137095.52325027267 137095.52325027267 137168.74993147456 137168.74993147456 137198.11024589867 137198.11024589867 137260.41044730997 137260.41044730997 137345.88000765991 137345.88000765991 137568.64856497174 137568.64856497174 137763.87077582844 137763.87077582844 137870.8582103553 137870.8582103553 138268.49415280764 138268.49415280764 138285.96729678461 138288.49415280764 138536.58119816258 138536.58119816258 138988.99283108412 138988.99283108412 139387.89131818355 139387.89131818355 140414.9532179921 140414.9532179921 140434.14576514315 140434.9532179921 140475.98618198004 140475.98618198004 140668.94960951307 140668.94960951307 141004.22970008975 141004.22970008975 141064.57605011702 141064.57605011702 141135.30121998355 141135.30121998355 141162.73211595659 141162.73211595659 141825.62383595434 141825.62383595434 142279.3770250164 142279.3770250164 142403.70674002366 142403.70674002366 142658.22191028903 142658.22191028903 142704.74284990626 142704.74284990626 142928.68991648501 142928.68991648501 142965.45460629386 142965.45460629386 143073.92797882358 143073.92797882358 143364.4581808503 143364.4581808503 143598.65441628608 143598.65441628608 143697.98274870173 143697.98274870173 143867.66631969202 143867.66631969202 143877.13272006409 143887.66631969202 144387.31625410172 144387.31625410172 144889.19043383344 144889.19043383344 145225.05849630444 145225.05849630444 145548.31215700945 145548.31215700945 145601.00448465108 145601.00448465108 145669.71611878154 145669.71611878154 145693.83229781081 145693.83229781081 146077.30147701048 146077.30147701048 146293.96425360482 146293.96425360482 146372.25453642191 146372.25453642191 146380.07846041497 146392.25453642191 146572.11281116045 146572.11281116045 146889.82471291947 146889.82471291947 147075.75568563265 147075.75568563265 147639.60276503636 147639.60276503636 147663.025209798 147663.025209798 147937.65300920212 147937.65300920212 148099.94391733585 148099.94391733585 148245.21309029682 148245.21309029682 148315.49078639616 148315.49078639616 148518.01729591174 148518.01729591174 148762.77449647768 148762.77449647768 148834.37499401288 148834.37499401288 150054.03653583043 150054.03653583043 150075.88406201934 150075.88406201934 150156.66050132437 150156.66050132437 151110.22442127433 151110.22442127433 151213.98339243489 151213.98339243489 151337.34779204714 151337.34779204714 151426.48586303309 151426.48586303309 151560.14547073603 151560.14547073603 151971.00661697204 151971.00661697204 152054.64668947956 152054.64668947956 152107.47481290814 152107.47481290814 152403.63908161161 152403.63908161161 152468.07554834058 152468.07554834058 153085.66284113923 153085.66284113923 153138.30077854981 153138.30077854981 153323.94043411228 153323.94043411228 153820.7010977587 153820.7010977587 154474.52057469727 154474.52057469727 154514.05291105849 154514.05291105849 154870.22476175367 154870.22476175367 155294.54151032786 155294.54151032786 155767.31398407652 155767.31398407652 157458.36991445551 157458.36991445551 157542.06339508456 157542.06339508456 157676.41059484744 157676.41059484744 157717.94091917933 157717.94091917933 158002.23731311246 158002.23731311246 158498.68335067019 158498.68335067019 158980.63503878676 158980.63503878676 159039.42185261766 159039.42185261766 159405.95041013485 159405.95041013485 159586.06866651113 159586.06866651113 159848.09438283291 159848.09438283291 160280.87134904185 160280.87134904185 160296.73600347892 160299.84370664043 160300.87134904185 160320.87134904185 160336.60893698816 160340.87134904185 160556.8959402258 160556.8959402258 160627.77006389214 160627.77006389214 161175.52143068106 161175.52143068106 161193.53706219179 161195.52143068106 161227.91552066328 161227.91552066328 161623.33912831546 161623.33912831546 161640.33394885579 161643.33912831546 162153.94591215828 162153.94591215828 162350.71388967271 162350.71388967271 162522.94114285717 162522.94114285717 162718.5581299838 162718.5581299838 162821.78631237907 162821.78631237907 163100.1374931463 163100.1374931463 163195.2232187094 163195.2232187094 163430.78413667252 163430.78413667252 163632.0194160841 163632.0194160841 164169.94459749434 164169.94459749434 164201.85693870425 164201.85693870425 164239.38923475351 164239.38923475351 164262.58148220694 164262.58148220694 164621.77736990252 164621.77736990252 164665.16973711762 164665.16973711762 165202.49707557535 165202.49707557535 165408.59585862611 165408.59585862611 165473.6256470685 165473.6256470685 165474.77491466584 165493.6256470685 165986.98646323302 165986.98646323302 166216.14990891754 166216.14990891754 166436.77904678268 166436.77904678268 166924.37792161321 166924.37792161321 167147.74581271054 167147.74581271054 167183.84256111065 167183.84256111065 167368.82830542058 167368.82830542058 167749.37671416044 167749.37671416044 167836.66492394456 167836.66492394456 168213.07724900461 168213.07724900461 168228.29629512135 168233.07724900461 168518.81328363922 168518.81328363922 168617.1238461199 168617.1238461199 168632.58025517168 168637.1238461199 168866.63163071868 168866.63163071868 169043.79709834662 169043.79709834662 169185.87500335936 169185.87500335936 169569.24709546707 169569.24709546707 169775.45673013193 169775.45673013193 170032.83036543639 170032.83036543639 170325.82578339363 170325.82578339363 170455.55293028239 170455.55293028239 170467.43809921844 170475.00394212567 170475.55293028239 170494.34694562829 170495.55293028239 170515.55293028239 170769.65139575088 170769.65139575088 171472.0675102297 171472.0675102297 171744.7461029711 171744.7461029711 171893.67595511346 171893.67595511346 172033.77819817218 172033.77819817218 172080.06773130102 172080.06773130102 172101.77810169231 172101.77810169231 172193.5998652554 172193.5998652554 173066.78360638418 173066.78360638418 173071.23021400764 173086.78360638418 173424.89041175454 173424.89041175454 173438.41350966679 173444.89041175454 173469.77459148754 173469.77459148754 173521.57366225389 173521.57366225389 173880.99854005109 173880.99854005109 173963.32064163883 173963.32064163883 175052.13689861197 175052.13689861197 175392.73778470239 175392.73778470239 175515.98060338779 175515.98060338779 176077.76783445365 176077.76783445365 176096.45529410673 176097.76783445365 176145.21415308868 176145.21415308868 176616.49746489467 176616.49746489467 177320.9756030601 177320.9756030601 177392.21831443446 177392.21831443446 178038.92306819401 178038.92306819401 178465.80824110161 178465.80824110161 178712.71901133247 178712.71901133247 179031.31249935135 179031.31249935135 179788.89883208182 179788.89883208182 180263.68901297593 180263.68901297593 180336.76206176041 180336.76206176041 180836.0294303198 180836.0294303198 181288.95251320236 181288.95251320236 181346.02479482293 181346.02479482293 181429.58800038869 181429.58800038869 181620.91510536748 181620.91510536748 181840.73982393773 181840.73982393773 182367.64635690371 182367.64635690371 182656.8349121666 182656.8349121666 182766.87013448049 182766.87013448049 182967.04667236133 182967.04667236133 183181.5029960928 183181.5029960928 183437.58573713776 183437.58573713776 183955.86110069861 183955.86110069861 183979.5442059956 183979.5442059956 184159.05408831994 184159.05408831994 184356.53818480347 184356.53818480347 185983.92866745843 185983.92866745843 185999.80947576589 186003.92866745843 186528.53552627282 186528.53552627282 186990.62230508904 186990.62230508904 187120.07835902852 187120.07835902852 187234.15418966822 187234.15418966822 187260.07078269308 187260.07078269308 187383.62181444182 187383.62181444182 187540.26750492907 187540.26750492907 188058.69835692942 188058.69835692942 188079.41339493544 188079.41339493544 188821.45190517616 188821.45190517616 189061.96303216787 189061.96303216787 189285.61753968971 189285.61753968971 189978.86536441643 189978.86536441643 190123.38269875237 190123.38269875237 190400.23546325742 190400.23546325742 190485.714857961 190485.714857961 190515.66102981273 190522.85542569194 190525.714857961 190538.31771471078 190545.714857961 190565.714857961 190687.35937505528 190687.35937505528 190905.57771890451 190905.57771890451 190936.10186634582 190936.10186634582 190974.75025185593 190974.75025185593 191425.23955357297 191425.23955357297 191657.56920904094 191657.56920904094 191887.98851653558 191887.98851653558 192077.24520904535 192077.24520904535 192079.81918224231 192097.24520904535 192110.8563966524 192117.24520904535 192170.11255452563 192170.11255452563 192419.71947206623 192419.71947206623 192612.95924933194 192612.95924933194 192686.09013145465 192686.09013145465 193107.74043668181 193107.74043668181 193231.30518043825 193231.30518043825 193303.88867427914 193303.88867427914 193562.21477302784 193562.21477302784 193646.01123340989 193646.01123340989 195362.03638740207 195362.03638740207 195388.40995357135 195388.40995357135 195509.23710572068 195509.23710572068 195901.13669305062 195901.13669305062 195949.24161233731 195949.24161233731 196158.46716730464 196158.46716730464 196240.04326061307 196240.04326061307 196713.71568896329 196713.71568896329 197324.82541505112 197324.82541505112 197533.26555081627 197533.26555081627 197920.34056794566 197920.34056794566 198244.13180762365 198244.13180762365 198337.08830313707 198345.58611431743 198872.70544217256 198872.70544217256 199133.81403385812 199133.81403385812 199445.09051365317 199445.09051365317 199540.95352202731 199540.95352202731 200111.06640828484 200111.06640828484 200332.70557848115 200332.70557848115 200558.65475982648 200558.65475982648 202124.02713255179 202124.02713255179 202175.98207733186 202175.98207733186 202214.74295710654 202214.74295710654 202448.67284585504 202448.67284585504 203087.69701615682 203087.69701615682 203154.65992486849 203154.65992486849 203160.25180648205 203174.65992486849 204251.14897534763 204251.14897534763 204411.97847795771 204411.97847795771 204437.42824534596 204437.42824534596 205122.28651618371 205122.28651618371 205496.66187189806 205496.66187189806 205725.40036166613 205725.40036166613 205815.36824041346 205815.36824041346 205986.24779952044 205986.24779952044 206251.33959072421 206251.33959072421 206356.64136469653 206356.64136469653 206461.19130733966 206461.19130733966 206575.82386292632 206575.82386292632 206774.21831302531 206774.21831302531 206880.02131030218 206880.02131030218 207134.72825472653 207134.72825472653 207627.29857131795 207627.29857131795 207673.0191395847 207673.0191395847 207742.42616406809 207742.42616406809 207816.42356482244 207816.42356482244 208138.5538936743 208138.5538936743 208229.24013948211 208229.24013948211 208274.85130178968 208274.85130178968 208550.28112262876 208550.28112262876 208934.0829476757 208934.0829476757 209103.51721831815 209103.51721831815 209241.38803163149 209241.38803163149 209451.58432910664 209451.58432910664 209890.99131878859 209890.99131878859 209914.87669208698 209914.87669208698 209945.09747381105 209945.09747381105 210490.92751952251 210490.92751952251 210620.56795142941 210620.56795142941 210793.3828440085 210793.3828440085 211124.26500904671 211124.26500904671 211565.5043524112 211565.5043524112 211683.51218443096 211683.51218443096 212897.45933667551 212897.45933667551 212916.75733688136 212917.45933667551 214124.17961503991 214124.17961503991 214348.72762375198 214348.72762375198 214549.71260205544 214549.71260205544 214743.28180327389 214743.28180327389 214931.14332580636 214931.14332580636 214961.66392125615 214961.66392125615 215130.11294856534 215130.11294856534 215288.98961991493 215288.98961991493 215444.58552532476 215444.58552532476 215460.9704432536 215464.58552532476 215870.23141319079 215870.23141319079 216128.66540736584 216128.66540736584 216372.03280747502 216372.03280747502 216678.34451388028 216678.34451388028 217189.34152874485 217189.34152874485 217499.364159884 217499.364159884 217673.37008720736 217673.37008720736 217797.84554412662 217797.84554412662 217972.32336974593 217972.32336974593 219056.51740766607 219056.51740766607 219085.41356593542 219085.41356593542 219213.91779133412 219213.91779133412 220232.24992392808 220232.24992392808 220288.34507799631 220288.34507799631 220504.89744551822 220504.89744551822 220732.82632854998 220732.82632854998 221776.00828925467 221776.00828925467 221834.29470682105 221834.29470682105 222189.19316351659 222189.19316351659 222251.75620456883 222251.75620456883 222285.10172063711 222285.10172063711 222510.07571398499 222510.07571398499 222556.82169611239 222556.82169611239 222635.39516699749 222635.39516699749 222821.24277191621 222821.24277191621 222972.68803251441 222972.68803251441 223263.33706748188 223263.33706748188 223985.76199219466 223985.76199219466 224047.77912729621 224047.77912729621 224530.17086061007 224530.17086061007 225111.86939736776 225111.86939736776 225424.12768805856 225424.12768805856 225828.0576631719 225828.0576631719 225884.3329266411 225884.62590377922 226109.68814425305 226109.68814425305 226118.41271194437 226129.68814425305 226391.80317980626 226391.80317980626 226409.00134282615 226411.80317980626 226479.49676059392 226479.49676059392 226712.50092160976 226712.50092160976 227644.50752183422 227644.50752183422 227672.3358501304 227672.3358501304 227890.00270411328 227890.00270411328 227963.3437659267 227963.3437659267 228440.95381300029 228440.95381300029 228907.41558975737 228907.41558975737 229123.28071336473 229123.28071336473 229335.47643871705 229335.47643871705 230056.58997830927 230056.58997830927 230112.53738566228 230112.53738566228 230187.4977791626 230187.4977791626 230543.60525667974 230543.60525667974 230843.88165018111 230843.88165018111 231149.03070428428 231149.03070428428 231340.75028524891 231340.75028524891 231464.41198119447 231464.41198119447 231551.32308327314 231551.32308327314 231731.06752610055 231731.06752610055 231805.04266254755 231805.04266254755 231822.07781675104 231825.04266254755 231893.98677862238 231893.98677862238 232440.17417555086 232440.17417555086 232858.97401838018 232858.97401838018 232930.36120304353 232930.36120304353 232945.98541010475 232950.36120304353 233260.63106988543 233260.63106988543 233445.54038940559 233445.54038940559 233475.02096160523 233475.02096160523 233684.13836195501 233684.13836195501 234405.77187179645 234405.77187179645 234517.41406726825 234517.41406726825 234534.52713308897 234537.41406726825 234588.96700551668 234588.96700551668 235817.6687824674 235817.6687824674 235844.07211371088 235844.07211371088 236063.86095879834 236063.86095879834 237495.57896670722 237495.57896670722 237548.15226017143 237548.15226017143 237745.552082199 237745.552082199 237889.315328587 237889.315328587 238195.72780371164 238195.72780371164 238462.40273912794 238462.40273912794 238592.24576688493 238592.24576688493 239012.0859642119 239012.0859642119 239417.56864656639 239417.56864656639 239538.00447974119 239538.00447974119 239689.1439680669 239689.1439680669 239738.94874787996 239738.94874787996 240139.11387246922 240139.11387246922 240325.06466534883 240325.06466534883 240391.32789937196 240391.32789937196 240794.7808190477 240794.7808190477 240920.36974208072 240920.36974208072 241207.73691658585 241207.73691658585 241337.89783075122 241337.89783075122 242036.33160912755 242036.33160912755 242044.29778913799 242056.33160912755 242872.60512736283 242872.60512736283 242917.74008030259 242917.74008030259 242953.38751430663 242953.38751430663 243340.02921669085 243340.02921669085 244146.79234562229 244146.79234562229 244349.20928764679 244349.20928764679 245331.7168853258 245331.7168853258 245388.48218016595 245388.48218016595 246707.78248139972 246707.78248139972 246755.66791240634 246755.66791240634 246767.08138371059 246775.66791240634 246975.72634532215 246975.72634532215 248020.16935061456 248020.16935061456 248439.32437930683 248439.32437930683 248839.56155042433 248839.56155042433 249115.96430299238 249115.96430299238 249204.20237505165 249204.20237505165 249541.37073238713 249541.37073238713 250053.37010327417 250053.37010327417 250665.50202720112 250665.50202720112 250796.08688054287 250796.08688054287 250841.14959042196 250841.14959042196 250975.20826440067 250975.20826440067 251404.08034233309 251404.08034233309 251696.45352495788 251696.45352495788 252287.44218728005 252287.44218728005 252424.35040035406 252424.35040035406 252560.27469031525 252560.27469031525 252992.75240950665 252992.75240950665 253040.44578516782 253040.44578516782 253556.36650607174 253556.36650607174 254019.05143883556 254019.05143883556 254207.16580933197 254207.16580933197 254337.82773569251 254337.82773569251 255184.24150876255 255184.24150876255 256167.54266637731 256167.54266637731 256303.82585519349 256303.82585519349 256567.62747870714 256567.62747870714 256575.44030939983 256587.62747870714 256824.74379654591 256824.74379654591 256934.75956846141 256934.75956846141 257008.41861632908 257008.41861632908 257292.95641639764 257292.95641639764 257926.36614563986 257926.36614563986 258091.13699682469 258091.13699682469 258293.93008228236 258293.93008228236 258565.40900646402 258565.40900646402 258672.11601149917 258672.11601149917 258757.77983101022 258757.77983101022 258811.05911609739 258811.05911609739 258908.3574048134 258908.3574048134","1 0 1 0 1 0 1 0 1 0 1 0 1 0 1 0 1 0 1 0 1 0 1 0 1 0 1 0 1 0 1 0 1 0 1 0 1 0 1 0 1 0 1 0 1 0 1 0 1 0 1 0 1 0 1 0 1 0 1 0 1 0 1 0 1 0 1 0 1 0 1 0 1 0 1 0 1 0 1 0 1 0 1 0 1 0 1 0 1 0 1 0 1 0 1 0 1 0 1 0 1 0 1 0 1 0 1 0 1 0 1 0 1 0 1 0 1 0 1 0 1 0 1 0 1 0 1 0 1 0 1 0 1 0 1 0 1 0 1 0 1 0 1 0 1 0 1 0 1 0 1 0 1 0 1 0 1 0 1 0 1 0 1 0 1 0 1 0 1 0 1 0 1 0 1 0 1 0 1 0 1 0 1 0 1 0 1 0 1 0 1 0 1 0 1 0 1 0 1 0 1 0 1 0 1 0 1 0 1 0 1 0 1 0 1 0 1 0 1 0 1 0 1 0 1 0 1 0 1 0 1 0 1 0 1 0 1 0 1 0 1 0 1 0 1 0 1 0 1 0 1 0 1 0 1 0 1 0 1 0 1 0 1 0 1 0 1 0 1 0 1 0 1 0 1 0 1 0 1 0 1 0 1 0 1 0 1 0 1 0 1 0 1 0 1 0 1 0 1 0 1 0 1 0 1 0 1 0 1 0 1 0 1 0 1 0 1 0 1 0 1 0 1 0 1 0 1 0 1 0 1 0 1 0 1 0 1 0 1 0 1 0 1 0 1 0 1 0 1 0 1 0 1 0 1 0 1 0 1 0 1 0 1 0 1 0 1 0 1 0 1 0 1 0 1 0 1 0 1 0 1 0 1 0 1 0 1 0 1 0 1 0 1 0 1 0 1 0 1 0 1 0 1 0 1 0 1 0 1 0 1 0 1 0 1 0 1 0 1 0 1 0 1 0 1 0 1 0 1 0 1 0 1 0 1 0 1 0 1 0 1 0 1 0 1 0 1 0 1 0 1 0 1 0 1 0 1 0 1 0 1 0 1 0 1 0 1 0 1 0 1 0 1 0 1 0 1 0 1 0 1 0 1 0 1 0 1 0 1 0 1 0 1 0 1 0 1 0 1 0 1 0 1 0 1 0 1 0 1 0 1 0 1 0 1 0 1 0 1 0 1 0 1 0 1 0 1 0 1 0 1 0 1 0 1 0 1 0 1 0 1 0 1 0 1 0 1 0 1 0 1 0 1 0 1 0 1 0 1 0 1 0 1 0 1 0 1 0 1 0 1 0 1 0 1 0 1 0 1 0 1 0 1 0 1 0 1 0 1 0 1 0 1 0 1 0 1 0 1 0 1 0 1 0 1 0 1 0 1 0 1 0 1 0 1 0 1 0 1 0 1 0 1 0 1 0 1 0 1 0 1 0 1 0 1 0 1 0 1 0 1 0 1 0 1 0 1 0 1 0 1 0 1 0 1 0 1 0 1 0 1 0 1 0 1 0 1 0 1 0 1 0 1 0 1 0 1 0 1 0 1 0 1 0 1 0 1 0 1 0 1 0 1 0 1 0 1 0 1 0 1 0 1 0 1 0 1 0 1 0 1 0 1 0 1 0 1 0 1 0 1 0 1 0 1 0 1 0 1 0 1 0 1 0 1 0 1 0 1 0 1 0 1 0 1 0 1 0 1 0 1 0 1 0 1 0 1 0 1 0 1 0 1 0 1 0 1 0 1 0 1 0 1 0 1 0 1 0 1 0 1 0 1 0 1 0 1 0 1 0 1 0 1 0 1 0 1 0 1 0 1 0 1 0 1 0 1 0 1 0 1 0 1 0 1 0 1 0 1 0 1 0 1 0 1 0 1 0 1 0 1 0 1 0 1 0 1 0 1 0 1 0 1 0 1 0 1 0 1 0 1 0 1 0 1 0 1 0 1 0 1 0 1 0 1 0 1 0 1 0 1 0 1 0 1 0 1 0 1 0 1 0 1 0 1 0 1 0 1 0 1 0 1 0 1 0 1 0 1 0 1 0 1 0 1 0 1 0 1 0 1 0 1 0 1 0 1 0 1 0 1 0 1 0 1 0 1 0 1 0 1 0 1 0 1 0 1 0 1 0 1 0 1 0 1 0 1 0 1 0 1 0 1 0 1 0 1 0 1 0 1 0 1 0 1 0 1 0 1 0 1 0 1 0 1 0 1 0 1 0 1 0 1 0 1 0 1 0 1 0 1 0 1 0 1 0 1 0 1 0 1 0 1 0 1 0 1 0 1 0 1 0 1 0 1 0 1 0 1 0 1 0 1 0 1 0 1 0 1 0 1 0 1 0 1 0 1 0 1 0 1 0 1 0 1 0 1 0 1 0 1 0 1 0 1 0 1 0 1 0 1 0 1 0 1 0 1 0 1 0 1 0 1 0 1 0 1 0 1 0 1 0 1 0 1 0 1 0 1 0 1 0 1 0 1 0 1 0 1 0 1 0 1 0 1 0 1 0 1 0 1 0 1 0 1 0 1 0 1 0 1 0 1 0 1 0 1 0 1 0 1 0 1 0 1 0 1 0 1 0 1 0 1 0 1 0 1 0 1 0 1 0 1 0 1 0 1 0 1 0 1 0 1 0 1 0 1 0 1 0 1 0 1 0 1 0 1 0 1 0 1 0 1 0 1 0 1 0 1 0 1 0 1 0 1 0 1 0 1 0 1 0 1 0 1 0 1 0 1 0 1 0 1 0 1 0 1 0 1 0 1 0 1 0 1 0 1 0 1 0 1 0 1 0 1 0 1 0 1 0 1 0 1 0 1 0 1 0 1 0 1 0 1 0 1 0 1 0 1 0 1 0 1 0 1 0 1 0 1 0 1 0 1 0 1 0 1 0 1 0 1 0 1 0 1 0 1 0 1 0 1 0 1 0 1 0 1 0 1 0 1 0 1 0 1 0 1 0 1 0 1 0 1 0 1 0 1 0 1 0 1 0 1 0 1 0 1 0 1 0 1 0 1 0 1 0 1 0 1 0 1 0 1 0 1 0 1 0 1 0 1 0 1 0 1 0 1 0 1 0 1 0 1 0 1 0 1 0 1 0 1 0 1 0 1 0 1 0 1 0 1 0 1 0 1 0 1 0 1 0 1 0 1 0 1 0 1 0 1 2 1 0 1 0 1 0 1 0 1 0 1 0 1 0 1 0 1 0 1 0 1 0 1 0 1 0 1 0 1 0 1 0 1 0 1 0 1 0 1 0 1 0 1 0 1 0 1 0 1 0 1 0 1 0 1 0 1 0 1 0 1 0 1 0 1 0 1 0 1 0 1 0 1 0 1 0 1 0 1 0 1 0 1 0 1 0 1 0 1 0 1 0 1 0 1 0 1 0 1 0 1 0 1 0 1 0 1 0 1 0 1 0 1 0 1 0 1 0 1 0 1 0 1 0 1 0 1 0 1 0 1 0 1 0 1 0 1 0 1 0 1 0 1 0 1 0 1 0 1 0 1 0 1 0 1 0 1 0 1 0 1 0 1 0 1 0 1 0 1 0 1 0 1 0 1 0 1 0 1 0 1 0 1 0 1 0 1 0 1 0 1 0 1 0 1 0 1 0 1 0 1 0 1 0 1 0 1 0 1 0 1 0 1 0 1 0 1 0 1 0 1 0 1 0 1 2 1 0 1 0 1 0 1 0 1 0 1 0 1 0 1 0 1 0 1 0 1 0 1 0 1 0 1 0 1 0 1 0 1 0 1 0 1 0 1 0 1 0 1 0 1 0 1 0 1 0 1 0 1 0 1 0 1 0 1 0 1 0 1 0 1 0 1 0 1 0 1 0 1 0 1 0 1 0 1 0 1 0 1 0 1 0 1 0 1 0 1 0 1 0 1 0 1 0 1 0 1 2 1 2 1 0 1 0 1 0 1 0 1 0 1 0 1 0 1 0 1 0 1 0 1 0 1 0 1 0 1 0 1 0 1 0 1 0 1 0 1 0 1 0 1 0 1 0 1 0 1 0 1 0 1 0 1 0 1 0 1 0 1 0 1 0 1 0 1 0 1 0 1 0 1 0 1 0 1 0 1 0 1 0 1 0 1 0 1 0 1 0 1 0 1 0 1 0 1 0 1 0 1 0 1 0 1 0 1 0 1 0 1 0 1 0 1 0 1 0 1 0 1 0 1 0 1 0 1 0 1 0 1 0 1 0 1 0 1 2 1 2 1 0 1 0 1 0 1 0 1 0 1 0 1 0 1 0 1 0 1 0 1 0 1 0 1 0 1 0 1 0 1 0 1 0 1 0 1 0 1 0 1 0 1 0 1 0 1 0 1 0 1 0 1 0 1 0 1 0 1 0 1 0 1 0 1 0 1 0 1 0 1 0 1 0 1 0 1 0 1 0 1 0 1 0 1 0 1 0 1 0 1 0 1 0 1 0 1 0 1 0 1 0 1 0 1 0 1 0 1 0 1 0 1 0 1 0 1 0 1 0 1 0 1 0 1 0 1 0 1 0 1 0 1 0 1 0 1 0 1 0 1 0 1 0 1 0 1 0 1 0 1 0 1 0 1 0 1 0 1 0 1 0 1 0 1 0 1 0 1 0 1 0 1 0 1 0 1 0 1 0 1 0 1 0 1 0 1 0 1 0 1 0 1 0 1 0 1 0 1 0 1 0 1 0 1 0 1 0 1 0 1 0 1 0 1 0 1 0 1 0 1 0 1 0 1 0 1 0 1 0 1 0 1 0 1 0 1 0 1 0 1 0 1 0 1 0 1 0 1 0 1 0 1 0 1 0 1 0 1 0 1 0 1 0 1 0 1 0 1 0 1 0 1 0 1 0 1 0 1 0 1 0 1 0 1 0 1 0 1 0 1 0 1 0 1 0 1 0 1 0 1 0 1 0 1 0 1 0 1 0 1 0 1 0 1 0 1 0 1 0 1 0 1 0 1 0 1 0 1 0 1 0 1 0 1 0 1 0 1 0 1 0 1 0 1 0 1 0 1 0 1 0 1 0 1 0 1 0 1 0 1 0 1 0 1 0 1 0 1 0 1 0 1 0 1 0 1 0 1 0 1 0 1 0 1 0 1 0 1 0 1 0 1 0 1 0 1 0 1 0 1 0 1 0 1 0 1 0 1 0 1 0 1 0 1 0 1 0 1 0 1 0 1 0 1 0 1 0 1 0 1 0 1 0 1 0 1 0 1 0 1 0 1 0 1 0 1 0 1 0 1 0 1 0 1 0 1 0 1 0 1 0 1 0 1 0 1 0 1 0 1 0 1 0 1 0 1 0 1 0 1 0 1 0 1 0"
General-0-20260518-22:50:21-16558,attr,LoRaNetworkTest.loRaGW[0].packetForwarder,highQueueLength:vector,recordingmode,vector,,
General-0-20260518-22:50:21-16558,attr,LoRaNetworkTest.loRaGW[0].packetForwarder,highQueueLength:vector,source,highQueueLength,,
General-0-20260518-22:50:21-16558,attr,LoRaNetworkTest.loRaGW[0].packetForwarder,highQueueLength:vector,title,High Priority Queue Length,,
General-1-20260518-23:34:40-35278,vector,LoRaNetworkTest.loRaGW[0].packetForwarder,highQueueLength:vector,,,"7209.96328614474 7209.96328614474 7354.16939160934 7354.16939160934 7579.36287386535 7579.36287386535 7623.5258871503 7623.5258871503 7660.15000049064 7660.15000049064 8101.05719397068 8101.05719397068 8437.14774138091 8437.14774138091 8473.50033117219 8473.50033117219 9223.2198180741 9223.2198180741 9434.70850049367 9434.70850049367 9677.64221631877 9677.64221631877 10467.36990173634 10467.36990173634 10553.34999904195 10553.34999904195 10624.10724094305 10624.10724094305 10843.30650440151 10843.30650440151 10928.53812094702 10928.53812094702 10971.34445399241 10971.34445399241 11036.37827414879 11036.37827414879 11303.22431141216 11303.22431141216 11444.23103476205 11444.23103476205 11817.62407452975 11817.62407452975 12104.06904362693 12104.06904362693 12462.33076321446 12462.33076321446 12605.94543363029 12605.94543363029 13063.74382115959 13063.74382115959 13074.35768842633 13083.74382115959 13690.3651768061 13690.3651768061 14088.45282400733 14088.45282400733 14142.64663327311 14142.64663327311 14167.20854669891 14167.20854669891 14354.93687739994 14354.93687739994 14622.6861554206 14622.6861554206 14918.59810197853 14918.59810197853 14929.50004756593 14938.59810197853 15105.67986996056 15105.67986996056 15339.54351621857 15339.54351621857 15687.84095237415 15687.84095237415 16129.32372971774 16129.32372971774 16239.52589568259 16239.52589568259 16244.36718005915 16259.52589568259 16328.56576731088 16328.56576731088 16457.52216105852 16457.52216105852 16572.88153440772 16572.88153440772 16705.11983293794 16705.11983293794 16739.73526337239 16739.73526337239 17099.91856958121 17099.91856958121 17123.91794662774 17123.91794662774 17293.16057840791 17293.16057840791 17529.43860029778 17529.43860029778 17841.74572099768 17841.74572099768 18243.6020382178 18243.6020382178 18322.54091460191 18322.54091460191 18638.40533157818 18638.40533157818 19230.32147429312 19230.32147429312 19233.42421201733 19250.32147429312 19531.54795467074 19531.54795467074 19806.07025170714 19806.07025170714 19951.2065849267 19951.2065849267 19972.66572296148 19972.66572296148 20186.85820099881 20186.85820099881 20250.52818333124 20250.52818333124 20943.39876121271 20943.39876121271 21021.54576062012 21021.54576062012 21075.14791862362 21075.14791862362 21735.07007848402 21735.07007848402 22022.53105374987 22022.53105374987 22219.2051398762 22219.2051398762 22490.5410815122 22490.5410815122 22735.9027603948 22735.9027603948 23028.5673868114 23028.5673868114 23394.98822455552 23394.98822455552 24099.93380560687 24099.93380560687 24172.44800103756 24172.44800103756 24263.7460785606 24263.7460785606 24279.33467324643 24283.7460785606 24559.2483211395 24559.2483211395 24599.14680795439 24599.14680795439 24668.54858402577 24668.54858402577 25014.13406465273 25014.13406465273 25021.99784774672 25034.13406465273 25051.18334139118 25054.13406465273 25273.6315779181 25273.6315779181 25308.3069311753 25308.3069311753 25558.13471383565 25558.13471383565 25585.58125486727 25585.58125486727 25699.4755926116 25699.4755926116 25913.67648203888 25913.67648203888 26206.01011742745 26206.01011742745 26261.34269827797 26261.34269827797 26607.29529683942 26607.29529683942 26609.05013288553 26627.29529683942 26778.93724133493 26778.93724133493 26857.41795384105 26857.41795384105 27032.50777329594 27032.50777329594 27332.27874476555 27332.27874476555 27367.39037005534 27367.39037005534 27722.50575090377 27722.50575090377 27745.75209759927 27745.75209759927 27801.09514445897 27801.09514445897 27918.09973739671 27918.09973739671 28031.28609373043 28031.28609373043 28178.10338855146 28178.10338855146 28325.74460270657 28325.74460270657 28459.83692305822 28459.83692305822 28589.59687016981 28589.59687016981 28696.54991996808 28696.54991996808 28962.79307901918 28962.79307901918 29048.26150492671 29048.26150492671 29568.22209695065 29568.22209695065 30060.3943710045 30060.3943710045 30081.14500585613 30081.14500585613 30717.09528139905 30717.09528139905 31027.39654245991 31027.39654245991 31047.06936657801 31047.39654245991 31103.6570629602 31103.6570629602 31170.03649324792 31170.03649324792 31179.62734115315 31190.03649324792 31230.70135191016 31230.70135191016 31465.56200935988 31465.56200935988 31521.84027943478 31521.84027943478 31525.58029701311 31541.84027943478 31808.49130745242 31808.49130745242 31846.72957163281 31846.72957163281 31869.69093442461 31869.69093442461 32073.69733756686 32073.69733756686 32391.2551664879 32391.2551664879 32471.69283727501 32471.69283727501 32511.43748130389 32511.43748130389 32611.82202291732 32611.82202291732 32895.40970128089 32895.40970128089 33154.25445684887 33154.25445684887 33212.79651065712 33212.79651065712 33263.53094065979 33263.53094065979 33657.54319053755 33657.54319053755 33820.7451032516 33820.7451032516 34274.23008836989 34274.23008836989 34358.76195590125 34358.76195590125 34482.60915813584 34482.60915813584 34728.19813911634 34728.19813911634 34868.97628131861 34868.97628131861 35441.59030460169 35441.59030460169 35803.24481234154 35803.24481234154 36162.77962147394 36162.77962147394 36345.3314633962 36345.3314633962 36537.17536866051 36537.17536866051 37191.47679826759 37191.47679826759 37224.97499167577 37224.97499167577 37451.37137028106 37451.37137028106 37826.63381315257 37826.63381315257 37869.99355067437 37869.99355067437 37890.69543057806 37890.69543057806 37997.05209534957 37997.05209534957 38008.03428505644 38017.05209534957 38401.26202988543 38401.26202988543 38542.26527075564 38542.26527075564 38593.3953735912 38593.3953735912 38747.0673798983 38747.0673798983 39092.57389101298 39092.57389101298 39353.15202004998 39353.15202004998 39428.47489970176 39428.47489970176 39525.32712327505 39525.32712327505 39721.65659282895 39721.65659282895 40323.42286924583 40323.42286924583 40407.72179709468 40407.72179709468 40539.93981900039 40539.93981900039 40685.48824453112 40685.48824453112 40950.8513364886 40950.8513364886 41041.47371649714 41041.47371649714 41107.69546483379 41107.69546483379 41408.6197089476 41408.6197089476 41530.53962459154 41530.53962459154 41639.82959219137 41639.82959219137 41806.94436267068 41806.94436267068 41887.65737322823 41887.65737322823 41978.71513739054 41978.71513739054 42055.01791303912 42055.01791303912 42399.89829004619 42399.89829004619 42631.80359335852 42631.80359335852 42765.85418609037 42765.85418609037 43103.29015845976 43103.29015845976 43369.73387413619 43369.73387413619 43506.43102488678 43506.43102488678 43514.43728184644 43526.43102488678 43753.62303527119 43753.62303527119 43759.65531998015 43773.62303527119 43834.92581296517 43834.92581296517 43846.36676086915 43854.92581296517 44019.5489173178 44019.5489173178 44067.21885653511 44067.21885653511 44265.71069283971 44265.71069283971 44276.38468680519 44285.71069283971 44765.9192941908 44765.9192941908 44778.70181999114 44785.9192941908 44847.51399180408 44847.51399180408 44849.99181034081 44867.51399180408 44934.96694009422 44934.96694009422 44968.60338900517 44968.60338900517 45272.94093202951 45272.94093202951 45850.54068459436 45850.54068459436 45976.71987874497 45976.71987874497 46014.80604498302 46014.80604498302 46105.81499149862 46105.81499149862 46529.44538073452 46529.44538073452 46592.6322959438 46592.6322959438 46599.3598263873 46612.6322959438 46625.01786475106 46632.6322959438 46645.66216172949 46652.6322959438 46783.30812485517 46783.30812485517 46868.20339419558 46868.20339419558 46974.55898687803 46974.55898687803 47125.57774101694 47125.57774101694 47229.6610765431 47229.6610765431 47406.7563279112 47406.7563279112 47556.91978889228 47556.91978889228 47576.78757137751 47576.91978889228 47767.50750330862 47767.50750330862 48109.38349862419 48109.38349862419 48236.65657699764 48236.65657699764 48295.8014592707 48295.8014592707 48489.08351975272 48489.08351975272 48627.26758137572 48627.26758137572 48823.34164804802 48823.34164804802 48927.46578260371 48927.46578260371 49206.27583322855 49206.27583322855 49390.92382824404 49390.92382824404 49742.31525005873 49742.31525005873 49759.36773832942 49762.31525005873 50196.17600922652 50196.17600922652 50260.17136133348 50260.17136133348 50498.3391022813 50498.3391022813 50553.79111114063 50553.79111114063 50643.98538883433 50643.98538883433 50790.54182374532 50790.54182374532 51041.18120200568 51041.18120200568 51459.97052683447 51459.97052683447 51470.79671625497 51479.97052683447 51567.01343391621 51567.01343391621 52095.44784919043 52095.44784919043 52207.04693030293 52207.04693030293 52231.08427813533 52231.08427813533 52291.12023968137 52291.12023968137 52556.09074234366 52556.09074234366 52560.40581653656 52576.09074234366 52674.91757340288 52674.91757340288 52765.40267510847 52765.40267510847 53075.53103456557 53075.53103456557 53134.14045693082 53134.14045693082 53184.7758435072 53184.7758435072 53397.7531657791 53397.7531657791 53758.94713285327 53758.94713285327 54057.44143739357 54057.44143739357 54219.3351744756 54219.3351744756 54617.94372398271 54617.94372398271 54643.14859543931 54643.14859543931 54734.12597129014 54734.12597129014 55268.6352911732 55268.6352911732 55355.05783784572 55355.05783784572 55763.5163821903 55763.5163821903 55935.63915200104 55935.63915200104 56134.28472224274 56134.28472224274 56479.82650748775 56479.82650748775 56485.29784994505 56499.82650748775 56628.88370236441 56628.88370236441 56660.18683955043 56660.18683955043 56687.25722466141 56687.25722466141 56747.06613945592 56747.06613945592 56780.07308994188 56780.07308994188 56861.00493506099 56861.00493506099 57052.94709122615 57052.94709122615 57648.18513238277 57648.18513238277 57767.11888309496 57767.11888309496 57852.74220066476 57852.74220066476 58181.33908598002 58181.33908598002 58418.8213671983 58418.8213671983 58825.80130030495 58825.80130030495 59094.86482062932 59094.86482062932 59214.72923279633 59214.72923279633 59727.16349050518 59727.16349050518 59735.46859129526 59747.16349050518 59808.85688001163 59808.85688001163 60062.79943982006 60062.79943982006 60200.76240419125 60200.76240419125 60495.80763339269 60495.80763339269 60638.63380469386 60638.63380469386 60744.75804839785 60744.75804839785 60863.10043586898 60863.10043586898 60886.02257998742 60886.02257998742 60944.13735482032 60944.13735482032 61011.3204066202 61011.3204066202 61017.403137426 61031.3204066202 61336.74256373781 61336.74256373781 61738.69205450888 61738.69205450888 62219.72083355063 62219.72083355063 62353.96621744444 62353.96621744444 62620.34319722459 62620.34319722459 62628.52812549749 62640.34319722459 62682.28417794563 62682.28417794563 62976.07651600705 62976.07651600705 62993.98287456959 62996.07651600705 63097.50562101811 63097.50562101811 63416.40047064081 63416.40047064081 63418.16629631752 63436.40047064081 63477.62553517523 63477.62553517523 63543.47146052422 63543.47146052422 63669.00636169576 63669.00636169576 63823.14181080083 63823.14181080083 63881.18800448167 63881.18800448167 64146.19785003148 64146.19785003148 64432.57661948039 64432.57661948039 64472.79368638049 64472.79368638049 64487.14876514281 64492.79368638049 64538.5593746775 64538.5593746775 64577.09954631346 64578.5593746775 64630.99293721482 64630.99293721482 64761.76719301932 64761.76719301932 64815.81902108481 64815.81902108481 65119.27520677895 65119.27520677895 65720.70577498282 65720.70577498282 65938.4489970434 65938.4489970434 66066.89751087895 66066.89751087895 66164.92187383524 66164.92187383524 66659.1419854843 66659.1419854843 66934.17518727082 66934.17518727082 67702.32689831531 67702.32689831531 67876.09727421713 67876.09727421713 67893.29996185053 67896.09727421713 67977.68867323168 67977.68867323168 67992.33512008774 67997.68867323168 68050.11243981208 68050.11243981208 68091.08517648222 68091.08517648222 68142.00060442856 68142.00060442856 68210.86711708139 68210.86711708139 68559.13884606829 68559.13884606829 68603.62397708873 68603.62397708873 68731.50940718458 68731.50940718458 68953.06307261391 68953.06307261391 68957.31749230215 68973.06307261391 69088.45502265318 69088.45502265318 69380.70575348976 69380.70575348976 69391.59120552505 69400.70575348976 69548.81440455788 69548.81440455788 70015.08965140663 70015.08965140663 70086.405947456 70086.405947456 70241.85749284807 70241.85749284807 70275.92434585949 70275.92434585949 70455.83785512875 70455.83785512875 70890.90044015914 70890.90044015914 71142.77404370669 71142.77404370669 71193.82394945738 71193.82394945738 71242.72231593039 71242.72231593039 71262.64255689326 71262.72231593039 71308.4629937057 71308.4629937057 71430.20083453594 71430.20083453594 71446.41509203756 71450.20083453594 72385.88764541414 72385.88764541414 72429.89740726035 72429.89740726035 72681.25479982523 72681.25479982523 72815.02971848546 72815.02971848546 72922.80060545121 72922.80060545121 72932.74305635409 72942.80060545121 72996.93517810634 72996.93517810634 73284.33509857683 73284.33509857683 73467.57449694816 73467.57449694816 73696.14501757966 73696.14501757966 74046.95006216136 74046.95006216136 74125.44814718642 74125.44814718642 74136.30135907605 74145.44814718642 74276.22952139802 74276.22952139802 74304.27109723195 74304.27109723195 74584.55294766642 74584.55294766642 74791.14038680178 74791.14038680178 75338.51216584087 75338.51216584087 75588.926663356 75588.926663356 75771.35802697851 75771.35802697851 75788.09669339714 75791.35802697851 75900.63853668616 75900.63853668616 75920.5115204348 75920.63853668616 76229.13498336571 76229.13498336571 76321.02234515421 76321.02234515421 76338.64580960835 76341.02234515421 76432.36591547253 76432.36591547253 77135.70778808733 77135.70778808733 77185.26210165044 77185.26210165044 77282.04668277346 77282.04668277346 77436.16047474643 77436.16047474643 77445.02529655862 77456.16047474643 77551.56721209498 77551.56721209498 77682.75301844986 77682.75301844986 77929.12116386874 77929.12116386874 77934.55474368302 77949.12116386874 78059.64412679814 78059.64412679814 78267.50554593757 78267.50554593757 78550.17050573017 78550.17050573017 78845.1227770835 78845.1227770835 79315.13141220099 79315.13141220099 79437.47568890348 79437.47568890348 79686.60444719622 79686.60444719622 80061.48747379004 80061.48747379004 80659.72600116736 80659.72600116736 81263.00355090937 81263.00355090937 81425.24761112827 81425.24761112827 81559.79776560772 81577.52048537603 81585.52443315101 81597.52048537603 81698.84403484335 81698.84403484335 81709.85723990011 81718.84403484335 81903.54134864597 81903.54134864597 81976.76651206349 81976.76651206349 82765.06777229994 82765.06777229994 82871.08488550138 82871.08488550138 83019.11638289201 83019.11638289201 83448.40546065205 83448.40546065205 83481.91105693348 83481.91105693348 83493.78072594525 83501.91105693348 83657.10671946892 83657.10671946892 84021.74323421021 84021.74323421021 84097.55702000845 84097.55702000845 84142.77385715577 84142.77385715577 84152.65238360052 84161.31607874107 84162.77385715577 84182.77385715577 84393.6958930051 84393.6958930051 84550.21958165928 84550.21958165928 84660.44796985461 84660.44796985461 84790.17899007293 84790.17899007293 84813.89468762421 84813.89468762421 84843.27757806712 84843.27757806712 85127.42194964645 85127.42194964645 85169.13858000757 85169.13858000757 85189.75671567541 85189.75671567541 85213.71640919211 85213.71640919211 85502.68184065128 85502.68184065128 85633.62496725465 85633.62496725465 85763.07764411159 85763.07764411159 85838.95149642381 85838.95149642381 85875.78911893783 85875.78911893783 86037.695546077 86037.695546077 86121.20653360034 86121.20653360034 86829.23266352193 86829.23266352193 87481.83049425583 87481.83049425583 87647.84292442936 87647.84292442936 87664.50078558859 87667.84292442936 87772.98221237542 87772.98221237542 87877.2688781424 87877.2688781424 87957.64851660259 87957.64851660259 88470.81836968349 88470.81836968349 88674.74103309734 88674.74103309734 88860.2696855628 88860.2696855628 89067.07175861878 89067.07175861878 89213.21418610951 89213.21418610951 89957.67394679627 89957.67394679627 90364.04080325194 90364.04080325194 90452.3122301202 90452.3122301202 90514.00002483988 90514.00002483988 90665.80783527138 90665.80783527138 90834.42319718611 90834.42319718611 91237.49484115182 91237.49484115182 92093.41115031618 92093.41115031618 92845.1415056498 92845.1415056498 92969.66209558021 92969.66209558021 93189.88131587204 93189.88131587204 93336.71019013337 93336.71019013337 93528.14456531181 93528.14456531181 93550.86184215598 93550.86184215598 93574.68855707064 93574.68855707064 93900.25265172296 93900.25265172296 94044.10817348474 94044.10817348474 94391.70408735418 94391.70408735418 94479.64057584035 94479.64057584035 94576.89648764085 94576.89648764085 94705.90872277702 94705.90872277702 94849.37656607152 94849.37656607152 95004.2335580647 95004.2335580647 95551.79937441639 95551.79937441639 95569.87602257776 95571.79937441639 95605.05186472977 95605.05186472977 95670.46806158976 95670.46806158976 95731.23404357264 95731.23404357264 96223.10460766619 96223.10460766619 97046.95562910612 97046.95562910612 97055.58700297139 97057.63632212542 97066.95562910612 97086.95562910612 97158.72358314743 97158.72358314743 97660.96835114407 97660.96835114407 97810.42659595688 97810.42659595688 98382.27416154451 98382.27416154451 99132.20706551758 99132.20706551758 99587.61457003826 99587.61457003826 99661.00749065954 99661.00749065954 99730.56006030822 99730.56006030822 99850.79419667027 99850.79419667027 99986.19037583242 99986.19037583242 100033.37106395179 100033.37106395179 100441.2032509944 100441.2032509944 100444.52566439874 100461.2032509944 100611.96465430253 100611.96465430253 100633.78764126298 100633.78764126298 100870.00079791177 100870.00079791177 101249.72783961649 101249.72783961649 102280.15225937908 102280.15225937908 102512.49344334064 102512.49344334064 102712.29926500049 102712.29926500049 102714.65087427934 102730.8769001782 102732.29926500049 102752.29926500049 102966.8689344491 102966.8689344491 103306.96980309144 103306.96980309144 103441.86316552249 103441.86316552249 103496.67702274391 103496.67702274391 103861.29256418836 103861.29256418836 104048.99133391473 104048.99133391473 104058.46461048754 104068.99133391473 104413.16243094704 104413.16243094704 105859.7559613608 105859.7559613608 106122.84900247184 106122.84900247184 106347.00701798008 106347.00701798008 106686.15081699583 106686.15081699583 107192.26366232194 107192.26366232194 107260.69995459933 107260.69995459933 107323.40158018267 107323.40158018267 107685.60583649199 107685.60583649199 107870.10700004816 107870.10700004816 108407.4562268813 108407.4562268813 108488.47191328318 108488.47191328318 108654.22262533111 108654.22262533111 108662.73608329717 108674.22262533111 108794.12946159257 108794.12946159257 109219.73311244251 109219.73311244251 109515.36864725845 109515.36864725845 109624.31414847249 109624.31414847249 109647.84843753195 109664.31414847249 109850.22715352002 109850.22715352002 109916.30653536527 109916.30653536527 110148.94404365284 110148.94404365284 110239.19292659846 110239.19292659846 110433.71282013009 110433.71282013009 110910.50554313087 110910.50554313087 111443.54522878918 111443.54522878918 112689.17571106101 112689.17571106101 112984.2374763645 112984.2374763645 113017.54557134729 113017.54557134729 113257.62941296899 113257.62941296899 113340.50353751615 113340.50353751615 113685.32742607306 113685.32742607306 113820.1571313299 113820.1571313299 113873.71142413664 113873.71142413664 113876.97289554769 113893.71142413664 113951.68990281528 113951.68990281528 114416.18027769703 114416.18027769703 114463.03361165258 114463.03361165258 114971.03701445258 114971.03701445258 114977.24100799351 114991.03701445258 115015.17749598841 115015.17749598841 115594.43045017895 115594.43045017895 115637.57343365807 115637.57343365807 115676.70219216553 115676.70219216553 116396.66132985912 116396.66132985912 116450.69371987264 116450.69371987264 116482.03684237421 116482.03684237421 117174.48044839298 117174.48044839298 117329.16450927716 117329.16450927716 117339.38381571193 117349.16450927716 117570.44763616562 117570.44763616562 117684.59121219671 117684.59121219671 117946.23497441158 117946.23497441158 118300.566994157 118300.566994157 119456.45657283679 119456.45657283679 119493.50105728487 119493.50105728487 119799.52877231871 119799.52877231871 120714.98170792244 120714.98170792244 120726.68289649597 120734.98170792244 120837.90012189552 120837.90012189552 121047.36227798465 121047.36227798465 121224.11971851518 121224.11971851518 121259.53192562956 121259.53192562956 121321.0373702334 121321.0373702334 121791.66934816076 121791.66934816076 122319.33733318695 122319.33733318695 122496.22558275097 122496.22558275097 122806.17310156671 122806.17310156671 122845.47716325494 122845.47716325494 122849.27079273924 122865.47716325494 123255.17458114455 123255.17458114455 123278.10105555631 123278.10105555631 123396.16922905324 123396.16922905324 123689.27022807727 123689.27022807727 123960.19582595351 123960.19582595351 124827.63858742716 124827.63858742716 124846.87924662199 124847.63858742716 125070.84765139601 125070.84765139601 125290.78668971973 125290.78668971973 125303.31854731739 125310.78668971973 125571.09892818023 125571.09892818023 125786.4245645431 125786.4245645431 126506.41815521328 126506.41815521328 127126.85026062927 127126.85026062927 127252.37364796774 127252.37364796774 128740.48052584218 128740.48052584218 128970.52910890527 128970.52910890527 129023.74510102716 129023.74510102716 129574.87081659935 129574.87081659935 129766.96377728502 129766.96377728502 129911.70526881965 129911.70526881965 131387.33056908393 131387.33056908393 131486.32215804254 131486.32215804254 131609.04783074064 131609.04783074064 131996.23688674866 131996.23688674866 132041.09555023347 132041.09555023347 132198.43372587039 132198.43372587039 132238.5133481327 132238.5133481327 132436.301984829 132436.301984829 132665.12276709603 132665.12276709603 133503.72424516002 133503.72424516002 134091.96705095309 134091.96705095309 134147.73382543637 134147.73382543637 134168.80145922463 134168.80145922463 134176.28021334372 134188.80145922463 134477.83892078289 134488.69200297677 134614.54841956231 134614.54841956231 134773.86993084898 134773.86993084898 134851.87731962745 134851.87731962745 135719.07817446495 135719.07817446495 135790.51600446784 135790.51600446784 135951.22827442348 135951.22827442348 136499.28710494988 136499.28710494988 136534.52914111145 136534.52914111145 136757.48427583381 136757.48427583381 136954.0101920657 136954.0101920657 136979.44142665205 136979.44142665205 137415.3994667659 137415.3994667659 137673.16412227686 137673.16412227686 137702.77242800584 137702.77242800584 138011.94359132376 138011.94359132376 138161.62608944321 138161.62608944321 138597.15664392722 138597.15664392722 139038.62543049884 139038.62543049884 139125.16298694555 139125.16298694555 139129.58013145869 139145.16298694555 139287.68896785603 139287.68896785603 139351.06264245094 139351.06264245094 139395.80210490087 139395.80210490087 139473.76905374976 139473.76905374976 139500.92495004607 139500.92495004607 139617.19101609557 139617.19101609557 140219.16776209873 140219.16776209873 140265.36702272859 140265.36702272859 140292.69880134932 140292.69880134932 140498.32074936442 140498.32074936442 140957.01845836934 140957.01845836934 141001.93996710108 141001.93996710108 141028.4240986234 141028.4240986234 141265.18269693117 141265.18269693117 141294.5584175494 141294.5584175494 141323.9849944329 141323.9849944329 141786.73182015847 141786.73182015847 141967.8695596711 141967.8695596711 142055.34614460475 142055.34614460475 143080.05419549592 143080.05419549592 143108.77814153112 143108.77814153112 143141.65146511621 143141.65146511621 143254.78145420158 143254.78145420158 143330.78741794992 143330.78741794992 143448.50911347466 143448.50911347466 143577.82017081786 143577.82017081786 144480.72426449415 144480.72426449415 144600.62917457952 144600.62917457952 144860.62715158015 144860.62715158015 145772.09565111559 145772.09565111559 145813.51870110716 145813.51870110716 145818.77879732264 145826.39368226245 145833.51870110716 145853.51870110716 146090.81328337099 146090.81328337099 146418.55809157743 146424.79292565162 147768.5648414992 147768.5648414992 147836.95253494121 147836.95253494121 147888.26357864915 147888.26357864915 148195.66482905236 148195.66482905236 148258.26108566695 148258.26108566695 148344.19223308908 148344.19223308908 148346.24530885125 148364.19223308908 148823.29772836295 148823.29772836295 148943.53985099995 148943.53985099995 149123.55923773788 149123.55923773788 149356.08420112483 149356.08420112483 149618.84527034112 149618.84527034112 149750.21189675161 149750.21189675161 149933.22280943607 149933.22280943607 149956.14377639561 149956.14377639561 150940.89732691594 150940.89732691594 151059.77290594613 151059.77290594613 151219.2794896504 151219.2794896504 151355.80544681687 151355.80544681687 151581.40433047427 151581.40433047427 151987.19147652983 151987.19147652983 152031.80039153299 152031.80039153299 152050.76051791258 152051.80039153299 152250.76782130828 152250.76782130828 152749.58296743639 152749.58296743639 153002.37514300887 153002.37514300887 153269.98207741141 153269.98207741141 153724.57481662341 153724.57481662341 153777.63424727771 153777.63424727771 154255.90386612803 154255.90386612803 154301.48925466252 154301.48925466252 154394.20609116334 154394.20609116334 154416.87006722536 154416.87006722536 154585.77821612295 154585.77821612295 154687.76643275592 154687.76643275592 155200.39436923752 155200.39436923752 155278.46062315708 155278.46062315708 155391.60969278674 155391.60969278674 155618.87567411854 155618.87567411854 156052.1415751961 156052.1415751961 156158.07884817234 156158.07884817234 156166.95667167682 156178.07884817234 156304.81316781352 156304.81316781352 156354.28612662463 156354.28612662463 156678.74296415931 156684.96243038873 157499.82969549083 157499.82969549083 157657.70042426699 157657.70042426699 157707.41654130169 157707.41654130169 157761.54378779234 157761.54378779234 157832.94762276644 157832.94762276644 157969.54764598854 157969.54764598854 158445.1792513024 158445.1792513024 158455.09237031428 158465.1792513024 158519.60942396324 158519.60942396324 158552.79327491665 158552.79327491665 158942.07884978501 158942.07884978501 159750.56606433913 159750.56606433913 159827.96533110868 159827.96533110868 159860.83574377646 159860.83574377646 160111.00435157518 160111.00435157518 160403.46010416008 160403.46010416008 160755.38082531162 160755.38082531162 161883.54444306933 161883.54444306933 162029.05640546467 162029.05640546467 162126.21670568462 162126.21670568462 162299.00875254185 162299.00875254185 162438.45120340664 162438.45120340664 163002.64949223671 163002.64949223671 163073.8319721159 163073.8319721159 163107.47230611162 163107.47230611162 163191.77392090034 163191.77392090034 163624.2555997582 163624.2555997582 163658.06374622649 163658.06374622649 164156.56762876173 164156.56762876173 164332.25639736126 164332.25639736126 164647.98426757165 164647.98426757165 164934.01761704045 164934.01761704045 165046.06289144946 165046.06289144946 165179.6643904481 165179.6643904481 165192.95080836163 165198.45626814143 165199.6643904481 165219.6643904481 165298.52992773535 165298.52992773535 165656.85125824768 165656.85125824768 165729.31680256527 165729.31680256527 166886.99013701876 166886.99013701876 167608.79876789337 167608.79876789337 167889.01193727706 167889.01193727706 168265.09030700028 168265.09030700028 168360.88343869206 168360.88343869206 168491.74366319898 168491.74366319898 168737.07373822633 168737.07373822633 168835.38296928692 168835.38296928692 169065.54554337026 169065.54554337026 169373.99695090322 169373.99695090322 169399.7379149723 169399.7379149723 169593.29546298877 169593.29546298877 169700.92395968384 169700.92395968384 170458.77693880243 170458.77693880243 170577.72950344239 170577.72950344239 170721.32304125323 170721.32304125323 170738.09636364846 170741.32304125323 171054.55381796088 171054.55381796088 171950.83739275656 171950.83739275656 172292.52749742763 172292.52749742763 172358.36066516219 172358.36066516219 172425.8758319747 172425.8758319747 172649.80125798873 172649.80125798873 173169.15415683341 173169.15415683341 173358.89418740627 173358.89418740627 173579.77330553197 173579.77330553197 173700.71130012417 173700.71130012417 173787.76183701441 173787.76183701441 174547.68296843226 174547.68296843226 174564.90902994162 174567.68296843226 175075.46755891469 175075.46755891469 175114.10232122254 175114.10232122254 175288.69249028951 175288.69249028951 175319.06034732265 175319.06034732265 175642.94145023049 175642.94145023049 175698.29461875042 175698.29461875042 176957.24655227888 176957.24655227888 177077.5537767052 177077.5537767052 177437.2007875061 177437.2007875061 177664.75064822499 177664.75064822499 177740.93169130475 177740.93169130475 177973.18849542479 177973.18849542479 178187.04765327006 178187.04765327006 178224.18549333074 178224.18549333074 178869.75765380563 178869.75765380563 179114.20112610026 179114.20112610026 179257.98296872894 179257.98296872894 179492.71673564766 179492.71673564766 180341.13409778317 180341.13409778317 180859.10768179337 180859.10768179337 180921.64025643657 180921.64025643657 181060.10452558006 181060.10452558006 181126.99096560317 181126.99096560317 181887.00867557416 181887.00867557416 182021.73582275723 182021.73582275723 182188.81248525756 182188.81248525756 182275.85619547129 182275.85619547129 182376.47978958168 182376.47978958168 182453.93245866877 182453.93245866877 182804.84148455698 182804.84148455698 182860.6199175119 182860.6199175119 183491.50785052983 183491.50785052983 183543.55032626256 183543.55032626256 183553.89906237509 183563.55032626256 183776.0497430544 183776.0497430544 184874.80270323336 184874.80270323336 184966.85012647043 184966.85012647043 185589.82656405853 185589.82656405853 185948.49819216088 185948.49819216088 186381.29497013546 186381.29497013546 186474.62874671015 186474.62874671015 186479.66837766409 186494.62874671015 187248.21906469447 187248.21906469447 187559.49547178734 187559.49547178734 187630.91272073284 187630.91272073284 187735.73888713491 187735.73888713491 187861.01827993109 187861.01827993109 187911.36010883411 187911.36010883411 188469.59881866235 188469.59881866235 188908.43565309568 188908.43565309568 189067.43998628691 189067.43998628691 190321.17735042648 190321.17735042648 190622.53174897856 190622.53174897856 190847.74671706814 190847.74671706814 190888.40041385721 190888.40041385721 191525.79036462968 191525.79036462968 191793.32900868228 191793.32900868228 192022.24388072785 192022.24388072785 192230.82046751845 192230.82046751845 192257.70001303152 192257.70001303152 192939.18251857416 192939.18251857416 193293.67708483418 193293.67708483418 193500.62207735338 193500.62207735338 193799.97112741513 193799.97112741513 193813.74299276967 193819.97112741513 194253.49107485391 194253.49107485391 194418.00706387632 194418.00706387632 194646.90700088771 194646.90700088771 195233.06692757048 195233.06692757048 195376.64221321256 195376.64221321256 195622.31413385417 195622.31413385417 195696.31193461061 195696.31193461061 196325.45372779266 196325.45372779266 196332.87945702453 196342.83297409013 196345.45372779266 196365.45372779266 196781.99500539184 196781.99500539184 196827.41360998121 196827.41360998121 196869.6047564448 196869.6047564448 197749.60142836703 197749.60142836703 197769.97029550077 197769.97029550077 197824.72336829104 197824.72336829104 197880.40047594203 197880.40047594203 198102.69842933876 198102.69842933876 198118.3732462231 198122.69842933876 198266.33393902098 198266.33393902098 199223.23894324763 199223.23894324763 200151.15700146765 200151.15700146765 200234.69171155005 200234.69171155005 200246.41024619683 200254.69171155005 200416.02160834551 200416.02160834551 200559.21877393161 200559.21877393161 200642.03138625168 200642.03138625168 200887.78651621901 200887.78651621901 200924.54416059937 200924.54416059937 201366.65116784722 201366.65116784722 201368.08500101095 201386.65116784722 201811.47028056967 201811.47028056967 201845.40899705709 201845.40899705709 201914.75127114123 201914.75127114123 201933.71691039237 201934.75127114123 202419.92259717716 202419.92259717716 202509.51103490197 202509.51103490197 202562.20341409854 202562.20341409854 203118.12359203254 203118.12359203254 203173.83135302129 203173.83135302129 203287.75695736161 203287.75695736161 203289.78150162613 203307.75695736161 203332.75546529959 203332.75546529959 203489.05800916447 203489.05800916447 203546.18420852174 203546.18420852174 203726.67895445507 203726.67895445507 204207.36606272192 204207.36606272192 205174.15553902404 205174.15553902404 205397.22991239284 205397.22991239284 205861.77684221427 205861.77684221427 206182.96634169002 206182.96634169002 206254.12331013335 206254.12331013335 206351.56043799858 206351.56043799858 206438.57387724763 206438.57387724763 206465.36938805819 206465.36938805819 206902.77357901339 206902.77357901339 207049.05607496696 207049.05607496696 207297.79025478141 207297.79025478141 207644.28220187214 207644.28220187214 209901.50711058587 209901.50711058587 210054.63085302514 210054.63085302514 210155.21288409601 210155.21288409601 210196.08502562192 210196.08502562192 210880.49148698203 210880.49148698203 212002.91609241153 212002.91609241153 212141.30964606108 212141.30964606108 212187.18861398743 212187.18861398743 212522.67759546817 212522.67759546817 212600.10196111326 212600.10196111326 212962.02453136873 212962.02453136873 213742.09694811099 213742.09694811099 213883.52396284011 213883.52396284011 213990.9195620923 213990.9195620923 214619.2688702335 214619.2688702335 214961.27157524511 214961.27157524511 215047.51885337531 215047.51885337531 215153.60586454091 215153.60586454091 215273.82335541865 215273.82335541865 215290.59938295915 215293.82335541865 215331.33831044123 215331.33831044123 215362.45683310814 215362.45683310814 215378.86602843123 215382.45683310814 215457.45514170568 215457.45514170568 215798.83212520464 215798.83212520464 215873.75854650939 215873.75854650939 216303.4850650272 216303.4850650272 216387.26895293724 216387.26895293724 216494.93939420766 216494.93939420766 216747.08508657637 216747.08508657637 217033.85502536183 217033.85502536183 217072.37998306179 217072.37998306179 218471.10206415206 218471.10206415206 218675.99526810669 218675.99526810669 218836.28508734605 218836.28508734605 219225.64644635069 219225.64644635069 219376.00582475378 219376.00582475378 219549.34071985561 219549.34071985561 220454.79872722688 220454.79872722688 220509.08085823807 220509.08085823807 220694.36377357986 220694.36377357986 221282.16014482929 221282.16014482929 221385.43175411983 221385.43175411983 221391.6635023739 221405.43175411983 221569.33210374632 221569.33210374632 221665.02597909152 221665.02597909152 222072.53813271947 222072.53813271947 222127.36631440961 222127.36631440961 222590.16328286659 222590.16328286659 223874.6235438376 223874.6235438376 223941.86879836704 223941.86879836704 224621.22935700369 224621.22935700369 224946.61584974744 224946.61584974744 225068.58000342188 225068.58000342188 225259.84986250185 225259.84986250185 225577.53357298807 225577.53357298807 225650.60817144419 225650.60817144419 225849.89295223971 225849.89295223971 226149.65466203369 226149.65466203369 226955.85547542941 226955.85547542941 227083.63268828127 227083.63268828127 227253.99285741568 227253.99285741568 227278.80038194389 227278.80038194389 227301.09570430887 227301.09570430887 227423.60527906674 227423.60527906674 227847.13820564163 227847.13820564163 228118.41809278541 228118.41809278541 228224.02138828741 228224.02138828741 228285.55283046607 228285.55283046607 228341.93226097947 228341.93226097947 228524.57228237994 228524.57228237994 228608.42946903991 228608.42946903991 228700.06245884929 228700.06245884929 228785.09259139883 228785.09259139883 228816.72889897701 228816.72889897701 229546.62877965 229546.62877965 229931.56197277775 229931.56197277775 230293.76986155721 230293.76986155721 230575.17100857813 230575.17100857813 230951.12183535577 230951.12183535577 231596.85956711104 231596.85956711104 231697.9615477622 231697.9615477622 231964.42472852035 231964.42472852035 232176.10516305811 232176.10516305811 232180.98780000351 232196.10516305811 232389.62082228363 232389.62082228363 232600.45419454159 232600.45419454159 232647.02245476041 232647.02245476041 232669.79861977934 232669.79861977934 233017.72141725519 233017.72141725519 233262.45530754176 233262.45530754176 233336.72750290111 233336.72750290111 233512.04165032195 233512.04165032195 233556.57165139584 233556.57165139584 233973.25437438252 233973.25437438252 234073.98161572005 234073.98161572005 234104.64411092358 234104.64411092358 234732.34871742361 234732.34871742361 234820.79478524662 234820.79478524662 235582.76556364015 235582.76556364015 235874.240445008 235874.240445008 236232.26185048642 236232.26185048642 236394.2865313085 236394.2865313085 236474.76938099856 236474.76938099856 236963.24909333495 236963.24909333495 237125.32555244068 237125.32555244068 237344.12961314656 237344.12961314656 237563.4145604917 237563.4145604917 238309.60508698104 238309.60508698104 238347.49424539834 238347.49424539834 238741.39882084639 238741.39882084639 238955.89455343126 238955.89455343126 239333.14732037407 239333.14732037407 239572.28074896179 239572.28074896179 239714.50669192252 239714.50669192252 239767.46974495292 239767.46974495292 240728.34989662454 240728.34989662454 240732.08275425689 240748.34989662454 241206.68797602508 241206.68797602508 241596.35014600043 241596.35014600043 241732.28132186095 241732.28132186095 241880.42698673192 241880.42698673192 241898.86057221709 241900.42698673192 242029.81393401848 242029.81393401848 242158.05515839282 242158.05515839282 242231.73348847545 242231.73348847545 242242.66157291005 242251.73348847545 242262.44109191279 242271.73348847545 242812.79204051883 242812.79204051883 243379.19654731297 243379.19654731297 243407.59664762642 243407.59664762642 243546.39384141865 243546.39384141865 243895.93385173437 243895.93385173437 244676.21983204913 244676.21983204913 244887.11664662164 244887.11664662164 245134.11752058588 245134.11752058588 245849.87524082017 245849.87524082017 246061.12083185163 246061.12083185163 246094.3398285808 246094.3398285808 246096.43273054289 246114.3398285808 246440.60354430422 246440.60354430422 246491.983577581 246491.983577581 246725.88453453833 246725.88453453833 246749.06949886694 246749.06949886694 247954.7576984599 247954.7576984599 247977.95551119158 247977.95551119158 248416.81946687804 248416.81946687804 248763.29894571289 248763.29894571289 249124.66533523633 249124.66533523633 249848.35961972777 249848.35961972777 250119.64441179134 250119.64441179134 250230.27645481291 250230.27645481291 250393.90062540645 250393.90062540645 250586.3776716448 250586.3776716448 250649.30346034331 250649.30346034331 250989.28440805786 250989.28440805786 251214.71059635921 251214.71059635921 251340.52487463396 251340.52487463396 251407.83266563099 251407.83266563099 251426.9808959639 251427.83266563099 251525.9868299328 251525.9868299328 251560.32901525793 251560.32901525793 251657.40814825396 251657.40814825396 251761.60898187296 251761.60898187296 251847.54071179394 251847.54071179394 252351.25988373341 252351.25988373341 252352.58005633481 252371.25988373341 252551.12303660821 252551.12303660821 252563.62517782983 252571.12303660821 252884.47717469444 252884.47717469444 252889.20175678818 252904.47717469444 253290.74120075191 253290.74120075191 253326.96972140504 253326.96972140504 253831.27522309248 253831.27522309248 254112.98328320535 254112.98328320535 254129.71436493766 254132.98328320535 254276.94424282747 254276.94424282747 254333.83780400552 254333.83780400552 254394.61002171301 254394.61002171301 254486.03466382796 254486.03466382796 254497.40416827323 254506.03466382796 254915.94225459309 254915.94225459309 255185.17315065196 255185.17315065196 255729.84663318044 255729.84663318044 255800.6545265067 255800.6545265067 255851.46401206428 255851.46401206428 256187.284744784 256187.284744784 256326.89109588662 256326.89109588662 256373.32748138709 256373.32748138709 256556.73276855959 256556.73276855959 256585.8830962164 256585.8830962164 256608.48167791511 256608.48167791511 256930.75828549518 256930.75828549518 257008.85382930521 257008.85382930521 257287.20698422359 257287.20698422359 257441.17095707778 257441.17095707778 257460.59143181669 257461.17095707778 257617.58076065865 257617.58076065865 257804.11795130139 257804.11795130139 258287.7623905914 258287.7623905914 258804.50419536355 258804.50419536355","1 0 1 0 1 0 1 0 1 0 1 0 1 0 1 0 1 0 1 0 1 0 1 0 1 0 1 0 1 0 1 0 1 0 1 0 1 0 1 0 1 0 1 0 1 0 1 0 1 0 1 0 1 0 1 0 1 0 1 0 1 0 1 0 1 0 1 0 1 0 1 0 1 0 1 0 1 0 1 0 1 0 1 0 1 0 1 0 1 0 1 0 1 0 1 0 1 0 1 0 1 0 1 0 1 0 1 0 1 0 1 0 1 0 1 0 1 0 1 0 1 0 1 0 1 0 1 0 1 0 1 0 1 0 1 0 1 0 1 0 1 0 1 0 1 0 1 0 1 0 1 0 1 0 1 0 1 0 1 0 1 0 1 0 1 0 1 0 1 0 1 0 1 0 1 0 1 0 1 0 1 0 1 0 1 0 1 0 1 0 1 0 1 0 1 0 1 0 1 0 1 0 1 0 1 0 1 0 1 0 1 0 1 0 1 0 1 0 1 0 1 0 1 0 1 0 1 0 1 0 1 0 1 0 1 0 1 0 1 0 1 0 1 0 1 0 1 0 1 0 1 0 1 0 1 0 1 0 1 0 1 0 1 0 1 0 1 0 1 0 1 0 1 0 1 0 1 0 1 0 1 0 1 0 1 0 1 0 1 0 1 0 1 0 1 0 1 0 1 0 1 0 1 0 1 0 1 0 1 0 1 0 1 0 1 0 1 0 1 0 1 0 1 0 1 0 1 0 1 0 1 0 1 0 1 0 1 0 1 0 1 0 1 0 1 0 1 0 1 0 1 0 1 0 1 0 1 0 1 0 1 0 1 0 1 0 1 0 1 0 1 0 1 0 1 0 1 0 1 0 1 0 1 0 1 0 1 0 1 0 1 0 1 0 1 0 1 0 1 0 1 0 1 0 1 0 1 0 1 0 1 0 1 0 1 0 1 0 1 0 1 0 1 0 1 0 1 0 1 0 1 0 1 0 1 0 1 0 1 0 1 0 1 0 1 0 1 0 1 0 1 0 1 0 1 0 1 0 1 0 1 0 1 0 1 0 1 0 1 0 1 0 1 0 1 0 1 0 1 0 1 0 1 0 1 0 1 0 1 0 1 0 1 0 1 0 1 0 1 0 1 0 1 0 1 0 1 0 1 0 1 0 1 0 1 0 1 0 1 0 1 0 1 0 1 0 1 0 1 0 1 0 1 0 1 0 1 0 1 0 1 0 1 0 1 0 1 0 1 0 1 0 1 0 1 0 1 0 1 0 1 0 1 0 1 0 1 0 1 0 1 0 1 0 1 0 1 0 1 0 1 0 1 0 1 0 1 0 1 0 1 0 1 0 1 0 1 0 1 0 1 0 1 0 1 0 1 0 1 0 1 0 1 0 1 0 1 0 1 0 1 0 1 0 1 0 1 0 1 0 1 0 1 0 1 0 1 0 1 0 1 0 1 0 1 0 1 0 1 0 1 0 1 0 1 0 1 0 1 0 1 0 1 0 1 0 1 0 1 0 1 0 1 0 1 0 1 0 1 0 1 0 1 0 1 0 1 0 1 0 1 0 1 0 1 0 1 0 1 0 1 0 1 0 1 0 1 0 1 0 1 0 1 0 1 0 1 0 1 0 1 0 1 0 1 0 1 0 1 0 1 0 1 0 1 0 1 0 1 0 1 0 1 0 1 0 1 0 1 0 1 0 1 0 1 0 1 0 1 0 1 0 1 0 1 0 1 0 1 0 1 0 1 0 1 0 1 0 1 0 1 0 1 0 1 0 1 0 1 0 1 0 1 0 1 0 1 0 1 0 1 0 1 0 1 0 1 0 1 0 1 0 1 0 1 0 1 0 1 0 1 0 1 0 1 0 1 0 1 0 1 0 1 0 1 2 1 0 1 0 1 0 1 0 1 0 1 0 1 0 1 0 1 0 1 0 1 0 1 0 1 0 1 0 1 0 1 0 1 0 1 0 1 0 1 0 1 0 1 0 1 0 1 0 1 0 1 0 1 0 1 0 1 0 1 0 1 0 1 0 1 0 1 0 1 0 1 0 1 0 1 0 1 0 1 0 1 0 1 0 1 0 1 0 1 0 1 0 1 0 1 0 1 0 1 0 1 0 1 0 1 0 1 0 1 0 1 0 1 0 1 0 1 0 1 0 1 2 1 0 1 0 1 0 1 0 1 0 1 0 1 0 1 0 1 0 1 0 1 0 1 0 1 0 1 0 1 0 1 0 1 0 1 0 1 0 1 0 1 0 1 2 1 0 1 0 1 0 1 0 1 0 1 0 1 0 1 0 1 0 1 0 1 0 1 0 1 0 1 0 1 0 1 0 1 0 1 0 1 0 1 0 1 0 1 0 1 0 1 0 1 0 1 0 1 0 1 0 1 0 1 0 1 0 1 0 1 0 1 0 1 0 1 0 1 0 1 0 1 0 1 0 1 0 1 0 1 0 1 0 1 0 1 0 1 0 1 0 1 0 1 0 1 0 1 0 1 0 1 0 1 0 1 0 1 0 1 0 1 0 1 0 1 0 1 0 1 0 1 0 1 0 1 0 1 0 1 0 1 0 1 0 1 0 1 0 1 0 1 0 1 0 1 0 1 0 1 0 1 0 1 0 1 0 1 0 1 0 1 0 1 0 1 0 1 0 1 0 1 0 1 0 1 0 1 0 1 0 1 0 1 0 1 0 1 0 1 0 1 0 1 0 1 0 1 0 1 0 1 0 1 0 1 0 1 0 1 0 1 0 1 0 1 0 1 0 1 0 1 0 1 0 1 0 1 0 1 0 1 0 1 0 1 0 1 0 1 0 1 0 1 0 1 0 1 0 1 0 1 0 1 0 1 0 1 0 1 0 1 0 1 0 1 0 1 0 1 0 1 0 1 0 1 0 1 0 1 0 1 0 1 0 1 0 1 0 1 0 1 0 1 0 1 0 1 0 1 0 1 0 1 0 1 0 1 0 1 0 1 0 1 0 1 0 1 0 1 0 1 0 1 0 1 2 1 0 1 0 1 0 1 0 1 0 1 0 1 0 1 0 1 0 1 0 1 0 1 0 1 0 1 0 1 0 1 0 1 0 1 0 1 0 1 0 1 0 1 0 1 0 1 0 1 0 1 0 1 0 1 0 1 0 1 0 1 0 1 0 1 0 1 0 1 0 1 0 1 0 1 0 1 0 1 0 1 0 1 0 1 0 1 0 1 0 1 0 1 0 1 0 1 0 1 0 1 0 1 0 1 0 1 0 1 0 1 0 1 0 1 0 1 0 1 0 1 0 1 0 1 0 1 0 1 0 1 0 1 0 1 0 1 0 1 0 1 0 1 0 1 0 1 0 1 0 1 0 1 0 1 0 1 0 1 0 1 0 1 0 1 2 1 0 1 0 1 0 1 0 1 0 1 0 1 0 1 0 1 0 1 0 1 0 1 0 1 0 1 0 1 0 1 0 1 0 1 0 1 0 1 0 1 0 1 0 1 0 1 0 1 0 1 0 1 0 1 0 1 0 1 0 1 0 1 0 1 0 1 0 1 0 1 0 1 0 1 0 1 0 1 0 1 0 1 0 1 0 1 0 1 0 1 0 1 0 1 0 1 0 1 0 1 0 1 0 1 0 1 0 1 0 1 0 1 0 1 0 1 0 1 0 1 0 1 0 1 0 1 0 1 0 1 0 1 0 1 0 1 0 1 0 1 0 1 0 1 0 1 0 1 0 1 0 1 0 1 0 1 0 1 0 1 0 1 0 1 0 1 0 1 0 1 0 1 0 1 0 1 0 1 0 1 0 1 0 1 0 1 0 1 0 1 0 1 0 1 0 1 0 1 0 1 0 1 0 1 0 1 0 1 0 1 0 1 0 1 2 1 0 1 0 1 0 1 0 1 0 1 0 1 0 1 0 1 0 1 0 1 0 1 0 1 0 1 0 1 0 1 0 1 0 1 0 1 0 1 0 1 0 1 0 1 0 1 0 1 0 1 0 1 0 1 0 1 0 1 0 1 0 1 0 1 0 1 0 1 0 1 0 1 0 1 0 1 0 1 0 1 0 1 0 1 0 1 0 1 0 1 0 1 0 1 0 1 0 1 0 1 0 1 0 1 0 1 0 1 0 1 0 1 0 1 0 1 0 1 0 1 0 1 0 1 0 1 0 1 0 1 0 1 0 1 0 1 0 1 0 1 0 1 0 1 0 1 0 1 0 1 0 1 0 1 0 1 0 1 0 1 0 1 0 1 0 1 0 1 0 1 0 1 0 1 0 1 0 1 0 1 0 1 0 1 0 1 0 1 0 1 0 1 0 1 0 1 0 1 0 1 0 1 0 1 0 1 0 1 0 1 0 1 0 1 0 1 0 1 0 1 0 1 0 1 0 1 0 1 0 1 0 1 0 1 0 1 0 1 0 1 0 1 0 1 0 1 0 1 0 1 0 1 0 1 0 1 0 1 0 1 0 1 0 1 0 1 0 1 0 1 0 1 0 1 0 1 0 1 0 1 0 1 0 1 0 1 0 1 0 1 0 1 0 1 0 1 0 1 0 1 0 1 0 1 0 1 0 1 0 1 0 1 0 1 0 1 0 1 0 1 0 1 0 1 0 1 0 1 0 1 0 1 0 1 0 1 0 1 0 1 0 1 0 1 0 1 0 1 0 1 0 1 0 1 0 1 0 1 0 1 0 1 0 1 0 1 0 1 0 1 0 1 0 1 0 1 0 1 0 1 0 1 0 1 0 1 0 1 0 1 0 1 0 1 0 1 0 1 0 1 0 1 0 1 0 1 0 1 0 1 0 1 0 1 0 1 0 1 0 1 0 1 0 1 0 1 0 1 0 1 0 1 0 1 0 1 0 1 0 1 0 1 0 1 0 1 0 1 0 1 0 1 0 1 0 1 0 1 0 1 0 1 0 1 0 1 0 1 0 1 0 1 0 1 0 1 0 1 0 1 0 1 0 1 0 1 0 1 0 1 0 1 0 1 0 1 0 1 0 1 0"
General-1-20260518-23:34:40-35278,attr,LoRaNetworkTest.loRaGW[0].packetForwarder,highQueueLength:vector,recordingmode,vector,,
General-1-20260518-23:34:40-35278,attr,LoRaNetworkTest.loRaGW[0].packetForwarder,highQueueLength:vector,source,highQueueLength,,
General-1-20260518-23:34:40-35278,attr,LoRaNetworkTest.loRaGW[0].packetForwarder,highQueueLength:vector,title,High Priority Queue Length,,
General-2-20260519-00:18:35-54743,vector,LoRaNetworkTest.loRaGW[0].packetForwarder,highQueueLength:vector,,,"7367.70508740135 7367.70508740135 7718.81751053399 7718.81751053399 7732.19967048957 7738.81751053399 7826.60077724402 7826.60077724402 8335.65347426307 8335.65347426307 8362.35428154842 8362.35428154842 8462.80222436719 8462.80222436719 8832.48181456235 8832.48181456235 8890.24855930841 8890.24855930841 9147.91552459594 9147.91552459594 9172.87295600641 9172.87295600641 9314.23776584632 9314.23776584632 9408.23607413767 9408.23607413767 9503.51590826061 9503.51590826061 9963.359358252 9963.359358252 10051.16019466033 10051.16019466033 10133.78825940328 10133.78825940328 10196.28338196076 10196.28338196076 10317.3545884849 10317.3545884849 10455.27852428077 10455.27852428077 10692.76939150406 10692.76939150406 10695.34926024854 10712.76939150406 10972.27299629 10972.27299629 11154.67217054424 11154.67217054424 11213.58159481122 11213.58159481122 11294.20499060182 11294.20499060182 11877.98822078382 11877.98822078382 11909.93500395325 11909.93500395325 12121.16903156488 12121.16903156488 12226.21390316741 12226.21390316741 12268.73384747427 12268.73384747427 12283.37298251607 12288.73384747427 12366.54102267795 12366.54102267795 12492.39837304559 12492.39837304559 12916.74308876538 12916.74308876538 12926.23742667222 12936.74308876538 13066.75502649168 13066.75502649168 13225.78700769542 13225.78700769542 13421.8309330246 13421.8309330246 13548.21752866595 13548.21752866595 13671.95893143024 13671.95893143024 14071.2917851801 14071.2917851801 14134.27170647867 14134.27170647867 14609.37423027445 14609.37423027445 14675.6595043246 14675.6595043246 14790.71901170419 14790.71901170419 14893.81842021598 14893.81842021598 15565.6096100868 15565.6096100868 15658.83590157965 15658.83590157965 15697.55386670219 15697.55386670219 15799.40389839364 15799.40389839364 15898.43682010612 15898.43682010612 16061.37720578853 16061.37720578853 16144.99098625505 16144.99098625505 16342.13424861908 16342.13424861908 16360.94649523332 16362.13424861908 16377.81237114341 16378.52341287881 16382.13424861908 16402.13424861908 16837.67190458947 16837.67190458947 16846.20683892734 16857.67190458947 16895.61039995154 16895.61039995154 17065.84041110408 17065.84041110408 17220.32969871238 17220.32969871238 17220.60881525104 17240.32969871238 17287.14957556353 17287.14957556353 17375.07835763267 17375.07835763267 17771.87997539459 17771.87997539459 17867.75460874112 17867.75460874112 17950.61081306362 17950.61081306362 18025.22616433379 18025.22616433379 18067.15828967189 18067.15828967189 18146.99266131203 18146.99266131203 18164.22201422163 18166.99266131203 18449.85196536953 18449.85196536953 18516.52387119682 18516.52387119682 18918.90352466463 18918.90352466463 19196.6997846956 19196.6997846956 19202.75254827719 19216.6997846956 19468.15484607103 19468.15484607103 19604.87244990088 19604.87244990088 19816.30524873033 19816.30524873033 20014.46428314606 20014.46428314606 20502.38254802362 20502.38254802362 20506.71187449479 20522.38254802362 20628.78159715217 20628.78159715217 20755.49238090115 20756.29507220214 21181.12014238391 21181.12014238391 21185.31226759539 21190.18848230014 21201.12014238391 21221.12014238391 21336.12802094319 21336.12802094319 21399.20400134367 21399.20400134367 21452.87263864134 21452.87263864134 21896.91312966369 21896.91312966369 21975.29828626178 21975.29828626178 22187.35437185985 22187.35437185985 22201.41708020464 22207.35437185985 22350.58155540744 22350.58155540744 22527.78080781304 22527.78080781304 22703.07406337846 22703.07406337846 22726.65047498237 22726.65047498237 22751.93861378623 22751.93861378623 23045.92902778034 23045.92902778034 23141.30626596321 23141.30626596321 23172.77592170067 23172.77592170067 23345.05573022596 23345.05573022596 23611.89361992746 23611.89361992746 23737.60841779411 23737.60841779411 24033.37698884519 24033.37698884519 24357.66900692298 24357.66900692298 24657.79967998538 24657.79967998538 24829.89729675606 24829.89729675606 24831.55586837203 24849.89729675606 24850.76846995245 24869.89729675606 24919.98268779121 24919.98268779121 24979.0433064735 24979.0433064735 25056.25702575794 25056.25702575794 25982.32929401812 25982.32929401812 26076.04897155375 26076.04897155375 26222.95552913812 26222.95552913812 26268.35511147435 26268.35511147435 26395.7625502947 26395.7625502947 26578.90088917173 26578.90088917173 26910.67273760875 26910.67273760875 27003.54260853878 27003.54260853878 27050.48817715626 27050.48817715626 27065.25017759884 27070.48817715626 27133.44875214374 27133.44875214374 27386.60265890419 27386.60265890419 27540.90115559808 27540.90115559808 27593.95146626014 27593.95146626014 27916.9850077692 27916.9850077692 27921.10830546403 27936.9850077692 28476.40254239478 28476.40254239478 28723.42052916479 28723.42052916479 28873.94292205859 28873.94292205859 28950.42494906784 28950.42494906784 28985.5311514025 28985.5311514025 29042.85748579735 29042.85748579735 29264.22695326008 29264.22695326008 29627.37466990951 29627.37466990951 29710.57682665097 29710.57682665097 29775.72403563506 29775.72403563506 30115.38445310168 30115.38445310168 30480.15712834832 30480.15712834832 30488.74319038571 30500.15712834832 30543.49813919841 30543.49813919841 30567.7510728075 30567.7510728075 30693.3291353028 30693.3291353028 31068.91365021212 31068.91365021212 31452.18855653641 31452.18855653641 31665.28120947272 31665.28120947272 31773.84033179804 31773.84033179804 32299.34435561427 32299.34435561427 32341.79660314097 32341.79660314097 32634.23087507541 32634.23087507541 32678.93227913771 32678.93227913771 32727.67183153988 32727.67183153988 32888.55782102995 32888.55782102995 32892.6901886698 32908.55782102995 32966.27689586766 32966.27689586766 33097.99725490599 33097.99725490599 33368.70468275125 33368.70468275125 33643.75105887284 33643.75105887284 33744.47074176152 33744.47074176152 33902.75330023063 33902.75330023063 34195.60009111431 34195.60009111431 34275.81262513061 34275.81262513061 34889.28126345844 34889.28126345844 35163.14620847065 35163.14620847065 35304.31094813504 35304.31094813504 35314.78234069949 35321.07646626083 35324.31094813504 35344.31094813504 35607.38070945739 35607.38070945739 35753.9125182728 35753.9125182728 35778.14429945934 35778.14429945934 35835.46072498225 35835.46072498225 36061.12772183668 36061.12772183668 36215.49187411004 36215.49187411004 36357.4817646139 36357.4817646139 36490.12466620302 36490.12466620302 36548.43904977362 36548.43904977362 37227.22781391442 37227.22781391442 37715.47017473403 37715.47017473403 37817.73035594746 37817.73035594746 37835.30624783678 37837.73035594746 38024.16021577654 38024.16021577654 38371.18679010581 38371.18679010581 38980.09617018106 38980.09617018106 39276.87946287795 39276.87946287795 39334.42221941429 39334.42221941429 39465.9299211177 39465.9299211177 39574.02089751107 39574.02089751107 39673.66401009218 39673.66401009218 39707.40496023929 39707.40496023929 39792.91976310597 39792.91976310597 39985.16541336624 39985.16541336624 40127.06101838294 40127.06101838294 40540.08813574102 40540.08813574102 40578.19184370944 40578.19184370944 40602.87004538081 40602.87004538081 40612.97361926171 40622.87004538081 40790.80405746806 40790.80405746806 40833.32033140652 40833.32033140652 41097.55795690586 41097.55795690586 41167.33172118284 41167.33172118284 42038.48881451506 42038.48881451506 42079.87285339825 42079.87285339825 42435.37885417635 42435.37885417635 42510.55247296322 42510.55247296322 42631.69067658942 42631.69067658942 42730.98685360556 42730.98685360556 42772.79936992077 42772.79936992077 43115.63529946785 43115.63529946785 43189.0227649107 43189.0227649107 43362.67309909426 43362.67309909426 43407.62703921507 43407.62703921507 43487.8663231041 43487.8663231041 43547.36223029175 43547.36223029175 43556.59779768321 43567.36223029175 43636.28132694892 43636.28132694892 43957.07868091017 43957.07868091017 43979.62755476075 43979.62755476075 44092.64891466285 44092.64891466285 44501.08498082196 44501.08498082196 44552.28008797227 44552.28008797227 44748.61555507934 44748.61555507934 44784.85952628304 44784.85952628304 45087.45205238232 45087.45205238232 45253.23572888952 45253.23572888952 45276.32618785441 45276.32618785441 45312.06252807469 45312.06252807469 45356.57794311694 45356.57794311694 45740.12661791296 45740.12661791296 45789.23924211465 45789.23924211465 45913.34005272008 45913.34005272008 46006.88797946554 46006.88797946554 46039.51028497826 46039.51028497826 46385.06498936507 46385.06498936507 46592.23299787054 46592.23299787054 46607.32224599135 46612.23299787054 46989.46345786947 46989.46345786947 47011.62017364085 47011.62017364085 47111.61905673244 47111.61905673244 47490.09573660562 47490.09573660562 47712.15127416818 47712.15127416818 47984.78744968635 47984.78744968635 48091.63440549424 48091.63440549424 48124.32323981106 48124.32323981106 48131.46697732005 48144.32323981106 48178.45342588128 48178.45342588128 48412.62334912625 48412.62334912625 48580.61563855948 48580.61563855948 49365.16096247481 49365.16096247481 49448.47171071525 49448.47171071525 49648.63494264789 49648.63494264789 50085.47875108568 50085.47875108568 50303.18909399422 50303.18909399422 50601.55782036906 50601.55782036906 50662.16128245665 50662.16128245665 50723.31056392181 50723.31056392181 51105.65337062745 51105.65337062745 51210.88420044198 51210.88420044198 51280.87467584819 51280.87467584819 51391.54533307246 51391.54533307246 51509.78444820444 51509.78444820444 52114.64506788823 52114.64506788823 52390.885061696 52390.885061696 52516.05775132561 52516.05775132561 52557.4751771237 52557.4751771237 52997.36332663931 52997.36332663931 53425.40524780864 53425.40524780864 53779.45170459577 53779.45170459577 54193.29713182887 54193.29713182887 54277.81812587563 54277.81812587563 54366.67554129948 54366.67554129948 54421.29691678725 54421.29691678725 54507.22501655207 54507.22501655207 54572.84588529725 54572.84588529725 54606.79463141683 54606.79463141683 54638.01534250263 54638.01534250263 54742.51816207597 54742.51816207597 54749.52290762858 54762.51816207597 54786.80182254773 54786.80182254773 55414.02177858997 55414.02177858997 55643.94578703763 55643.94578703763 55723.30231194678 55723.30231194678 55776.23188082385 55776.23188082385 56232.03834040982 56232.03834040982 56300.97405299465 56300.97405299465 56573.04477675142 56573.04477675142 56605.03410392428 56605.03410392428 56668.37801988183 56668.37801988183 56791.66368503098 56791.66368503098 56828.05621560833 56828.05621560833 57139.245200587 57139.245200587 57542.4125414538 57542.4125414538 57644.66497181896 57644.66497181896 57926.23587691288 57926.23587691288 57984.32615514608 57984.32615514608 58284.92970306852 58284.92970306852 58392.70936239925 58392.70936239925 58474.24678025756 58474.24678025756 58590.13116050369 58590.13116050369 58647.44259188845 58647.44259188845 58656.37344227412 58667.44259188845 58819.0045048827 58819.0045048827 59481.84072340981 59481.84072340981 59505.68782424648 59505.68782424648 59595.73328380031 59595.73328380031 59683.40755875959 59683.40755875959 60420.71390318433 60420.71390318433 60511.24219664505 60511.24219664505 60748.30144393155 60748.30144393155 60800.75423545686 60800.75423545686 60956.47885165271 60956.47885165271 61184.13180978882 61184.13180978882 61198.04319898877 61204.13180978882 61331.93422451508 61331.93422451508 61688.28522473 61688.28522473 62099.76275532672 62099.76275532672 62249.95678555565 62249.95678555565 62285.39285824904 62285.39285824904 62535.253697392 62535.253697392 62816.08534048143 62816.08534048143 63024.42619215395 63024.42619215395 63096.01105201259 63096.01105201259 63251.64136165238 63251.64136165238 63536.63974285372 63536.63974285372 63818.3886966429 63818.3886966429 64506.18259133832 64506.18259133832 64735.63947556102 64735.63947556102 65106.53868887366 65106.53868887366 65141.76042936767 65141.76042936767 65189.67064839592 65189.67064839592 65242.93817487947 65242.93817487947 65828.41112884677 65828.41112884677 65881.77426543675 65881.77426543675 66002.30883161513 66002.30883161513 66006.61073917487 66022.30883161513 66404.23403910922 66404.23403910922 66547.42354580601 66547.42354580601 66567.90322596259 66567.90322596259 66679.11152513875 66679.11152513875 66747.14697386771 66747.14697386771 66766.34060838948 66767.14697386771 66817.14404501476 66817.14404501476 67066.95067162968 67066.95067162968 67164.77072357714 67164.77072357714 67259.48051370219 67259.48051370219 67403.73698906442 67403.73698906442 67462.68551189863 67462.68551189863 67597.25678017507 67597.25678017507 67660.362691955 67660.362691955 67681.87846330835 67681.87846330835 67714.39330465639 67714.39330465639 67936.93646013818 67936.93646013818 68027.81448547772 68027.81448547772 68114.44975262493 68114.44975262493 69042.44167660805 69042.44167660805 69043.38960854283 69062.44167660805 69292.14599085171 69292.14599085171 69657.08048567429 69657.08048567429 69811.77918690641 69811.77918690641 69922.235813677 69922.235813677 70003.82664777677 70003.82664777677 70648.51826597552 70648.51826597552 70680.69545197059 70680.69545197059 70735.58329231976 70735.58329231976 70863.72215702221 70863.72215702221 70893.31071985168 70893.31071985168 71155.04307173164 71155.04307173164 71202.87165369759 71202.87165369759 71229.86162609223 71229.86162609223 71914.78891506372 71914.78891506372 72191.44418742135 72191.44418742135 72359.978799381 72359.978799381 72644.92870714454 72644.92870714454 72723.31948061228 72723.31948061228 73036.87017879706 73036.87017879706 73240.27956989886 73240.27956989886 73387.9805832421 73387.9805832421 73418.16038067359 73418.16038067359 73599.36393177936 73599.36393177936 73633.22692459021 73633.22692459021 73691.15705405517 73691.15705405517 73945.91859336358 73945.91859336358 74088.94228815121 74088.94228815121 74213.54008657373 74213.54008657373 74275.50434946654 74275.50434946654 74490.45201437478 74490.45201437478 74569.98749031111 74569.98749031111 74590.17719577842 74590.17719577842 74590.28219925378 74610.17719577842 74880.45163241643 74880.45163241643 75427.19826723146 75427.19826723146 75476.08500577479 75476.08500577479 75537.05979568544 75537.05979568544 75557.50672303826 75557.50672303826 75843.87696183537 75843.87696183537 75857.84142891279 75863.87696183537 76007.50837567338 76007.50837567338 76229.64976267732 76229.64976267732 76665.30435587917 76665.30435587917 76865.88699859314 76865.88699859314 77391.97053881231 77391.97053881231 77844.45647334601 77844.45647334601 78063.51127128735 78063.51127128735 78148.21725512772 78148.21725512772 78207.45553013676 78207.45553013676 78234.34926566336 78234.34926566336 78323.61146099447 78323.61146099447 78597.28692019429 78614.9009127568 78856.06805279611 78856.06805279611 79314.47099118981 79314.47099118981 79380.54660278977 79380.54660278977 79461.99490433029 79461.99490433029 79519.04880435968 79519.04880435968 79804.25068122719 79804.25068122719 79974.38789240945 79974.38789240945 80672.60644224848 80672.60644224848 80694.25511282483 80694.25511282483 80776.46683133206 80776.46683133206 81007.05556986588 81007.05556986588 81309.25997248754 81309.25997248754 81476.29739280592 81476.29739280592 81539.50763039348 81539.50763039348 82058.14539297675 82058.14539297675 82063.76031786238 82078.14539297675 82414.21206585761 82414.21206585761 82565.3265654161 82565.3265654161 82798.70183279396 82798.70183279396 82870.37560505727 82870.37560505727 82903.23508705862 82903.23508705862 82911.81867534971 82923.23508705862 82944.18272529792 82944.18272529792 83086.46979169521 83086.46979169521 83114.56011798157 83114.56011798157 83187.06078536008 83187.06078536008 83476.33206308161 83476.33206308161 83641.6706234807 83641.6706234807 84879.26673882748 84879.26673882748 85274.02606591626 85274.02606591626 85756.49496360495 85756.49496360495 85880.1331232759 85880.1331232759 86059.87675499399 86059.87675499399 86231.59539253452 86231.59539253452 86388.56863678797 86388.56863678797 86509.57186726984 86509.57186726984 86760.70501117697 86760.70501117697 86827.08717318639 86827.08717318639 86829.23399129588 86847.08717318639 87073.36727111326 87073.36727111326 87412.62676197148 87412.62676197148 87503.00914619983 87503.00914619983 87580.72611663728 87580.72611663728 88368.83087365456 88368.83087365456 88508.80627988216 88508.80627988216 88606.83154220065 88606.83154220065 88626.51235786679 88626.83154220065 88774.07329945417 88774.07329945417 90225.83752371886 90225.83752371886 90440.85039501639 90440.85039501639 90797.99206778258 90797.99206778258 90798.98714498569 90817.99206778258 91189.85659673827 91189.85659673827 91206.7228679458 91209.85659673827 91886.67996587414 91886.67996587414 92287.95857422587 92287.95857422587 92960.20129737746 92960.20129737746 92982.63078224562 92982.63078224562 93172.29771198119 93172.29771198119 93389.40967582745 93389.40967582745 93497.72029812996 93497.72029812996 93519.9963985932 93519.9963985932 93622.74222029871 93622.74222029871 93723.97263005332 93723.97263005332 93937.02944398459 93937.02944398459 93999.5897283184 93999.5897283184 94069.11328919163 94069.11328919163 94790.41148204876 94790.41148204876 95133.26473411105 95133.26473411105 95142.76368262403 95153.26473411105 95302.35621629693 95302.35621629693 95373.81944719161 95373.81944719161 96678.02889874977 96678.02889874977 96888.78182833724 96888.78182833724 97156.70416346595 97156.70416346595 97333.74641437667 97333.74641437667 97621.20357185658 97621.20357185658 97637.84031069206 97641.20357185658 97741.07681714685 97741.07681714685 98288.56096198507 98288.56096198507 98353.65311434932 98353.65311434932 98471.01731090294 98471.01731090294 98725.0569495369 98725.0569495369 99591.9015291426 99591.9015291426 99611.34690278747 99611.9015291426 99798.20661207326 99798.20661207326 100593.81694674508 100593.81694674508 100676.98353697048 100676.98353697048 101062.97638236634 101062.97638236634 101283.74258243801 101283.74258243801 101502.6719783339 101502.6719783339 101869.19133472499 101869.19133472499 102040.22655271009 102040.22655271009 102055.17807949681 102060.22655271009 102304.8871193787 102304.8871193787 102392.16966629367 102392.16966629367 102963.12931660883 102963.12931660883 103184.68191274163 103184.68191274163 103323.10753667059 103323.10753667059 103400.37478910086 103400.37478910086 103833.06371587862 103833.06371587862 103922.06797869441 103922.06797869441 104197.09964864708 104197.09964864708 104267.14877068974 104267.14877068974 104937.4074081894 104937.4074081894 105108.02156327173 105108.02156327173 105550.1442621426 105550.1442621426 105640.38869529028 105640.38869529028 105847.72702148655 105847.72702148655 106140.10524480017 106140.10524480017 106226.25472735657 106226.25472735657 106658.28036443392 106658.28036443392 106783.40604654887 106783.40604654887 107013.26028161604 107013.26028161604 107294.25121078485 107294.25121078485 107695.63696531162 107695.63696531162 108005.39242753451 108005.39242753451 108046.67175255858 108046.67175255858 108086.83517787254 108086.83517787254 108168.34649108266 108168.34649108266 108379.36586432661 108379.36586432661 108457.05139361673 108457.05139361673 109438.10585802519 109438.10585802519 109641.87773808358 109641.87773808358 110284.48122170597 110284.48122170597 110577.85009897833 110577.85009897833 110744.30295429603 110744.30295429603 111973.03715200012 111973.03715200012 112000.93189992672 112000.93189992672 112008.96583073767 112020.93189992672 112104.62462817774 112104.62462817774 112766.39494961846 112766.39494961846 112905.50569100283 112905.50569100283 113033.59795490858 113033.59795490858 113291.72900492108 113291.72900492108 113490.50592637423 113490.50592637423 113807.55316946107 113807.55316946107 114245.44225709149 114245.44225709149 114403.94102468609 114403.94102468609 114461.6007969171 114461.6007969171 114710.8053088543 114710.8053088543 114727.38221773874 114730.8053088543 114842.32721436753 114842.32721436753 115407.00606235017 115407.00606235017 115464.63077625602 115464.63077625602 116044.74163439911 116044.74163439911 116236.37253388418 116236.37253388418 116255.63534886667 116256.37253388418 117597.40885157658 117597.40885157658 117646.55037835223 117646.55037835223 118072.35525299724 118072.35525299724 118138.5892760756 118138.5892760756 118258.41899059379 118258.41899059379 118538.20205178658 118538.20205178658 118844.34806124539 118844.34806124539 118871.88860859001 118871.88860859001 119305.07313789311 119305.07313789311 119890.02968041862 119890.02968041862 119892.813908464 119909.66166887833 119910.02968041862 119930.02968041862 120096.1755294081 120096.1755294081 120763.27291320341 120763.27291320341 121929.3479521374 121929.3479521374 121984.98457462998 121984.98457462998 121987.25764660042 122004.98457462998 122153.67832059311 122153.67832059311 122258.7388756523 122258.7388756523 122402.57402020796 122402.57402020796 122566.27899557107 122566.27899557107 123230.66405659298 123230.66405659298 123283.9768680873 123283.9768680873 123778.75628864038 123778.75628864038 123852.61336957932 123852.61336957932 124050.50020214056 124050.50020214056 124129.54128256044 124129.54128256044 124239.16777559189 124239.16777559189 124404.50412257997 124404.50412257997 124672.53021570864 124672.53021570864 124901.4830893104 124901.4830893104 125222.13509875111 125222.13509875111 125448.29328313819 125448.29328313819 125887.62589840762 125887.62589840762 126441.12510494481 126441.12510494481 127242.86938678994 127242.86938678994 128773.02463149937 128773.02463149937 128774.92726747606 128789.59206078198 128793.02463149937 128813.02463149937 128992.13738352196 128992.13738352196 129971.85624298752 129971.85624298752 130010.04885030566 130010.04885030566 130096.33030426259 130096.33030426259 130274.04614932441 130274.04614932441 130683.34706467696 130683.34706467696 130745.25118024495 130745.25118024495 131008.75585875441 131008.75585875441 131092.09095944816 131092.09095944816 131574.592818837 131574.592818837 131603.87390843896 131603.87390843896 131811.10678567285 131811.10678567285 131926.40735489557 131926.40735489557 132085.97278521281 132085.97278521281 132201.29617663169 132201.29617663169 132400.62207384534 132400.62207384534 132428.37863668621 132428.37863668621 133037.95922173807 133037.95922173807 133152.43683753597 133152.43683753597 133397.64641165163 133397.64641165163 133666.19754114549 133666.19754114549 133782.76849561312 133782.76849561312 134047.14979569739 134047.14979569739 134691.21916479945 134691.21916479945 135122.36942464813 135122.36942464813 135942.54894896325 135942.54894896325 135952.09667356593 135962.54894896325 135980.1656367148 135982.54894896325 136373.58920169337 136373.58920169337 136763.9995277842 136763.9995277842 137076.27206155274 137076.27206155274 137162.46788544784 137162.46788544784 137304.7927183636 137304.7927183636 137316.82583976774 137324.7927183636 137723.76625816907 137723.76625816907 137823.46459468746 137823.46459468746 137978.67813590711 137978.67813590711 138563.65928780483 138563.65928780483 138765.01829456647 138765.01829456647 139665.78744306236 139665.78744306236 140146.29151164201 140146.29151164201 140231.00214353309 140231.00214353309 140657.33904058659 140657.33904058659 141088.87116122384 141088.87116122384 141628.26404076809 141628.26404076809 141706.39449944327 141706.39449944327 141840.5162441453 141840.5162441453 141962.08468612948 141962.08468612948 142007.27863937466 142007.27863937466 142068.67019513144 142068.67019513144 142172.67304635082 142172.67304635082 142261.89727871889 142261.89727871889 142604.42010335433 142604.42010335433 143087.4623899435 143087.4623899435 143658.243829215 143658.243829215 143893.25574443197 143893.25574443197 143945.31107692472 143945.31107692472 144067.63939112943 144067.63939112943 144865.1146356856 144865.1146356856 144895.62500388377 144895.62500388377 144903.9921319165 144915.62500388377 144993.53359432854 144993.53359432854 145182.47574141923 145182.47574141923 145435.31322231601 145435.31322231601 145623.30258458255 145623.30258458255 146628.66560055793 146628.66560055793 146978.69155617722 146978.69155617722 147200.08426520364 147200.08426520364 147445.03098444581 147445.03098444581 147447.71971956187 147465.03098444581 147588.8406893536 147588.8406893536 147928.10345576691 147928.10345576691 148598.50219307639 148598.50219307639 148719.99227874539 148719.99227874539 148998.67916421074 148998.67916421074 149450.09118045166 149450.09118045166 149621.95846399044 149621.95846399044 149960.36588310361 149960.36588310361 150054.54552546989 150054.54552546989 150428.79620188362 150428.79620188362 150750.40475139388 150750.40475139388 150820.08339142838 150820.08339142838 151168.33826599744 151168.33826599744 151549.27309517333 151549.27309517333 151667.3686920899 151667.3686920899 151739.89648184071 151739.89648184071 151838.35325657039 151838.35325657039 151942.03927848286 151942.03927848286 152361.58729011055 152361.58729011055 152594.26423458254 152594.26423458254 153899.96226099704 153899.96226099704 154565.02751568915 154565.02751568915 154893.1139899935 154893.1139899935 154929.76773773256 154929.76773773256 155193.47474148986 155193.47474148986 155198.38955152728 155213.47474148986 155659.64884803698 155659.64884803698 155848.46200050135 155848.46200050135 155969.27856348463 155969.27856348463 156152.13554120983 156152.13554120983 156261.226061249 156261.226061249 157209.40248820035 157209.40248820035 157343.297403906 157343.297403906 157379.43999501679 157379.43999501679 157880.66369534938 157880.66369534938 158376.12336545987 158376.12336545987 158702.72267768102 158702.72267768102 158772.89643841924 158772.89643841924 159403.88950396685 159403.88950396685 159428.82681690754 159428.82681690754 159571.26295761984 159571.26295761984 159833.83101424796 159833.83101424796 159991.31600056048 159991.31600056048 160978.61839425577 160978.61839425577 161239.46337628033 161239.46337628033 161676.82122316904 161676.82122316904 162062.26248938854 162062.26248938854 162191.5841746915 162191.5841746915 162219.13349926758 162219.13349926758 162281.33923802926 162281.33923802926 162382.44375537118 162382.44375537118 163230.77820975835 163230.77820975835 163499.59422835042 163499.59422835042 163879.33847305019 163879.33847305019 163931.14984544847 163931.14984544847 164104.77188471082 164104.77188471082 164618.61783862883 164618.61783862883 165075.68601367261 165075.68601367261 165732.0871224504 165732.0871224504 165979.72747721318 165979.72747721318 166163.66111065585 166163.66111065585 166463.5034151502 166463.5034151502 166674.87610417108 166674.87610417108 166896.63377187609 166896.63377187609 167028.26168050713 167028.26168050713 167045.33666806042 167048.26168050713 167259.79156511876 167259.79156511876 167408.93125372928 167408.93125372928 167575.71288605613 167575.71288605613 167589.43941142756 167595.71288605613 167608.56041531717 167615.71288605613 168032.59473495792 168032.59473495792 168085.39502500109 168085.39502500109 168938.82076303802 168938.82076303802 169115.39686074171 169115.39686074171 170009.3824895875 170009.3824895875 170370.34312567819 170370.34312567819 170388.15472034658 170390.34312567819 170563.1409739982 170563.1409739982 170925.23813300333 170925.23813300333 170982.10564387286 170982.10564387286 171506.70012924773 171506.70012924773 171589.57380483259 171589.57380483259 171635.02675022314 171635.02675022314 171884.16831839806 171884.16831839806 172202.01301958495 172202.01301958495 172206.52280142822 172222.01301958495 172652.19791952547 172652.19791952547 172748.52888290599 172748.52888290599 172811.64076917789 172811.64076917789 172843.46988996964 172843.46988996964 173358.25944328514 173358.25944328514 173621.05833344892 173621.05833344892 174000.42797563632 174000.42797563632 174251.76481065267 174251.76481065267 175014.72400854925 175014.72400854925 175255.8696579944 175255.8696579944 175504.12730970304 175504.12730970304 175536.27611658094 175536.27611658094 175915.60259533752 175915.60259533752 176032.07132270978 176032.07132270978 176156.53710040024 176156.53710040024 176224.15201673877 176224.15201673877 176512.16678032936 176512.16678032936 176623.10402361097 176623.10402361097 176642.21564928077 176643.10402361097 177019.49256035562 177019.49256035562 177424.40494624439 177424.40494624439 177558.30044653904 177558.30044653904 177630.56676077043 177630.56676077043 177907.94721224706 177907.94721224706 177984.25533086977 177984.25533086977 178102.06272518654 178102.06272518654 178299.57430736426 178299.57430736426 178763.66400906444 178763.66400906444 178982.82009221572 178982.82009221572 179016.00340067735 179016.00340067735 179547.44908022952 179547.44908022952 179594.56301727359 179594.56301727359 180838.69952458449 180838.69952458449 180841.68986778721 180858.69952458449 180885.04509640756 180885.04509640756 180952.1442695199 180952.1442695199 180984.95152616784 180984.95152616784 181068.48534318075 181068.48534318075 181223.02731888572 181223.02731888572 181288.46820072697 181288.46820072697 181447.75142826108 181447.75142826108 181895.54494853874 181895.54494853874 181906.26076248101 181915.54494853874 182936.90084712038 182936.90084712038 183353.34988971314 183353.34988971314 183741.57073409321 183741.57073409321 183882.82901359091 183882.82901359091 184765.35469320919 184765.35469320919 185894.10931517268 185894.10931517268 186228.44779943002 186228.44779943002 186523.41747014949 186523.41747014949 186866.84682350952 186866.84682350952 187540.69733641119 187540.69733641119 187822.51256646113 187822.51256646113 188226.94694532685 188226.94694532685 188572.05322353837 188572.05322353837 188663.01422961639 188663.01422961639 189001.53635684663 189001.53635684663 189676.77543826748 189676.77543826748 189717.76478902084 189717.76478902084 189775.59259995096 189775.59259995096 189851.43216374783 189851.43216374783 190302.74084766261 190302.74084766261 190307.02739390259 190322.74084766261 190669.36127345304 190669.36127345304 190993.45763091967 190993.45763091967 191148.83610879196 191148.83610879196 191864.33509309305 191864.33509309305 192064.16157876646 192064.16157876646 192231.77818263927 192231.77818263927 192475.29925969957 192475.29925969957 193041.31553216973 193041.31553216973 193151.77255599346 193151.77255599346 193185.06146410111 193185.06146410111 193509.08580296793 193509.08580296793 193684.99319940238 193684.99319940238 193795.75162874934 193795.75162874934 193814.4009100129 193815.75162874934 194426.65359214987 194426.65359214987 194478.25258381274 194478.25258381274 194666.35926194243 194666.35926194243 194749.59524063303 194749.59524063303 195583.47869727218 195583.47869727218 195835.79083513495 195835.79083513495 196019.9691291319 196019.9691291319 196105.53156928927 196105.53156928927 196135.24135064907 196135.24135064907 196144.63641098389 196155.24135064907 196584.33221099352 196584.33221099352 196875.79066169603 196875.79066169603 197098.64659497303 197098.64659497303 197616.02374626592 197616.02374626592 197679.66938781857 197679.66938781857 197759.02198304432 197759.02198304432 198204.71641302494 198204.71641302494 198276.68672707334 198276.68672707334 199060.91904521843 199060.91904521843 199270.4735370403 199270.4735370403 199434.07880506441 199434.07880506441 200958.02458389056 200958.02458389056 201061.23613241561 201061.23613241561 201107.99092751986 201107.99092751986 201333.58190814105 201333.58190814105 201463.18494832601 201463.18494832601 201579.23502059565 201579.23502059565 201819.94273262598 201819.94273262598 202625.21466969341 202625.21466969341 202653.28745577647 202653.28745577647 202981.1396687499 202981.1396687499 203196.26360751775 203196.26360751775 203270.12631643508 203270.12631643508 204218.2209363395 204218.2209363395 204262.95867989613 204262.95867989613 204730.36085448147 204730.36085448147 204784.26483152672 204784.26483152672 204838.75348968501 204838.75348968501 204909.14123069095 204909.14123069095 205468.12449374023 205468.12449374023 205942.93042010723 205942.93042010723 206237.41766934466 206237.41766934466 206352.13404812265 206352.13404812265 207060.02233308108 207060.02233308108 207089.13953400124 207089.13953400124 207097.75733427815 207109.13953400124 207242.99150727542 207242.99150727542 207449.35229368071 207449.35229368071 207701.34276075428 207701.34276075428 208078.12034751852 208078.12034751852 208218.27304296313 208218.27304296313 208778.55628972321 208778.55628972321 208936.24789339298 208936.24789339298 209091.63792435174 209091.63792435174 209365.14734859789 209365.14734859789 209933.40242578958 209933.40242578958 210256.22092652753 210256.22092652753 210447.66367458942 210447.66367458942 210577.35695129897 210577.35695129897 210590.75515498777 210597.35695129897 210647.46283052977 210647.46283052977 210656.47998279899 210667.46283052977 211119.07077774873 211119.07077774873 211180.46526415013 211180.46526415013 211248.00980279642 211248.00980279642 211301.60831508917 211301.60831508917 211648.4395445805 211648.4395445805 211864.7070021796 211864.7070021796 212043.5720603352 212043.5720603352 212581.20268183664 212581.20268183664 212689.57821679252 212689.57821679252 212866.89740118106 212866.89740118106 213141.41904701969 213141.41904701969 213181.68524291763 213181.68524291763 214081.16549746851 214081.16549746851 214164.07432865454 214164.07432865454 214335.68704691088 214335.68704691088 215057.36906647184 215057.36906647184 215062.81549202083 215077.36906647184 215516.57659754054 215516.57659754054 215649.14494420566 215649.14494420566 216100.35215853752 216100.35215853752 216723.67525312433 216723.67525312433 216920.52965840923 216920.52965840923 217238.21237868974 217238.21237868974 217472.20345100009 217472.20345100009 217546.37597212959 217546.37597212959 217578.68171885483 217578.68171885483 217625.3260504591 217625.3260504591 217650.2784865588 217650.2784865588 217942.75231927951 217942.75231927951 218533.14482221793 218533.14482221793 218698.9625643667 218698.9625643667 218859.33833919653 218859.33833919653 219097.63609618824 219097.63609618824 219310.14753401159 219310.14753401159 219454.3947868784 219454.3947868784 219558.36090551981 219558.36090551981 219637.6738971462 219637.6738971462 220398.30554544069 220398.30554544069 220490.02802678929 220490.02802678929 220967.3393094522 220967.3393094522 221084.71145535427 221084.71145535427 222499.51698621864 222499.51698621864 222794.68337871349 222794.68337871349 222867.42654162983 222867.42654162983 223394.684553296 223394.684553296 223396.11115932159 223414.684553296 223507.10492923763 223507.10492923763 224027.57117133511 224027.57117133511 224668.45597241776 224668.45597241776 224940.2710197863 224940.2710197863 225052.3044848703 225052.3044848703 225130.09957943209 225130.09957943209 225187.8525619898 225187.8525619898 225438.75446854772 225438.75446854772 225483.48667066676 225483.48667066676 225756.98961459837 225756.98961459837 225876.28886324264 225876.28886324264 226499.09719267808 226499.09719267808 228008.53141536185 228008.53141536185 228039.33099267672 228039.33099267672 228304.90564802767 228304.90564802767 228383.75439706033 228383.75439706033 228409.53249381036 228409.53249381036 228448.80389255152 228448.80389255152 228825.69333189035 228825.69333189035 229544.79770746515 229544.79770746515 229585.76517731285 229585.76517731285 229674.31663997577 229674.31663997577 229812.73009891535 229812.73009891535 229839.80885848809 229839.80885848809 229854.85461956155 229859.80885848809 229925.09598772273 229925.09598772273 230047.99694770816 230047.99694770816 230115.96874823174 230115.96874823174 230411.60019929559 230411.60019929559 230622.37649665735 230622.37649665735 231109.64997815984 231109.64997815984 231360.52664324867 231360.52664324867 231368.74574616642 231380.52664324867 231748.38308711627 231748.38308711627 232018.91357160887 232018.91357160887 232901.67405273302 232901.67405273302 232960.56324558001 232960.56324558001 233541.6461365711 233541.6461365711 235090.62384027508 235090.62384027508 235104.14358875958 235110.62384027508 235333.39381925493 235333.39381925493 235888.92211654309 235888.92211654309 235993.69172732889 235993.69172732889 236030.06090612752 236030.06090612752 236148.46353852379 236148.46353852379 236534.8639258781 236534.8639258781 236597.11959242134 236597.11959242134 236754.3881854904 236754.3881854904 237549.99819098166 237549.99819098166 238050.97443640265 238050.97443640265 238427.3422365278 238427.3422365278 238514.97658553968 238514.97658553968 238855.60457809523 238855.60457809523 239383.79865692392 239383.79865692392 239924.49229730951 239924.49229730951 240730.93051363271 240730.93051363271 240986.67985195494 240986.67985195494 241888.88158530361 241888.88158530361 242112.41556383118 242112.41556383118 242255.91447392479 242255.91447392479 242388.80185333961 242388.80185333961 242428.47591740347 242428.47591740347 242754.98836716597 242754.98836716597 242766.30879642835 242774.98836716597 243997.72583076555 243997.72583076555 244038.74811754553 244038.74811754553 244113.79116452952 244113.79116452952 244334.86730416504 244334.86730416504 244506.52054220788 244506.52054220788 244600.45100945573 244600.45100945573 244721.04871015934 244721.04871015934 244992.47971830394 244992.47971830394 245785.17314336128 245785.17314336128 246376.9765505485 246376.9765505485 247023.22048724981 247023.22048724981 247638.43841413154 247638.43841413154 247744.42621242816 247744.42621242816 248009.88838033463 248009.88838033463 248618.20770991096 248618.20770991096 248872.35550237758 248872.35550237758 249352.00344848067 249352.00344848067 249704.05285357923 249704.05285357923 250146.58537682943 250146.58537682943 250666.42400179052 250666.42400179052 250996.16736212475 250996.16736212475 251004.45717627089 251016.16736212475 251123.41658622315 251123.41658622315 251244.47900253878 251244.47900253878 251653.10471337087 251653.10471337087 252172.37044746882 252172.37044746882 252251.75804867271 252251.75804867271 252551.58815473017 252551.58815473017 252740.9419460246 252740.9419460246 253179.88942681299 253179.88942681299 253907.33764877366 253907.33764877366 254369.70532928382 254369.70532928382 254635.12689505279 254635.12689505279 255404.93934089362 255404.93934089362 256442.40637776033 256442.40637776033 256734.83706301815 256734.83706301815 257088.30417969368 257088.30417969368 257405.34427030735 257405.34427030735 257751.11348730572 257751.11348730572 257824.85349234178 257824.85349234178 257942.48708413754 257942.48708413754 257984.58166013816 257984.58166013816 258169.28933379091 258169.28933379091 258521.4851004265 258521.4851004265 259038.93324566454 259038.93324566454","1 0 1 0 1 0 1 0 1 0 1 0 1 0 1 0 1 0 1 0 1 0 1 0 1 0 1 0 1 0 1 0 1 0 1 0 1 0 1 0 1 0 1 0 1 0 1 0 1 0 1 0 1 0 1 0 1 0 1 0 1 0 1 0 1 0 1 0 1 0 1 0 1 0 1 0 1 0 1 0 1 0 1 0 1 0 1 0 1 0 1 0 1 0 1 0 1 0 1 0 1 0 1 0 1 0 1 0 1 0 1 0 1 2 1 0 1 0 1 0 1 0 1 0 1 0 1 0 1 0 1 0 1 0 1 0 1 0 1 0 1 0 1 0 1 0 1 0 1 0 1 0 1 0 1 0 1 0 1 0 1 0 1 0 1 0 1 0 1 0 1 0 1 0 1 2 1 0 1 0 1 0 1 0 1 0 1 0 1 0 1 0 1 0 1 0 1 0 1 0 1 0 1 0 1 0 1 0 1 0 1 0 1 0 1 0 1 0 1 0 1 0 1 0 1 0 1 0 1 0 1 0 1 0 1 0 1 0 1 0 1 0 1 0 1 0 1 0 1 0 1 0 1 0 1 0 1 0 1 0 1 0 1 0 1 0 1 0 1 0 1 0 1 0 1 0 1 0 1 0 1 0 1 0 1 0 1 0 1 0 1 0 1 0 1 0 1 0 1 0 1 0 1 0 1 0 1 0 1 0 1 0 1 0 1 0 1 0 1 0 1 0 1 0 1 0 1 0 1 0 1 0 1 0 1 0 1 0 1 0 1 2 1 0 1 0 1 0 1 0 1 0 1 0 1 0 1 0 1 0 1 0 1 0 1 0 1 0 1 0 1 0 1 0 1 0 1 0 1 0 1 0 1 0 1 0 1 0 1 0 1 0 1 0 1 0 1 0 1 0 1 0 1 0 1 0 1 0 1 0 1 0 1 0 1 0 1 0 1 0 1 0 1 0 1 0 1 0 1 0 1 0 1 0 1 0 1 0 1 0 1 0 1 0 1 0 1 0 1 0 1 0 1 0 1 0 1 0 1 0 1 0 1 0 1 0 1 0 1 0 1 0 1 0 1 0 1 0 1 0 1 0 1 0 1 0 1 0 1 0 1 0 1 0 1 0 1 0 1 0 1 0 1 0 1 0 1 0 1 0 1 0 1 0 1 0 1 0 1 0 1 0 1 0 1 0 1 0 1 0 1 0 1 0 1 0 1 0 1 0 1 0 1 0 1 0 1 0 1 0 1 0 1 0 1 0 1 0 1 0 1 0 1 0 1 0 1 0 1 0 1 0 1 0 1 0 1 0 1 0 1 0 1 0 1 0 1 0 1 0 1 0 1 0 1 0 1 0 1 0 1 0 1 0 1 0 1 0 1 0 1 0 1 0 1 0 1 0 1 0 1 0 1 0 1 0 1 0 1 0 1 0 1 0 1 0 1 0 1 0 1 0 1 0 1 0 1 0 1 0 1 0 1 0 1 0 1 0 1 0 1 0 1 0 1 0 1 0 1 0 1 0 1 0 1 0 1 0 1 0 1 0 1 0 1 0 1 0 1 0 1 0 1 0 1 0 1 0 1 0 1 0 1 0 1 0 1 0 1 0 1 0 1 0 1 0 1 0 1 0 1 0 1 0 1 0 1 0 1 0 1 0 1 0 1 0 1 0 1 0 1 0 1 0 1 0 1 0 1 0 1 0 1 0 1 0 1 0 1 0 1 0 1 0 1 0 1 0 1 0 1 0 1 0 1 0 1 0 1 0 1 0 1 0 1 0 1 0 1 0 1 0 1 0 1 0 1 0 1 0 1 0 1 0 1 0 1 0 1 0 1 0 1 0 1 0 1 0 1 0 1 0 1 0 1 0 1 0 1 0 1 0 1 0 1 0 1 0 1 0 1 0 1 0 1 0 1 0 1 0 1 0 1 0 1 0 1 0 1 0 1 0 1 0 1 0 1 0 1 0 1 0 1 0 1 0 1 0 1 0 1 0 1 0 1 0 1 0 1 0 1 0 1 0 1 0 1 0 1 0 1 0 1 0 1 0 1 0 1 0 1 0 1 0 1 0 1 0 1 0 1 0 1 0 1 0 1 0 1 0 1 0 1 0 1 0 1 0 1 0 1 0 1 0 1 0 1 0 1 0 1 0 1 0 1 0 1 0 1 0 1 0 1 0 1 0 1 0 1 0 1 0 1 0 1 0 1 0 1 0 1 0 1 0 1 0 1 0 1 0 1 0 1 0 1 0 1 0 1 0 1 0 1 0 1 0 1 0 1 0 1 0 1 0 1 0 1 0 1 0 1 0 1 0 1 0 1 0 1 0 1 0 1 0 1 0 1 0 1 0 1 0 1 0 1 0 1 0 1 0 1 0 1 0 1 0 1 0 1 0 1 0 1 0 1 0 1 0 1 0 1 0 1 0 1 0 1 0 1 0 1 0 1 0 1 0 1 0 1 0 1 0 1 0 1 0 1 0 1 0 1 0 1 0 1 0 1 0 1 0 1 0 1 0 1 0 1 0 1 0 1 0 1 0 1 0 1 0 1 0 1 0 1 0 1 0 1 0 1 0 1 2 1 0 1 0 1 0 1 0 1 0 1 0 1 0 1 0 1 0 1 0 1 0 1 0 1 0 1 0 1 0 1 0 1 0 1 0 1 0 1 0 1 0 1 0 1 0 1 0 1 0 1 0 1 2 1 0 1 0 1 0 1 0 1 0 1 0 1 0 1 0 1 0 1 0 1 0 1 0 1 0 1 0 1 0 1 0 1 0 1 0 1 0 1 0 1 0 1 0 1 0 1 0 1 0 1 0 1 0 1 0 1 0 1 0 1 0 1 0 1 0 1 0 1 0 1 0 1 0 1 0 1 0 1 0 1 0 1 0 1 0 1 0 1 0 1 0 1 0 1 0 1 0 1 0 1 0 1 0 1 0 1 0 1 0 1 0 1 0 1 0 1 0 1 0 1 0 1 0 1 0 1 0 1 0 1 0 1 0 1 0 1 0 1 0 1 0 1 0 1 0 1 0 1 0 1 0 1 0 1 0 1 0 1 0 1 0 1 0 1 0 1 0 1 0 1 0 1 0 1 0 1 0 1 0 1 0 1 0 1 0 1 0 1 0 1 0 1 0 1 0 1 0 1 0 1 0 1 0 1 0 1 0 1 0 1 0 1 0 1 0 1 0 1 0 1 0 1 0 1 0 1 0 1 0 1 0 1 0 1 0 1 0 1 0 1 0 1 0 1 0 1 0 1 0 1 0 1 0 1 0 1 0 1 0 1 0 1 0 1 0 1 0 1 0 1 0 1 0 1 0 1 0 1 0 1 0 1 0 1 0 1 0 1 0 1 0 1 0 1 0 1 0 1 0 1 0 1 0 1 0 1 0 1 0 1 0 1 0 1 0 1 0 1 0 1 0 1 0 1 0 1 0 1 0 1 0 1 0 1 0 1 0 1 0 1 0 1 0 1 0 1 0 1 0 1 0 1 0 1 0 1 0 1 0 1 0 1 0 1 0 1 0 1 0 1 0 1 0 1 0 1 0 1 0 1 0 1 0 1 0 1 0 1 0 1 0 1 0 1 0 1 0 1 0 1 0 1 0 1 0 1 0 1 0 1 0 1 0 1 0 1 0 1 0 1 0 1 0 1 0 1 0 1 0 1 0 1 0 1 0 1 0 1 0 1 0 1 0 1 0 1 0 1 0 1 0 1 0 1 0 1 0 1 0 1 0 1 0 1 0 1 0 1 0 1 0 1 0 1 0 1 0 1 0 1 0 1 0 1 0 1 0 1 0 1 0 1 0 1 0 1 0 1 0 1 0 1 0 1 0 1 0 1 0 1 0 1 0 1 0 1 0 1 0 1 0 1 0 1 0 1 0 1 0 1 0 1 0 1 0 1 0 1 0 1 0 1 0 1 0 1 0 1 0 1 0 1 0 1 0 1 0 1 0 1 0 1 0 1 0 1 0 1 0 1 0 1 0 1 0 1 0 1 0 1 0 1 0 1 0 1 0 1 0 1 0 1 0 1 0 1 0 1 0 1 0 1 0 1 0 1 0 1 0 1 0 1 0 1 0 1 0 1 0 1 0 1 0 1 0 1 0 1 0 1 0 1 0 1 0 1 0 1 0 1 0 1 0 1 0 1 0 1 0 1 0 1 0 1 0 1 0 1 0 1 0 1 0 1 0 1 0 1 0 1 0 1 0 1 0 1 0 1 0 1 0 1 0 1 0 1 0 1 0 1 0 1 0 1 0 1 0 1 0 1 0 1 0 1 0 1 0 1 0 1 0 1 0 1 0 1 0 1 0 1 0 1 0 1 0 1 0 1 0 1 0 1 0 1 0 1 0 1 0 1 0 1 0 1 0 1 0 1 0 1 0 1 0 1 0 1 0 1 0 1 0 1 0 1 0 1 0 1 0 1 0 1 0 1 0 1 0 1 0 1 0 1 0 1 0 1 0 1 0 1 0 1 0 1 0 1 0 1 0 1 0 1 0 1 0 1 0 1 0 1 0 1 0 1 0 1 0 1 0 1 0 1 0 1 0 1 0 1 0 1 0 1 0 1 0 1 0 1 0 1 0 1 0 1 0 1 0 1 0 1 0 1 0 1 0 1 0 1 0 1 0 1 0 1 0 1 0 1 0 1 0 1 0 1 0 1 0 1 0 1 0 1 0 1 0 1 0 1 0 1 0 1 0 1 0 1 0 1 0 1 0 1 0 1 0"
General-2-20260519-00:18:35-54743,attr,LoRaNetworkTest.loRaGW[0].packetForwarder,highQueueLength:vector,recordingmode,vector,,
General-2-20260519-00:18:35-54743,attr,LoRaNetworkTest.loRaGW[0].packetForwarder,highQueueLength:vector,source,highQueueLength,,
General-2-20260519-00:18:35-54743,attr,LoRaNetworkTest.loRaGW[0].packetForwarder,highQueueLength:vector,title,High Priority Queue Length,,
