run,type,module,name,attrname,attrvalue,vectime,vecvalue
General-13-20260516-23:26:30-3656,runattr,,,configname,General,,
General-13-20260516-23:26:30-3656,runattr,,,datetime,20260516-23:26:30,,
General-13-20260516-23:26:30-3656,runattr,,,datetimef,20260516-232630,,
General-13-20260516-23:26:30-3656,runattr,,,experiment,General,,
General-13-20260516-23:26:30-3656,runattr,,,inifile,n100-gw1.ini,,
General-13-20260516-23:26:30-3656,runattr,,,iterationvars,"$0=""avg""",,
General-13-20260516-23:26:30-3656,runattr,,,iterationvarsd,avg,,
General-13-20260516-23:26:30-3656,runattr,,,iterationvarsf,avg-,,
General-13-20260516-23:26:30-3656,runattr,,,measurement,"$0=""avg""",,
General-13-20260516-23:26:30-3656,runattr,,,network,flora.simulations.LoRaNetworkTest,,
General-13-20260516-23:26:30-3656,runattr,,,processid,3656,,
General-13-20260516-23:26:30-3656,runattr,,,repetition,13,,
General-13-20260516-23:26:30-3656,runattr,,,replication,#13,,
General-13-20260516-23:26:30-3656,runattr,,,resultdir,results,,
General-13-20260516-23:26:30-3656,runattr,,,runnumber,13,,
General-13-20260516-23:26:30-3656,runattr,,,seedset,13,,
General-13-20260516-23:26:30-3656,config,,,image-path,../../../inet4.4/images,,
General-13-20260516-23:26:30-3656,config,,,network,flora.simulations.LoRaNetworkTest,,
General-13-20260516-23:26:30-3656,config,,,output-vector-file,../results/n100-gw1-s13.ini.vec,,
General-13-20260516-23:26:30-3656,config,,,**.maxTransmissionDuration,4s,,
General-13-20260516-23:26:30-3656,config,,,**.energyDetection,-110dBm,,
General-13-20260516-23:26:30-3656,config,,,**.vector-recording,true,,
General-13-20260516-23:26:30-3656,config,,,rng-class,cMersenneTwister,,
General-13-20260516-23:26:30-3656,config,,,**.loRaGW[*].numUdpApps,1,,
General-13-20260516-23:26:30-3656,config,,,**.loRaGW[0].packetForwarder.localPort,2000,,
General-13-20260516-23:26:30-3656,config,,,**.loRaGW[0].packetForwarder.destPort,1000,,
General-13-20260516-23:26:30-3656,config,,,**.loRaGW[0].packetForwarder.destAddresses,"""networkServer""",,
General-13-20260516-23:26:30-3656,config,,,**.loRaGW[0].packetForwarder.indexNumber,0,,
General-13-20260516-23:26:30-3656,config,,,**.networkServer.numApps,1,,
General-13-20260516-23:26:30-3656,config,,,**.networkServer.**.evaluateADRinServer,true,,
General-13-20260516-23:26:30-3656,config,,,**.networkServer.app[0].typename,NetworkServerApp,,
General-13-20260516-23:26:30-3656,config,,,**.networkServer.app[0].destAddresses,"""loRaGW[0]""",,
General-13-20260516-23:26:30-3656,config,,,**.networkServer.app[0].destPort,2000,,
General-13-20260516-23:26:30-3656,config,,,**.networkServer.app[0].localPort,1000,,
General-13-20260516-23:26:30-3656,config,,,**.networkServer.app[0].adrMethod,"""avg""",,
General-13-20260516-23:26:30-3656,config,,,**.numberOfPacketsToSend,0,,
General-13-20260516-23:26:30-3656,config,,,sim-time-limit,3d,,
General-13-20260516-23:26:30-3656,config,,,warmup-period,2h,,
General-13-20260516-23:26:30-3656,config,,,simtime-resolution,-11,,
General-13-20260516-23:26:30-3656,config,,,repeat,20,,
General-13-20260516-23:26:30-3656,config,,,**.loRaNodes[{0..1}].app[0].timeToFirstPacket,"uniform(0h, 1h)",,
General-13-20260516-23:26:30-3656,config,,,**.loRaNodes[{0..1}].app[0].timeToNextPacket,1h,,
General-13-20260516-23:26:30-3656,config,,,**.loRaNodes[{2..3}].app[0].timeToFirstPacket,exponential(24h),,
General-13-20260516-23:26:30-3656,config,,,**.loRaNodes[{2..3}].app[0].timeToNextPacket,exponential(24h),,
General-13-20260516-23:26:30-3656,config,,,**.loRaNodes[{4..5}].app[0].timeToFirstPacket,exponential(4h),,
General-13-20260516-23:26:30-3656,config,,,**.loRaNodes[{4..5}].app[0].timeToNextPacket,exponential(4h),,
General-13-20260516-23:26:30-3656,config,,,**.alohaChannelModel,false,,
General-13-20260516-23:26:30-3656,config,,,**.loRaNodes[*].**.initFromDisplayString,false,,
General-13-20260516-23:26:30-3656,config,,,**.loRaNodes[*].**.evaluateADRinNode,true,,
General-13-20260516-23:26:30-3656,config,,,**.loRaNodes[*].**initialLoRaBW,125 kHz,,
General-13-20260516-23:26:30-3656,config,,,**.loRaNodes[*].**initialLoRaCR,4,,
General-13-20260516-23:26:30-3656,config,,,**.loRaNodes[*].numApps,1,,
General-13-20260516-23:26:30-3656,config,,,**.loRaNodes[*].app[0].typename,SimpleLoRaApp,,
General-13-20260516-23:26:30-3656,config,,,**.LoRaGWNic.radio.iAmGateway,true,,
General-13-20260516-23:26:30-3656,config,,,**.loRaGW[*].**.initFromDisplayString,false,,
General-13-20260516-23:26:30-3656,config,,,**.loRaNodes[*].LoRaNic.radio.energyConsumer.typename,LoRaEnergyConsumer,,
General-13-20260516-23:26:30-3656,config,,,**.loRaNodes[*].**.energySourceModule,"""^.IdealEpEnergyStorage""",,
General-13-20260516-23:26:30-3656,config,,,**.loRaNodes[*].LoRaNic.radio.energyConsumer.configFile,"xmldoc(""../energyConsumptionParameters.xml"")",,
General-13-20260516-23:26:30-3656,config,,,**.sigma,3.57,,
General-13-20260516-23:26:30-3656,config,,,**.constraintAreaMinX,0m,,
General-13-20260516-23:26:30-3656,config,,,**.constraintAreaMinY,0m,,
General-13-20260516-23:26:30-3656,config,,,**.constraintAreaMinZ,0m,,
General-13-20260516-23:26:30-3656,config,,,**.constraintAreaMaxZ,0m,,
General-13-20260516-23:26:30-3656,config,,,LoRaNetworkTest.**.radio.separateTransmissionParts,false,,
General-13-20260516-23:26:30-3656,config,,,LoRaNetworkTest.**.radio.separateReceptionParts,false,,
General-13-20260516-23:26:30-3656,config,,,**.ipv4Delayer.config,"xmldoc(""../cloudDelays.xml"")",,
General-13-20260516-23:26:30-3656,config,,,**.radio.radioMediumModule,"""LoRaMedium""",,
General-13-20260516-23:26:30-3656,config,,,**.LoRaMedium.pathLossType,"""LoRaLogNormalShadowing""",,
General-13-20260516-23:26:30-3656,config,,,**.minInterferenceTime,0s,,
General-13-20260516-23:26:30-3656,config,,,**.displayAddresses,false,,
General-13-20260516-23:26:30-3656,config,,,**.numberOfNodes,6,,
General-13-20260516-23:26:30-3656,config,,,**.numberOfGateways,1,,
General-13-20260516-23:26:30-3656,config,,,**.constraintAreaMaxX,2376.0m,,
General-13-20260516-23:26:30-3656,config,,,**.constraintAreaMaxY,1090.0m,,
General-13-20260516-23:26:30-3656,config,,,**.loRaGW[0].**.initialX,544.00m,,
General-13-20260516-23:26:30-3656,config,,,**.loRaGW[0].**.initialY,544.00m,,
General-13-20260516-23:26:30-3656,config,,,output-scalar-file,../results/n100-gw1-s13.ini.sca,,
General-13-20260516-23:26:30-3656,config,,,**.loRaNodes[0..1].app[0].sendInterval,1h,,
General-13-20260516-23:26:30-3656,config,,,**.loRaNodes[0].**.initialX,510.63m,,
General-13-20260516-23:26:30-3656,config,,,**.loRaNodes[0].**.initialY,500.08m,,
General-13-20260516-23:26:30-3656,config,,,**.loRaNodes[1].**.initialX,470.29m,,
General-13-20260516-23:26:30-3656,config,,,**.loRaNodes[1].**.initialY,520.24m,,
General-13-20260516-23:26:30-3656,config,,,**.loRaNodes[2].**.initialX,500.60m,,
General-13-20260516-23:26:30-3656,config,,,**.loRaNodes[2].**.initialY,590.25m,,
General-13-20260516-23:26:30-3656,config,,,**.loRaNodes[3].**.initialX,535.86m,,
General-13-20260516-23:26:30-3656,config,,,**.loRaNodes[3].**.initialY,590.63m,,
General-13-20260516-23:26:30-3656,config,,,**.loRaNodes[2..3].app[0].sendInterval,exponential(8760h),,
General-13-20260516-23:26:30-3656,config,,,**.loRaNodes[4..5].app[0].sendInterval,exponential(4h),,
General-13-20260516-23:26:30-3656,config,,,**.loRaNodes[4].**.initialX,650.85m,,
General-13-20260516-23:26:30-3656,config,,,**.loRaNodes[4].**.initialY,510.11m,,
General-13-20260516-23:26:30-3656,config,,,**.loRaNodes[5].**.initialX,680.27m,,
General-13-20260516-23:26:30-3656,config,,,**.loRaNodes[5].**.initialY,520.84m,,
General-13-20260516-23:26:30-3656,config,,,**.loRaNodes[0].**initialLoRaSF,8,,
General-13-20260516-23:26:30-3656,config,,,**.loRaNodes[0].**initialLoRaTP,8dBm,,
General-13-20260516-23:26:30-3656,config,,,**.loRaNodes[1].**initialLoRaSF,9,,
General-13-20260516-23:26:30-3656,config,,,**.loRaNodes[1].**initialLoRaTP,8dBm,,
General-13-20260516-23:26:30-3656,config,,,**.loRaNodes[2].**initialLoRaSF,7,,
General-13-20260516-23:26:30-3656,config,,,**.loRaNodes[2].**initialLoRaTP,8dBm,,
General-13-20260516-23:26:30-3656,config,,,**.loRaNodes[3].**initialLoRaSF,7,,
General-13-20260516-23:26:30-3656,config,,,**.loRaNodes[3].**initialLoRaTP,2dBm,,
General-13-20260516-23:26:30-3656,config,,,**.loRaNodes[4].**initialLoRaSF,8,,
General-13-20260516-23:26:30-3656,config,,,**.loRaNodes[4].**initialLoRaTP,8dBm,,
General-13-20260516-23:26:30-3656,config,,,**.loRaNodes[5].**initialLoRaSF,7,,
General-13-20260516-23:26:30-3656,config,,,**.loRaNodes[5].**initialLoRaTP,2dBm,,
General-13-20260516-23:26:30-3656,config,,,**.vector-recording,false,,
General-13-20260516-23:26:30-3656,config,,,**.loRaGW[*].packetForwarder.highQueueLength.vector-recording,true,,
General-13-20260516-23:26:30-3656,config,,,**.loRaGW[*].packetForwarder.lowQueueLength.vector-recording,true,,
General-13-20260516-23:26:30-3656,config,,,**.networkServer.app[0].delaySignal.vector-recording,true,,
General-13-20260516-23:26:30-3656,config,,,**.loRaNodes[*].app[0].packetsSent:scalar,true,,
General-13-20260516-23:26:30-3656,config,,,**.networkServer.app[0].totalReceivedPackets:scalar,true,,
General-13-20260516-23:26:30-3656,config,,,**.loRaGW[*].**.packetDropRate:scalar,true,,
General-8-20260516-23:06:30-3608,runattr,,,configname,General,,
General-8-20260516-23:06:30-3608,runattr,,,datetime,20260516-23:06:30,,
General-8-20260516-23:06:30-3608,runattr,,,datetimef,20260516-230630,,
General-8-20260516-23:06:30-3608,runattr,,,experiment,General,,
General-8-20260516-23:06:30-3608,runattr,,,inifile,n100-gw1.ini,,
General-8-20260516-23:06:30-3608,runattr,,,iterationvars,"$0=""avg""",,
General-8-20260516-23:06:30-3608,runattr,,,iterationvarsd,avg,,
General-8-20260516-23:06:30-3608,runattr,,,iterationvarsf,avg-,,
General-8-20260516-23:06:30-3608,runattr,,,measurement,"$0=""avg""",,
General-8-20260516-23:06:30-3608,runattr,,,network,flora.simulations.LoRaNetworkTest,,
General-8-20260516-23:06:30-3608,runattr,,,processid,3608,,
General-8-20260516-23:06:30-3608,runattr,,,repetition,8,,
General-8-20260516-23:06:30-3608,runattr,,,replication,#8,,
General-8-20260516-23:06:30-3608,runattr,,,resultdir,results,,
General-8-20260516-23:06:30-3608,runattr,,,runnumber,8,,
General-8-20260516-23:06:30-3608,runattr,,,seedset,8,,
General-8-20260516-23:06:30-3608,config,,,image-path,../../../inet4.4/images,,
General-8-20260516-23:06:30-3608,config,,,network,flora.simulations.LoRaNetworkTest,,
General-8-20260516-23:06:30-3608,config,,,output-vector-file,../results/n100-gw1-s8.ini.vec,,
General-8-20260516-23:06:30-3608,config,,,**.maxTransmissionDuration,4s,,
General-8-20260516-23:06:30-3608,config,,,**.energyDetection,-110dBm,,
General-8-20260516-23:06:30-3608,config,,,**.vector-recording,true,,
General-8-20260516-23:06:30-3608,config,,,rng-class,cMersenneTwister,,
General-8-20260516-23:06:30-3608,config,,,**.loRaGW[*].numUdpApps,1,,
General-8-20260516-23:06:30-3608,config,,,**.loRaGW[0].packetForwarder.localPort,2000,,
General-8-20260516-23:06:30-3608,config,,,**.loRaGW[0].packetForwarder.destPort,1000,,
General-8-20260516-23:06:30-3608,config,,,**.loRaGW[0].packetForwarder.destAddresses,"""networkServer""",,
General-8-20260516-23:06:30-3608,config,,,**.loRaGW[0].packetForwarder.indexNumber,0,,
General-8-20260516-23:06:30-3608,config,,,**.networkServer.numApps,1,,
General-8-20260516-23:06:30-3608,config,,,**.networkServer.**.evaluateADRinServer,true,,
General-8-20260516-23:06:30-3608,config,,,**.networkServer.app[0].typename,NetworkServerApp,,
General-8-20260516-23:06:30-3608,config,,,**.networkServer.app[0].destAddresses,"""loRaGW[0]""",,
General-8-20260516-23:06:30-3608,config,,,**.networkServer.app[0].destPort,2000,,
General-8-20260516-23:06:30-3608,config,,,**.networkServer.app[0].localPort,1000,,
General-8-20260516-23:06:30-3608,config,,,**.networkServer.app[0].adrMethod,"""avg""",,
General-8-20260516-23:06:30-3608,config,,,**.numberOfPacketsToSend,0,,
General-8-20260516-23:06:30-3608,config,,,sim-time-limit,3d,,
General-8-20260516-23:06:30-3608,config,,,warmup-period,2h,,
General-8-20260516-23:06:30-3608,config,,,simtime-resolution,-11,,
General-8-20260516-23:06:30-3608,config,,,repeat,20,,
General-8-20260516-23:06:30-3608,config,,,**.loRaNodes[{0..1}].app[0].timeToFirstPacket,"uniform(0h, 1h)",,
General-8-20260516-23:06:30-3608,config,,,**.loRaNodes[{0..1}].app[0].timeToNextPacket,1h,,
General-8-20260516-23:06:30-3608,config,,,**.loRaNodes[{2..3}].app[0].timeToFirstPacket,exponential(24h),,
General-8-20260516-23:06:30-3608,config,,,**.loRaNodes[{2..3}].app[0].timeToNextPacket,exponential(24h),,
General-8-20260516-23:06:30-3608,config,,,**.loRaNodes[{4..5}].app[0].timeToFirstPacket,exponential(4h),,
General-8-20260516-23:06:30-3608,config,,,**.loRaNodes[{4..5}].app[0].timeToNextPacket,exponential(4h),,
General-8-20260516-23:06:30-3608,config,,,**.alohaChannelModel,false,,
General-8-20260516-23:06:30-3608,config,,,**.loRaNodes[*].**.initFromDisplayString,false,,
General-8-20260516-23:06:30-3608,config,,,**.loRaNodes[*].**.evaluateADRinNode,true,,
General-8-20260516-23:06:30-3608,config,,,**.loRaNodes[*].**initialLoRaBW,125 kHz,,
General-8-20260516-23:06:30-3608,config,,,**.loRaNodes[*].**initialLoRaCR,4,,
General-8-20260516-23:06:30-3608,config,,,**.loRaNodes[*].numApps,1,,
General-8-20260516-23:06:30-3608,config,,,**.loRaNodes[*].app[0].typename,SimpleLoRaApp,,
General-8-20260516-23:06:30-3608,config,,,**.LoRaGWNic.radio.iAmGateway,true,,
General-8-20260516-23:06:30-3608,config,,,**.loRaGW[*].**.initFromDisplayString,false,,
General-8-20260516-23:06:30-3608,config,,,**.loRaNodes[*].LoRaNic.radio.energyConsumer.typename,LoRaEnergyConsumer,,
General-8-20260516-23:06:30-3608,config,,,**.loRaNodes[*].**.energySourceModule,"""^.IdealEpEnergyStorage""",,
General-8-20260516-23:06:30-3608,config,,,**.loRaNodes[*].LoRaNic.radio.energyConsumer.configFile,"xmldoc(""../energyConsumptionParameters.xml"")",,
General-8-20260516-23:06:30-3608,config,,,**.sigma,3.57,,
General-8-20260516-23:06:30-3608,config,,,**.constraintAreaMinX,0m,,
General-8-20260516-23:06:30-3608,config,,,**.constraintAreaMinY,0m,,
General-8-20260516-23:06:30-3608,config,,,**.constraintAreaMinZ,0m,,
General-8-20260516-23:06:30-3608,config,,,**.constraintAreaMaxZ,0m,,
General-8-20260516-23:06:30-3608,config,,,LoRaNetworkTest.**.radio.separateTransmissionParts,false,,
General-8-20260516-23:06:30-3608,config,,,LoRaNetworkTest.**.radio.separateReceptionParts,false,,
General-8-20260516-23:06:30-3608,config,,,**.ipv4Delayer.config,"xmldoc(""../cloudDelays.xml"")",,
General-8-20260516-23:06:30-3608,config,,,**.radio.radioMediumModule,"""LoRaMedium""",,
General-8-20260516-23:06:30-3608,config,,,**.LoRaMedium.pathLossType,"""LoRaLogNormalShadowing""",,
General-8-20260516-23:06:30-3608,config,,,**.minInterferenceTime,0s,,
General-8-20260516-23:06:30-3608,config,,,**.displayAddresses,false,,
General-8-20260516-23:06:30-3608,config,,,**.numberOfNodes,6,,
General-8-20260516-23:06:30-3608,config,,,**.numberOfGateways,1,,
General-8-20260516-23:06:30-3608,config,,,**.constraintAreaMaxX,2376.0m,,
General-8-20260516-23:06:30-3608,config,,,**.constraintAreaMaxY,1090.0m,,
General-8-20260516-23:06:30-3608,config,,,**.loRaGW[0].**.initialX,544.00m,,
General-8-20260516-23:06:30-3608,config,,,**.loRaGW[0].**.initialY,544.00m,,
General-8-20260516-23:06:30-3608,config,,,output-scalar-file,../results/n100-gw1-s8.ini.sca,,
General-8-20260516-23:06:30-3608,config,,,**.loRaNodes[0..1].app[0].sendInterval,1h,,
General-8-20260516-23:06:30-3608,config,,,**.loRaNodes[0].**.initialX,510.63m,,
General-8-20260516-23:06:30-3608,config,,,**.loRaNodes[0].**.initialY,500.08m,,
General-8-20260516-23:06:30-3608,config,,,**.loRaNodes[1].**.initialX,470.29m,,
General-8-20260516-23:06:30-3608,config,,,**.loRaNodes[1].**.initialY,520.24m,,
General-8-20260516-23:06:30-3608,config,,,**.loRaNodes[2].**.initialX,500.60m,,
General-8-20260516-23:06:30-3608,config,,,**.loRaNodes[2].**.initialY,590.25m,,
General-8-20260516-23:06:30-3608,config,,,**.loRaNodes[3].**.initialX,535.86m,,
General-8-20260516-23:06:30-3608,config,,,**.loRaNodes[3].**.initialY,590.63m,,
General-8-20260516-23:06:30-3608,config,,,**.loRaNodes[2..3].app[0].sendInterval,exponential(8760h),,
General-8-20260516-23:06:30-3608,config,,,**.loRaNodes[4..5].app[0].sendInterval,exponential(4h),,
General-8-20260516-23:06:30-3608,config,,,**.loRaNodes[4].**.initialX,650.85m,,
General-8-20260516-23:06:30-3608,config,,,**.loRaNodes[4].**.initialY,510.11m,,
General-8-20260516-23:06:30-3608,config,,,**.loRaNodes[5].**.initialX,680.27m,,
General-8-20260516-23:06:30-3608,config,,,**.loRaNodes[5].**.initialY,520.84m,,
General-8-20260516-23:06:30-3608,config,,,**.loRaNodes[0].**initialLoRaSF,8,,
General-8-20260516-23:06:30-3608,config,,,**.loRaNodes[0].**initialLoRaTP,8dBm,,
General-8-20260516-23:06:30-3608,config,,,**.loRaNodes[1].**initialLoRaSF,9,,
General-8-20260516-23:06:30-3608,config,,,**.loRaNodes[1].**initialLoRaTP,8dBm,,
General-8-20260516-23:06:30-3608,config,,,**.loRaNodes[2].**initialLoRaSF,7,,
General-8-20260516-23:06:30-3608,config,,,**.loRaNodes[2].**initialLoRaTP,8dBm,,
General-8-20260516-23:06:30-3608,config,,,**.loRaNodes[3].**initialLoRaSF,7,,
General-8-20260516-23:06:30-3608,config,,,**.loRaNodes[3].**initialLoRaTP,2dBm,,
General-8-20260516-23:06:30-3608,config,,,**.loRaNodes[4].**initialLoRaSF,8,,
General-8-20260516-23:06:30-3608,config,,,**.loRaNodes[4].**initialLoRaTP,8dBm,,
General-8-20260516-23:06:30-3608,config,,,**.loRaNodes[5].**initialLoRaSF,7,,
General-8-20260516-23:06:30-3608,config,,,**.loRaNodes[5].**initialLoRaTP,2dBm,,
General-8-20260516-23:06:30-3608,config,,,**.vector-recording,false,,
General-8-20260516-23:06:30-3608,config,,,**.loRaGW[*].packetForwarder.highQueueLength.vector-recording,true,,
General-8-20260516-23:06:30-3608,config,,,**.loRaGW[*].packetForwarder.lowQueueLength.vector-recording,true,,
General-8-20260516-23:06:30-3608,config,,,**.networkServer.app[0].delaySignal.vector-recording,true,,
General-8-20260516-23:06:30-3608,config,,,**.loRaNodes[*].app[0].packetsSent:scalar,true,,
General-8-20260516-23:06:30-3608,config,,,**.networkServer.app[0].totalReceivedPackets:scalar,true,,
General-8-20260516-23:06:30-3608,config,,,**.loRaGW[*].**.packetDropRate:scalar,true,,
General-19-20260516-23:49:23-3698,runattr,,,configname,General,,
General-19-20260516-23:49:23-3698,runattr,,,datetime,20260516-23:49:23,,
General-19-20260516-23:49:23-3698,runattr,,,datetimef,20260516-234923,,
General-19-20260516-23:49:23-3698,runattr,,,experiment,General,,
General-19-20260516-23:49:23-3698,runattr,,,inifile,n100-gw1.ini,,
General-19-20260516-23:49:23-3698,runattr,,,iterationvars,"$0=""avg""",,
General-19-20260516-23:49:23-3698,runattr,,,iterationvarsd,avg,,
General-19-20260516-23:49:23-3698,runattr,,,iterationvarsf,avg-,,
General-19-20260516-23:49:23-3698,runattr,,,measurement,"$0=""avg""",,
General-19-20260516-23:49:23-3698,runattr,,,network,flora.simulations.LoRaNetworkTest,,
General-19-20260516-23:49:23-3698,runattr,,,processid,3698,,
General-19-20260516-23:49:23-3698,runattr,,,repetition,19,,
General-19-20260516-23:49:23-3698,runattr,,,replication,#19,,
General-19-20260516-23:49:23-3698,runattr,,,resultdir,results,,
General-19-20260516-23:49:23-3698,runattr,,,runnumber,19,,
General-19-20260516-23:49:23-3698,runattr,,,seedset,19,,
General-19-20260516-23:49:23-3698,config,,,image-path,../../../inet4.4/images,,
General-19-20260516-23:49:23-3698,config,,,network,flora.simulations.LoRaNetworkTest,,
General-19-20260516-23:49:23-3698,config,,,output-vector-file,../results/n100-gw1-s19.ini.vec,,
General-19-20260516-23:49:23-3698,config,,,**.maxTransmissionDuration,4s,,
General-19-20260516-23:49:23-3698,config,,,**.energyDetection,-110dBm,,
General-19-20260516-23:49:23-3698,config,,,**.vector-recording,true,,
General-19-20260516-23:49:23-3698,config,,,rng-class,cMersenneTwister,,
General-19-20260516-23:49:23-3698,config,,,**.loRaGW[*].numUdpApps,1,,
General-19-20260516-23:49:23-3698,config,,,**.loRaGW[0].packetForwarder.localPort,2000,,
General-19-20260516-23:49:23-3698,config,,,**.loRaGW[0].packetForwarder.destPort,1000,,
General-19-20260516-23:49:23-3698,config,,,**.loRaGW[0].packetForwarder.destAddresses,"""networkServer""",,
General-19-20260516-23:49:23-3698,config,,,**.loRaGW[0].packetForwarder.indexNumber,0,,
General-19-20260516-23:49:23-3698,config,,,**.networkServer.numApps,1,,
General-19-20260516-23:49:23-3698,config,,,**.networkServer.**.evaluateADRinServer,true,,
General-19-20260516-23:49:23-3698,config,,,**.networkServer.app[0].typename,NetworkServerApp,,
General-19-20260516-23:49:23-3698,config,,,**.networkServer.app[0].destAddresses,"""loRaGW[0]""",,
General-19-20260516-23:49:23-3698,config,,,**.networkServer.app[0].destPort,2000,,
General-19-20260516-23:49:23-3698,config,,,**.networkServer.app[0].localPort,1000,,
General-19-20260516-23:49:23-3698,config,,,**.networkServer.app[0].adrMethod,"""avg""",,
General-19-20260516-23:49:23-3698,config,,,**.numberOfPacketsToSend,0,,
General-19-20260516-23:49:23-3698,config,,,sim-time-limit,3d,,
General-19-20260516-23:49:23-3698,config,,,warmup-period,2h,,
General-19-20260516-23:49:23-3698,config,,,simtime-resolution,-11,,
General-19-20260516-23:49:23-3698,config,,,repeat,20,,
General-19-20260516-23:49:23-3698,config,,,**.loRaNodes[{0..1}].app[0].timeToFirstPacket,"uniform(0h, 1h)",,
General-19-20260516-23:49:23-3698,config,,,**.loRaNodes[{0..1}].app[0].timeToNextPacket,1h,,
General-19-20260516-23:49:23-3698,config,,,**.loRaNodes[{2..3}].app[0].timeToFirstPacket,exponential(24h),,
General-19-20260516-23:49:23-3698,config,,,**.loRaNodes[{2..3}].app[0].timeToNextPacket,exponential(24h),,
General-19-20260516-23:49:23-3698,config,,,**.loRaNodes[{4..5}].app[0].timeToFirstPacket,exponential(4h),,
General-19-20260516-23:49:23-3698,config,,,**.loRaNodes[{4..5}].app[0].timeToNextPacket,exponential(4h),,
General-19-20260516-23:49:23-3698,config,,,**.alohaChannelModel,false,,
General-19-20260516-23:49:23-3698,config,,,**.loRaNodes[*].**.initFromDisplayString,false,,
General-19-20260516-23:49:23-3698,config,,,**.loRaNodes[*].**.evaluateADRinNode,true,,
General-19-20260516-23:49:23-3698,config,,,**.loRaNodes[*].**initialLoRaBW,125 kHz,,
General-19-20260516-23:49:23-3698,config,,,**.loRaNodes[*].**initialLoRaCR,4,,
General-19-20260516-23:49:23-3698,config,,,**.loRaNodes[*].numApps,1,,
General-19-20260516-23:49:23-3698,config,,,**.loRaNodes[*].app[0].typename,SimpleLoRaApp,,
General-19-20260516-23:49:23-3698,config,,,**.LoRaGWNic.radio.iAmGateway,true,,
General-19-20260516-23:49:23-3698,config,,,**.loRaGW[*].**.initFromDisplayString,false,,
General-19-20260516-23:49:23-3698,config,,,**.loRaNodes[*].LoRaNic.radio.energyConsumer.typename,LoRaEnergyConsumer,,
General-19-20260516-23:49:23-3698,config,,,**.loRaNodes[*].**.energySourceModule,"""^.IdealEpEnergyStorage""",,
General-19-20260516-23:49:23-3698,config,,,**.loRaNodes[*].LoRaNic.radio.energyConsumer.configFile,"xmldoc(""../energyConsumptionParameters.xml"")",,
General-19-20260516-23:49:23-3698,config,,,**.sigma,3.57,,
General-19-20260516-23:49:23-3698,config,,,**.constraintAreaMinX,0m,,
General-19-20260516-23:49:23-3698,config,,,**.constraintAreaMinY,0m,,
General-19-20260516-23:49:23-3698,config,,,**.constraintAreaMinZ,0m,,
General-19-20260516-23:49:23-3698,config,,,**.constraintAreaMaxZ,0m,,
General-19-20260516-23:49:23-3698,config,,,LoRaNetworkTest.**.radio.separateTransmissionParts,false,,
General-19-20260516-23:49:23-3698,config,,,LoRaNetworkTest.**.radio.separateReceptionParts,false,,
General-19-20260516-23:49:23-3698,config,,,**.ipv4Delayer.config,"xmldoc(""../cloudDelays.xml"")",,
General-19-20260516-23:49:23-3698,config,,,**.radio.radioMediumModule,"""LoRaMedium""",,
General-19-20260516-23:49:23-3698,config,,,**.LoRaMedium.pathLossType,"""LoRaLogNormalShadowing""",,
General-19-20260516-23:49:23-3698,config,,,**.minInterferenceTime,0s,,
General-19-20260516-23:49:23-3698,config,,,**.displayAddresses,false,,
General-19-20260516-23:49:23-3698,config,,,**.numberOfNodes,6,,
General-19-20260516-23:49:23-3698,config,,,**.numberOfGateways,1,,
General-19-20260516-23:49:23-3698,config,,,**.constraintAreaMaxX,2376.0m,,
General-19-20260516-23:49:23-3698,config,,,**.constraintAreaMaxY,1090.0m,,
General-19-20260516-23:49:23-3698,config,,,**.loRaGW[0].**.initialX,544.00m,,
General-19-20260516-23:49:23-3698,config,,,**.loRaGW[0].**.initialY,544.00m,,
General-19-20260516-23:49:23-3698,config,,,output-scalar-file,../results/n100-gw1-s19.ini.sca,,
General-19-20260516-23:49:23-3698,config,,,**.loRaNodes[0..1].app[0].sendInterval,1h,,
General-19-20260516-23:49:23-3698,config,,,**.loRaNodes[0].**.initialX,510.63m,,
General-19-20260516-23:49:23-3698,config,,,**.loRaNodes[0].**.initialY,500.08m,,
General-19-20260516-23:49:23-3698,config,,,**.loRaNodes[1].**.initialX,470.29m,,
General-19-20260516-23:49:23-3698,config,,,**.loRaNodes[1].**.initialY,520.24m,,
General-19-20260516-23:49:23-3698,config,,,**.loRaNodes[2].**.initialX,500.60m,,
General-19-20260516-23:49:23-3698,config,,,**.loRaNodes[2].**.initialY,590.25m,,
General-19-20260516-23:49:23-3698,config,,,**.loRaNodes[3].**.initialX,535.86m,,
General-19-20260516-23:49:23-3698,config,,,**.loRaNodes[3].**.initialY,590.63m,,
General-19-20260516-23:49:23-3698,config,,,**.loRaNodes[2..3].app[0].sendInterval,exponential(8760h),,
General-19-20260516-23:49:23-3698,config,,,**.loRaNodes[4..5].app[0].sendInterval,exponential(4h),,
General-19-20260516-23:49:23-3698,config,,,**.loRaNodes[4].**.initialX,650.85m,,
General-19-20260516-23:49:23-3698,config,,,**.loRaNodes[4].**.initialY,510.11m,,
General-19-20260516-23:49:23-3698,config,,,**.loRaNodes[5].**.initialX,680.27m,,
General-19-20260516-23:49:23-3698,config,,,**.loRaNodes[5].**.initialY,520.84m,,
General-19-20260516-23:49:23-3698,config,,,**.loRaNodes[0].**initialLoRaSF,8,,
General-19-20260516-23:49:23-3698,config,,,**.loRaNodes[0].**initialLoRaTP,8dBm,,
General-19-20260516-23:49:23-3698,config,,,**.loRaNodes[1].**initialLoRaSF,9,,
General-19-20260516-23:49:23-3698,config,,,**.loRaNodes[1].**initialLoRaTP,8dBm,,
General-19-20260516-23:49:23-3698,config,,,**.loRaNodes[2].**initialLoRaSF,7,,
General-19-20260516-23:49:23-3698,config,,,**.loRaNodes[2].**initialLoRaTP,8dBm,,
General-19-20260516-23:49:23-3698,config,,,**.loRaNodes[3].**initialLoRaSF,7,,
General-19-20260516-23:49:23-3698,config,,,**.loRaNodes[3].**initialLoRaTP,2dBm,,
General-19-20260516-23:49:23-3698,config,,,**.loRaNodes[4].**initialLoRaSF,8,,
General-19-20260516-23:49:23-3698,config,,,**.loRaNodes[4].**initialLoRaTP,8dBm,,
General-19-20260516-23:49:23-3698,config,,,**.loRaNodes[5].**initialLoRaSF,7,,
General-19-20260516-23:49:23-3698,config,,,**.loRaNodes[5].**initialLoRaTP,2dBm,,
General-19-20260516-23:49:23-3698,config,,,**.vector-recording,false,,
General-19-20260516-23:49:23-3698,config,,,**.loRaGW[*].packetForwarder.highQueueLength.vector-recording,true,,
General-19-20260516-23:49:23-3698,config,,,**.loRaGW[*].packetForwarder.lowQueueLength.vector-recording,true,,
General-19-20260516-23:49:23-3698,config,,,**.networkServer.app[0].delaySignal.vector-recording,true,,
General-19-20260516-23:49:23-3698,config,,,**.loRaNodes[*].app[0].packetsSent:scalar,true,,
General-19-20260516-23:49:23-3698,config,,,**.networkServer.app[0].totalReceivedPackets:scalar,true,,
General-19-20260516-23:49:23-3698,config,,,**.loRaGW[*].**.packetDropRate:scalar,true,,
General-12-20260516-23:22:30-3649,runattr,,,configname,General,,
General-12-20260516-23:22:30-3649,runattr,,,datetime,20260516-23:22:30,,
General-12-20260516-23:22:30-3649,runattr,,,datetimef,20260516-232230,,
General-12-20260516-23:22:30-3649,runattr,,,experiment,General,,
General-12-20260516-23:22:30-3649,runattr,,,inifile,n100-gw1.ini,,
General-12-20260516-23:22:30-3649,runattr,,,iterationvars,"$0=""avg""",,
General-12-20260516-23:22:30-3649,runattr,,,iterationvarsd,avg,,
General-12-20260516-23:22:30-3649,runattr,,,iterationvarsf,avg-,,
General-12-20260516-23:22:30-3649,runattr,,,measurement,"$0=""avg""",,
General-12-20260516-23:22:30-3649,runattr,,,network,flora.simulations.LoRaNetworkTest,,
General-12-20260516-23:22:30-3649,runattr,,,processid,3649,,
General-12-20260516-23:22:30-3649,runattr,,,repetition,12,,
General-12-20260516-23:22:30-3649,runattr,,,replication,#12,,
General-12-20260516-23:22:30-3649,runattr,,,resultdir,results,,
General-12-20260516-23:22:30-3649,runattr,,,runnumber,12,,
General-12-20260516-23:22:30-3649,runattr,,,seedset,12,,
General-12-20260516-23:22:30-3649,config,,,image-path,../../../inet4.4/images,,
General-12-20260516-23:22:30-3649,config,,,network,flora.simulations.LoRaNetworkTest,,
General-12-20260516-23:22:30-3649,config,,,output-vector-file,../results/n100-gw1-s12.ini.vec,,
General-12-20260516-23:22:30-3649,config,,,**.maxTransmissionDuration,4s,,
General-12-20260516-23:22:30-3649,config,,,**.energyDetection,-110dBm,,
General-12-20260516-23:22:30-3649,config,,,**.vector-recording,true,,
General-12-20260516-23:22:30-3649,config,,,rng-class,cMersenneTwister,,
General-12-20260516-23:22:30-3649,config,,,**.loRaGW[*].numUdpApps,1,,
General-12-20260516-23:22:30-3649,config,,,**.loRaGW[0].packetForwarder.localPort,2000,,
General-12-20260516-23:22:30-3649,config,,,**.loRaGW[0].packetForwarder.destPort,1000,,
General-12-20260516-23:22:30-3649,config,,,**.loRaGW[0].packetForwarder.destAddresses,"""networkServer""",,
General-12-20260516-23:22:30-3649,config,,,**.loRaGW[0].packetForwarder.indexNumber,0,,
General-12-20260516-23:22:30-3649,config,,,**.networkServer.numApps,1,,
General-12-20260516-23:22:30-3649,config,,,**.networkServer.**.evaluateADRinServer,true,,
General-12-20260516-23:22:30-3649,config,,,**.networkServer.app[0].typename,NetworkServerApp,,
General-12-20260516-23:22:30-3649,config,,,**.networkServer.app[0].destAddresses,"""loRaGW[0]""",,
General-12-20260516-23:22:30-3649,config,,,**.networkServer.app[0].destPort,2000,,
General-12-20260516-23:22:30-3649,config,,,**.networkServer.app[0].localPort,1000,,
General-12-20260516-23:22:30-3649,config,,,**.networkServer.app[0].adrMethod,"""avg""",,
General-12-20260516-23:22:30-3649,config,,,**.numberOfPacketsToSend,0,,
General-12-20260516-23:22:30-3649,config,,,sim-time-limit,3d,,
General-12-20260516-23:22:30-3649,config,,,warmup-period,2h,,
General-12-20260516-23:22:30-3649,config,,,simtime-resolution,-11,,
General-12-20260516-23:22:30-3649,config,,,repeat,20,,
General-12-20260516-23:22:30-3649,config,,,**.loRaNodes[{0..1}].app[0].timeToFirstPacket,"uniform(0h, 1h)",,
General-12-20260516-23:22:30-3649,config,,,**.loRaNodes[{0..1}].app[0].timeToNextPacket,1h,,
General-12-20260516-23:22:30-3649,config,,,**.loRaNodes[{2..3}].app[0].timeToFirstPacket,exponential(24h),,
General-12-20260516-23:22:30-3649,config,,,**.loRaNodes[{2..3}].app[0].timeToNextPacket,exponential(24h),,
General-12-20260516-23:22:30-3649,config,,,**.loRaNodes[{4..5}].app[0].timeToFirstPacket,exponential(4h),,
General-12-20260516-23:22:30-3649,config,,,**.loRaNodes[{4..5}].app[0].timeToNextPacket,exponential(4h),,
General-12-20260516-23:22:30-3649,config,,,**.alohaChannelModel,false,,
General-12-20260516-23:22:30-3649,config,,,**.loRaNodes[*].**.initFromDisplayString,false,,
General-12-20260516-23:22:30-3649,config,,,**.loRaNodes[*].**.evaluateADRinNode,true,,
General-12-20260516-23:22:30-3649,config,,,**.loRaNodes[*].**initialLoRaBW,125 kHz,,
General-12-20260516-23:22:30-3649,config,,,**.loRaNodes[*].**initialLoRaCR,4,,
General-12-20260516-23:22:30-3649,config,,,**.loRaNodes[*].numApps,1,,
General-12-20260516-23:22:30-3649,config,,,**.loRaNodes[*].app[0].typename,SimpleLoRaApp,,
General-12-20260516-23:22:30-3649,config,,,**.LoRaGWNic.radio.iAmGateway,true,,
General-12-20260516-23:22:30-3649,config,,,**.loRaGW[*].**.initFromDisplayString,false,,
General-12-20260516-23:22:30-3649,config,,,**.loRaNodes[*].LoRaNic.radio.energyConsumer.typename,LoRaEnergyConsumer,,
General-12-20260516-23:22:30-3649,config,,,**.loRaNodes[*].**.energySourceModule,"""^.IdealEpEnergyStorage""",,
General-12-20260516-23:22:30-3649,config,,,**.loRaNodes[*].LoRaNic.radio.energyConsumer.configFile,"xmldoc(""../energyConsumptionParameters.xml"")",,
General-12-20260516-23:22:30-3649,config,,,**.sigma,3.57,,
General-12-20260516-23:22:30-3649,config,,,**.constraintAreaMinX,0m,,
General-12-20260516-23:22:30-3649,config,,,**.constraintAreaMinY,0m,,
General-12-20260516-23:22:30-3649,config,,,**.constraintAreaMinZ,0m,,
General-12-20260516-23:22:30-3649,config,,,**.constraintAreaMaxZ,0m,,
General-12-20260516-23:22:30-3649,config,,,LoRaNetworkTest.**.radio.separateTransmissionParts,false,,
General-12-20260516-23:22:30-3649,config,,,LoRaNetworkTest.**.radio.separateReceptionParts,false,,
General-12-20260516-23:22:30-3649,config,,,**.ipv4Delayer.config,"xmldoc(""../cloudDelays.xml"")",,
General-12-20260516-23:22:30-3649,config,,,**.radio.radioMediumModule,"""LoRaMedium""",,
General-12-20260516-23:22:30-3649,config,,,**.LoRaMedium.pathLossType,"""LoRaLogNormalShadowing""",,
General-12-20260516-23:22:30-3649,config,,,**.minInterferenceTime,0s,,
General-12-20260516-23:22:30-3649,config,,,**.displayAddresses,false,,
General-12-20260516-23:22:30-3649,config,,,**.numberOfNodes,6,,
General-12-20260516-23:22:30-3649,config,,,**.numberOfGateways,1,,
General-12-20260516-23:22:30-3649,config,,,**.constraintAreaMaxX,2376.0m,,
General-12-20260516-23:22:30-3649,config,,,**.constraintAreaMaxY,1090.0m,,
General-12-20260516-23:22:30-3649,config,,,**.loRaGW[0].**.initialX,544.00m,,
General-12-20260516-23:22:30-3649,config,,,**.loRaGW[0].**.initialY,544.00m,,
General-12-20260516-23:22:30-3649,config,,,output-scalar-file,../results/n100-gw1-s12.ini.sca,,
General-12-20260516-23:22:30-3649,config,,,**.loRaNodes[0..1].app[0].sendInterval,1h,,
General-12-20260516-23:22:30-3649,config,,,**.loRaNodes[0].**.initialX,510.63m,,
General-12-20260516-23:22:30-3649,config,,,**.loRaNodes[0].**.initialY,500.08m,,
General-12-20260516-23:22:30-3649,config,,,**.loRaNodes[1].**.initialX,470.29m,,
General-12-20260516-23:22:30-3649,config,,,**.loRaNodes[1].**.initialY,520.24m,,
General-12-20260516-23:22:30-3649,config,,,**.loRaNodes[2].**.initialX,500.60m,,
General-12-20260516-23:22:30-3649,config,,,**.loRaNodes[2].**.initialY,590.25m,,
General-12-20260516-23:22:30-3649,config,,,**.loRaNodes[3].**.initialX,535.86m,,
General-12-20260516-23:22:30-3649,config,,,**.loRaNodes[3].**.initialY,590.63m,,
General-12-20260516-23:22:30-3649,config,,,**.loRaNodes[2..3].app[0].sendInterval,exponential(8760h),,
General-12-20260516-23:22:30-3649,config,,,**.loRaNodes[4..5].app[0].sendInterval,exponential(4h),,
General-12-20260516-23:22:30-3649,config,,,**.loRaNodes[4].**.initialX,650.85m,,
General-12-20260516-23:22:30-3649,config,,,**.loRaNodes[4].**.initialY,510.11m,,
General-12-20260516-23:22:30-3649,config,,,**.loRaNodes[5].**.initialX,680.27m,,
General-12-20260516-23:22:30-3649,config,,,**.loRaNodes[5].**.initialY,520.84m,,
General-12-20260516-23:22:30-3649,config,,,**.loRaNodes[0].**initialLoRaSF,8,,
General-12-20260516-23:22:30-3649,config,,,**.loRaNodes[0].**initialLoRaTP,8dBm,,
General-12-20260516-23:22:30-3649,config,,,**.loRaNodes[1].**initialLoRaSF,9,,
General-12-20260516-23:22:30-3649,config,,,**.loRaNodes[1].**initialLoRaTP,8dBm,,
General-12-20260516-23:22:30-3649,config,,,**.loRaNodes[2].**initialLoRaSF,7,,
General-12-20260516-23:22:30-3649,config,,,**.loRaNodes[2].**initialLoRaTP,8dBm,,
General-12-20260516-23:22:30-3649,config,,,**.loRaNodes[3].**initialLoRaSF,7,,
General-12-20260516-23:22:30-3649,config,,,**.loRaNodes[3].**initialLoRaTP,2dBm,,
General-12-20260516-23:22:30-3649,config,,,**.loRaNodes[4].**initialLoRaSF,8,,
General-12-20260516-23:22:30-3649,config,,,**.loRaNodes[4].**initialLoRaTP,8dBm,,
General-12-20260516-23:22:30-3649,config,,,**.loRaNodes[5].**initialLoRaSF,7,,
General-12-20260516-23:22:30-3649,config,,,**.loRaNodes[5].**initialLoRaTP,2dBm,,
General-12-20260516-23:22:30-3649,config,,,**.vector-recording,false,,
General-12-20260516-23:22:30-3649,config,,,**.loRaGW[*].packetForwarder.highQueueLength.vector-recording,true,,
General-12-20260516-23:22:30-3649,config,,,**.loRaGW[*].packetForwarder.lowQueueLength.vector-recording,true,,
General-12-20260516-23:22:30-3649,config,,,**.networkServer.app[0].delaySignal.vector-recording,true,,
General-12-20260516-23:22:30-3649,config,,,**.loRaNodes[*].app[0].packetsSent:scalar,true,,
General-12-20260516-23:22:30-3649,config,,,**.networkServer.app[0].totalReceivedPackets:scalar,true,,
General-12-20260516-23:22:30-3649,config,,,**.loRaGW[*].**.packetDropRate:scalar,true,,
General-3-20260516-22:46:51-3574,runattr,,,configname,General,,
General-3-20260516-22:46:51-3574,runattr,,,datetime,20260516-22:46:51,,
General-3-20260516-22:46:51-3574,runattr,,,datetimef,20260516-224651,,
General-3-20260516-22:46:51-3574,runattr,,,experiment,General,,
General-3-20260516-22:46:51-3574,runattr,,,inifile,n100-gw1.ini,,
General-3-20260516-22:46:51-3574,runattr,,,iterationvars,"$0=""avg""",,
General-3-20260516-22:46:51-3574,runattr,,,iterationvarsd,avg,,
General-3-20260516-22:46:51-3574,runattr,,,iterationvarsf,avg-,,
General-3-20260516-22:46:51-3574,runattr,,,measurement,"$0=""avg""",,
General-3-20260516-22:46:51-3574,runattr,,,network,flora.simulations.LoRaNetworkTest,,
General-3-20260516-22:46:51-3574,runattr,,,processid,3574,,
General-3-20260516-22:46:51-3574,runattr,,,repetition,3,,
General-3-20260516-22:46:51-3574,runattr,,,replication,#3,,
General-3-20260516-22:46:51-3574,runattr,,,resultdir,results,,
General-3-20260516-22:46:51-3574,runattr,,,runnumber,3,,
General-3-20260516-22:46:51-3574,runattr,,,seedset,3,,
General-3-20260516-22:46:51-3574,config,,,image-path,../../../inet4.4/images,,
General-3-20260516-22:46:51-3574,config,,,network,flora.simulations.LoRaNetworkTest,,
General-3-20260516-22:46:51-3574,config,,,output-vector-file,../results/n100-gw1-s3.ini.vec,,
General-3-20260516-22:46:51-3574,config,,,**.maxTransmissionDuration,4s,,
General-3-20260516-22:46:51-3574,config,,,**.energyDetection,-110dBm,,
General-3-20260516-22:46:51-3574,config,,,**.vector-recording,true,,
General-3-20260516-22:46:51-3574,config,,,rng-class,cMersenneTwister,,
General-3-20260516-22:46:51-3574,config,,,**.loRaGW[*].numUdpApps,1,,
General-3-20260516-22:46:51-3574,config,,,**.loRaGW[0].packetForwarder.localPort,2000,,
General-3-20260516-22:46:51-3574,config,,,**.loRaGW[0].packetForwarder.destPort,1000,,
General-3-20260516-22:46:51-3574,config,,,**.loRaGW[0].packetForwarder.destAddresses,"""networkServer""",,
General-3-20260516-22:46:51-3574,config,,,**.loRaGW[0].packetForwarder.indexNumber,0,,
General-3-20260516-22:46:51-3574,config,,,**.networkServer.numApps,1,,
General-3-20260516-22:46:51-3574,config,,,**.networkServer.**.evaluateADRinServer,true,,
General-3-20260516-22:46:51-3574,config,,,**.networkServer.app[0].typename,NetworkServerApp,,
General-3-20260516-22:46:51-3574,config,,,**.networkServer.app[0].destAddresses,"""loRaGW[0]""",,
General-3-20260516-22:46:51-3574,config,,,**.networkServer.app[0].destPort,2000,,
General-3-20260516-22:46:51-3574,config,,,**.networkServer.app[0].localPort,1000,,
General-3-20260516-22:46:51-3574,config,,,**.networkServer.app[0].adrMethod,"""avg""",,
General-3-20260516-22:46:51-3574,config,,,**.numberOfPacketsToSend,0,,
General-3-20260516-22:46:51-3574,config,,,sim-time-limit,3d,,
General-3-20260516-22:46:51-3574,config,,,warmup-period,2h,,
General-3-20260516-22:46:51-3574,config,,,simtime-resolution,-11,,
General-3-20260516-22:46:51-3574,config,,,repeat,20,,
General-3-20260516-22:46:51-3574,config,,,**.loRaNodes[{0..1}].app[0].timeToFirstPacket,"uniform(0h, 1h)",,
General-3-20260516-22:46:51-3574,config,,,**.loRaNodes[{0..1}].app[0].timeToNextPacket,1h,,
General-3-20260516-22:46:51-3574,config,,,**.loRaNodes[{2..3}].app[0].timeToFirstPacket,exponential(24h),,
General-3-20260516-22:46:51-3574,config,,,**.loRaNodes[{2..3}].app[0].timeToNextPacket,exponential(24h),,
General-3-20260516-22:46:51-3574,config,,,**.loRaNodes[{4..5}].app[0].timeToFirstPacket,exponential(4h),,
General-3-20260516-22:46:51-3574,config,,,**.loRaNodes[{4..5}].app[0].timeToNextPacket,exponential(4h),,
General-3-20260516-22:46:51-3574,config,,,**.alohaChannelModel,false,,
General-3-20260516-22:46:51-3574,config,,,**.loRaNodes[*].**.initFromDisplayString,false,,
General-3-20260516-22:46:51-3574,config,,,**.loRaNodes[*].**.evaluateADRinNode,true,,
General-3-20260516-22:46:51-3574,config,,,**.loRaNodes[*].**initialLoRaBW,125 kHz,,
General-3-20260516-22:46:51-3574,config,,,**.loRaNodes[*].**initialLoRaCR,4,,
General-3-20260516-22:46:51-3574,config,,,**.loRaNodes[*].numApps,1,,
General-3-20260516-22:46:51-3574,config,,,**.loRaNodes[*].app[0].typename,SimpleLoRaApp,,
General-3-20260516-22:46:51-3574,config,,,**.LoRaGWNic.radio.iAmGateway,true,,
General-3-20260516-22:46:51-3574,config,,,**.loRaGW[*].**.initFromDisplayString,false,,
General-3-20260516-22:46:51-3574,config,,,**.loRaNodes[*].LoRaNic.radio.energyConsumer.typename,LoRaEnergyConsumer,,
General-3-20260516-22:46:51-3574,config,,,**.loRaNodes[*].**.energySourceModule,"""^.IdealEpEnergyStorage""",,
General-3-20260516-22:46:51-3574,config,,,**.loRaNodes[*].LoRaNic.radio.energyConsumer.configFile,"xmldoc(""../energyConsumptionParameters.xml"")",,
General-3-20260516-22:46:51-3574,config,,,**.sigma,3.57,,
General-3-20260516-22:46:51-3574,config,,,**.constraintAreaMinX,0m,,
General-3-20260516-22:46:51-3574,config,,,**.constraintAreaMinY,0m,,
General-3-20260516-22:46:51-3574,config,,,**.constraintAreaMinZ,0m,,
General-3-20260516-22:46:51-3574,config,,,**.constraintAreaMaxZ,0m,,
General-3-20260516-22:46:51-3574,config,,,LoRaNetworkTest.**.radio.separateTransmissionParts,false,,
General-3-20260516-22:46:51-3574,config,,,LoRaNetworkTest.**.radio.separateReceptionParts,false,,
General-3-20260516-22:46:51-3574,config,,,**.ipv4Delayer.config,"xmldoc(""../cloudDelays.xml"")",,
General-3-20260516-22:46:51-3574,config,,,**.radio.radioMediumModule,"""LoRaMedium""",,
General-3-20260516-22:46:51-3574,config,,,**.LoRaMedium.pathLossType,"""LoRaLogNormalShadowing""",,
General-3-20260516-22:46:51-3574,config,,,**.minInterferenceTime,0s,,
General-3-20260516-22:46:51-3574,config,,,**.displayAddresses,false,,
General-3-20260516-22:46:51-3574,config,,,**.numberOfNodes,6,,
General-3-20260516-22:46:51-3574,config,,,**.numberOfGateways,1,,
General-3-20260516-22:46:51-3574,config,,,**.constraintAreaMaxX,2376.0m,,
General-3-20260516-22:46:51-3574,config,,,**.constraintAreaMaxY,1090.0m,,
General-3-20260516-22:46:51-3574,config,,,**.loRaGW[0].**.initialX,544.00m,,
General-3-20260516-22:46:51-3574,config,,,**.loRaGW[0].**.initialY,544.00m,,
General-3-20260516-22:46:51-3574,config,,,output-scalar-file,../results/n100-gw1-s3.ini.sca,,
General-3-20260516-22:46:51-3574,config,,,**.loRaNodes[0..1].app[0].sendInterval,1h,,
General-3-20260516-22:46:51-3574,config,,,**.loRaNodes[0].**.initialX,510.63m,,
General-3-20260516-22:46:51-3574,config,,,**.loRaNodes[0].**.initialY,500.08m,,
General-3-20260516-22:46:51-3574,config,,,**.loRaNodes[1].**.initialX,470.29m,,
General-3-20260516-22:46:51-3574,config,,,**.loRaNodes[1].**.initialY,520.24m,,
General-3-20260516-22:46:51-3574,config,,,**.loRaNodes[2].**.initialX,500.60m,,
General-3-20260516-22:46:51-3574,config,,,**.loRaNodes[2].**.initialY,590.25m,,
General-3-20260516-22:46:51-3574,config,,,**.loRaNodes[3].**.initialX,535.86m,,
General-3-20260516-22:46:51-3574,config,,,**.loRaNodes[3].**.initialY,590.63m,,
General-3-20260516-22:46:51-3574,config,,,**.loRaNodes[2..3].app[0].sendInterval,exponential(8760h),,
General-3-20260516-22:46:51-3574,config,,,**.loRaNodes[4..5].app[0].sendInterval,exponential(4h),,
General-3-20260516-22:46:51-3574,config,,,**.loRaNodes[4].**.initialX,650.85m,,
General-3-20260516-22:46:51-3574,config,,,**.loRaNodes[4].**.initialY,510.11m,,
General-3-20260516-22:46:51-3574,config,,,**.loRaNodes[5].**.initialX,680.27m,,
General-3-20260516-22:46:51-3574,config,,,**.loRaNodes[5].**.initialY,520.84m,,
General-3-20260516-22:46:51-3574,config,,,**.loRaNodes[0].**initialLoRaSF,8,,
General-3-20260516-22:46:51-3574,config,,,**.loRaNodes[0].**initialLoRaTP,8dBm,,
General-3-20260516-22:46:51-3574,config,,,**.loRaNodes[1].**initialLoRaSF,9,,
General-3-20260516-22:46:51-3574,config,,,**.loRaNodes[1].**initialLoRaTP,8dBm,,
General-3-20260516-22:46:51-3574,config,,,**.loRaNodes[2].**initialLoRaSF,7,,
General-3-20260516-22:46:51-3574,config,,,**.loRaNodes[2].**initialLoRaTP,8dBm,,
General-3-20260516-22:46:51-3574,config,,,**.loRaNodes[3].**initialLoRaSF,7,,
General-3-20260516-22:46:51-3574,config,,,**.loRaNodes[3].**initialLoRaTP,2dBm,,
General-3-20260516-22:46:51-3574,config,,,**.loRaNodes[4].**initialLoRaSF,8,,
General-3-20260516-22:46:51-3574,config,,,**.loRaNodes[4].**initialLoRaTP,8dBm,,
General-3-20260516-22:46:51-3574,config,,,**.loRaNodes[5].**initialLoRaSF,7,,
General-3-20260516-22:46:51-3574,config,,,**.loRaNodes[5].**initialLoRaTP,2dBm,,
General-3-20260516-22:46:51-3574,config,,,**.vector-recording,false,,
General-3-20260516-22:46:51-3574,config,,,**.loRaGW[*].packetForwarder.highQueueLength.vector-recording,true,,
General-3-20260516-22:46:51-3574,config,,,**.loRaGW[*].packetForwarder.lowQueueLength.vector-recording,true,,
General-3-20260516-22:46:51-3574,config,,,**.networkServer.app[0].delaySignal.vector-recording,true,,
General-3-20260516-22:46:51-3574,config,,,**.loRaNodes[*].app[0].packetsSent:scalar,true,,
General-3-20260516-22:46:51-3574,config,,,**.networkServer.app[0].totalReceivedPackets:scalar,true,,
General-3-20260516-22:46:51-3574,config,,,**.loRaGW[*].**.packetDropRate:scalar,true,,
General-7-20260516-23:02:29-3599,runattr,,,configname,General,,
General-7-20260516-23:02:29-3599,runattr,,,datetime,20260516-23:02:29,,
General-7-20260516-23:02:29-3599,runattr,,,datetimef,20260516-230229,,
General-7-20260516-23:02:29-3599,runattr,,,experiment,General,,
General-7-20260516-23:02:29-3599,runattr,,,inifile,n100-gw1.ini,,
General-7-20260516-23:02:29-3599,runattr,,,iterationvars,"$0=""avg""",,
General-7-20260516-23:02:29-3599,runattr,,,iterationvarsd,avg,,
General-7-20260516-23:02:29-3599,runattr,,,iterationvarsf,avg-,,
General-7-20260516-23:02:29-3599,runattr,,,measurement,"$0=""avg""",,
General-7-20260516-23:02:29-3599,runattr,,,network,flora.simulations.LoRaNetworkTest,,
General-7-20260516-23:02:29-3599,runattr,,,processid,3599,,
General-7-20260516-23:02:29-3599,runattr,,,repetition,7,,
General-7-20260516-23:02:29-3599,runattr,,,replication,#7,,
General-7-20260516-23:02:29-3599,runattr,,,resultdir,results,,
General-7-20260516-23:02:29-3599,runattr,,,runnumber,7,,
General-7-20260516-23:02:29-3599,runattr,,,seedset,7,,
General-7-20260516-23:02:29-3599,config,,,image-path,../../../inet4.4/images,,
General-7-20260516-23:02:29-3599,config,,,network,flora.simulations.LoRaNetworkTest,,
General-7-20260516-23:02:29-3599,config,,,output-vector-file,../results/n100-gw1-s7.ini.vec,,
General-7-20260516-23:02:29-3599,config,,,**.maxTransmissionDuration,4s,,
General-7-20260516-23:02:29-3599,config,,,**.energyDetection,-110dBm,,
General-7-20260516-23:02:29-3599,config,,,**.vector-recording,true,,
General-7-20260516-23:02:29-3599,config,,,rng-class,cMersenneTwister,,
General-7-20260516-23:02:29-3599,config,,,**.loRaGW[*].numUdpApps,1,,
General-7-20260516-23:02:29-3599,config,,,**.loRaGW[0].packetForwarder.localPort,2000,,
General-7-20260516-23:02:29-3599,config,,,**.loRaGW[0].packetForwarder.destPort,1000,,
General-7-20260516-23:02:29-3599,config,,,**.loRaGW[0].packetForwarder.destAddresses,"""networkServer""",,
General-7-20260516-23:02:29-3599,config,,,**.loRaGW[0].packetForwarder.indexNumber,0,,
General-7-20260516-23:02:29-3599,config,,,**.networkServer.numApps,1,,
General-7-20260516-23:02:29-3599,config,,,**.networkServer.**.evaluateADRinServer,true,,
General-7-20260516-23:02:29-3599,config,,,**.networkServer.app[0].typename,NetworkServerApp,,
General-7-20260516-23:02:29-3599,config,,,**.networkServer.app[0].destAddresses,"""loRaGW[0]""",,
General-7-20260516-23:02:29-3599,config,,,**.networkServer.app[0].destPort,2000,,
General-7-20260516-23:02:29-3599,config,,,**.networkServer.app[0].localPort,1000,,
General-7-20260516-23:02:29-3599,config,,,**.networkServer.app[0].adrMethod,"""avg""",,
General-7-20260516-23:02:29-3599,config,,,**.numberOfPacketsToSend,0,,
General-7-20260516-23:02:29-3599,config,,,sim-time-limit,3d,,
General-7-20260516-23:02:29-3599,config,,,warmup-period,2h,,
General-7-20260516-23:02:29-3599,config,,,simtime-resolution,-11,,
General-7-20260516-23:02:29-3599,config,,,repeat,20,,
General-7-20260516-23:02:29-3599,config,,,**.loRaNodes[{0..1}].app[0].timeToFirstPacket,"uniform(0h, 1h)",,
General-7-20260516-23:02:29-3599,config,,,**.loRaNodes[{0..1}].app[0].timeToNextPacket,1h,,
General-7-20260516-23:02:29-3599,config,,,**.loRaNodes[{2..3}].app[0].timeToFirstPacket,exponential(24h),,
General-7-20260516-23:02:29-3599,config,,,**.loRaNodes[{2..3}].app[0].timeToNextPacket,exponential(24h),,
General-7-20260516-23:02:29-3599,config,,,**.loRaNodes[{4..5}].app[0].timeToFirstPacket,exponential(4h),,
General-7-20260516-23:02:29-3599,config,,,**.loRaNodes[{4..5}].app[0].timeToNextPacket,exponential(4h),,
General-7-20260516-23:02:29-3599,config,,,**.alohaChannelModel,false,,
General-7-20260516-23:02:29-3599,config,,,**.loRaNodes[*].**.initFromDisplayString,false,,
General-7-20260516-23:02:29-3599,config,,,**.loRaNodes[*].**.evaluateADRinNode,true,,
General-7-20260516-23:02:29-3599,config,,,**.loRaNodes[*].**initialLoRaBW,125 kHz,,
General-7-20260516-23:02:29-3599,config,,,**.loRaNodes[*].**initialLoRaCR,4,,
General-7-20260516-23:02:29-3599,config,,,**.loRaNodes[*].numApps,1,,
General-7-20260516-23:02:29-3599,config,,,**.loRaNodes[*].app[0].typename,SimpleLoRaApp,,
General-7-20260516-23:02:29-3599,config,,,**.LoRaGWNic.radio.iAmGateway,true,,
General-7-20260516-23:02:29-3599,config,,,**.loRaGW[*].**.initFromDisplayString,false,,
General-7-20260516-23:02:29-3599,config,,,**.loRaNodes[*].LoRaNic.radio.energyConsumer.typename,LoRaEnergyConsumer,,
General-7-20260516-23:02:29-3599,config,,,**.loRaNodes[*].**.energySourceModule,"""^.IdealEpEnergyStorage""",,
General-7-20260516-23:02:29-3599,config,,,**.loRaNodes[*].LoRaNic.radio.energyConsumer.configFile,"xmldoc(""../energyConsumptionParameters.xml"")",,
General-7-20260516-23:02:29-3599,config,,,**.sigma,3.57,,
General-7-20260516-23:02:29-3599,config,,,**.constraintAreaMinX,0m,,
General-7-20260516-23:02:29-3599,config,,,**.constraintAreaMinY,0m,,
General-7-20260516-23:02:29-3599,config,,,**.constraintAreaMinZ,0m,,
General-7-20260516-23:02:29-3599,config,,,**.constraintAreaMaxZ,0m,,
General-7-20260516-23:02:29-3599,config,,,LoRaNetworkTest.**.radio.separateTransmissionParts,false,,
General-7-20260516-23:02:29-3599,config,,,LoRaNetworkTest.**.radio.separateReceptionParts,false,,
General-7-20260516-23:02:29-3599,config,,,**.ipv4Delayer.config,"xmldoc(""../cloudDelays.xml"")",,
General-7-20260516-23:02:29-3599,config,,,**.radio.radioMediumModule,"""LoRaMedium""",,
General-7-20260516-23:02:29-3599,config,,,**.LoRaMedium.pathLossType,"""LoRaLogNormalShadowing""",,
General-7-20260516-23:02:29-3599,config,,,**.minInterferenceTime,0s,,
General-7-20260516-23:02:29-3599,config,,,**.displayAddresses,false,,
General-7-20260516-23:02:29-3599,config,,,**.numberOfNodes,6,,
General-7-20260516-23:02:29-3599,config,,,**.numberOfGateways,1,,
General-7-20260516-23:02:29-3599,config,,,**.constraintAreaMaxX,2376.0m,,
General-7-20260516-23:02:29-3599,config,,,**.constraintAreaMaxY,1090.0m,,
General-7-20260516-23:02:29-3599,config,,,**.loRaGW[0].**.initialX,544.00m,,
General-7-20260516-23:02:29-3599,config,,,**.loRaGW[0].**.initialY,544.00m,,
General-7-20260516-23:02:29-3599,config,,,output-scalar-file,../results/n100-gw1-s7.ini.sca,,
General-7-20260516-23:02:29-3599,config,,,**.loRaNodes[0..1].app[0].sendInterval,1h,,
General-7-20260516-23:02:29-3599,config,,,**.loRaNodes[0].**.initialX,510.63m,,
General-7-20260516-23:02:29-3599,config,,,**.loRaNodes[0].**.initialY,500.08m,,
General-7-20260516-23:02:29-3599,config,,,**.loRaNodes[1].**.initialX,470.29m,,
General-7-20260516-23:02:29-3599,config,,,**.loRaNodes[1].**.initialY,520.24m,,
General-7-20260516-23:02:29-3599,config,,,**.loRaNodes[2].**.initialX,500.60m,,
General-7-20260516-23:02:29-3599,config,,,**.loRaNodes[2].**.initialY,590.25m,,
General-7-20260516-23:02:29-3599,config,,,**.loRaNodes[3].**.initialX,535.86m,,
General-7-20260516-23:02:29-3599,config,,,**.loRaNodes[3].**.initialY,590.63m,,
General-7-20260516-23:02:29-3599,config,,,**.loRaNodes[2..3].app[0].sendInterval,exponential(8760h),,
General-7-20260516-23:02:29-3599,config,,,**.loRaNodes[4..5].app[0].sendInterval,exponential(4h),,
General-7-20260516-23:02:29-3599,config,,,**.loRaNodes[4].**.initialX,650.85m,,
General-7-20260516-23:02:29-3599,config,,,**.loRaNodes[4].**.initialY,510.11m,,
General-7-20260516-23:02:29-3599,config,,,**.loRaNodes[5].**.initialX,680.27m,,
General-7-20260516-23:02:29-3599,config,,,**.loRaNodes[5].**.initialY,520.84m,,
General-7-20260516-23:02:29-3599,config,,,**.loRaNodes[0].**initialLoRaSF,8,,
General-7-20260516-23:02:29-3599,config,,,**.loRaNodes[0].**initialLoRaTP,8dBm,,
General-7-20260516-23:02:29-3599,config,,,**.loRaNodes[1].**initialLoRaSF,9,,
General-7-20260516-23:02:29-3599,config,,,**.loRaNodes[1].**initialLoRaTP,8dBm,,
General-7-20260516-23:02:29-3599,config,,,**.loRaNodes[2].**initialLoRaSF,7,,
General-7-20260516-23:02:29-3599,config,,,**.loRaNodes[2].**initialLoRaTP,8dBm,,
General-7-20260516-23:02:29-3599,config,,,**.loRaNodes[3].**initialLoRaSF,7,,
General-7-20260516-23:02:29-3599,config,,,**.loRaNodes[3].**initialLoRaTP,2dBm,,
General-7-20260516-23:02:29-3599,config,,,**.loRaNodes[4].**initialLoRaSF,8,,
General-7-20260516-23:02:29-3599,config,,,**.loRaNodes[4].**initialLoRaTP,8dBm,,
General-7-20260516-23:02:29-3599,config,,,**.loRaNodes[5].**initialLoRaSF,7,,
General-7-20260516-23:02:29-3599,config,,,**.loRaNodes[5].**initialLoRaTP,2dBm,,
General-7-20260516-23:02:29-3599,config,,,**.vector-recording,false,,
General-7-20260516-23:02:29-3599,config,,,**.loRaGW[*].packetForwarder.highQueueLength.vector-recording,true,,
General-7-20260516-23:02:29-3599,config,,,**.loRaGW[*].packetForwarder.lowQueueLength.vector-recording,true,,
General-7-20260516-23:02:29-3599,config,,,**.networkServer.app[0].delaySignal.vector-recording,true,,
General-7-20260516-23:02:29-3599,config,,,**.loRaNodes[*].app[0].packetsSent:scalar,true,,
General-7-20260516-23:02:29-3599,config,,,**.networkServer.app[0].totalReceivedPackets:scalar,true,,
General-7-20260516-23:02:29-3599,config,,,**.loRaGW[*].**.packetDropRate:scalar,true,,
General-6-20260516-22:58:45-3592,runattr,,,configname,General,,
General-6-20260516-22:58:45-3592,runattr,,,datetime,20260516-22:58:45,,
General-6-20260516-22:58:45-3592,runattr,,,datetimef,20260516-225845,,
General-6-20260516-22:58:45-3592,runattr,,,experiment,General,,
General-6-20260516-22:58:45-3592,runattr,,,inifile,n100-gw1.ini,,
General-6-20260516-22:58:45-3592,runattr,,,iterationvars,"$0=""avg""",,
General-6-20260516-22:58:45-3592,runattr,,,iterationvarsd,avg,,
General-6-20260516-22:58:45-3592,runattr,,,iterationvarsf,avg-,,
General-6-20260516-22:58:45-3592,runattr,,,measurement,"$0=""avg""",,
General-6-20260516-22:58:45-3592,runattr,,,network,flora.simulations.LoRaNetworkTest,,
General-6-20260516-22:58:45-3592,runattr,,,processid,3592,,
General-6-20260516-22:58:45-3592,runattr,,,repetition,6,,
General-6-20260516-22:58:45-3592,runattr,,,replication,#6,,
General-6-20260516-22:58:45-3592,runattr,,,resultdir,results,,
General-6-20260516-22:58:45-3592,runattr,,,runnumber,6,,
General-6-20260516-22:58:45-3592,runattr,,,seedset,6,,
General-6-20260516-22:58:45-3592,config,,,image-path,../../../inet4.4/images,,
General-6-20260516-22:58:45-3592,config,,,network,flora.simulations.LoRaNetworkTest,,
General-6-20260516-22:58:45-3592,config,,,output-vector-file,../results/n100-gw1-s6.ini.vec,,
General-6-20260516-22:58:45-3592,config,,,**.maxTransmissionDuration,4s,,
General-6-20260516-22:58:45-3592,config,,,**.energyDetection,-110dBm,,
General-6-20260516-22:58:45-3592,config,,,**.vector-recording,true,,
General-6-20260516-22:58:45-3592,config,,,rng-class,cMersenneTwister,,
General-6-20260516-22:58:45-3592,config,,,**.loRaGW[*].numUdpApps,1,,
General-6-20260516-22:58:45-3592,config,,,**.loRaGW[0].packetForwarder.localPort,2000,,
General-6-20260516-22:58:45-3592,config,,,**.loRaGW[0].packetForwarder.destPort,1000,,
General-6-20260516-22:58:45-3592,config,,,**.loRaGW[0].packetForwarder.destAddresses,"""networkServer""",,
General-6-20260516-22:58:45-3592,config,,,**.loRaGW[0].packetForwarder.indexNumber,0,,
General-6-20260516-22:58:45-3592,config,,,**.networkServer.numApps,1,,
General-6-20260516-22:58:45-3592,config,,,**.networkServer.**.evaluateADRinServer,true,,
General-6-20260516-22:58:45-3592,config,,,**.networkServer.app[0].typename,NetworkServerApp,,
General-6-20260516-22:58:45-3592,config,,,**.networkServer.app[0].destAddresses,"""loRaGW[0]""",,
General-6-20260516-22:58:45-3592,config,,,**.networkServer.app[0].destPort,2000,,
General-6-20260516-22:58:45-3592,config,,,**.networkServer.app[0].localPort,1000,,
General-6-20260516-22:58:45-3592,config,,,**.networkServer.app[0].adrMethod,"""avg""",,
General-6-20260516-22:58:45-3592,config,,,**.numberOfPacketsToSend,0,,
General-6-20260516-22:58:45-3592,config,,,sim-time-limit,3d,,
General-6-20260516-22:58:45-3592,config,,,warmup-period,2h,,
General-6-20260516-22:58:45-3592,config,,,simtime-resolution,-11,,
General-6-20260516-22:58:45-3592,config,,,repeat,20,,
General-6-20260516-22:58:45-3592,config,,,**.loRaNodes[{0..1}].app[0].timeToFirstPacket,"uniform(0h, 1h)",,
General-6-20260516-22:58:45-3592,config,,,**.loRaNodes[{0..1}].app[0].timeToNextPacket,1h,,
General-6-20260516-22:58:45-3592,config,,,**.loRaNodes[{2..3}].app[0].timeToFirstPacket,exponential(24h),,
General-6-20260516-22:58:45-3592,config,,,**.loRaNodes[{2..3}].app[0].timeToNextPacket,exponential(24h),,
General-6-20260516-22:58:45-3592,config,,,**.loRaNodes[{4..5}].app[0].timeToFirstPacket,exponential(4h),,
General-6-20260516-22:58:45-3592,config,,,**.loRaNodes[{4..5}].app[0].timeToNextPacket,exponential(4h),,
General-6-20260516-22:58:45-3592,config,,,**.alohaChannelModel,false,,
General-6-20260516-22:58:45-3592,config,,,**.loRaNodes[*].**.initFromDisplayString,false,,
General-6-20260516-22:58:45-3592,config,,,**.loRaNodes[*].**.evaluateADRinNode,true,,
General-6-20260516-22:58:45-3592,config,,,**.loRaNodes[*].**initialLoRaBW,125 kHz,,
General-6-20260516-22:58:45-3592,config,,,**.loRaNodes[*].**initialLoRaCR,4,,
General-6-20260516-22:58:45-3592,config,,,**.loRaNodes[*].numApps,1,,
General-6-20260516-22:58:45-3592,config,,,**.loRaNodes[*].app[0].typename,SimpleLoRaApp,,
General-6-20260516-22:58:45-3592,config,,,**.LoRaGWNic.radio.iAmGateway,true,,
General-6-20260516-22:58:45-3592,config,,,**.loRaGW[*].**.initFromDisplayString,false,,
General-6-20260516-22:58:45-3592,config,,,**.loRaNodes[*].LoRaNic.radio.energyConsumer.typename,LoRaEnergyConsumer,,
General-6-20260516-22:58:45-3592,config,,,**.loRaNodes[*].**.energySourceModule,"""^.IdealEpEnergyStorage""",,
General-6-20260516-22:58:45-3592,config,,,**.loRaNodes[*].LoRaNic.radio.energyConsumer.configFile,"xmldoc(""../energyConsumptionParameters.xml"")",,
General-6-20260516-22:58:45-3592,config,,,**.sigma,3.57,,
General-6-20260516-22:58:45-3592,config,,,**.constraintAreaMinX,0m,,
General-6-20260516-22:58:45-3592,config,,,**.constraintAreaMinY,0m,,
General-6-20260516-22:58:45-3592,config,,,**.constraintAreaMinZ,0m,,
General-6-20260516-22:58:45-3592,config,,,**.constraintAreaMaxZ,0m,,
General-6-20260516-22:58:45-3592,config,,,LoRaNetworkTest.**.radio.separateTransmissionParts,false,,
General-6-20260516-22:58:45-3592,config,,,LoRaNetworkTest.**.radio.separateReceptionParts,false,,
General-6-20260516-22:58:45-3592,config,,,**.ipv4Delayer.config,"xmldoc(""../cloudDelays.xml"")",,
General-6-20260516-22:58:45-3592,config,,,**.radio.radioMediumModule,"""LoRaMedium""",,
General-6-20260516-22:58:45-3592,config,,,**.LoRaMedium.pathLossType,"""LoRaLogNormalShadowing""",,
General-6-20260516-22:58:45-3592,config,,,**.minInterferenceTime,0s,,
General-6-20260516-22:58:45-3592,config,,,**.displayAddresses,false,,
General-6-20260516-22:58:45-3592,config,,,**.numberOfNodes,6,,
General-6-20260516-22:58:45-3592,config,,,**.numberOfGateways,1,,
General-6-20260516-22:58:45-3592,config,,,**.constraintAreaMaxX,2376.0m,,
General-6-20260516-22:58:45-3592,config,,,**.constraintAreaMaxY,1090.0m,,
General-6-20260516-22:58:45-3592,config,,,**.loRaGW[0].**.initialX,544.00m,,
General-6-20260516-22:58:45-3592,config,,,**.loRaGW[0].**.initialY,544.00m,,
General-6-20260516-22:58:45-3592,config,,,output-scalar-file,../results/n100-gw1-s6.ini.sca,,
General-6-20260516-22:58:45-3592,config,,,**.loRaNodes[0..1].app[0].sendInterval,1h,,
General-6-20260516-22:58:45-3592,config,,,**.loRaNodes[0].**.initialX,510.63m,,
General-6-20260516-22:58:45-3592,config,,,**.loRaNodes[0].**.initialY,500.08m,,
General-6-20260516-22:58:45-3592,config,,,**.loRaNodes[1].**.initialX,470.29m,,
General-6-20260516-22:58:45-3592,config,,,**.loRaNodes[1].**.initialY,520.24m,,
General-6-20260516-22:58:45-3592,config,,,**.loRaNodes[2].**.initialX,500.60m,,
General-6-20260516-22:58:45-3592,config,,,**.loRaNodes[2].**.initialY,590.25m,,
General-6-20260516-22:58:45-3592,config,,,**.loRaNodes[3].**.initialX,535.86m,,
General-6-20260516-22:58:45-3592,config,,,**.loRaNodes[3].**.initialY,590.63m,,
General-6-20260516-22:58:45-3592,config,,,**.loRaNodes[2..3].app[0].sendInterval,exponential(8760h),,
General-6-20260516-22:58:45-3592,config,,,**.loRaNodes[4..5].app[0].sendInterval,exponential(4h),,
General-6-20260516-22:58:45-3592,config,,,**.loRaNodes[4].**.initialX,650.85m,,
General-6-20260516-22:58:45-3592,config,,,**.loRaNodes[4].**.initialY,510.11m,,
General-6-20260516-22:58:45-3592,config,,,**.loRaNodes[5].**.initialX,680.27m,,
General-6-20260516-22:58:45-3592,config,,,**.loRaNodes[5].**.initialY,520.84m,,
General-6-20260516-22:58:45-3592,config,,,**.loRaNodes[0].**initialLoRaSF,8,,
General-6-20260516-22:58:45-3592,config,,,**.loRaNodes[0].**initialLoRaTP,8dBm,,
General-6-20260516-22:58:45-3592,config,,,**.loRaNodes[1].**initialLoRaSF,9,,
General-6-20260516-22:58:45-3592,config,,,**.loRaNodes[1].**initialLoRaTP,8dBm,,
General-6-20260516-22:58:45-3592,config,,,**.loRaNodes[2].**initialLoRaSF,7,,
General-6-20260516-22:58:45-3592,config,,,**.loRaNodes[2].**initialLoRaTP,8dBm,,
General-6-20260516-22:58:45-3592,config,,,**.loRaNodes[3].**initialLoRaSF,7,,
General-6-20260516-22:58:45-3592,config,,,**.loRaNodes[3].**initialLoRaTP,2dBm,,
General-6-20260516-22:58:45-3592,config,,,**.loRaNodes[4].**initialLoRaSF,8,,
General-6-20260516-22:58:45-3592,config,,,**.loRaNodes[4].**initialLoRaTP,8dBm,,
General-6-20260516-22:58:45-3592,config,,,**.loRaNodes[5].**initialLoRaSF,7,,
General-6-20260516-22:58:45-3592,config,,,**.loRaNodes[5].**initialLoRaTP,2dBm,,
General-6-20260516-22:58:45-3592,config,,,**.vector-recording,false,,
General-6-20260516-22:58:45-3592,config,,,**.loRaGW[*].packetForwarder.highQueueLength.vector-recording,true,,
General-6-20260516-22:58:45-3592,config,,,**.loRaGW[*].packetForwarder.lowQueueLength.vector-recording,true,,
General-6-20260516-22:58:45-3592,config,,,**.networkServer.app[0].delaySignal.vector-recording,true,,
General-6-20260516-22:58:45-3592,config,,,**.loRaNodes[*].app[0].packetsSent:scalar,true,,
General-6-20260516-22:58:45-3592,config,,,**.networkServer.app[0].totalReceivedPackets:scalar,true,,
General-6-20260516-22:58:45-3592,config,,,**.loRaGW[*].**.packetDropRate:scalar,true,,
General-11-20260516-23:18:24-3631,runattr,,,configname,General,,
General-11-20260516-23:18:24-3631,runattr,,,datetime,20260516-23:18:24,,
General-11-20260516-23:18:24-3631,runattr,,,datetimef,20260516-231824,,
General-11-20260516-23:18:24-3631,runattr,,,experiment,General,,
General-11-20260516-23:18:24-3631,runattr,,,inifile,n100-gw1.ini,,
General-11-20260516-23:18:24-3631,runattr,,,iterationvars,"$0=""avg""",,
General-11-20260516-23:18:24-3631,runattr,,,iterationvarsd,avg,,
General-11-20260516-23:18:24-3631,runattr,,,iterationvarsf,avg-,,
General-11-20260516-23:18:24-3631,runattr,,,measurement,"$0=""avg""",,
General-11-20260516-23:18:24-3631,runattr,,,network,flora.simulations.LoRaNetworkTest,,
General-11-20260516-23:18:24-3631,runattr,,,processid,3631,,
General-11-20260516-23:18:24-3631,runattr,,,repetition,11,,
General-11-20260516-23:18:24-3631,runattr,,,replication,#11,,
General-11-20260516-23:18:24-3631,runattr,,,resultdir,results,,
General-11-20260516-23:18:24-3631,runattr,,,runnumber,11,,
General-11-20260516-23:18:24-3631,runattr,,,seedset,11,,
General-11-20260516-23:18:24-3631,config,,,image-path,../../../inet4.4/images,,
General-11-20260516-23:18:24-3631,config,,,network,flora.simulations.LoRaNetworkTest,,
General-11-20260516-23:18:24-3631,config,,,output-vector-file,../results/n100-gw1-s11.ini.vec,,
General-11-20260516-23:18:24-3631,config,,,**.maxTransmissionDuration,4s,,
General-11-20260516-23:18:24-3631,config,,,**.energyDetection,-110dBm,,
General-11-20260516-23:18:24-3631,config,,,**.vector-recording,true,,
General-11-20260516-23:18:24-3631,config,,,rng-class,cMersenneTwister,,
General-11-20260516-23:18:24-3631,config,,,**.loRaGW[*].numUdpApps,1,,
General-11-20260516-23:18:24-3631,config,,,**.loRaGW[0].packetForwarder.localPort,2000,,
General-11-20260516-23:18:24-3631,config,,,**.loRaGW[0].packetForwarder.destPort,1000,,
General-11-20260516-23:18:24-3631,config,,,**.loRaGW[0].packetForwarder.destAddresses,"""networkServer""",,
General-11-20260516-23:18:24-3631,config,,,**.loRaGW[0].packetForwarder.indexNumber,0,,
General-11-20260516-23:18:24-3631,config,,,**.networkServer.numApps,1,,
General-11-20260516-23:18:24-3631,config,,,**.networkServer.**.evaluateADRinServer,true,,
General-11-20260516-23:18:24-3631,config,,,**.networkServer.app[0].typename,NetworkServerApp,,
General-11-20260516-23:18:24-3631,config,,,**.networkServer.app[0].destAddresses,"""loRaGW[0]""",,
General-11-20260516-23:18:24-3631,config,,,**.networkServer.app[0].destPort,2000,,
General-11-20260516-23:18:24-3631,config,,,**.networkServer.app[0].localPort,1000,,
General-11-20260516-23:18:24-3631,config,,,**.networkServer.app[0].adrMethod,"""avg""",,
General-11-20260516-23:18:24-3631,config,,,**.numberOfPacketsToSend,0,,
General-11-20260516-23:18:24-3631,config,,,sim-time-limit,3d,,
General-11-20260516-23:18:24-3631,config,,,warmup-period,2h,,
General-11-20260516-23:18:24-3631,config,,,simtime-resolution,-11,,
General-11-20260516-23:18:24-3631,config,,,repeat,20,,
General-11-20260516-23:18:24-3631,config,,,**.loRaNodes[{0..1}].app[0].timeToFirstPacket,"uniform(0h, 1h)",,
General-11-20260516-23:18:24-3631,config,,,**.loRaNodes[{0..1}].app[0].timeToNextPacket,1h,,
General-11-20260516-23:18:24-3631,config,,,**.loRaNodes[{2..3}].app[0].timeToFirstPacket,exponential(24h),,
General-11-20260516-23:18:24-3631,config,,,**.loRaNodes[{2..3}].app[0].timeToNextPacket,exponential(24h),,
General-11-20260516-23:18:24-3631,config,,,**.loRaNodes[{4..5}].app[0].timeToFirstPacket,exponential(4h),,
General-11-20260516-23:18:24-3631,config,,,**.loRaNodes[{4..5}].app[0].timeToNextPacket,exponential(4h),,
General-11-20260516-23:18:24-3631,config,,,**.alohaChannelModel,false,,
General-11-20260516-23:18:24-3631,config,,,**.loRaNodes[*].**.initFromDisplayString,false,,
General-11-20260516-23:18:24-3631,config,,,**.loRaNodes[*].**.evaluateADRinNode,true,,
General-11-20260516-23:18:24-3631,config,,,**.loRaNodes[*].**initialLoRaBW,125 kHz,,
General-11-20260516-23:18:24-3631,config,,,**.loRaNodes[*].**initialLoRaCR,4,,
General-11-20260516-23:18:24-3631,config,,,**.loRaNodes[*].numApps,1,,
General-11-20260516-23:18:24-3631,config,,,**.loRaNodes[*].app[0].typename,SimpleLoRaApp,,
General-11-20260516-23:18:24-3631,config,,,**.LoRaGWNic.radio.iAmGateway,true,,
General-11-20260516-23:18:24-3631,config,,,**.loRaGW[*].**.initFromDisplayString,false,,
General-11-20260516-23:18:24-3631,config,,,**.loRaNodes[*].LoRaNic.radio.energyConsumer.typename,LoRaEnergyConsumer,,
General-11-20260516-23:18:24-3631,config,,,**.loRaNodes[*].**.energySourceModule,"""^.IdealEpEnergyStorage""",,
General-11-20260516-23:18:24-3631,config,,,**.loRaNodes[*].LoRaNic.radio.energyConsumer.configFile,"xmldoc(""../energyConsumptionParameters.xml"")",,
General-11-20260516-23:18:24-3631,config,,,**.sigma,3.57,,
General-11-20260516-23:18:24-3631,config,,,**.constraintAreaMinX,0m,,
General-11-20260516-23:18:24-3631,config,,,**.constraintAreaMinY,0m,,
General-11-20260516-23:18:24-3631,config,,,**.constraintAreaMinZ,0m,,
General-11-20260516-23:18:24-3631,config,,,**.constraintAreaMaxZ,0m,,
General-11-20260516-23:18:24-3631,config,,,LoRaNetworkTest.**.radio.separateTransmissionParts,false,,
General-11-20260516-23:18:24-3631,config,,,LoRaNetworkTest.**.radio.separateReceptionParts,false,,
General-11-20260516-23:18:24-3631,config,,,**.ipv4Delayer.config,"xmldoc(""../cloudDelays.xml"")",,
General-11-20260516-23:18:24-3631,config,,,**.radio.radioMediumModule,"""LoRaMedium""",,
General-11-20260516-23:18:24-3631,config,,,**.LoRaMedium.pathLossType,"""LoRaLogNormalShadowing""",,
General-11-20260516-23:18:24-3631,config,,,**.minInterferenceTime,0s,,
General-11-20260516-23:18:24-3631,config,,,**.displayAddresses,false,,
General-11-20260516-23:18:24-3631,config,,,**.numberOfNodes,6,,
General-11-20260516-23:18:24-3631,config,,,**.numberOfGateways,1,,
General-11-20260516-23:18:24-3631,config,,,**.constraintAreaMaxX,2376.0m,,
General-11-20260516-23:18:24-3631,config,,,**.constraintAreaMaxY,1090.0m,,
General-11-20260516-23:18:24-3631,config,,,**.loRaGW[0].**.initialX,544.00m,,
General-11-20260516-23:18:24-3631,config,,,**.loRaGW[0].**.initialY,544.00m,,
General-11-20260516-23:18:24-3631,config,,,output-scalar-file,../results/n100-gw1-s11.ini.sca,,
General-11-20260516-23:18:24-3631,config,,,**.loRaNodes[0..1].app[0].sendInterval,1h,,
General-11-20260516-23:18:24-3631,config,,,**.loRaNodes[0].**.initialX,510.63m,,
General-11-20260516-23:18:24-3631,config,,,**.loRaNodes[0].**.initialY,500.08m,,
General-11-20260516-23:18:24-3631,config,,,**.loRaNodes[1].**.initialX,470.29m,,
General-11-20260516-23:18:24-3631,config,,,**.loRaNodes[1].**.initialY,520.24m,,
General-11-20260516-23:18:24-3631,config,,,**.loRaNodes[2].**.initialX,500.60m,,
General-11-20260516-23:18:24-3631,config,,,**.loRaNodes[2].**.initialY,590.25m,,
General-11-20260516-23:18:24-3631,config,,,**.loRaNodes[3].**.initialX,535.86m,,
General-11-20260516-23:18:24-3631,config,,,**.loRaNodes[3].**.initialY,590.63m,,
General-11-20260516-23:18:24-3631,config,,,**.loRaNodes[2..3].app[0].sendInterval,exponential(8760h),,
General-11-20260516-23:18:24-3631,config,,,**.loRaNodes[4..5].app[0].sendInterval,exponential(4h),,
General-11-20260516-23:18:24-3631,config,,,**.loRaNodes[4].**.initialX,650.85m,,
General-11-20260516-23:18:24-3631,config,,,**.loRaNodes[4].**.initialY,510.11m,,
General-11-20260516-23:18:24-3631,config,,,**.loRaNodes[5].**.initialX,680.27m,,
General-11-20260516-23:18:24-3631,config,,,**.loRaNodes[5].**.initialY,520.84m,,
General-11-20260516-23:18:24-3631,config,,,**.loRaNodes[0].**initialLoRaSF,8,,
General-11-20260516-23:18:24-3631,config,,,**.loRaNodes[0].**initialLoRaTP,8dBm,,
General-11-20260516-23:18:24-3631,config,,,**.loRaNodes[1].**initialLoRaSF,9,,
General-11-20260516-23:18:24-3631,config,,,**.loRaNodes[1].**initialLoRaTP,8dBm,,
General-11-20260516-23:18:24-3631,config,,,**.loRaNodes[2].**initialLoRaSF,7,,
General-11-20260516-23:18:24-3631,config,,,**.loRaNodes[2].**initialLoRaTP,8dBm,,
General-11-20260516-23:18:24-3631,config,,,**.loRaNodes[3].**initialLoRaSF,7,,
General-11-20260516-23:18:24-3631,config,,,**.loRaNodes[3].**initialLoRaTP,2dBm,,
General-11-20260516-23:18:24-3631,config,,,**.loRaNodes[4].**initialLoRaSF,8,,
General-11-20260516-23:18:24-3631,config,,,**.loRaNodes[4].**initialLoRaTP,8dBm,,
General-11-20260516-23:18:24-3631,config,,,**.loRaNodes[5].**initialLoRaSF,7,,
General-11-20260516-23:18:24-3631,config,,,**.loRaNodes[5].**initialLoRaTP,2dBm,,
General-11-20260516-23:18:24-3631,config,,,**.vector-recording,false,,
General-11-20260516-23:18:24-3631,config,,,**.loRaGW[*].packetForwarder.highQueueLength.vector-recording,true,,
General-11-20260516-23:18:24-3631,config,,,**.loRaGW[*].packetForwarder.lowQueueLength.vector-recording,true,,
General-11-20260516-23:18:24-3631,config,,,**.networkServer.app[0].delaySignal.vector-recording,true,,
General-11-20260516-23:18:24-3631,config,,,**.loRaNodes[*].app[0].packetsSent:scalar,true,,
General-11-20260516-23:18:24-3631,config,,,**.networkServer.app[0].totalReceivedPackets:scalar,true,,
General-11-20260516-23:18:24-3631,config,,,**.loRaGW[*].**.packetDropRate:scalar,true,,
General-5-20260516-22:54:41-3586,runattr,,,configname,General,,
General-5-20260516-22:54:41-3586,runattr,,,datetime,20260516-22:54:41,,
General-5-20260516-22:54:41-3586,runattr,,,datetimef,20260516-225441,,
General-5-20260516-22:54:41-3586,runattr,,,experiment,General,,
General-5-20260516-22:54:41-3586,runattr,,,inifile,n100-gw1.ini,,
General-5-20260516-22:54:41-3586,runattr,,,iterationvars,"$0=""avg""",,
General-5-20260516-22:54:41-3586,runattr,,,iterationvarsd,avg,,
General-5-20260516-22:54:41-3586,runattr,,,iterationvarsf,avg-,,
General-5-20260516-22:54:41-3586,runattr,,,measurement,"$0=""avg""",,
General-5-20260516-22:54:41-3586,runattr,,,network,flora.simulations.LoRaNetworkTest,,
General-5-20260516-22:54:41-3586,runattr,,,processid,3586,,
General-5-20260516-22:54:41-3586,runattr,,,repetition,5,,
General-5-20260516-22:54:41-3586,runattr,,,replication,#5,,
General-5-20260516-22:54:41-3586,runattr,,,resultdir,results,,
General-5-20260516-22:54:41-3586,runattr,,,runnumber,5,,
General-5-20260516-22:54:41-3586,runattr,,,seedset,5,,
General-5-20260516-22:54:41-3586,config,,,image-path,../../../inet4.4/images,,
General-5-20260516-22:54:41-3586,config,,,network,flora.simulations.LoRaNetworkTest,,
General-5-20260516-22:54:41-3586,config,,,output-vector-file,../results/n100-gw1-s5.ini.vec,,
General-5-20260516-22:54:41-3586,config,,,**.maxTransmissionDuration,4s,,
General-5-20260516-22:54:41-3586,config,,,**.energyDetection,-110dBm,,
General-5-20260516-22:54:41-3586,config,,,**.vector-recording,true,,
General-5-20260516-22:54:41-3586,config,,,rng-class,cMersenneTwister,,
General-5-20260516-22:54:41-3586,config,,,**.loRaGW[*].numUdpApps,1,,
General-5-20260516-22:54:41-3586,config,,,**.loRaGW[0].packetForwarder.localPort,2000,,
General-5-20260516-22:54:41-3586,config,,,**.loRaGW[0].packetForwarder.destPort,1000,,
General-5-20260516-22:54:41-3586,config,,,**.loRaGW[0].packetForwarder.destAddresses,"""networkServer""",,
General-5-20260516-22:54:41-3586,config,,,**.loRaGW[0].packetForwarder.indexNumber,0,,
General-5-20260516-22:54:41-3586,config,,,**.networkServer.numApps,1,,
General-5-20260516-22:54:41-3586,config,,,**.networkServer.**.evaluateADRinServer,true,,
General-5-20260516-22:54:41-3586,config,,,**.networkServer.app[0].typename,NetworkServerApp,,
General-5-20260516-22:54:41-3586,config,,,**.networkServer.app[0].destAddresses,"""loRaGW[0]""",,
General-5-20260516-22:54:41-3586,config,,,**.networkServer.app[0].destPort,2000,,
General-5-20260516-22:54:41-3586,config,,,**.networkServer.app[0].localPort,1000,,
General-5-20260516-22:54:41-3586,config,,,**.networkServer.app[0].adrMethod,"""avg""",,
General-5-20260516-22:54:41-3586,config,,,**.numberOfPacketsToSend,0,,
General-5-20260516-22:54:41-3586,config,,,sim-time-limit,3d,,
General-5-20260516-22:54:41-3586,config,,,warmup-period,2h,,
General-5-20260516-22:54:41-3586,config,,,simtime-resolution,-11,,
General-5-20260516-22:54:41-3586,config,,,repeat,20,,
General-5-20260516-22:54:41-3586,config,,,**.loRaNodes[{0..1}].app[0].timeToFirstPacket,"uniform(0h, 1h)",,
General-5-20260516-22:54:41-3586,config,,,**.loRaNodes[{0..1}].app[0].timeToNextPacket,1h,,
General-5-20260516-22:54:41-3586,config,,,**.loRaNodes[{2..3}].app[0].timeToFirstPacket,exponential(24h),,
General-5-20260516-22:54:41-3586,config,,,**.loRaNodes[{2..3}].app[0].timeToNextPacket,exponential(24h),,
General-5-20260516-22:54:41-3586,config,,,**.loRaNodes[{4..5}].app[0].timeToFirstPacket,exponential(4h),,
General-5-20260516-22:54:41-3586,config,,,**.loRaNodes[{4..5}].app[0].timeToNextPacket,exponential(4h),,
General-5-20260516-22:54:41-3586,config,,,**.alohaChannelModel,false,,
General-5-20260516-22:54:41-3586,config,,,**.loRaNodes[*].**.initFromDisplayString,false,,
General-5-20260516-22:54:41-3586,config,,,**.loRaNodes[*].**.evaluateADRinNode,true,,
General-5-20260516-22:54:41-3586,config,,,**.loRaNodes[*].**initialLoRaBW,125 kHz,,
General-5-20260516-22:54:41-3586,config,,,**.loRaNodes[*].**initialLoRaCR,4,,
General-5-20260516-22:54:41-3586,config,,,**.loRaNodes[*].numApps,1,,
General-5-20260516-22:54:41-3586,config,,,**.loRaNodes[*].app[0].typename,SimpleLoRaApp,,
General-5-20260516-22:54:41-3586,config,,,**.LoRaGWNic.radio.iAmGateway,true,,
General-5-20260516-22:54:41-3586,config,,,**.loRaGW[*].**.initFromDisplayString,false,,
General-5-20260516-22:54:41-3586,config,,,**.loRaNodes[*].LoRaNic.radio.energyConsumer.typename,LoRaEnergyConsumer,,
General-5-20260516-22:54:41-3586,config,,,**.loRaNodes[*].**.energySourceModule,"""^.IdealEpEnergyStorage""",,
General-5-20260516-22:54:41-3586,config,,,**.loRaNodes[*].LoRaNic.radio.energyConsumer.configFile,"xmldoc(""../energyConsumptionParameters.xml"")",,
General-5-20260516-22:54:41-3586,config,,,**.sigma,3.57,,
General-5-20260516-22:54:41-3586,config,,,**.constraintAreaMinX,0m,,
General-5-20260516-22:54:41-3586,config,,,**.constraintAreaMinY,0m,,
General-5-20260516-22:54:41-3586,config,,,**.constraintAreaMinZ,0m,,
General-5-20260516-22:54:41-3586,config,,,**.constraintAreaMaxZ,0m,,
General-5-20260516-22:54:41-3586,config,,,LoRaNetworkTest.**.radio.separateTransmissionParts,false,,
General-5-20260516-22:54:41-3586,config,,,LoRaNetworkTest.**.radio.separateReceptionParts,false,,
General-5-20260516-22:54:41-3586,config,,,**.ipv4Delayer.config,"xmldoc(""../cloudDelays.xml"")",,
General-5-20260516-22:54:41-3586,config,,,**.radio.radioMediumModule,"""LoRaMedium""",,
General-5-20260516-22:54:41-3586,config,,,**.LoRaMedium.pathLossType,"""LoRaLogNormalShadowing""",,
General-5-20260516-22:54:41-3586,config,,,**.minInterferenceTime,0s,,
General-5-20260516-22:54:41-3586,config,,,**.displayAddresses,false,,
General-5-20260516-22:54:41-3586,config,,,**.numberOfNodes,6,,
General-5-20260516-22:54:41-3586,config,,,**.numberOfGateways,1,,
General-5-20260516-22:54:41-3586,config,,,**.constraintAreaMaxX,2376.0m,,
General-5-20260516-22:54:41-3586,config,,,**.constraintAreaMaxY,1090.0m,,
General-5-20260516-22:54:41-3586,config,,,**.loRaGW[0].**.initialX,544.00m,,
General-5-20260516-22:54:41-3586,config,,,**.loRaGW[0].**.initialY,544.00m,,
General-5-20260516-22:54:41-3586,config,,,output-scalar-file,../results/n100-gw1-s5.ini.sca,,
General-5-20260516-22:54:41-3586,config,,,**.loRaNodes[0..1].app[0].sendInterval,1h,,
General-5-20260516-22:54:41-3586,config,,,**.loRaNodes[0].**.initialX,510.63m,,
General-5-20260516-22:54:41-3586,config,,,**.loRaNodes[0].**.initialY,500.08m,,
General-5-20260516-22:54:41-3586,config,,,**.loRaNodes[1].**.initialX,470.29m,,
General-5-20260516-22:54:41-3586,config,,,**.loRaNodes[1].**.initialY,520.24m,,
General-5-20260516-22:54:41-3586,config,,,**.loRaNodes[2].**.initialX,500.60m,,
General-5-20260516-22:54:41-3586,config,,,**.loRaNodes[2].**.initialY,590.25m,,
General-5-20260516-22:54:41-3586,config,,,**.loRaNodes[3].**.initialX,535.86m,,
General-5-20260516-22:54:41-3586,config,,,**.loRaNodes[3].**.initialY,590.63m,,
General-5-20260516-22:54:41-3586,config,,,**.loRaNodes[2..3].app[0].sendInterval,exponential(8760h),,
General-5-20260516-22:54:41-3586,config,,,**.loRaNodes[4..5].app[0].sendInterval,exponential(4h),,
General-5-20260516-22:54:41-3586,config,,,**.loRaNodes[4].**.initialX,650.85m,,
General-5-20260516-22:54:41-3586,config,,,**.loRaNodes[4].**.initialY,510.11m,,
General-5-20260516-22:54:41-3586,config,,,**.loRaNodes[5].**.initialX,680.27m,,
General-5-20260516-22:54:41-3586,config,,,**.loRaNodes[5].**.initialY,520.84m,,
General-5-20260516-22:54:41-3586,config,,,**.loRaNodes[0].**initialLoRaSF,8,,
General-5-20260516-22:54:41-3586,config,,,**.loRaNodes[0].**initialLoRaTP,8dBm,,
General-5-20260516-22:54:41-3586,config,,,**.loRaNodes[1].**initialLoRaSF,9,,
General-5-20260516-22:54:41-3586,config,,,**.loRaNodes[1].**initialLoRaTP,8dBm,,
General-5-20260516-22:54:41-3586,config,,,**.loRaNodes[2].**initialLoRaSF,7,,
General-5-20260516-22:54:41-3586,config,,,**.loRaNodes[2].**initialLoRaTP,8dBm,,
General-5-20260516-22:54:41-3586,config,,,**.loRaNodes[3].**initialLoRaSF,7,,
General-5-20260516-22:54:41-3586,config,,,**.loRaNodes[3].**initialLoRaTP,2dBm,,
General-5-20260516-22:54:41-3586,config,,,**.loRaNodes[4].**initialLoRaSF,8,,
General-5-20260516-22:54:41-3586,config,,,**.loRaNodes[4].**initialLoRaTP,8dBm,,
General-5-20260516-22:54:41-3586,config,,,**.loRaNodes[5].**initialLoRaSF,7,,
General-5-20260516-22:54:41-3586,config,,,**.loRaNodes[5].**initialLoRaTP,2dBm,,
General-5-20260516-22:54:41-3586,config,,,**.vector-recording,false,,
General-5-20260516-22:54:41-3586,config,,,**.loRaGW[*].packetForwarder.highQueueLength.vector-recording,true,,
General-5-20260516-22:54:41-3586,config,,,**.loRaGW[*].packetForwarder.lowQueueLength.vector-recording,true,,
General-5-20260516-22:54:41-3586,config,,,**.networkServer.app[0].delaySignal.vector-recording,true,,
General-5-20260516-22:54:41-3586,config,,,**.loRaNodes[*].app[0].packetsSent:scalar,true,,
General-5-20260516-22:54:41-3586,config,,,**.networkServer.app[0].totalReceivedPackets:scalar,true,,
General-5-20260516-22:54:41-3586,config,,,**.loRaGW[*].**.packetDropRate:scalar,true,,
General-1-20260516-22:39:03-3562,runattr,,,configname,General,,
General-1-20260516-22:39:03-3562,runattr,,,datetime,20260516-22:39:03,,
General-1-20260516-22:39:03-3562,runattr,,,datetimef,20260516-223903,,
General-1-20260516-22:39:03-3562,runattr,,,experiment,General,,
General-1-20260516-22:39:03-3562,runattr,,,inifile,n100-gw1.ini,,
General-1-20260516-22:39:03-3562,runattr,,,iterationvars,"$0=""avg""",,
General-1-20260516-22:39:03-3562,runattr,,,iterationvarsd,avg,,
General-1-20260516-22:39:03-3562,runattr,,,iterationvarsf,avg-,,
General-1-20260516-22:39:03-3562,runattr,,,measurement,"$0=""avg""",,
General-1-20260516-22:39:03-3562,runattr,,,network,flora.simulations.LoRaNetworkTest,,
General-1-20260516-22:39:03-3562,runattr,,,processid,3562,,
General-1-20260516-22:39:03-3562,runattr,,,repetition,1,,
General-1-20260516-22:39:03-3562,runattr,,,replication,#1,,
General-1-20260516-22:39:03-3562,runattr,,,resultdir,results,,
General-1-20260516-22:39:03-3562,runattr,,,runnumber,1,,
General-1-20260516-22:39:03-3562,runattr,,,seedset,1,,
General-1-20260516-22:39:03-3562,config,,,image-path,../../../inet4.4/images,,
General-1-20260516-22:39:03-3562,config,,,network,flora.simulations.LoRaNetworkTest,,
General-1-20260516-22:39:03-3562,config,,,output-vector-file,../results/n100-gw1-s1.ini.vec,,
General-1-20260516-22:39:03-3562,config,,,**.maxTransmissionDuration,4s,,
General-1-20260516-22:39:03-3562,config,,,**.energyDetection,-110dBm,,
General-1-20260516-22:39:03-3562,config,,,**.vector-recording,true,,
General-1-20260516-22:39:03-3562,config,,,rng-class,cMersenneTwister,,
General-1-20260516-22:39:03-3562,config,,,**.loRaGW[*].numUdpApps,1,,
General-1-20260516-22:39:03-3562,config,,,**.loRaGW[0].packetForwarder.localPort,2000,,
General-1-20260516-22:39:03-3562,config,,,**.loRaGW[0].packetForwarder.destPort,1000,,
General-1-20260516-22:39:03-3562,config,,,**.loRaGW[0].packetForwarder.destAddresses,"""networkServer""",,
General-1-20260516-22:39:03-3562,config,,,**.loRaGW[0].packetForwarder.indexNumber,0,,
General-1-20260516-22:39:03-3562,config,,,**.networkServer.numApps,1,,
General-1-20260516-22:39:03-3562,config,,,**.networkServer.**.evaluateADRinServer,true,,
General-1-20260516-22:39:03-3562,config,,,**.networkServer.app[0].typename,NetworkServerApp,,
General-1-20260516-22:39:03-3562,config,,,**.networkServer.app[0].destAddresses,"""loRaGW[0]""",,
General-1-20260516-22:39:03-3562,config,,,**.networkServer.app[0].destPort,2000,,
General-1-20260516-22:39:03-3562,config,,,**.networkServer.app[0].localPort,1000,,
General-1-20260516-22:39:03-3562,config,,,**.networkServer.app[0].adrMethod,"""avg""",,
General-1-20260516-22:39:03-3562,config,,,**.numberOfPacketsToSend,0,,
General-1-20260516-22:39:03-3562,config,,,sim-time-limit,3d,,
General-1-20260516-22:39:03-3562,config,,,warmup-period,2h,,
General-1-20260516-22:39:03-3562,config,,,simtime-resolution,-11,,
General-1-20260516-22:39:03-3562,config,,,repeat,20,,
General-1-20260516-22:39:03-3562,config,,,**.loRaNodes[{0..1}].app[0].timeToFirstPacket,"uniform(0h, 1h)",,
General-1-20260516-22:39:03-3562,config,,,**.loRaNodes[{0..1}].app[0].timeToNextPacket,1h,,
General-1-20260516-22:39:03-3562,config,,,**.loRaNodes[{2..3}].app[0].timeToFirstPacket,exponential(24h),,
General-1-20260516-22:39:03-3562,config,,,**.loRaNodes[{2..3}].app[0].timeToNextPacket,exponential(24h),,
General-1-20260516-22:39:03-3562,config,,,**.loRaNodes[{4..5}].app[0].timeToFirstPacket,exponential(4h),,
General-1-20260516-22:39:03-3562,config,,,**.loRaNodes[{4..5}].app[0].timeToNextPacket,exponential(4h),,
General-1-20260516-22:39:03-3562,config,,,**.alohaChannelModel,false,,
General-1-20260516-22:39:03-3562,config,,,**.loRaNodes[*].**.initFromDisplayString,false,,
General-1-20260516-22:39:03-3562,config,,,**.loRaNodes[*].**.evaluateADRinNode,true,,
General-1-20260516-22:39:03-3562,config,,,**.loRaNodes[*].**initialLoRaBW,125 kHz,,
General-1-20260516-22:39:03-3562,config,,,**.loRaNodes[*].**initialLoRaCR,4,,
General-1-20260516-22:39:03-3562,config,,,**.loRaNodes[*].numApps,1,,
General-1-20260516-22:39:03-3562,config,,,**.loRaNodes[*].app[0].typename,SimpleLoRaApp,,
General-1-20260516-22:39:03-3562,config,,,**.LoRaGWNic.radio.iAmGateway,true,,
General-1-20260516-22:39:03-3562,config,,,**.loRaGW[*].**.initFromDisplayString,false,,
General-1-20260516-22:39:03-3562,config,,,**.loRaNodes[*].LoRaNic.radio.energyConsumer.typename,LoRaEnergyConsumer,,
General-1-20260516-22:39:03-3562,config,,,**.loRaNodes[*].**.energySourceModule,"""^.IdealEpEnergyStorage""",,
General-1-20260516-22:39:03-3562,config,,,**.loRaNodes[*].LoRaNic.radio.energyConsumer.configFile,"xmldoc(""../energyConsumptionParameters.xml"")",,
General-1-20260516-22:39:03-3562,config,,,**.sigma,3.57,,
General-1-20260516-22:39:03-3562,config,,,**.constraintAreaMinX,0m,,
General-1-20260516-22:39:03-3562,config,,,**.constraintAreaMinY,0m,,
General-1-20260516-22:39:03-3562,config,,,**.constraintAreaMinZ,0m,,
General-1-20260516-22:39:03-3562,config,,,**.constraintAreaMaxZ,0m,,
General-1-20260516-22:39:03-3562,config,,,LoRaNetworkTest.**.radio.separateTransmissionParts,false,,
General-1-20260516-22:39:03-3562,config,,,LoRaNetworkTest.**.radio.separateReceptionParts,false,,
General-1-20260516-22:39:03-3562,config,,,**.ipv4Delayer.config,"xmldoc(""../cloudDelays.xml"")",,
General-1-20260516-22:39:03-3562,config,,,**.radio.radioMediumModule,"""LoRaMedium""",,
General-1-20260516-22:39:03-3562,config,,,**.LoRaMedium.pathLossType,"""LoRaLogNormalShadowing""",,
General-1-20260516-22:39:03-3562,config,,,**.minInterferenceTime,0s,,
General-1-20260516-22:39:03-3562,config,,,**.displayAddresses,false,,
General-1-20260516-22:39:03-3562,config,,,**.numberOfNodes,6,,
General-1-20260516-22:39:03-3562,config,,,**.numberOfGateways,1,,
General-1-20260516-22:39:03-3562,config,,,**.constraintAreaMaxX,2376.0m,,
General-1-20260516-22:39:03-3562,config,,,**.constraintAreaMaxY,1090.0m,,
General-1-20260516-22:39:03-3562,config,,,**.loRaGW[0].**.initialX,544.00m,,
General-1-20260516-22:39:03-3562,config,,,**.loRaGW[0].**.initialY,544.00m,,
General-1-20260516-22:39:03-3562,config,,,output-scalar-file,../results/n100-gw1-s1.ini.sca,,
General-1-20260516-22:39:03-3562,config,,,**.loRaNodes[0..1].app[0].sendInterval,1h,,
General-1-20260516-22:39:03-3562,config,,,**.loRaNodes[0].**.initialX,510.63m,,
General-1-20260516-22:39:03-3562,config,,,**.loRaNodes[0].**.initialY,500.08m,,
General-1-20260516-22:39:03-3562,config,,,**.loRaNodes[1].**.initialX,470.29m,,
General-1-20260516-22:39:03-3562,config,,,**.loRaNodes[1].**.initialY,520.24m,,
General-1-20260516-22:39:03-3562,config,,,**.loRaNodes[2].**.initialX,500.60m,,
General-1-20260516-22:39:03-3562,config,,,**.loRaNodes[2].**.initialY,590.25m,,
General-1-20260516-22:39:03-3562,config,,,**.loRaNodes[3].**.initialX,535.86m,,
General-1-20260516-22:39:03-3562,config,,,**.loRaNodes[3].**.initialY,590.63m,,
General-1-20260516-22:39:03-3562,config,,,**.loRaNodes[2..3].app[0].sendInterval,exponential(8760h),,
General-1-20260516-22:39:03-3562,config,,,**.loRaNodes[4..5].app[0].sendInterval,exponential(4h),,
General-1-20260516-22:39:03-3562,config,,,**.loRaNodes[4].**.initialX,650.85m,,
General-1-20260516-22:39:03-3562,config,,,**.loRaNodes[4].**.initialY,510.11m,,
General-1-20260516-22:39:03-3562,config,,,**.loRaNodes[5].**.initialX,680.27m,,
General-1-20260516-22:39:03-3562,config,,,**.loRaNodes[5].**.initialY,520.84m,,
General-1-20260516-22:39:03-3562,config,,,**.loRaNodes[0].**initialLoRaSF,8,,
General-1-20260516-22:39:03-3562,config,,,**.loRaNodes[0].**initialLoRaTP,8dBm,,
General-1-20260516-22:39:03-3562,config,,,**.loRaNodes[1].**initialLoRaSF,9,,
General-1-20260516-22:39:03-3562,config,,,**.loRaNodes[1].**initialLoRaTP,8dBm,,
General-1-20260516-22:39:03-3562,config,,,**.loRaNodes[2].**initialLoRaSF,7,,
General-1-20260516-22:39:03-3562,config,,,**.loRaNodes[2].**initialLoRaTP,8dBm,,
General-1-20260516-22:39:03-3562,config,,,**.loRaNodes[3].**initialLoRaSF,7,,
General-1-20260516-22:39:03-3562,config,,,**.loRaNodes[3].**initialLoRaTP,2dBm,,
General-1-20260516-22:39:03-3562,config,,,**.loRaNodes[4].**initialLoRaSF,8,,
General-1-20260516-22:39:03-3562,config,,,**.loRaNodes[4].**initialLoRaTP,8dBm,,
General-1-20260516-22:39:03-3562,config,,,**.loRaNodes[5].**initialLoRaSF,7,,
General-1-20260516-22:39:03-3562,config,,,**.loRaNodes[5].**initialLoRaTP,2dBm,,
General-1-20260516-22:39:03-3562,config,,,**.vector-recording,false,,
General-1-20260516-22:39:03-3562,config,,,**.loRaGW[*].packetForwarder.highQueueLength.vector-recording,true,,
General-1-20260516-22:39:03-3562,config,,,**.loRaGW[*].packetForwarder.lowQueueLength.vector-recording,true,,
General-1-20260516-22:39:03-3562,config,,,**.networkServer.app[0].delaySignal.vector-recording,true,,
General-1-20260516-22:39:03-3562,config,,,**.loRaNodes[*].app[0].packetsSent:scalar,true,,
General-1-20260516-22:39:03-3562,config,,,**.networkServer.app[0].totalReceivedPackets:scalar,true,,
General-1-20260516-22:39:03-3562,config,,,**.loRaGW[*].**.packetDropRate:scalar,true,,
General-0-20260516-22:34:32-3550,runattr,,,configname,General,,
General-0-20260516-22:34:32-3550,runattr,,,datetime,20260516-22:34:32,,
General-0-20260516-22:34:32-3550,runattr,,,datetimef,20260516-223432,,
General-0-20260516-22:34:32-3550,runattr,,,experiment,General,,
General-0-20260516-22:34:32-3550,runattr,,,inifile,n100-gw1.ini,,
General-0-20260516-22:34:32-3550,runattr,,,iterationvars,"$0=""avg""",,
General-0-20260516-22:34:32-3550,runattr,,,iterationvarsd,avg,,
General-0-20260516-22:34:32-3550,runattr,,,iterationvarsf,avg-,,
General-0-20260516-22:34:32-3550,runattr,,,measurement,"$0=""avg""",,
General-0-20260516-22:34:32-3550,runattr,,,network,flora.simulations.LoRaNetworkTest,,
General-0-20260516-22:34:32-3550,runattr,,,processid,3550,,
General-0-20260516-22:34:32-3550,runattr,,,repetition,0,,
General-0-20260516-22:34:32-3550,runattr,,,replication,#0,,
General-0-20260516-22:34:32-3550,runattr,,,resultdir,results,,
General-0-20260516-22:34:32-3550,runattr,,,runnumber,0,,
General-0-20260516-22:34:32-3550,runattr,,,seedset,0,,
General-0-20260516-22:34:32-3550,config,,,image-path,../../../inet4.4/images,,
General-0-20260516-22:34:32-3550,config,,,network,flora.simulations.LoRaNetworkTest,,
General-0-20260516-22:34:32-3550,config,,,output-vector-file,../results/n100-gw1-s0.ini.vec,,
General-0-20260516-22:34:32-3550,config,,,**.maxTransmissionDuration,4s,,
General-0-20260516-22:34:32-3550,config,,,**.energyDetection,-110dBm,,
General-0-20260516-22:34:32-3550,config,,,**.vector-recording,true,,
General-0-20260516-22:34:32-3550,config,,,rng-class,cMersenneTwister,,
General-0-20260516-22:34:32-3550,config,,,**.loRaGW[*].numUdpApps,1,,
General-0-20260516-22:34:32-3550,config,,,**.loRaGW[0].packetForwarder.localPort,2000,,
General-0-20260516-22:34:32-3550,config,,,**.loRaGW[0].packetForwarder.destPort,1000,,
General-0-20260516-22:34:32-3550,config,,,**.loRaGW[0].packetForwarder.destAddresses,"""networkServer""",,
General-0-20260516-22:34:32-3550,config,,,**.loRaGW[0].packetForwarder.indexNumber,0,,
General-0-20260516-22:34:32-3550,config,,,**.networkServer.numApps,1,,
General-0-20260516-22:34:32-3550,config,,,**.networkServer.**.evaluateADRinServer,true,,
General-0-20260516-22:34:32-3550,config,,,**.networkServer.app[0].typename,NetworkServerApp,,
General-0-20260516-22:34:32-3550,config,,,**.networkServer.app[0].destAddresses,"""loRaGW[0]""",,
General-0-20260516-22:34:32-3550,config,,,**.networkServer.app[0].destPort,2000,,
General-0-20260516-22:34:32-3550,config,,,**.networkServer.app[0].localPort,1000,,
General-0-20260516-22:34:32-3550,config,,,**.networkServer.app[0].adrMethod,"""avg""",,
General-0-20260516-22:34:32-3550,config,,,**.numberOfPacketsToSend,0,,
General-0-20260516-22:34:32-3550,config,,,sim-time-limit,3d,,
General-0-20260516-22:34:32-3550,config,,,warmup-period,2h,,
General-0-20260516-22:34:32-3550,config,,,simtime-resolution,-11,,
General-0-20260516-22:34:32-3550,config,,,repeat,20,,
General-0-20260516-22:34:32-3550,config,,,**.loRaNodes[{0..1}].app[0].timeToFirstPacket,"uniform(0h, 1h)",,
General-0-20260516-22:34:32-3550,config,,,**.loRaNodes[{0..1}].app[0].timeToNextPacket,1h,,
General-0-20260516-22:34:32-3550,config,,,**.loRaNodes[{2..3}].app[0].timeToFirstPacket,exponential(24h),,
General-0-20260516-22:34:32-3550,config,,,**.loRaNodes[{2..3}].app[0].timeToNextPacket,exponential(24h),,
General-0-20260516-22:34:32-3550,config,,,**.loRaNodes[{4..5}].app[0].timeToFirstPacket,exponential(4h),,
General-0-20260516-22:34:32-3550,config,,,**.loRaNodes[{4..5}].app[0].timeToNextPacket,exponential(4h),,
General-0-20260516-22:34:32-3550,config,,,**.alohaChannelModel,false,,
General-0-20260516-22:34:32-3550,config,,,**.loRaNodes[*].**.initFromDisplayString,false,,
General-0-20260516-22:34:32-3550,config,,,**.loRaNodes[*].**.evaluateADRinNode,true,,
General-0-20260516-22:34:32-3550,config,,,**.loRaNodes[*].**initialLoRaBW,125 kHz,,
General-0-20260516-22:34:32-3550,config,,,**.loRaNodes[*].**initialLoRaCR,4,,
General-0-20260516-22:34:32-3550,config,,,**.loRaNodes[*].numApps,1,,
General-0-20260516-22:34:32-3550,config,,,**.loRaNodes[*].app[0].typename,SimpleLoRaApp,,
General-0-20260516-22:34:32-3550,config,,,**.LoRaGWNic.radio.iAmGateway,true,,
General-0-20260516-22:34:32-3550,config,,,**.loRaGW[*].**.initFromDisplayString,false,,
General-0-20260516-22:34:32-3550,config,,,**.loRaNodes[*].LoRaNic.radio.energyConsumer.typename,LoRaEnergyConsumer,,
General-0-20260516-22:34:32-3550,config,,,**.loRaNodes[*].**.energySourceModule,"""^.IdealEpEnergyStorage""",,
General-0-20260516-22:34:32-3550,config,,,**.loRaNodes[*].LoRaNic.radio.energyConsumer.configFile,"xmldoc(""../energyConsumptionParameters.xml"")",,
General-0-20260516-22:34:32-3550,config,,,**.sigma,3.57,,
General-0-20260516-22:34:32-3550,config,,,**.constraintAreaMinX,0m,,
General-0-20260516-22:34:32-3550,config,,,**.constraintAreaMinY,0m,,
General-0-20260516-22:34:32-3550,config,,,**.constraintAreaMinZ,0m,,
General-0-20260516-22:34:32-3550,config,,,**.constraintAreaMaxZ,0m,,
General-0-20260516-22:34:32-3550,config,,,LoRaNetworkTest.**.radio.separateTransmissionParts,false,,
General-0-20260516-22:34:32-3550,config,,,LoRaNetworkTest.**.radio.separateReceptionParts,false,,
General-0-20260516-22:34:32-3550,config,,,**.ipv4Delayer.config,"xmldoc(""../cloudDelays.xml"")",,
General-0-20260516-22:34:32-3550,config,,,**.radio.radioMediumModule,"""LoRaMedium""",,
General-0-20260516-22:34:32-3550,config,,,**.LoRaMedium.pathLossType,"""LoRaLogNormalShadowing""",,
General-0-20260516-22:34:32-3550,config,,,**.minInterferenceTime,0s,,
General-0-20260516-22:34:32-3550,config,,,**.displayAddresses,false,,
General-0-20260516-22:34:32-3550,config,,,**.numberOfNodes,6,,
General-0-20260516-22:34:32-3550,config,,,**.numberOfGateways,1,,
General-0-20260516-22:34:32-3550,config,,,**.constraintAreaMaxX,2376.0m,,
General-0-20260516-22:34:32-3550,config,,,**.constraintAreaMaxY,1090.0m,,
General-0-20260516-22:34:32-3550,config,,,**.loRaGW[0].**.initialX,544.00m,,
General-0-20260516-22:34:32-3550,config,,,**.loRaGW[0].**.initialY,544.00m,,
General-0-20260516-22:34:32-3550,config,,,output-scalar-file,../results/n100-gw1-s0.ini.sca,,
General-0-20260516-22:34:32-3550,config,,,**.loRaNodes[0..1].app[0].sendInterval,1h,,
General-0-20260516-22:34:32-3550,config,,,**.loRaNodes[0].**.initialX,510.63m,,
General-0-20260516-22:34:32-3550,config,,,**.loRaNodes[0].**.initialY,500.08m,,
General-0-20260516-22:34:32-3550,config,,,**.loRaNodes[1].**.initialX,470.29m,,
General-0-20260516-22:34:32-3550,config,,,**.loRaNodes[1].**.initialY,520.24m,,
General-0-20260516-22:34:32-3550,config,,,**.loRaNodes[2].**.initialX,500.60m,,
General-0-20260516-22:34:32-3550,config,,,**.loRaNodes[2].**.initialY,590.25m,,
General-0-20260516-22:34:32-3550,config,,,**.loRaNodes[3].**.initialX,535.86m,,
General-0-20260516-22:34:32-3550,config,,,**.loRaNodes[3].**.initialY,590.63m,,
General-0-20260516-22:34:32-3550,config,,,**.loRaNodes[2..3].app[0].sendInterval,exponential(8760h),,
General-0-20260516-22:34:32-3550,config,,,**.loRaNodes[4..5].app[0].sendInterval,exponential(4h),,
General-0-20260516-22:34:32-3550,config,,,**.loRaNodes[4].**.initialX,650.85m,,
General-0-20260516-22:34:32-3550,config,,,**.loRaNodes[4].**.initialY,510.11m,,
General-0-20260516-22:34:32-3550,config,,,**.loRaNodes[5].**.initialX,680.27m,,
General-0-20260516-22:34:32-3550,config,,,**.loRaNodes[5].**.initialY,520.84m,,
General-0-20260516-22:34:32-3550,config,,,**.loRaNodes[0].**initialLoRaSF,8,,
General-0-20260516-22:34:32-3550,config,,,**.loRaNodes[0].**initialLoRaTP,8dBm,,
General-0-20260516-22:34:32-3550,config,,,**.loRaNodes[1].**initialLoRaSF,9,,
General-0-20260516-22:34:32-3550,config,,,**.loRaNodes[1].**initialLoRaTP,8dBm,,
General-0-20260516-22:34:32-3550,config,,,**.loRaNodes[2].**initialLoRaSF,7,,
General-0-20260516-22:34:32-3550,config,,,**.loRaNodes[2].**initialLoRaTP,8dBm,,
General-0-20260516-22:34:32-3550,config,,,**.loRaNodes[3].**initialLoRaSF,7,,
General-0-20260516-22:34:32-3550,config,,,**.loRaNodes[3].**initialLoRaTP,2dBm,,
General-0-20260516-22:34:32-3550,config,,,**.loRaNodes[4].**initialLoRaSF,8,,
General-0-20260516-22:34:32-3550,config,,,**.loRaNodes[4].**initialLoRaTP,8dBm,,
General-0-20260516-22:34:32-3550,config,,,**.loRaNodes[5].**initialLoRaSF,7,,
General-0-20260516-22:34:32-3550,config,,,**.loRaNodes[5].**initialLoRaTP,2dBm,,
General-0-20260516-22:34:32-3550,config,,,**.vector-recording,false,,
General-0-20260516-22:34:32-3550,config,,,**.loRaGW[*].packetForwarder.highQueueLength.vector-recording,true,,
General-0-20260516-22:34:32-3550,config,,,**.loRaGW[*].packetForwarder.lowQueueLength.vector-recording,true,,
General-0-20260516-22:34:32-3550,config,,,**.networkServer.app[0].delaySignal.vector-recording,true,,
General-0-20260516-22:34:32-3550,config,,,**.loRaNodes[*].app[0].packetsSent:scalar,true,,
General-0-20260516-22:34:32-3550,config,,,**.networkServer.app[0].totalReceivedPackets:scalar,true,,
General-0-20260516-22:34:32-3550,config,,,**.loRaGW[*].**.packetDropRate:scalar,true,,
General-10-20260516-23:14:20-3622,runattr,,,configname,General,,
General-10-20260516-23:14:20-3622,runattr,,,datetime,20260516-23:14:20,,
General-10-20260516-23:14:20-3622,runattr,,,datetimef,20260516-231420,,
General-10-20260516-23:14:20-3622,runattr,,,experiment,General,,
General-10-20260516-23:14:20-3622,runattr,,,inifile,n100-gw1.ini,,
General-10-20260516-23:14:20-3622,runattr,,,iterationvars,"$0=""avg""",,
General-10-20260516-23:14:20-3622,runattr,,,iterationvarsd,avg,,
General-10-20260516-23:14:20-3622,runattr,,,iterationvarsf,avg-,,
General-10-20260516-23:14:20-3622,runattr,,,measurement,"$0=""avg""",,
General-10-20260516-23:14:20-3622,runattr,,,network,flora.simulations.LoRaNetworkTest,,
General-10-20260516-23:14:20-3622,runattr,,,processid,3622,,
General-10-20260516-23:14:20-3622,runattr,,,repetition,10,,
General-10-20260516-23:14:20-3622,runattr,,,replication,#10,,
General-10-20260516-23:14:20-3622,runattr,,,resultdir,results,,
General-10-20260516-23:14:20-3622,runattr,,,runnumber,10,,
General-10-20260516-23:14:20-3622,runattr,,,seedset,10,,
General-10-20260516-23:14:20-3622,config,,,image-path,../../../inet4.4/images,,
General-10-20260516-23:14:20-3622,config,,,network,flora.simulations.LoRaNetworkTest,,
General-10-20260516-23:14:20-3622,config,,,output-vector-file,../results/n100-gw1-s10.ini.vec,,
General-10-20260516-23:14:20-3622,config,,,**.maxTransmissionDuration,4s,,
General-10-20260516-23:14:20-3622,config,,,**.energyDetection,-110dBm,,
General-10-20260516-23:14:20-3622,config,,,**.vector-recording,true,,
General-10-20260516-23:14:20-3622,config,,,rng-class,cMersenneTwister,,
General-10-20260516-23:14:20-3622,config,,,**.loRaGW[*].numUdpApps,1,,
General-10-20260516-23:14:20-3622,config,,,**.loRaGW[0].packetForwarder.localPort,2000,,
General-10-20260516-23:14:20-3622,config,,,**.loRaGW[0].packetForwarder.destPort,1000,,
General-10-20260516-23:14:20-3622,config,,,**.loRaGW[0].packetForwarder.destAddresses,"""networkServer""",,
General-10-20260516-23:14:20-3622,config,,,**.loRaGW[0].packetForwarder.indexNumber,0,,
General-10-20260516-23:14:20-3622,config,,,**.networkServer.numApps,1,,
General-10-20260516-23:14:20-3622,config,,,**.networkServer.**.evaluateADRinServer,true,,
General-10-20260516-23:14:20-3622,config,,,**.networkServer.app[0].typename,NetworkServerApp,,
General-10-20260516-23:14:20-3622,config,,,**.networkServer.app[0].destAddresses,"""loRaGW[0]""",,
General-10-20260516-23:14:20-3622,config,,,**.networkServer.app[0].destPort,2000,,
General-10-20260516-23:14:20-3622,config,,,**.networkServer.app[0].localPort,1000,,
General-10-20260516-23:14:20-3622,config,,,**.networkServer.app[0].adrMethod,"""avg""",,
General-10-20260516-23:14:20-3622,config,,,**.numberOfPacketsToSend,0,,
General-10-20260516-23:14:20-3622,config,,,sim-time-limit,3d,,
General-10-20260516-23:14:20-3622,config,,,warmup-period,2h,,
General-10-20260516-23:14:20-3622,config,,,simtime-resolution,-11,,
General-10-20260516-23:14:20-3622,config,,,repeat,20,,
General-10-20260516-23:14:20-3622,config,,,**.loRaNodes[{0..1}].app[0].timeToFirstPacket,"uniform(0h, 1h)",,
General-10-20260516-23:14:20-3622,config,,,**.loRaNodes[{0..1}].app[0].timeToNextPacket,1h,,
General-10-20260516-23:14:20-3622,config,,,**.loRaNodes[{2..3}].app[0].timeToFirstPacket,exponential(24h),,
General-10-20260516-23:14:20-3622,config,,,**.loRaNodes[{2..3}].app[0].timeToNextPacket,exponential(24h),,
General-10-20260516-23:14:20-3622,config,,,**.loRaNodes[{4..5}].app[0].timeToFirstPacket,exponential(4h),,
General-10-20260516-23:14:20-3622,config,,,**.loRaNodes[{4..5}].app[0].timeToNextPacket,exponential(4h),,
General-10-20260516-23:14:20-3622,config,,,**.alohaChannelModel,false,,
General-10-20260516-23:14:20-3622,config,,,**.loRaNodes[*].**.initFromDisplayString,false,,
General-10-20260516-23:14:20-3622,config,,,**.loRaNodes[*].**.evaluateADRinNode,true,,
General-10-20260516-23:14:20-3622,config,,,**.loRaNodes[*].**initialLoRaBW,125 kHz,,
General-10-20260516-23:14:20-3622,config,,,**.loRaNodes[*].**initialLoRaCR,4,,
General-10-20260516-23:14:20-3622,config,,,**.loRaNodes[*].numApps,1,,
General-10-20260516-23:14:20-3622,config,,,**.loRaNodes[*].app[0].typename,SimpleLoRaApp,,
General-10-20260516-23:14:20-3622,config,,,**.LoRaGWNic.radio.iAmGateway,true,,
General-10-20260516-23:14:20-3622,config,,,**.loRaGW[*].**.initFromDisplayString,false,,
General-10-20260516-23:14:20-3622,config,,,**.loRaNodes[*].LoRaNic.radio.energyConsumer.typename,LoRaEnergyConsumer,,
General-10-20260516-23:14:20-3622,config,,,**.loRaNodes[*].**.energySourceModule,"""^.IdealEpEnergyStorage""",,
General-10-20260516-23:14:20-3622,config,,,**.loRaNodes[*].LoRaNic.radio.energyConsumer.configFile,"xmldoc(""../energyConsumptionParameters.xml"")",,
General-10-20260516-23:14:20-3622,config,,,**.sigma,3.57,,
General-10-20260516-23:14:20-3622,config,,,**.constraintAreaMinX,0m,,
General-10-20260516-23:14:20-3622,config,,,**.constraintAreaMinY,0m,,
General-10-20260516-23:14:20-3622,config,,,**.constraintAreaMinZ,0m,,
General-10-20260516-23:14:20-3622,config,,,**.constraintAreaMaxZ,0m,,
General-10-20260516-23:14:20-3622,config,,,LoRaNetworkTest.**.radio.separateTransmissionParts,false,,
General-10-20260516-23:14:20-3622,config,,,LoRaNetworkTest.**.radio.separateReceptionParts,false,,
General-10-20260516-23:14:20-3622,config,,,**.ipv4Delayer.config,"xmldoc(""../cloudDelays.xml"")",,
General-10-20260516-23:14:20-3622,config,,,**.radio.radioMediumModule,"""LoRaMedium""",,
General-10-20260516-23:14:20-3622,config,,,**.LoRaMedium.pathLossType,"""LoRaLogNormalShadowing""",,
General-10-20260516-23:14:20-3622,config,,,**.minInterferenceTime,0s,,
General-10-20260516-23:14:20-3622,config,,,**.displayAddresses,false,,
General-10-20260516-23:14:20-3622,config,,,**.numberOfNodes,6,,
General-10-20260516-23:14:20-3622,config,,,**.numberOfGateways,1,,
General-10-20260516-23:14:20-3622,config,,,**.constraintAreaMaxX,2376.0m,,
General-10-20260516-23:14:20-3622,config,,,**.constraintAreaMaxY,1090.0m,,
General-10-20260516-23:14:20-3622,config,,,**.loRaGW[0].**.initialX,544.00m,,
General-10-20260516-23:14:20-3622,config,,,**.loRaGW[0].**.initialY,544.00m,,
General-10-20260516-23:14:20-3622,config,,,output-scalar-file,../results/n100-gw1-s10.ini.sca,,
General-10-20260516-23:14:20-3622,config,,,**.loRaNodes[0..1].app[0].sendInterval,1h,,
General-10-20260516-23:14:20-3622,config,,,**.loRaNodes[0].**.initialX,510.63m,,
General-10-20260516-23:14:20-3622,config,,,**.loRaNodes[0].**.initialY,500.08m,,
General-10-20260516-23:14:20-3622,config,,,**.loRaNodes[1].**.initialX,470.29m,,
General-10-20260516-23:14:20-3622,config,,,**.loRaNodes[1].**.initialY,520.24m,,
General-10-20260516-23:14:20-3622,config,,,**.loRaNodes[2].**.initialX,500.60m,,
General-10-20260516-23:14:20-3622,config,,,**.loRaNodes[2].**.initialY,590.25m,,
General-10-20260516-23:14:20-3622,config,,,**.loRaNodes[3].**.initialX,535.86m,,
General-10-20260516-23:14:20-3622,config,,,**.loRaNodes[3].**.initialY,590.63m,,
General-10-20260516-23:14:20-3622,config,,,**.loRaNodes[2..3].app[0].sendInterval,exponential(8760h),,
General-10-20260516-23:14:20-3622,config,,,**.loRaNodes[4..5].app[0].sendInterval,exponential(4h),,
General-10-20260516-23:14:20-3622,config,,,**.loRaNodes[4].**.initialX,650.85m,,
General-10-20260516-23:14:20-3622,config,,,**.loRaNodes[4].**.initialY,510.11m,,
General-10-20260516-23:14:20-3622,config,,,**.loRaNodes[5].**.initialX,680.27m,,
General-10-20260516-23:14:20-3622,config,,,**.loRaNodes[5].**.initialY,520.84m,,
General-10-20260516-23:14:20-3622,config,,,**.loRaNodes[0].**initialLoRaSF,8,,
General-10-20260516-23:14:20-3622,config,,,**.loRaNodes[0].**initialLoRaTP,8dBm,,
General-10-20260516-23:14:20-3622,config,,,**.loRaNodes[1].**initialLoRaSF,9,,
General-10-20260516-23:14:20-3622,config,,,**.loRaNodes[1].**initialLoRaTP,8dBm,,
General-10-20260516-23:14:20-3622,config,,,**.loRaNodes[2].**initialLoRaSF,7,,
General-10-20260516-23:14:20-3622,config,,,**.loRaNodes[2].**initialLoRaTP,8dBm,,
General-10-20260516-23:14:20-3622,config,,,**.loRaNodes[3].**initialLoRaSF,7,,
General-10-20260516-23:14:20-3622,config,,,**.loRaNodes[3].**initialLoRaTP,2dBm,,
General-10-20260516-23:14:20-3622,config,,,**.loRaNodes[4].**initialLoRaSF,8,,
General-10-20260516-23:14:20-3622,config,,,**.loRaNodes[4].**initialLoRaTP,8dBm,,
General-10-20260516-23:14:20-3622,config,,,**.loRaNodes[5].**initialLoRaSF,7,,
General-10-20260516-23:14:20-3622,config,,,**.loRaNodes[5].**initialLoRaTP,2dBm,,
General-10-20260516-23:14:20-3622,config,,,**.vector-recording,false,,
General-10-20260516-23:14:20-3622,config,,,**.loRaGW[*].packetForwarder.highQueueLength.vector-recording,true,,
General-10-20260516-23:14:20-3622,config,,,**.loRaGW[*].packetForwarder.lowQueueLength.vector-recording,true,,
General-10-20260516-23:14:20-3622,config,,,**.networkServer.app[0].delaySignal.vector-recording,true,,
General-10-20260516-23:14:20-3622,config,,,**.loRaNodes[*].app[0].packetsSent:scalar,true,,
General-10-20260516-23:14:20-3622,config,,,**.networkServer.app[0].totalReceivedPackets:scalar,true,,
General-10-20260516-23:14:20-3622,config,,,**.loRaGW[*].**.packetDropRate:scalar,true,,
General-4-20260516-22:50:49-3580,runattr,,,configname,General,,
General-4-20260516-22:50:49-3580,runattr,,,datetime,20260516-22:50:49,,
General-4-20260516-22:50:49-3580,runattr,,,datetimef,20260516-225049,,
General-4-20260516-22:50:49-3580,runattr,,,experiment,General,,
General-4-20260516-22:50:49-3580,runattr,,,inifile,n100-gw1.ini,,
General-4-20260516-22:50:49-3580,runattr,,,iterationvars,"$0=""avg""",,
General-4-20260516-22:50:49-3580,runattr,,,iterationvarsd,avg,,
General-4-20260516-22:50:49-3580,runattr,,,iterationvarsf,avg-,,
General-4-20260516-22:50:49-3580,runattr,,,measurement,"$0=""avg""",,
General-4-20260516-22:50:49-3580,runattr,,,network,flora.simulations.LoRaNetworkTest,,
General-4-20260516-22:50:49-3580,runattr,,,processid,3580,,
General-4-20260516-22:50:49-3580,runattr,,,repetition,4,,
General-4-20260516-22:50:49-3580,runattr,,,replication,#4,,
General-4-20260516-22:50:49-3580,runattr,,,resultdir,results,,
General-4-20260516-22:50:49-3580,runattr,,,runnumber,4,,
General-4-20260516-22:50:49-3580,runattr,,,seedset,4,,
General-4-20260516-22:50:49-3580,config,,,image-path,../../../inet4.4/images,,
General-4-20260516-22:50:49-3580,config,,,network,flora.simulations.LoRaNetworkTest,,
General-4-20260516-22:50:49-3580,config,,,output-vector-file,../results/n100-gw1-s4.ini.vec,,
General-4-20260516-22:50:49-3580,config,,,**.maxTransmissionDuration,4s,,
General-4-20260516-22:50:49-3580,config,,,**.energyDetection,-110dBm,,
General-4-20260516-22:50:49-3580,config,,,**.vector-recording,true,,
General-4-20260516-22:50:49-3580,config,,,rng-class,cMersenneTwister,,
General-4-20260516-22:50:49-3580,config,,,**.loRaGW[*].numUdpApps,1,,
General-4-20260516-22:50:49-3580,config,,,**.loRaGW[0].packetForwarder.localPort,2000,,
General-4-20260516-22:50:49-3580,config,,,**.loRaGW[0].packetForwarder.destPort,1000,,
General-4-20260516-22:50:49-3580,config,,,**.loRaGW[0].packetForwarder.destAddresses,"""networkServer""",,
General-4-20260516-22:50:49-3580,config,,,**.loRaGW[0].packetForwarder.indexNumber,0,,
General-4-20260516-22:50:49-3580,config,,,**.networkServer.numApps,1,,
General-4-20260516-22:50:49-3580,config,,,**.networkServer.**.evaluateADRinServer,true,,
General-4-20260516-22:50:49-3580,config,,,**.networkServer.app[0].typename,NetworkServerApp,,
General-4-20260516-22:50:49-3580,config,,,**.networkServer.app[0].destAddresses,"""loRaGW[0]""",,
General-4-20260516-22:50:49-3580,config,,,**.networkServer.app[0].destPort,2000,,
General-4-20260516-22:50:49-3580,config,,,**.networkServer.app[0].localPort,1000,,
General-4-20260516-22:50:49-3580,config,,,**.networkServer.app[0].adrMethod,"""avg""",,
General-4-20260516-22:50:49-3580,config,,,**.numberOfPacketsToSend,0,,
General-4-20260516-22:50:49-3580,config,,,sim-time-limit,3d,,
General-4-20260516-22:50:49-3580,config,,,warmup-period,2h,,
General-4-20260516-22:50:49-3580,config,,,simtime-resolution,-11,,
General-4-20260516-22:50:49-3580,config,,,repeat,20,,
General-4-20260516-22:50:49-3580,config,,,**.loRaNodes[{0..1}].app[0].timeToFirstPacket,"uniform(0h, 1h)",,
General-4-20260516-22:50:49-3580,config,,,**.loRaNodes[{0..1}].app[0].timeToNextPacket,1h,,
General-4-20260516-22:50:49-3580,config,,,**.loRaNodes[{2..3}].app[0].timeToFirstPacket,exponential(24h),,
General-4-20260516-22:50:49-3580,config,,,**.loRaNodes[{2..3}].app[0].timeToNextPacket,exponential(24h),,
General-4-20260516-22:50:49-3580,config,,,**.loRaNodes[{4..5}].app[0].timeToFirstPacket,exponential(4h),,
General-4-20260516-22:50:49-3580,config,,,**.loRaNodes[{4..5}].app[0].timeToNextPacket,exponential(4h),,
General-4-20260516-22:50:49-3580,config,,,**.alohaChannelModel,false,,
General-4-20260516-22:50:49-3580,config,,,**.loRaNodes[*].**.initFromDisplayString,false,,
General-4-20260516-22:50:49-3580,config,,,**.loRaNodes[*].**.evaluateADRinNode,true,,
General-4-20260516-22:50:49-3580,config,,,**.loRaNodes[*].**initialLoRaBW,125 kHz,,
General-4-20260516-22:50:49-3580,config,,,**.loRaNodes[*].**initialLoRaCR,4,,
General-4-20260516-22:50:49-3580,config,,,**.loRaNodes[*].numApps,1,,
General-4-20260516-22:50:49-3580,config,,,**.loRaNodes[*].app[0].typename,SimpleLoRaApp,,
General-4-20260516-22:50:49-3580,config,,,**.LoRaGWNic.radio.iAmGateway,true,,
General-4-20260516-22:50:49-3580,config,,,**.loRaGW[*].**.initFromDisplayString,false,,
General-4-20260516-22:50:49-3580,config,,,**.loRaNodes[*].LoRaNic.radio.energyConsumer.typename,LoRaEnergyConsumer,,
General-4-20260516-22:50:49-3580,config,,,**.loRaNodes[*].**.energySourceModule,"""^.IdealEpEnergyStorage""",,
General-4-20260516-22:50:49-3580,config,,,**.loRaNodes[*].LoRaNic.radio.energyConsumer.configFile,"xmldoc(""../energyConsumptionParameters.xml"")",,
General-4-20260516-22:50:49-3580,config,,,**.sigma,3.57,,
General-4-20260516-22:50:49-3580,config,,,**.constraintAreaMinX,0m,,
General-4-20260516-22:50:49-3580,config,,,**.constraintAreaMinY,0m,,
General-4-20260516-22:50:49-3580,config,,,**.constraintAreaMinZ,0m,,
General-4-20260516-22:50:49-3580,config,,,**.constraintAreaMaxZ,0m,,
General-4-20260516-22:50:49-3580,config,,,LoRaNetworkTest.**.radio.separateTransmissionParts,false,,
General-4-20260516-22:50:49-3580,config,,,LoRaNetworkTest.**.radio.separateReceptionParts,false,,
General-4-20260516-22:50:49-3580,config,,,**.ipv4Delayer.config,"xmldoc(""../cloudDelays.xml"")",,
General-4-20260516-22:50:49-3580,config,,,**.radio.radioMediumModule,"""LoRaMedium""",,
General-4-20260516-22:50:49-3580,config,,,**.LoRaMedium.pathLossType,"""LoRaLogNormalShadowing""",,
General-4-20260516-22:50:49-3580,config,,,**.minInterferenceTime,0s,,
General-4-20260516-22:50:49-3580,config,,,**.displayAddresses,false,,
General-4-20260516-22:50:49-3580,config,,,**.numberOfNodes,6,,
General-4-20260516-22:50:49-3580,config,,,**.numberOfGateways,1,,
General-4-20260516-22:50:49-3580,config,,,**.constraintAreaMaxX,2376.0m,,
General-4-20260516-22:50:49-3580,config,,,**.constraintAreaMaxY,1090.0m,,
General-4-20260516-22:50:49-3580,config,,,**.loRaGW[0].**.initialX,544.00m,,
General-4-20260516-22:50:49-3580,config,,,**.loRaGW[0].**.initialY,544.00m,,
General-4-20260516-22:50:49-3580,config,,,output-scalar-file,../results/n100-gw1-s4.ini.sca,,
General-4-20260516-22:50:49-3580,config,,,**.loRaNodes[0..1].app[0].sendInterval,1h,,
General-4-20260516-22:50:49-3580,config,,,**.loRaNodes[0].**.initialX,510.63m,,
General-4-20260516-22:50:49-3580,config,,,**.loRaNodes[0].**.initialY,500.08m,,
General-4-20260516-22:50:49-3580,config,,,**.loRaNodes[1].**.initialX,470.29m,,
General-4-20260516-22:50:49-3580,config,,,**.loRaNodes[1].**.initialY,520.24m,,
General-4-20260516-22:50:49-3580,config,,,**.loRaNodes[2].**.initialX,500.60m,,
General-4-20260516-22:50:49-3580,config,,,**.loRaNodes[2].**.initialY,590.25m,,
General-4-20260516-22:50:49-3580,config,,,**.loRaNodes[3].**.initialX,535.86m,,
General-4-20260516-22:50:49-3580,config,,,**.loRaNodes[3].**.initialY,590.63m,,
General-4-20260516-22:50:49-3580,config,,,**.loRaNodes[2..3].app[0].sendInterval,exponential(8760h),,
General-4-20260516-22:50:49-3580,config,,,**.loRaNodes[4..5].app[0].sendInterval,exponential(4h),,
General-4-20260516-22:50:49-3580,config,,,**.loRaNodes[4].**.initialX,650.85m,,
General-4-20260516-22:50:49-3580,config,,,**.loRaNodes[4].**.initialY,510.11m,,
General-4-20260516-22:50:49-3580,config,,,**.loRaNodes[5].**.initialX,680.27m,,
General-4-20260516-22:50:49-3580,config,,,**.loRaNodes[5].**.initialY,520.84m,,
General-4-20260516-22:50:49-3580,config,,,**.loRaNodes[0].**initialLoRaSF,8,,
General-4-20260516-22:50:49-3580,config,,,**.loRaNodes[0].**initialLoRaTP,8dBm,,
General-4-20260516-22:50:49-3580,config,,,**.loRaNodes[1].**initialLoRaSF,9,,
General-4-20260516-22:50:49-3580,config,,,**.loRaNodes[1].**initialLoRaTP,8dBm,,
General-4-20260516-22:50:49-3580,config,,,**.loRaNodes[2].**initialLoRaSF,7,,
General-4-20260516-22:50:49-3580,config,,,**.loRaNodes[2].**initialLoRaTP,8dBm,,
General-4-20260516-22:50:49-3580,config,,,**.loRaNodes[3].**initialLoRaSF,7,,
General-4-20260516-22:50:49-3580,config,,,**.loRaNodes[3].**initialLoRaTP,2dBm,,
General-4-20260516-22:50:49-3580,config,,,**.loRaNodes[4].**initialLoRaSF,8,,
General-4-20260516-22:50:49-3580,config,,,**.loRaNodes[4].**initialLoRaTP,8dBm,,
General-4-20260516-22:50:49-3580,config,,,**.loRaNodes[5].**initialLoRaSF,7,,
General-4-20260516-22:50:49-3580,config,,,**.loRaNodes[5].**initialLoRaTP,2dBm,,
General-4-20260516-22:50:49-3580,config,,,**.vector-recording,false,,
General-4-20260516-22:50:49-3580,config,,,**.loRaGW[*].packetForwarder.highQueueLength.vector-recording,true,,
General-4-20260516-22:50:49-3580,config,,,**.loRaGW[*].packetForwarder.lowQueueLength.vector-recording,true,,
General-4-20260516-22:50:49-3580,config,,,**.networkServer.app[0].delaySignal.vector-recording,true,,
General-4-20260516-22:50:49-3580,config,,,**.loRaNodes[*].app[0].packetsSent:scalar,true,,
General-4-20260516-22:50:49-3580,config,,,**.networkServer.app[0].totalReceivedPackets:scalar,true,,
General-4-20260516-22:50:49-3580,config,,,**.loRaGW[*].**.packetDropRate:scalar,true,,
General-18-20260516-23:45:29-3691,runattr,,,configname,General,,
General-18-20260516-23:45:29-3691,runattr,,,datetime,20260516-23:45:29,,
General-18-20260516-23:45:29-3691,runattr,,,datetimef,20260516-234529,,
General-18-20260516-23:45:29-3691,runattr,,,experiment,General,,
General-18-20260516-23:45:29-3691,runattr,,,inifile,n100-gw1.ini,,
General-18-20260516-23:45:29-3691,runattr,,,iterationvars,"$0=""avg""",,
General-18-20260516-23:45:29-3691,runattr,,,iterationvarsd,avg,,
General-18-20260516-23:45:29-3691,runattr,,,iterationvarsf,avg-,,
General-18-20260516-23:45:29-3691,runattr,,,measurement,"$0=""avg""",,
General-18-20260516-23:45:29-3691,runattr,,,network,flora.simulations.LoRaNetworkTest,,
General-18-20260516-23:45:29-3691,runattr,,,processid,3691,,
General-18-20260516-23:45:29-3691,runattr,,,repetition,18,,
General-18-20260516-23:45:29-3691,runattr,,,replication,#18,,
General-18-20260516-23:45:29-3691,runattr,,,resultdir,results,,
General-18-20260516-23:45:29-3691,runattr,,,runnumber,18,,
General-18-20260516-23:45:29-3691,runattr,,,seedset,18,,
General-18-20260516-23:45:29-3691,config,,,image-path,../../../inet4.4/images,,
General-18-20260516-23:45:29-3691,config,,,network,flora.simulations.LoRaNetworkTest,,
General-18-20260516-23:45:29-3691,config,,,output-vector-file,../results/n100-gw1-s18.ini.vec,,
General-18-20260516-23:45:29-3691,config,,,**.maxTransmissionDuration,4s,,
General-18-20260516-23:45:29-3691,config,,,**.energyDetection,-110dBm,,
General-18-20260516-23:45:29-3691,config,,,**.vector-recording,true,,
General-18-20260516-23:45:29-3691,config,,,rng-class,cMersenneTwister,,
General-18-20260516-23:45:29-3691,config,,,**.loRaGW[*].numUdpApps,1,,
General-18-20260516-23:45:29-3691,config,,,**.loRaGW[0].packetForwarder.localPort,2000,,
General-18-20260516-23:45:29-3691,config,,,**.loRaGW[0].packetForwarder.destPort,1000,,
General-18-20260516-23:45:29-3691,config,,,**.loRaGW[0].packetForwarder.destAddresses,"""networkServer""",,
General-18-20260516-23:45:29-3691,config,,,**.loRaGW[0].packetForwarder.indexNumber,0,,
General-18-20260516-23:45:29-3691,config,,,**.networkServer.numApps,1,,
General-18-20260516-23:45:29-3691,config,,,**.networkServer.**.evaluateADRinServer,true,,
General-18-20260516-23:45:29-3691,config,,,**.networkServer.app[0].typename,NetworkServerApp,,
General-18-20260516-23:45:29-3691,config,,,**.networkServer.app[0].destAddresses,"""loRaGW[0]""",,
General-18-20260516-23:45:29-3691,config,,,**.networkServer.app[0].destPort,2000,,
General-18-20260516-23:45:29-3691,config,,,**.networkServer.app[0].localPort,1000,,
General-18-20260516-23:45:29-3691,config,,,**.networkServer.app[0].adrMethod,"""avg""",,
General-18-20260516-23:45:29-3691,config,,,**.numberOfPacketsToSend,0,,
General-18-20260516-23:45:29-3691,config,,,sim-time-limit,3d,,
General-18-20260516-23:45:29-3691,config,,,warmup-period,2h,,
General-18-20260516-23:45:29-3691,config,,,simtime-resolution,-11,,
General-18-20260516-23:45:29-3691,config,,,repeat,20,,
General-18-20260516-23:45:29-3691,config,,,**.loRaNodes[{0..1}].app[0].timeToFirstPacket,"uniform(0h, 1h)",,
General-18-20260516-23:45:29-3691,config,,,**.loRaNodes[{0..1}].app[0].timeToNextPacket,1h,,
General-18-20260516-23:45:29-3691,config,,,**.loRaNodes[{2..3}].app[0].timeToFirstPacket,exponential(24h),,
General-18-20260516-23:45:29-3691,config,,,**.loRaNodes[{2..3}].app[0].timeToNextPacket,exponential(24h),,
General-18-20260516-23:45:29-3691,config,,,**.loRaNodes[{4..5}].app[0].timeToFirstPacket,exponential(4h),,
General-18-20260516-23:45:29-3691,config,,,**.loRaNodes[{4..5}].app[0].timeToNextPacket,exponential(4h),,
General-18-20260516-23:45:29-3691,config,,,**.alohaChannelModel,false,,
General-18-20260516-23:45:29-3691,config,,,**.loRaNodes[*].**.initFromDisplayString,false,,
General-18-20260516-23:45:29-3691,config,,,**.loRaNodes[*].**.evaluateADRinNode,true,,
General-18-20260516-23:45:29-3691,config,,,**.loRaNodes[*].**initialLoRaBW,125 kHz,,
General-18-20260516-23:45:29-3691,config,,,**.loRaNodes[*].**initialLoRaCR,4,,
General-18-20260516-23:45:29-3691,config,,,**.loRaNodes[*].numApps,1,,
General-18-20260516-23:45:29-3691,config,,,**.loRaNodes[*].app[0].typename,SimpleLoRaApp,,
General-18-20260516-23:45:29-3691,config,,,**.LoRaGWNic.radio.iAmGateway,true,,
General-18-20260516-23:45:29-3691,config,,,**.loRaGW[*].**.initFromDisplayString,false,,
General-18-20260516-23:45:29-3691,config,,,**.loRaNodes[*].LoRaNic.radio.energyConsumer.typename,LoRaEnergyConsumer,,
General-18-20260516-23:45:29-3691,config,,,**.loRaNodes[*].**.energySourceModule,"""^.IdealEpEnergyStorage""",,
General-18-20260516-23:45:29-3691,config,,,**.loRaNodes[*].LoRaNic.radio.energyConsumer.configFile,"xmldoc(""../energyConsumptionParameters.xml"")",,
General-18-20260516-23:45:29-3691,config,,,**.sigma,3.57,,
General-18-20260516-23:45:29-3691,config,,,**.constraintAreaMinX,0m,,
General-18-20260516-23:45:29-3691,config,,,**.constraintAreaMinY,0m,,
General-18-20260516-23:45:29-3691,config,,,**.constraintAreaMinZ,0m,,
General-18-20260516-23:45:29-3691,config,,,**.constraintAreaMaxZ,0m,,
General-18-20260516-23:45:29-3691,config,,,LoRaNetworkTest.**.radio.separateTransmissionParts,false,,
General-18-20260516-23:45:29-3691,config,,,LoRaNetworkTest.**.radio.separateReceptionParts,false,,
General-18-20260516-23:45:29-3691,config,,,**.ipv4Delayer.config,"xmldoc(""../cloudDelays.xml"")",,
General-18-20260516-23:45:29-3691,config,,,**.radio.radioMediumModule,"""LoRaMedium""",,
General-18-20260516-23:45:29-3691,config,,,**.LoRaMedium.pathLossType,"""LoRaLogNormalShadowing""",,
General-18-20260516-23:45:29-3691,config,,,**.minInterferenceTime,0s,,
General-18-20260516-23:45:29-3691,config,,,**.displayAddresses,false,,
General-18-20260516-23:45:29-3691,config,,,**.numberOfNodes,6,,
General-18-20260516-23:45:29-3691,config,,,**.numberOfGateways,1,,
General-18-20260516-23:45:29-3691,config,,,**.constraintAreaMaxX,2376.0m,,
General-18-20260516-23:45:29-3691,config,,,**.constraintAreaMaxY,1090.0m,,
General-18-20260516-23:45:29-3691,config,,,**.loRaGW[0].**.initialX,544.00m,,
General-18-20260516-23:45:29-3691,config,,,**.loRaGW[0].**.initialY,544.00m,,
General-18-20260516-23:45:29-3691,config,,,output-scalar-file,../results/n100-gw1-s18.ini.sca,,
General-18-20260516-23:45:29-3691,config,,,**.loRaNodes[0..1].app[0].sendInterval,1h,,
General-18-20260516-23:45:29-3691,config,,,**.loRaNodes[0].**.initialX,510.63m,,
General-18-20260516-23:45:29-3691,config,,,**.loRaNodes[0].**.initialY,500.08m,,
General-18-20260516-23:45:29-3691,config,,,**.loRaNodes[1].**.initialX,470.29m,,
General-18-20260516-23:45:29-3691,config,,,**.loRaNodes[1].**.initialY,520.24m,,
General-18-20260516-23:45:29-3691,config,,,**.loRaNodes[2].**.initialX,500.60m,,
General-18-20260516-23:45:29-3691,config,,,**.loRaNodes[2].**.initialY,590.25m,,
General-18-20260516-23:45:29-3691,config,,,**.loRaNodes[3].**.initialX,535.86m,,
General-18-20260516-23:45:29-3691,config,,,**.loRaNodes[3].**.initialY,590.63m,,
General-18-20260516-23:45:29-3691,config,,,**.loRaNodes[2..3].app[0].sendInterval,exponential(8760h),,
General-18-20260516-23:45:29-3691,config,,,**.loRaNodes[4..5].app[0].sendInterval,exponential(4h),,
General-18-20260516-23:45:29-3691,config,,,**.loRaNodes[4].**.initialX,650.85m,,
General-18-20260516-23:45:29-3691,config,,,**.loRaNodes[4].**.initialY,510.11m,,
General-18-20260516-23:45:29-3691,config,,,**.loRaNodes[5].**.initialX,680.27m,,
General-18-20260516-23:45:29-3691,config,,,**.loRaNodes[5].**.initialY,520.84m,,
General-18-20260516-23:45:29-3691,config,,,**.loRaNodes[0].**initialLoRaSF,8,,
General-18-20260516-23:45:29-3691,config,,,**.loRaNodes[0].**initialLoRaTP,8dBm,,
General-18-20260516-23:45:29-3691,config,,,**.loRaNodes[1].**initialLoRaSF,9,,
General-18-20260516-23:45:29-3691,config,,,**.loRaNodes[1].**initialLoRaTP,8dBm,,
General-18-20260516-23:45:29-3691,config,,,**.loRaNodes[2].**initialLoRaSF,7,,
General-18-20260516-23:45:29-3691,config,,,**.loRaNodes[2].**initialLoRaTP,8dBm,,
General-18-20260516-23:45:29-3691,config,,,**.loRaNodes[3].**initialLoRaSF,7,,
General-18-20260516-23:45:29-3691,config,,,**.loRaNodes[3].**initialLoRaTP,2dBm,,
General-18-20260516-23:45:29-3691,config,,,**.loRaNodes[4].**initialLoRaSF,8,,
General-18-20260516-23:45:29-3691,config,,,**.loRaNodes[4].**initialLoRaTP,8dBm,,
General-18-20260516-23:45:29-3691,config,,,**.loRaNodes[5].**initialLoRaSF,7,,
General-18-20260516-23:45:29-3691,config,,,**.loRaNodes[5].**initialLoRaTP,2dBm,,
General-18-20260516-23:45:29-3691,config,,,**.vector-recording,false,,
General-18-20260516-23:45:29-3691,config,,,**.loRaGW[*].packetForwarder.highQueueLength.vector-recording,true,,
General-18-20260516-23:45:29-3691,config,,,**.loRaGW[*].packetForwarder.lowQueueLength.vector-recording,true,,
General-18-20260516-23:45:29-3691,config,,,**.networkServer.app[0].delaySignal.vector-recording,true,,
General-18-20260516-23:45:29-3691,config,,,**.loRaNodes[*].app[0].packetsSent:scalar,true,,
General-18-20260516-23:45:29-3691,config,,,**.networkServer.app[0].totalReceivedPackets:scalar,true,,
General-18-20260516-23:45:29-3691,config,,,**.loRaGW[*].**.packetDropRate:scalar,true,,
General-9-20260516-23:10:21-3615,runattr,,,configname,General,,
General-9-20260516-23:10:21-3615,runattr,,,datetime,20260516-23:10:21,,
General-9-20260516-23:10:21-3615,runattr,,,datetimef,20260516-231021,,
General-9-20260516-23:10:21-3615,runattr,,,experiment,General,,
General-9-20260516-23:10:21-3615,runattr,,,inifile,n100-gw1.ini,,
General-9-20260516-23:10:21-3615,runattr,,,iterationvars,"$0=""avg""",,
General-9-20260516-23:10:21-3615,runattr,,,iterationvarsd,avg,,
General-9-20260516-23:10:21-3615,runattr,,,iterationvarsf,avg-,,
General-9-20260516-23:10:21-3615,runattr,,,measurement,"$0=""avg""",,
General-9-20260516-23:10:21-3615,runattr,,,network,flora.simulations.LoRaNetworkTest,,
General-9-20260516-23:10:21-3615,runattr,,,processid,3615,,
General-9-20260516-23:10:21-3615,runattr,,,repetition,9,,
General-9-20260516-23:10:21-3615,runattr,,,replication,#9,,
General-9-20260516-23:10:21-3615,runattr,,,resultdir,results,,
General-9-20260516-23:10:21-3615,runattr,,,runnumber,9,,
General-9-20260516-23:10:21-3615,runattr,,,seedset,9,,
General-9-20260516-23:10:21-3615,config,,,image-path,../../../inet4.4/images,,
General-9-20260516-23:10:21-3615,config,,,network,flora.simulations.LoRaNetworkTest,,
General-9-20260516-23:10:21-3615,config,,,output-vector-file,../results/n100-gw1-s9.ini.vec,,
General-9-20260516-23:10:21-3615,config,,,**.maxTransmissionDuration,4s,,
General-9-20260516-23:10:21-3615,config,,,**.energyDetection,-110dBm,,
General-9-20260516-23:10:21-3615,config,,,**.vector-recording,true,,
General-9-20260516-23:10:21-3615,config,,,rng-class,cMersenneTwister,,
General-9-20260516-23:10:21-3615,config,,,**.loRaGW[*].numUdpApps,1,,
General-9-20260516-23:10:21-3615,config,,,**.loRaGW[0].packetForwarder.localPort,2000,,
General-9-20260516-23:10:21-3615,config,,,**.loRaGW[0].packetForwarder.destPort,1000,,
General-9-20260516-23:10:21-3615,config,,,**.loRaGW[0].packetForwarder.destAddresses,"""networkServer""",,
General-9-20260516-23:10:21-3615,config,,,**.loRaGW[0].packetForwarder.indexNumber,0,,
General-9-20260516-23:10:21-3615,config,,,**.networkServer.numApps,1,,
General-9-20260516-23:10:21-3615,config,,,**.networkServer.**.evaluateADRinServer,true,,
General-9-20260516-23:10:21-3615,config,,,**.networkServer.app[0].typename,NetworkServerApp,,
General-9-20260516-23:10:21-3615,config,,,**.networkServer.app[0].destAddresses,"""loRaGW[0]""",,
General-9-20260516-23:10:21-3615,config,,,**.networkServer.app[0].destPort,2000,,
General-9-20260516-23:10:21-3615,config,,,**.networkServer.app[0].localPort,1000,,
General-9-20260516-23:10:21-3615,config,,,**.networkServer.app[0].adrMethod,"""avg""",,
General-9-20260516-23:10:21-3615,config,,,**.numberOfPacketsToSend,0,,
General-9-20260516-23:10:21-3615,config,,,sim-time-limit,3d,,
General-9-20260516-23:10:21-3615,config,,,warmup-period,2h,,
General-9-20260516-23:10:21-3615,config,,,simtime-resolution,-11,,
General-9-20260516-23:10:21-3615,config,,,repeat,20,,
General-9-20260516-23:10:21-3615,config,,,**.loRaNodes[{0..1}].app[0].timeToFirstPacket,"uniform(0h, 1h)",,
General-9-20260516-23:10:21-3615,config,,,**.loRaNodes[{0..1}].app[0].timeToNextPacket,1h,,
General-9-20260516-23:10:21-3615,config,,,**.loRaNodes[{2..3}].app[0].timeToFirstPacket,exponential(24h),,
General-9-20260516-23:10:21-3615,config,,,**.loRaNodes[{2..3}].app[0].timeToNextPacket,exponential(24h),,
General-9-20260516-23:10:21-3615,config,,,**.loRaNodes[{4..5}].app[0].timeToFirstPacket,exponential(4h),,
General-9-20260516-23:10:21-3615,config,,,**.loRaNodes[{4..5}].app[0].timeToNextPacket,exponential(4h),,
General-9-20260516-23:10:21-3615,config,,,**.alohaChannelModel,false,,
General-9-20260516-23:10:21-3615,config,,,**.loRaNodes[*].**.initFromDisplayString,false,,
General-9-20260516-23:10:21-3615,config,,,**.loRaNodes[*].**.evaluateADRinNode,true,,
General-9-20260516-23:10:21-3615,config,,,**.loRaNodes[*].**initialLoRaBW,125 kHz,,
General-9-20260516-23:10:21-3615,config,,,**.loRaNodes[*].**initialLoRaCR,4,,
General-9-20260516-23:10:21-3615,config,,,**.loRaNodes[*].numApps,1,,
General-9-20260516-23:10:21-3615,config,,,**.loRaNodes[*].app[0].typename,SimpleLoRaApp,,
General-9-20260516-23:10:21-3615,config,,,**.LoRaGWNic.radio.iAmGateway,true,,
General-9-20260516-23:10:21-3615,config,,,**.loRaGW[*].**.initFromDisplayString,false,,
General-9-20260516-23:10:21-3615,config,,,**.loRaNodes[*].LoRaNic.radio.energyConsumer.typename,LoRaEnergyConsumer,,
General-9-20260516-23:10:21-3615,config,,,**.loRaNodes[*].**.energySourceModule,"""^.IdealEpEnergyStorage""",,
General-9-20260516-23:10:21-3615,config,,,**.loRaNodes[*].LoRaNic.radio.energyConsumer.configFile,"xmldoc(""../energyConsumptionParameters.xml"")",,
General-9-20260516-23:10:21-3615,config,,,**.sigma,3.57,,
General-9-20260516-23:10:21-3615,config,,,**.constraintAreaMinX,0m,,
General-9-20260516-23:10:21-3615,config,,,**.constraintAreaMinY,0m,,
General-9-20260516-23:10:21-3615,config,,,**.constraintAreaMinZ,0m,,
General-9-20260516-23:10:21-3615,config,,,**.constraintAreaMaxZ,0m,,
General-9-20260516-23:10:21-3615,config,,,LoRaNetworkTest.**.radio.separateTransmissionParts,false,,
General-9-20260516-23:10:21-3615,config,,,LoRaNetworkTest.**.radio.separateReceptionParts,false,,
General-9-20260516-23:10:21-3615,config,,,**.ipv4Delayer.config,"xmldoc(""../cloudDelays.xml"")",,
General-9-20260516-23:10:21-3615,config,,,**.radio.radioMediumModule,"""LoRaMedium""",,
General-9-20260516-23:10:21-3615,config,,,**.LoRaMedium.pathLossType,"""LoRaLogNormalShadowing""",,
General-9-20260516-23:10:21-3615,config,,,**.minInterferenceTime,0s,,
General-9-20260516-23:10:21-3615,config,,,**.displayAddresses,false,,
General-9-20260516-23:10:21-3615,config,,,**.numberOfNodes,6,,
General-9-20260516-23:10:21-3615,config,,,**.numberOfGateways,1,,
General-9-20260516-23:10:21-3615,config,,,**.constraintAreaMaxX,2376.0m,,
General-9-20260516-23:10:21-3615,config,,,**.constraintAreaMaxY,1090.0m,,
General-9-20260516-23:10:21-3615,config,,,**.loRaGW[0].**.initialX,544.00m,,
General-9-20260516-23:10:21-3615,config,,,**.loRaGW[0].**.initialY,544.00m,,
General-9-20260516-23:10:21-3615,config,,,output-scalar-file,../results/n100-gw1-s9.ini.sca,,
General-9-20260516-23:10:21-3615,config,,,**.loRaNodes[0..1].app[0].sendInterval,1h,,
General-9-20260516-23:10:21-3615,config,,,**.loRaNodes[0].**.initialX,510.63m,,
General-9-20260516-23:10:21-3615,config,,,**.loRaNodes[0].**.initialY,500.08m,,
General-9-20260516-23:10:21-3615,config,,,**.loRaNodes[1].**.initialX,470.29m,,
General-9-20260516-23:10:21-3615,config,,,**.loRaNodes[1].**.initialY,520.24m,,
General-9-20260516-23:10:21-3615,config,,,**.loRaNodes[2].**.initialX,500.60m,,
General-9-20260516-23:10:21-3615,config,,,**.loRaNodes[2].**.initialY,590.25m,,
General-9-20260516-23:10:21-3615,config,,,**.loRaNodes[3].**.initialX,535.86m,,
General-9-20260516-23:10:21-3615,config,,,**.loRaNodes[3].**.initialY,590.63m,,
General-9-20260516-23:10:21-3615,config,,,**.loRaNodes[2..3].app[0].sendInterval,exponential(8760h),,
General-9-20260516-23:10:21-3615,config,,,**.loRaNodes[4..5].app[0].sendInterval,exponential(4h),,
General-9-20260516-23:10:21-3615,config,,,**.loRaNodes[4].**.initialX,650.85m,,
General-9-20260516-23:10:21-3615,config,,,**.loRaNodes[4].**.initialY,510.11m,,
General-9-20260516-23:10:21-3615,config,,,**.loRaNodes[5].**.initialX,680.27m,,
General-9-20260516-23:10:21-3615,config,,,**.loRaNodes[5].**.initialY,520.84m,,
General-9-20260516-23:10:21-3615,config,,,**.loRaNodes[0].**initialLoRaSF,8,,
General-9-20260516-23:10:21-3615,config,,,**.loRaNodes[0].**initialLoRaTP,8dBm,,
General-9-20260516-23:10:21-3615,config,,,**.loRaNodes[1].**initialLoRaSF,9,,
General-9-20260516-23:10:21-3615,config,,,**.loRaNodes[1].**initialLoRaTP,8dBm,,
General-9-20260516-23:10:21-3615,config,,,**.loRaNodes[2].**initialLoRaSF,7,,
General-9-20260516-23:10:21-3615,config,,,**.loRaNodes[2].**initialLoRaTP,8dBm,,
General-9-20260516-23:10:21-3615,config,,,**.loRaNodes[3].**initialLoRaSF,7,,
General-9-20260516-23:10:21-3615,config,,,**.loRaNodes[3].**initialLoRaTP,2dBm,,
General-9-20260516-23:10:21-3615,config,,,**.loRaNodes[4].**initialLoRaSF,8,,
General-9-20260516-23:10:21-3615,config,,,**.loRaNodes[4].**initialLoRaTP,8dBm,,
General-9-20260516-23:10:21-3615,config,,,**.loRaNodes[5].**initialLoRaSF,7,,
General-9-20260516-23:10:21-3615,config,,,**.loRaNodes[5].**initialLoRaTP,2dBm,,
General-9-20260516-23:10:21-3615,config,,,**.vector-recording,false,,
General-9-20260516-23:10:21-3615,config,,,**.loRaGW[*].packetForwarder.highQueueLength.vector-recording,true,,
General-9-20260516-23:10:21-3615,config,,,**.loRaGW[*].packetForwarder.lowQueueLength.vector-recording,true,,
General-9-20260516-23:10:21-3615,config,,,**.networkServer.app[0].delaySignal.vector-recording,true,,
General-9-20260516-23:10:21-3615,config,,,**.loRaNodes[*].app[0].packetsSent:scalar,true,,
General-9-20260516-23:10:21-3615,config,,,**.networkServer.app[0].totalReceivedPackets:scalar,true,,
General-9-20260516-23:10:21-3615,config,,,**.loRaGW[*].**.packetDropRate:scalar,true,,
General-15-20260516-23:33:57-3673,runattr,,,configname,General,,
General-15-20260516-23:33:57-3673,runattr,,,datetime,20260516-23:33:57,,
General-15-20260516-23:33:57-3673,runattr,,,datetimef,20260516-233357,,
General-15-20260516-23:33:57-3673,runattr,,,experiment,General,,
General-15-20260516-23:33:57-3673,runattr,,,inifile,n100-gw1.ini,,
General-15-20260516-23:33:57-3673,runattr,,,iterationvars,"$0=""avg""",,
General-15-20260516-23:33:57-3673,runattr,,,iterationvarsd,avg,,
General-15-20260516-23:33:57-3673,runattr,,,iterationvarsf,avg-,,
General-15-20260516-23:33:57-3673,runattr,,,measurement,"$0=""avg""",,
General-15-20260516-23:33:57-3673,runattr,,,network,flora.simulations.LoRaNetworkTest,,
General-15-20260516-23:33:57-3673,runattr,,,processid,3673,,
General-15-20260516-23:33:57-3673,runattr,,,repetition,15,,
General-15-20260516-23:33:57-3673,runattr,,,replication,#15,,
General-15-20260516-23:33:57-3673,runattr,,,resultdir,results,,
General-15-20260516-23:33:57-3673,runattr,,,runnumber,15,,
General-15-20260516-23:33:57-3673,runattr,,,seedset,15,,
General-15-20260516-23:33:57-3673,config,,,image-path,../../../inet4.4/images,,
General-15-20260516-23:33:57-3673,config,,,network,flora.simulations.LoRaNetworkTest,,
General-15-20260516-23:33:57-3673,config,,,output-vector-file,../results/n100-gw1-s15.ini.vec,,
General-15-20260516-23:33:57-3673,config,,,**.maxTransmissionDuration,4s,,
General-15-20260516-23:33:57-3673,config,,,**.energyDetection,-110dBm,,
General-15-20260516-23:33:57-3673,config,,,**.vector-recording,true,,
General-15-20260516-23:33:57-3673,config,,,rng-class,cMersenneTwister,,
General-15-20260516-23:33:57-3673,config,,,**.loRaGW[*].numUdpApps,1,,
General-15-20260516-23:33:57-3673,config,,,**.loRaGW[0].packetForwarder.localPort,2000,,
General-15-20260516-23:33:57-3673,config,,,**.loRaGW[0].packetForwarder.destPort,1000,,
General-15-20260516-23:33:57-3673,config,,,**.loRaGW[0].packetForwarder.destAddresses,"""networkServer""",,
General-15-20260516-23:33:57-3673,config,,,**.loRaGW[0].packetForwarder.indexNumber,0,,
General-15-20260516-23:33:57-3673,config,,,**.networkServer.numApps,1,,
General-15-20260516-23:33:57-3673,config,,,**.networkServer.**.evaluateADRinServer,true,,
General-15-20260516-23:33:57-3673,config,,,**.networkServer.app[0].typename,NetworkServerApp,,
General-15-20260516-23:33:57-3673,config,,,**.networkServer.app[0].destAddresses,"""loRaGW[0]""",,
General-15-20260516-23:33:57-3673,config,,,**.networkServer.app[0].destPort,2000,,
General-15-20260516-23:33:57-3673,config,,,**.networkServer.app[0].localPort,1000,,
General-15-20260516-23:33:57-3673,config,,,**.networkServer.app[0].adrMethod,"""avg""",,
General-15-20260516-23:33:57-3673,config,,,**.numberOfPacketsToSend,0,,
General-15-20260516-23:33:57-3673,config,,,sim-time-limit,3d,,
General-15-20260516-23:33:57-3673,config,,,warmup-period,2h,,
General-15-20260516-23:33:57-3673,config,,,simtime-resolution,-11,,
General-15-20260516-23:33:57-3673,config,,,repeat,20,,
General-15-20260516-23:33:57-3673,config,,,**.loRaNodes[{0..1}].app[0].timeToFirstPacket,"uniform(0h, 1h)",,
General-15-20260516-23:33:57-3673,config,,,**.loRaNodes[{0..1}].app[0].timeToNextPacket,1h,,
General-15-20260516-23:33:57-3673,config,,,**.loRaNodes[{2..3}].app[0].timeToFirstPacket,exponential(24h),,
General-15-20260516-23:33:57-3673,config,,,**.loRaNodes[{2..3}].app[0].timeToNextPacket,exponential(24h),,
General-15-20260516-23:33:57-3673,config,,,**.loRaNodes[{4..5}].app[0].timeToFirstPacket,exponential(4h),,
General-15-20260516-23:33:57-3673,config,,,**.loRaNodes[{4..5}].app[0].timeToNextPacket,exponential(4h),,
General-15-20260516-23:33:57-3673,config,,,**.alohaChannelModel,false,,
General-15-20260516-23:33:57-3673,config,,,**.loRaNodes[*].**.initFromDisplayString,false,,
General-15-20260516-23:33:57-3673,config,,,**.loRaNodes[*].**.evaluateADRinNode,true,,
General-15-20260516-23:33:57-3673,config,,,**.loRaNodes[*].**initialLoRaBW,125 kHz,,
General-15-20260516-23:33:57-3673,config,,,**.loRaNodes[*].**initialLoRaCR,4,,
General-15-20260516-23:33:57-3673,config,,,**.loRaNodes[*].numApps,1,,
General-15-20260516-23:33:57-3673,config,,,**.loRaNodes[*].app[0].typename,SimpleLoRaApp,,
General-15-20260516-23:33:57-3673,config,,,**.LoRaGWNic.radio.iAmGateway,true,,
General-15-20260516-23:33:57-3673,config,,,**.loRaGW[*].**.initFromDisplayString,false,,
General-15-20260516-23:33:57-3673,config,,,**.loRaNodes[*].LoRaNic.radio.energyConsumer.typename,LoRaEnergyConsumer,,
General-15-20260516-23:33:57-3673,config,,,**.loRaNodes[*].**.energySourceModule,"""^.IdealEpEnergyStorage""",,
General-15-20260516-23:33:57-3673,config,,,**.loRaNodes[*].LoRaNic.radio.energyConsumer.configFile,"xmldoc(""../energyConsumptionParameters.xml"")",,
General-15-20260516-23:33:57-3673,config,,,**.sigma,3.57,,
General-15-20260516-23:33:57-3673,config,,,**.constraintAreaMinX,0m,,
General-15-20260516-23:33:57-3673,config,,,**.constraintAreaMinY,0m,,
General-15-20260516-23:33:57-3673,config,,,**.constraintAreaMinZ,0m,,
General-15-20260516-23:33:57-3673,config,,,**.constraintAreaMaxZ,0m,,
General-15-20260516-23:33:57-3673,config,,,LoRaNetworkTest.**.radio.separateTransmissionParts,false,,
General-15-20260516-23:33:57-3673,config,,,LoRaNetworkTest.**.radio.separateReceptionParts,false,,
General-15-20260516-23:33:57-3673,config,,,**.ipv4Delayer.config,"xmldoc(""../cloudDelays.xml"")",,
General-15-20260516-23:33:57-3673,config,,,**.radio.radioMediumModule,"""LoRaMedium""",,
General-15-20260516-23:33:57-3673,config,,,**.LoRaMedium.pathLossType,"""LoRaLogNormalShadowing""",,
General-15-20260516-23:33:57-3673,config,,,**.minInterferenceTime,0s,,
General-15-20260516-23:33:57-3673,config,,,**.displayAddresses,false,,
General-15-20260516-23:33:57-3673,config,,,**.numberOfNodes,6,,
General-15-20260516-23:33:57-3673,config,,,**.numberOfGateways,1,,
General-15-20260516-23:33:57-3673,config,,,**.constraintAreaMaxX,2376.0m,,
General-15-20260516-23:33:57-3673,config,,,**.constraintAreaMaxY,1090.0m,,
General-15-20260516-23:33:57-3673,config,,,**.loRaGW[0].**.initialX,544.00m,,
General-15-20260516-23:33:57-3673,config,,,**.loRaGW[0].**.initialY,544.00m,,
General-15-20260516-23:33:57-3673,config,,,output-scalar-file,../results/n100-gw1-s15.ini.sca,,
General-15-20260516-23:33:57-3673,config,,,**.loRaNodes[0..1].app[0].sendInterval,1h,,
General-15-20260516-23:33:57-3673,config,,,**.loRaNodes[0].**.initialX,510.63m,,
General-15-20260516-23:33:57-3673,config,,,**.loRaNodes[0].**.initialY,500.08m,,
General-15-20260516-23:33:57-3673,config,,,**.loRaNodes[1].**.initialX,470.29m,,
General-15-20260516-23:33:57-3673,config,,,**.loRaNodes[1].**.initialY,520.24m,,
General-15-20260516-23:33:57-3673,config,,,**.loRaNodes[2].**.initialX,500.60m,,
General-15-20260516-23:33:57-3673,config,,,**.loRaNodes[2].**.initialY,590.25m,,
General-15-20260516-23:33:57-3673,config,,,**.loRaNodes[3].**.initialX,535.86m,,
General-15-20260516-23:33:57-3673,config,,,**.loRaNodes[3].**.initialY,590.63m,,
General-15-20260516-23:33:57-3673,config,,,**.loRaNodes[2..3].app[0].sendInterval,exponential(8760h),,
General-15-20260516-23:33:57-3673,config,,,**.loRaNodes[4..5].app[0].sendInterval,exponential(4h),,
General-15-20260516-23:33:57-3673,config,,,**.loRaNodes[4].**.initialX,650.85m,,
General-15-20260516-23:33:57-3673,config,,,**.loRaNodes[4].**.initialY,510.11m,,
General-15-20260516-23:33:57-3673,config,,,**.loRaNodes[5].**.initialX,680.27m,,
General-15-20260516-23:33:57-3673,config,,,**.loRaNodes[5].**.initialY,520.84m,,
General-15-20260516-23:33:57-3673,config,,,**.loRaNodes[0].**initialLoRaSF,8,,
General-15-20260516-23:33:57-3673,config,,,**.loRaNodes[0].**initialLoRaTP,8dBm,,
General-15-20260516-23:33:57-3673,config,,,**.loRaNodes[1].**initialLoRaSF,9,,
General-15-20260516-23:33:57-3673,config,,,**.loRaNodes[1].**initialLoRaTP,8dBm,,
General-15-20260516-23:33:57-3673,config,,,**.loRaNodes[2].**initialLoRaSF,7,,
General-15-20260516-23:33:57-3673,config,,,**.loRaNodes[2].**initialLoRaTP,8dBm,,
General-15-20260516-23:33:57-3673,config,,,**.loRaNodes[3].**initialLoRaSF,7,,
General-15-20260516-23:33:57-3673,config,,,**.loRaNodes[3].**initialLoRaTP,2dBm,,
General-15-20260516-23:33:57-3673,config,,,**.loRaNodes[4].**initialLoRaSF,8,,
General-15-20260516-23:33:57-3673,config,,,**.loRaNodes[4].**initialLoRaTP,8dBm,,
General-15-20260516-23:33:57-3673,config,,,**.loRaNodes[5].**initialLoRaSF,7,,
General-15-20260516-23:33:57-3673,config,,,**.loRaNodes[5].**initialLoRaTP,2dBm,,
General-15-20260516-23:33:57-3673,config,,,**.vector-recording,false,,
General-15-20260516-23:33:57-3673,config,,,**.loRaGW[*].packetForwarder.highQueueLength.vector-recording,true,,
General-15-20260516-23:33:57-3673,config,,,**.loRaGW[*].packetForwarder.lowQueueLength.vector-recording,true,,
General-15-20260516-23:33:57-3673,config,,,**.networkServer.app[0].delaySignal.vector-recording,true,,
General-15-20260516-23:33:57-3673,config,,,**.loRaNodes[*].app[0].packetsSent:scalar,true,,
General-15-20260516-23:33:57-3673,config,,,**.networkServer.app[0].totalReceivedPackets:scalar,true,,
General-15-20260516-23:33:57-3673,config,,,**.loRaGW[*].**.packetDropRate:scalar,true,,
General-17-20260516-23:41:35-3686,runattr,,,configname,General,,
General-17-20260516-23:41:35-3686,runattr,,,datetime,20260516-23:41:35,,
General-17-20260516-23:41:35-3686,runattr,,,datetimef,20260516-234135,,
General-17-20260516-23:41:35-3686,runattr,,,experiment,General,,
General-17-20260516-23:41:35-3686,runattr,,,inifile,n100-gw1.ini,,
General-17-20260516-23:41:35-3686,runattr,,,iterationvars,"$0=""avg""",,
General-17-20260516-23:41:35-3686,runattr,,,iterationvarsd,avg,,
General-17-20260516-23:41:35-3686,runattr,,,iterationvarsf,avg-,,
General-17-20260516-23:41:35-3686,runattr,,,measurement,"$0=""avg""",,
General-17-20260516-23:41:35-3686,runattr,,,network,flora.simulations.LoRaNetworkTest,,
General-17-20260516-23:41:35-3686,runattr,,,processid,3686,,
General-17-20260516-23:41:35-3686,runattr,,,repetition,17,,
General-17-20260516-23:41:35-3686,runattr,,,replication,#17,,
General-17-20260516-23:41:35-3686,runattr,,,resultdir,results,,
General-17-20260516-23:41:35-3686,runattr,,,runnumber,17,,
General-17-20260516-23:41:35-3686,runattr,,,seedset,17,,
General-17-20260516-23:41:35-3686,config,,,image-path,../../../inet4.4/images,,
General-17-20260516-23:41:35-3686,config,,,network,flora.simulations.LoRaNetworkTest,,
General-17-20260516-23:41:35-3686,config,,,output-vector-file,../results/n100-gw1-s17.ini.vec,,
General-17-20260516-23:41:35-3686,config,,,**.maxTransmissionDuration,4s,,
General-17-20260516-23:41:35-3686,config,,,**.energyDetection,-110dBm,,
General-17-20260516-23:41:35-3686,config,,,**.vector-recording,true,,
General-17-20260516-23:41:35-3686,config,,,rng-class,cMersenneTwister,,
General-17-20260516-23:41:35-3686,config,,,**.loRaGW[*].numUdpApps,1,,
General-17-20260516-23:41:35-3686,config,,,**.loRaGW[0].packetForwarder.localPort,2000,,
General-17-20260516-23:41:35-3686,config,,,**.loRaGW[0].packetForwarder.destPort,1000,,
General-17-20260516-23:41:35-3686,config,,,**.loRaGW[0].packetForwarder.destAddresses,"""networkServer""",,
General-17-20260516-23:41:35-3686,config,,,**.loRaGW[0].packetForwarder.indexNumber,0,,
General-17-20260516-23:41:35-3686,config,,,**.networkServer.numApps,1,,
General-17-20260516-23:41:35-3686,config,,,**.networkServer.**.evaluateADRinServer,true,,
General-17-20260516-23:41:35-3686,config,,,**.networkServer.app[0].typename,NetworkServerApp,,
General-17-20260516-23:41:35-3686,config,,,**.networkServer.app[0].destAddresses,"""loRaGW[0]""",,
General-17-20260516-23:41:35-3686,config,,,**.networkServer.app[0].destPort,2000,,
General-17-20260516-23:41:35-3686,config,,,**.networkServer.app[0].localPort,1000,,
General-17-20260516-23:41:35-3686,config,,,**.networkServer.app[0].adrMethod,"""avg""",,
General-17-20260516-23:41:35-3686,config,,,**.numberOfPacketsToSend,0,,
General-17-20260516-23:41:35-3686,config,,,sim-time-limit,3d,,
General-17-20260516-23:41:35-3686,config,,,warmup-period,2h,,
General-17-20260516-23:41:35-3686,config,,,simtime-resolution,-11,,
General-17-20260516-23:41:35-3686,config,,,repeat,20,,
General-17-20260516-23:41:35-3686,config,,,**.loRaNodes[{0..1}].app[0].timeToFirstPacket,"uniform(0h, 1h)",,
General-17-20260516-23:41:35-3686,config,,,**.loRaNodes[{0..1}].app[0].timeToNextPacket,1h,,
General-17-20260516-23:41:35-3686,config,,,**.loRaNodes[{2..3}].app[0].timeToFirstPacket,exponential(24h),,
General-17-20260516-23:41:35-3686,config,,,**.loRaNodes[{2..3}].app[0].timeToNextPacket,exponential(24h),,
General-17-20260516-23:41:35-3686,config,,,**.loRaNodes[{4..5}].app[0].timeToFirstPacket,exponential(4h),,
General-17-20260516-23:41:35-3686,config,,,**.loRaNodes[{4..5}].app[0].timeToNextPacket,exponential(4h),,
General-17-20260516-23:41:35-3686,config,,,**.alohaChannelModel,false,,
General-17-20260516-23:41:35-3686,config,,,**.loRaNodes[*].**.initFromDisplayString,false,,
General-17-20260516-23:41:35-3686,config,,,**.loRaNodes[*].**.evaluateADRinNode,true,,
General-17-20260516-23:41:35-3686,config,,,**.loRaNodes[*].**initialLoRaBW,125 kHz,,
General-17-20260516-23:41:35-3686,config,,,**.loRaNodes[*].**initialLoRaCR,4,,
General-17-20260516-23:41:35-3686,config,,,**.loRaNodes[*].numApps,1,,
General-17-20260516-23:41:35-3686,config,,,**.loRaNodes[*].app[0].typename,SimpleLoRaApp,,
General-17-20260516-23:41:35-3686,config,,,**.LoRaGWNic.radio.iAmGateway,true,,
General-17-20260516-23:41:35-3686,config,,,**.loRaGW[*].**.initFromDisplayString,false,,
General-17-20260516-23:41:35-3686,config,,,**.loRaNodes[*].LoRaNic.radio.energyConsumer.typename,LoRaEnergyConsumer,,
General-17-20260516-23:41:35-3686,config,,,**.loRaNodes[*].**.energySourceModule,"""^.IdealEpEnergyStorage""",,
General-17-20260516-23:41:35-3686,config,,,**.loRaNodes[*].LoRaNic.radio.energyConsumer.configFile,"xmldoc(""../energyConsumptionParameters.xml"")",,
General-17-20260516-23:41:35-3686,config,,,**.sigma,3.57,,
General-17-20260516-23:41:35-3686,config,,,**.constraintAreaMinX,0m,,
General-17-20260516-23:41:35-3686,config,,,**.constraintAreaMinY,0m,,
General-17-20260516-23:41:35-3686,config,,,**.constraintAreaMinZ,0m,,
General-17-20260516-23:41:35-3686,config,,,**.constraintAreaMaxZ,0m,,
General-17-20260516-23:41:35-3686,config,,,LoRaNetworkTest.**.radio.separateTransmissionParts,false,,
General-17-20260516-23:41:35-3686,config,,,LoRaNetworkTest.**.radio.separateReceptionParts,false,,
General-17-20260516-23:41:35-3686,config,,,**.ipv4Delayer.config,"xmldoc(""../cloudDelays.xml"")",,
General-17-20260516-23:41:35-3686,config,,,**.radio.radioMediumModule,"""LoRaMedium""",,
General-17-20260516-23:41:35-3686,config,,,**.LoRaMedium.pathLossType,"""LoRaLogNormalShadowing""",,
General-17-20260516-23:41:35-3686,config,,,**.minInterferenceTime,0s,,
General-17-20260516-23:41:35-3686,config,,,**.displayAddresses,false,,
General-17-20260516-23:41:35-3686,config,,,**.numberOfNodes,6,,
General-17-20260516-23:41:35-3686,config,,,**.numberOfGateways,1,,
General-17-20260516-23:41:35-3686,config,,,**.constraintAreaMaxX,2376.0m,,
General-17-20260516-23:41:35-3686,config,,,**.constraintAreaMaxY,1090.0m,,
General-17-20260516-23:41:35-3686,config,,,**.loRaGW[0].**.initialX,544.00m,,
General-17-20260516-23:41:35-3686,config,,,**.loRaGW[0].**.initialY,544.00m,,
General-17-20260516-23:41:35-3686,config,,,output-scalar-file,../results/n100-gw1-s17.ini.sca,,
General-17-20260516-23:41:35-3686,config,,,**.loRaNodes[0..1].app[0].sendInterval,1h,,
General-17-20260516-23:41:35-3686,config,,,**.loRaNodes[0].**.initialX,510.63m,,
General-17-20260516-23:41:35-3686,config,,,**.loRaNodes[0].**.initialY,500.08m,,
General-17-20260516-23:41:35-3686,config,,,**.loRaNodes[1].**.initialX,470.29m,,
General-17-20260516-23:41:35-3686,config,,,**.loRaNodes[1].**.initialY,520.24m,,
General-17-20260516-23:41:35-3686,config,,,**.loRaNodes[2].**.initialX,500.60m,,
General-17-20260516-23:41:35-3686,config,,,**.loRaNodes[2].**.initialY,590.25m,,
General-17-20260516-23:41:35-3686,config,,,**.loRaNodes[3].**.initialX,535.86m,,
General-17-20260516-23:41:35-3686,config,,,**.loRaNodes[3].**.initialY,590.63m,,
General-17-20260516-23:41:35-3686,config,,,**.loRaNodes[2..3].app[0].sendInterval,exponential(8760h),,
General-17-20260516-23:41:35-3686,config,,,**.loRaNodes[4..5].app[0].sendInterval,exponential(4h),,
General-17-20260516-23:41:35-3686,config,,,**.loRaNodes[4].**.initialX,650.85m,,
General-17-20260516-23:41:35-3686,config,,,**.loRaNodes[4].**.initialY,510.11m,,
General-17-20260516-23:41:35-3686,config,,,**.loRaNodes[5].**.initialX,680.27m,,
General-17-20260516-23:41:35-3686,config,,,**.loRaNodes[5].**.initialY,520.84m,,
General-17-20260516-23:41:35-3686,config,,,**.loRaNodes[0].**initialLoRaSF,8,,
General-17-20260516-23:41:35-3686,config,,,**.loRaNodes[0].**initialLoRaTP,8dBm,,
General-17-20260516-23:41:35-3686,config,,,**.loRaNodes[1].**initialLoRaSF,9,,
General-17-20260516-23:41:35-3686,config,,,**.loRaNodes[1].**initialLoRaTP,8dBm,,
General-17-20260516-23:41:35-3686,config,,,**.loRaNodes[2].**initialLoRaSF,7,,
General-17-20260516-23:41:35-3686,config,,,**.loRaNodes[2].**initialLoRaTP,8dBm,,
General-17-20260516-23:41:35-3686,config,,,**.loRaNodes[3].**initialLoRaSF,7,,
General-17-20260516-23:41:35-3686,config,,,**.loRaNodes[3].**initialLoRaTP,2dBm,,
General-17-20260516-23:41:35-3686,config,,,**.loRaNodes[4].**initialLoRaSF,8,,
General-17-20260516-23:41:35-3686,config,,,**.loRaNodes[4].**initialLoRaTP,8dBm,,
General-17-20260516-23:41:35-3686,config,,,**.loRaNodes[5].**initialLoRaSF,7,,
General-17-20260516-23:41:35-3686,config,,,**.loRaNodes[5].**initialLoRaTP,2dBm,,
General-17-20260516-23:41:35-3686,config,,,**.vector-recording,false,,
General-17-20260516-23:41:35-3686,config,,,**.loRaGW[*].packetForwarder.highQueueLength.vector-recording,true,,
General-17-20260516-23:41:35-3686,config,,,**.loRaGW[*].packetForwarder.lowQueueLength.vector-recording,true,,
General-17-20260516-23:41:35-3686,config,,,**.networkServer.app[0].delaySignal.vector-recording,true,,
General-17-20260516-23:41:35-3686,config,,,**.loRaNodes[*].app[0].packetsSent:scalar,true,,
General-17-20260516-23:41:35-3686,config,,,**.networkServer.app[0].totalReceivedPackets:scalar,true,,
General-17-20260516-23:41:35-3686,config,,,**.loRaGW[*].**.packetDropRate:scalar,true,,
General-16-20260516-23:37:52-3679,runattr,,,configname,General,,
General-16-20260516-23:37:52-3679,runattr,,,datetime,20260516-23:37:52,,
General-16-20260516-23:37:52-3679,runattr,,,datetimef,20260516-233752,,
General-16-20260516-23:37:52-3679,runattr,,,experiment,General,,
General-16-20260516-23:37:52-3679,runattr,,,inifile,n100-gw1.ini,,
General-16-20260516-23:37:52-3679,runattr,,,iterationvars,"$0=""avg""",,
General-16-20260516-23:37:52-3679,runattr,,,iterationvarsd,avg,,
General-16-20260516-23:37:52-3679,runattr,,,iterationvarsf,avg-,,
General-16-20260516-23:37:52-3679,runattr,,,measurement,"$0=""avg""",,
General-16-20260516-23:37:52-3679,runattr,,,network,flora.simulations.LoRaNetworkTest,,
General-16-20260516-23:37:52-3679,runattr,,,processid,3679,,
General-16-20260516-23:37:52-3679,runattr,,,repetition,16,,
General-16-20260516-23:37:52-3679,runattr,,,replication,#16,,
General-16-20260516-23:37:52-3679,runattr,,,resultdir,results,,
General-16-20260516-23:37:52-3679,runattr,,,runnumber,16,,
General-16-20260516-23:37:52-3679,runattr,,,seedset,16,,
General-16-20260516-23:37:52-3679,config,,,image-path,../../../inet4.4/images,,
General-16-20260516-23:37:52-3679,config,,,network,flora.simulations.LoRaNetworkTest,,
General-16-20260516-23:37:52-3679,config,,,output-vector-file,../results/n100-gw1-s16.ini.vec,,
General-16-20260516-23:37:52-3679,config,,,**.maxTransmissionDuration,4s,,
General-16-20260516-23:37:52-3679,config,,,**.energyDetection,-110dBm,,
General-16-20260516-23:37:52-3679,config,,,**.vector-recording,true,,
General-16-20260516-23:37:52-3679,config,,,rng-class,cMersenneTwister,,
General-16-20260516-23:37:52-3679,config,,,**.loRaGW[*].numUdpApps,1,,
General-16-20260516-23:37:52-3679,config,,,**.loRaGW[0].packetForwarder.localPort,2000,,
General-16-20260516-23:37:52-3679,config,,,**.loRaGW[0].packetForwarder.destPort,1000,,
General-16-20260516-23:37:52-3679,config,,,**.loRaGW[0].packetForwarder.destAddresses,"""networkServer""",,
General-16-20260516-23:37:52-3679,config,,,**.loRaGW[0].packetForwarder.indexNumber,0,,
General-16-20260516-23:37:52-3679,config,,,**.networkServer.numApps,1,,
General-16-20260516-23:37:52-3679,config,,,**.networkServer.**.evaluateADRinServer,true,,
General-16-20260516-23:37:52-3679,config,,,**.networkServer.app[0].typename,NetworkServerApp,,
General-16-20260516-23:37:52-3679,config,,,**.networkServer.app[0].destAddresses,"""loRaGW[0]""",,
General-16-20260516-23:37:52-3679,config,,,**.networkServer.app[0].destPort,2000,,
General-16-20260516-23:37:52-3679,config,,,**.networkServer.app[0].localPort,1000,,
General-16-20260516-23:37:52-3679,config,,,**.networkServer.app[0].adrMethod,"""avg""",,
General-16-20260516-23:37:52-3679,config,,,**.numberOfPacketsToSend,0,,
General-16-20260516-23:37:52-3679,config,,,sim-time-limit,3d,,
General-16-20260516-23:37:52-3679,config,,,warmup-period,2h,,
General-16-20260516-23:37:52-3679,config,,,simtime-resolution,-11,,
General-16-20260516-23:37:52-3679,config,,,repeat,20,,
General-16-20260516-23:37:52-3679,config,,,**.loRaNodes[{0..1}].app[0].timeToFirstPacket,"uniform(0h, 1h)",,
General-16-20260516-23:37:52-3679,config,,,**.loRaNodes[{0..1}].app[0].timeToNextPacket,1h,,
General-16-20260516-23:37:52-3679,config,,,**.loRaNodes[{2..3}].app[0].timeToFirstPacket,exponential(24h),,
General-16-20260516-23:37:52-3679,config,,,**.loRaNodes[{2..3}].app[0].timeToNextPacket,exponential(24h),,
General-16-20260516-23:37:52-3679,config,,,**.loRaNodes[{4..5}].app[0].timeToFirstPacket,exponential(4h),,
General-16-20260516-23:37:52-3679,config,,,**.loRaNodes[{4..5}].app[0].timeToNextPacket,exponential(4h),,
General-16-20260516-23:37:52-3679,config,,,**.alohaChannelModel,false,,
General-16-20260516-23:37:52-3679,config,,,**.loRaNodes[*].**.initFromDisplayString,false,,
General-16-20260516-23:37:52-3679,config,,,**.loRaNodes[*].**.evaluateADRinNode,true,,
General-16-20260516-23:37:52-3679,config,,,**.loRaNodes[*].**initialLoRaBW,125 kHz,,
General-16-20260516-23:37:52-3679,config,,,**.loRaNodes[*].**initialLoRaCR,4,,
General-16-20260516-23:37:52-3679,config,,,**.loRaNodes[*].numApps,1,,
General-16-20260516-23:37:52-3679,config,,,**.loRaNodes[*].app[0].typename,SimpleLoRaApp,,
General-16-20260516-23:37:52-3679,config,,,**.LoRaGWNic.radio.iAmGateway,true,,
General-16-20260516-23:37:52-3679,config,,,**.loRaGW[*].**.initFromDisplayString,false,,
General-16-20260516-23:37:52-3679,config,,,**.loRaNodes[*].LoRaNic.radio.energyConsumer.typename,LoRaEnergyConsumer,,
General-16-20260516-23:37:52-3679,config,,,**.loRaNodes[*].**.energySourceModule,"""^.IdealEpEnergyStorage""",,
General-16-20260516-23:37:52-3679,config,,,**.loRaNodes[*].LoRaNic.radio.energyConsumer.configFile,"xmldoc(""../energyConsumptionParameters.xml"")",,
General-16-20260516-23:37:52-3679,config,,,**.sigma,3.57,,
General-16-20260516-23:37:52-3679,config,,,**.constraintAreaMinX,0m,,
General-16-20260516-23:37:52-3679,config,,,**.constraintAreaMinY,0m,,
General-16-20260516-23:37:52-3679,config,,,**.constraintAreaMinZ,0m,,
General-16-20260516-23:37:52-3679,config,,,**.constraintAreaMaxZ,0m,,
General-16-20260516-23:37:52-3679,config,,,LoRaNetworkTest.**.radio.separateTransmissionParts,false,,
General-16-20260516-23:37:52-3679,config,,,LoRaNetworkTest.**.radio.separateReceptionParts,false,,
General-16-20260516-23:37:52-3679,config,,,**.ipv4Delayer.config,"xmldoc(""../cloudDelays.xml"")",,
General-16-20260516-23:37:52-3679,config,,,**.radio.radioMediumModule,"""LoRaMedium""",,
General-16-20260516-23:37:52-3679,config,,,**.LoRaMedium.pathLossType,"""LoRaLogNormalShadowing""",,
General-16-20260516-23:37:52-3679,config,,,**.minInterferenceTime,0s,,
General-16-20260516-23:37:52-3679,config,,,**.displayAddresses,false,,
General-16-20260516-23:37:52-3679,config,,,**.numberOfNodes,6,,
General-16-20260516-23:37:52-3679,config,,,**.numberOfGateways,1,,
General-16-20260516-23:37:52-3679,config,,,**.constraintAreaMaxX,2376.0m,,
General-16-20260516-23:37:52-3679,config,,,**.constraintAreaMaxY,1090.0m,,
General-16-20260516-23:37:52-3679,config,,,**.loRaGW[0].**.initialX,544.00m,,
General-16-20260516-23:37:52-3679,config,,,**.loRaGW[0].**.initialY,544.00m,,
General-16-20260516-23:37:52-3679,config,,,output-scalar-file,../results/n100-gw1-s16.ini.sca,,
General-16-20260516-23:37:52-3679,config,,,**.loRaNodes[0..1].app[0].sendInterval,1h,,
General-16-20260516-23:37:52-3679,config,,,**.loRaNodes[0].**.initialX,510.63m,,
General-16-20260516-23:37:52-3679,config,,,**.loRaNodes[0].**.initialY,500.08m,,
General-16-20260516-23:37:52-3679,config,,,**.loRaNodes[1].**.initialX,470.29m,,
General-16-20260516-23:37:52-3679,config,,,**.loRaNodes[1].**.initialY,520.24m,,
General-16-20260516-23:37:52-3679,config,,,**.loRaNodes[2].**.initialX,500.60m,,
General-16-20260516-23:37:52-3679,config,,,**.loRaNodes[2].**.initialY,590.25m,,
General-16-20260516-23:37:52-3679,config,,,**.loRaNodes[3].**.initialX,535.86m,,
General-16-20260516-23:37:52-3679,config,,,**.loRaNodes[3].**.initialY,590.63m,,
General-16-20260516-23:37:52-3679,config,,,**.loRaNodes[2..3].app[0].sendInterval,exponential(8760h),,
General-16-20260516-23:37:52-3679,config,,,**.loRaNodes[4..5].app[0].sendInterval,exponential(4h),,
General-16-20260516-23:37:52-3679,config,,,**.loRaNodes[4].**.initialX,650.85m,,
General-16-20260516-23:37:52-3679,config,,,**.loRaNodes[4].**.initialY,510.11m,,
General-16-20260516-23:37:52-3679,config,,,**.loRaNodes[5].**.initialX,680.27m,,
General-16-20260516-23:37:52-3679,config,,,**.loRaNodes[5].**.initialY,520.84m,,
General-16-20260516-23:37:52-3679,config,,,**.loRaNodes[0].**initialLoRaSF,8,,
General-16-20260516-23:37:52-3679,config,,,**.loRaNodes[0].**initialLoRaTP,8dBm,,
General-16-20260516-23:37:52-3679,config,,,**.loRaNodes[1].**initialLoRaSF,9,,
General-16-20260516-23:37:52-3679,config,,,**.loRaNodes[1].**initialLoRaTP,8dBm,,
General-16-20260516-23:37:52-3679,config,,,**.loRaNodes[2].**initialLoRaSF,7,,
General-16-20260516-23:37:52-3679,config,,,**.loRaNodes[2].**initialLoRaTP,8dBm,,
General-16-20260516-23:37:52-3679,config,,,**.loRaNodes[3].**initialLoRaSF,7,,
General-16-20260516-23:37:52-3679,config,,,**.loRaNodes[3].**initialLoRaTP,2dBm,,
General-16-20260516-23:37:52-3679,config,,,**.loRaNodes[4].**initialLoRaSF,8,,
General-16-20260516-23:37:52-3679,config,,,**.loRaNodes[4].**initialLoRaTP,8dBm,,
General-16-20260516-23:37:52-3679,config,,,**.loRaNodes[5].**initialLoRaSF,7,,
General-16-20260516-23:37:52-3679,config,,,**.loRaNodes[5].**initialLoRaTP,2dBm,,
General-16-20260516-23:37:52-3679,config,,,**.vector-recording,false,,
General-16-20260516-23:37:52-3679,config,,,**.loRaGW[*].packetForwarder.highQueueLength.vector-recording,true,,
General-16-20260516-23:37:52-3679,config,,,**.loRaGW[*].packetForwarder.lowQueueLength.vector-recording,true,,
General-16-20260516-23:37:52-3679,config,,,**.networkServer.app[0].delaySignal.vector-recording,true,,
General-16-20260516-23:37:52-3679,config,,,**.loRaNodes[*].app[0].packetsSent:scalar,true,,
General-16-20260516-23:37:52-3679,config,,,**.networkServer.app[0].totalReceivedPackets:scalar,true,,
General-16-20260516-23:37:52-3679,config,,,**.loRaGW[*].**.packetDropRate:scalar,true,,
General-2-20260516-22:43:06-3569,runattr,,,configname,General,,
General-2-20260516-22:43:06-3569,runattr,,,datetime,20260516-22:43:06,,
General-2-20260516-22:43:06-3569,runattr,,,datetimef,20260516-224306,,
General-2-20260516-22:43:06-3569,runattr,,,experiment,General,,
General-2-20260516-22:43:06-3569,runattr,,,inifile,n100-gw1.ini,,
General-2-20260516-22:43:06-3569,runattr,,,iterationvars,"$0=""avg""",,
General-2-20260516-22:43:06-3569,runattr,,,iterationvarsd,avg,,
General-2-20260516-22:43:06-3569,runattr,,,iterationvarsf,avg-,,
General-2-20260516-22:43:06-3569,runattr,,,measurement,"$0=""avg""",,
General-2-20260516-22:43:06-3569,runattr,,,network,flora.simulations.LoRaNetworkTest,,
General-2-20260516-22:43:06-3569,runattr,,,processid,3569,,
General-2-20260516-22:43:06-3569,runattr,,,repetition,2,,
General-2-20260516-22:43:06-3569,runattr,,,replication,#2,,
General-2-20260516-22:43:06-3569,runattr,,,resultdir,results,,
General-2-20260516-22:43:06-3569,runattr,,,runnumber,2,,
General-2-20260516-22:43:06-3569,runattr,,,seedset,2,,
General-2-20260516-22:43:06-3569,config,,,image-path,../../../inet4.4/images,,
General-2-20260516-22:43:06-3569,config,,,network,flora.simulations.LoRaNetworkTest,,
General-2-20260516-22:43:06-3569,config,,,output-vector-file,../results/n100-gw1-s2.ini.vec,,
General-2-20260516-22:43:06-3569,config,,,**.maxTransmissionDuration,4s,,
General-2-20260516-22:43:06-3569,config,,,**.energyDetection,-110dBm,,
General-2-20260516-22:43:06-3569,config,,,**.vector-recording,true,,
General-2-20260516-22:43:06-3569,config,,,rng-class,cMersenneTwister,,
General-2-20260516-22:43:06-3569,config,,,**.loRaGW[*].numUdpApps,1,,
General-2-20260516-22:43:06-3569,config,,,**.loRaGW[0].packetForwarder.localPort,2000,,
General-2-20260516-22:43:06-3569,config,,,**.loRaGW[0].packetForwarder.destPort,1000,,
General-2-20260516-22:43:06-3569,config,,,**.loRaGW[0].packetForwarder.destAddresses,"""networkServer""",,
General-2-20260516-22:43:06-3569,config,,,**.loRaGW[0].packetForwarder.indexNumber,0,,
General-2-20260516-22:43:06-3569,config,,,**.networkServer.numApps,1,,
General-2-20260516-22:43:06-3569,config,,,**.networkServer.**.evaluateADRinServer,true,,
General-2-20260516-22:43:06-3569,config,,,**.networkServer.app[0].typename,NetworkServerApp,,
General-2-20260516-22:43:06-3569,config,,,**.networkServer.app[0].destAddresses,"""loRaGW[0]""",,
General-2-20260516-22:43:06-3569,config,,,**.networkServer.app[0].destPort,2000,,
General-2-20260516-22:43:06-3569,config,,,**.networkServer.app[0].localPort,1000,,
General-2-20260516-22:43:06-3569,config,,,**.networkServer.app[0].adrMethod,"""avg""",,
General-2-20260516-22:43:06-3569,config,,,**.numberOfPacketsToSend,0,,
General-2-20260516-22:43:06-3569,config,,,sim-time-limit,3d,,
General-2-20260516-22:43:06-3569,config,,,warmup-period,2h,,
General-2-20260516-22:43:06-3569,config,,,simtime-resolution,-11,,
General-2-20260516-22:43:06-3569,config,,,repeat,20,,
General-2-20260516-22:43:06-3569,config,,,**.loRaNodes[{0..1}].app[0].timeToFirstPacket,"uniform(0h, 1h)",,
General-2-20260516-22:43:06-3569,config,,,**.loRaNodes[{0..1}].app[0].timeToNextPacket,1h,,
General-2-20260516-22:43:06-3569,config,,,**.loRaNodes[{2..3}].app[0].timeToFirstPacket,exponential(24h),,
General-2-20260516-22:43:06-3569,config,,,**.loRaNodes[{2..3}].app[0].timeToNextPacket,exponential(24h),,
General-2-20260516-22:43:06-3569,config,,,**.loRaNodes[{4..5}].app[0].timeToFirstPacket,exponential(4h),,
General-2-20260516-22:43:06-3569,config,,,**.loRaNodes[{4..5}].app[0].timeToNextPacket,exponential(4h),,
General-2-20260516-22:43:06-3569,config,,,**.alohaChannelModel,false,,
General-2-20260516-22:43:06-3569,config,,,**.loRaNodes[*].**.initFromDisplayString,false,,
General-2-20260516-22:43:06-3569,config,,,**.loRaNodes[*].**.evaluateADRinNode,true,,
General-2-20260516-22:43:06-3569,config,,,**.loRaNodes[*].**initialLoRaBW,125 kHz,,
General-2-20260516-22:43:06-3569,config,,,**.loRaNodes[*].**initialLoRaCR,4,,
General-2-20260516-22:43:06-3569,config,,,**.loRaNodes[*].numApps,1,,
General-2-20260516-22:43:06-3569,config,,,**.loRaNodes[*].app[0].typename,SimpleLoRaApp,,
General-2-20260516-22:43:06-3569,config,,,**.LoRaGWNic.radio.iAmGateway,true,,
General-2-20260516-22:43:06-3569,config,,,**.loRaGW[*].**.initFromDisplayString,false,,
General-2-20260516-22:43:06-3569,config,,,**.loRaNodes[*].LoRaNic.radio.energyConsumer.typename,LoRaEnergyConsumer,,
General-2-20260516-22:43:06-3569,config,,,**.loRaNodes[*].**.energySourceModule,"""^.IdealEpEnergyStorage""",,
General-2-20260516-22:43:06-3569,config,,,**.loRaNodes[*].LoRaNic.radio.energyConsumer.configFile,"xmldoc(""../energyConsumptionParameters.xml"")",,
General-2-20260516-22:43:06-3569,config,,,**.sigma,3.57,,
General-2-20260516-22:43:06-3569,config,,,**.constraintAreaMinX,0m,,
General-2-20260516-22:43:06-3569,config,,,**.constraintAreaMinY,0m,,
General-2-20260516-22:43:06-3569,config,,,**.constraintAreaMinZ,0m,,
General-2-20260516-22:43:06-3569,config,,,**.constraintAreaMaxZ,0m,,
General-2-20260516-22:43:06-3569,config,,,LoRaNetworkTest.**.radio.separateTransmissionParts,false,,
General-2-20260516-22:43:06-3569,config,,,LoRaNetworkTest.**.radio.separateReceptionParts,false,,
General-2-20260516-22:43:06-3569,config,,,**.ipv4Delayer.config,"xmldoc(""../cloudDelays.xml"")",,
General-2-20260516-22:43:06-3569,config,,,**.radio.radioMediumModule,"""LoRaMedium""",,
General-2-20260516-22:43:06-3569,config,,,**.LoRaMedium.pathLossType,"""LoRaLogNormalShadowing""",,
General-2-20260516-22:43:06-3569,config,,,**.minInterferenceTime,0s,,
General-2-20260516-22:43:06-3569,config,,,**.displayAddresses,false,,
General-2-20260516-22:43:06-3569,config,,,**.numberOfNodes,6,,
General-2-20260516-22:43:06-3569,config,,,**.numberOfGateways,1,,
General-2-20260516-22:43:06-3569,config,,,**.constraintAreaMaxX,2376.0m,,
General-2-20260516-22:43:06-3569,config,,,**.constraintAreaMaxY,1090.0m,,
General-2-20260516-22:43:06-3569,config,,,**.loRaGW[0].**.initialX,544.00m,,
General-2-20260516-22:43:06-3569,config,,,**.loRaGW[0].**.initialY,544.00m,,
General-2-20260516-22:43:06-3569,config,,,output-scalar-file,../results/n100-gw1-s2.ini.sca,,
General-2-20260516-22:43:06-3569,config,,,**.loRaNodes[0..1].app[0].sendInterval,1h,,
General-2-20260516-22:43:06-3569,config,,,**.loRaNodes[0].**.initialX,510.63m,,
General-2-20260516-22:43:06-3569,config,,,**.loRaNodes[0].**.initialY,500.08m,,
General-2-20260516-22:43:06-3569,config,,,**.loRaNodes[1].**.initialX,470.29m,,
General-2-20260516-22:43:06-3569,config,,,**.loRaNodes[1].**.initialY,520.24m,,
General-2-20260516-22:43:06-3569,config,,,**.loRaNodes[2].**.initialX,500.60m,,
General-2-20260516-22:43:06-3569,config,,,**.loRaNodes[2].**.initialY,590.25m,,
General-2-20260516-22:43:06-3569,config,,,**.loRaNodes[3].**.initialX,535.86m,,
General-2-20260516-22:43:06-3569,config,,,**.loRaNodes[3].**.initialY,590.63m,,
General-2-20260516-22:43:06-3569,config,,,**.loRaNodes[2..3].app[0].sendInterval,exponential(8760h),,
General-2-20260516-22:43:06-3569,config,,,**.loRaNodes[4..5].app[0].sendInterval,exponential(4h),,
General-2-20260516-22:43:06-3569,config,,,**.loRaNodes[4].**.initialX,650.85m,,
General-2-20260516-22:43:06-3569,config,,,**.loRaNodes[4].**.initialY,510.11m,,
General-2-20260516-22:43:06-3569,config,,,**.loRaNodes[5].**.initialX,680.27m,,
General-2-20260516-22:43:06-3569,config,,,**.loRaNodes[5].**.initialY,520.84m,,
General-2-20260516-22:43:06-3569,config,,,**.loRaNodes[0].**initialLoRaSF,8,,
General-2-20260516-22:43:06-3569,config,,,**.loRaNodes[0].**initialLoRaTP,8dBm,,
General-2-20260516-22:43:06-3569,config,,,**.loRaNodes[1].**initialLoRaSF,9,,
General-2-20260516-22:43:06-3569,config,,,**.loRaNodes[1].**initialLoRaTP,8dBm,,
General-2-20260516-22:43:06-3569,config,,,**.loRaNodes[2].**initialLoRaSF,7,,
General-2-20260516-22:43:06-3569,config,,,**.loRaNodes[2].**initialLoRaTP,8dBm,,
General-2-20260516-22:43:06-3569,config,,,**.loRaNodes[3].**initialLoRaSF,7,,
General-2-20260516-22:43:06-3569,config,,,**.loRaNodes[3].**initialLoRaTP,2dBm,,
General-2-20260516-22:43:06-3569,config,,,**.loRaNodes[4].**initialLoRaSF,8,,
General-2-20260516-22:43:06-3569,config,,,**.loRaNodes[4].**initialLoRaTP,8dBm,,
General-2-20260516-22:43:06-3569,config,,,**.loRaNodes[5].**initialLoRaSF,7,,
General-2-20260516-22:43:06-3569,config,,,**.loRaNodes[5].**initialLoRaTP,2dBm,,
General-2-20260516-22:43:06-3569,config,,,**.vector-recording,false,,
General-2-20260516-22:43:06-3569,config,,,**.loRaGW[*].packetForwarder.highQueueLength.vector-recording,true,,
General-2-20260516-22:43:06-3569,config,,,**.loRaGW[*].packetForwarder.lowQueueLength.vector-recording,true,,
General-2-20260516-22:43:06-3569,config,,,**.networkServer.app[0].delaySignal.vector-recording,true,,
General-2-20260516-22:43:06-3569,config,,,**.loRaNodes[*].app[0].packetsSent:scalar,true,,
General-2-20260516-22:43:06-3569,config,,,**.networkServer.app[0].totalReceivedPackets:scalar,true,,
General-2-20260516-22:43:06-3569,config,,,**.loRaGW[*].**.packetDropRate:scalar,true,,
General-14-20260516-23:30:15-3665,runattr,,,configname,General,,
General-14-20260516-23:30:15-3665,runattr,,,datetime,20260516-23:30:15,,
General-14-20260516-23:30:15-3665,runattr,,,datetimef,20260516-233015,,
General-14-20260516-23:30:15-3665,runattr,,,experiment,General,,
General-14-20260516-23:30:15-3665,runattr,,,inifile,n100-gw1.ini,,
General-14-20260516-23:30:15-3665,runattr,,,iterationvars,"$0=""avg""",,
General-14-20260516-23:30:15-3665,runattr,,,iterationvarsd,avg,,
General-14-20260516-23:30:15-3665,runattr,,,iterationvarsf,avg-,,
General-14-20260516-23:30:15-3665,runattr,,,measurement,"$0=""avg""",,
General-14-20260516-23:30:15-3665,runattr,,,network,flora.simulations.LoRaNetworkTest,,
General-14-20260516-23:30:15-3665,runattr,,,processid,3665,,
General-14-20260516-23:30:15-3665,runattr,,,repetition,14,,
General-14-20260516-23:30:15-3665,runattr,,,replication,#14,,
General-14-20260516-23:30:15-3665,runattr,,,resultdir,results,,
General-14-20260516-23:30:15-3665,runattr,,,runnumber,14,,
General-14-20260516-23:30:15-3665,runattr,,,seedset,14,,
General-14-20260516-23:30:15-3665,config,,,image-path,../../../inet4.4/images,,
General-14-20260516-23:30:15-3665,config,,,network,flora.simulations.LoRaNetworkTest,,
General-14-20260516-23:30:15-3665,config,,,output-vector-file,../results/n100-gw1-s14.ini.vec,,
General-14-20260516-23:30:15-3665,config,,,**.maxTransmissionDuration,4s,,
General-14-20260516-23:30:15-3665,config,,,**.energyDetection,-110dBm,,
General-14-20260516-23:30:15-3665,config,,,**.vector-recording,true,,
General-14-20260516-23:30:15-3665,config,,,rng-class,cMersenneTwister,,
General-14-20260516-23:30:15-3665,config,,,**.loRaGW[*].numUdpApps,1,,
General-14-20260516-23:30:15-3665,config,,,**.loRaGW[0].packetForwarder.localPort,2000,,
General-14-20260516-23:30:15-3665,config,,,**.loRaGW[0].packetForwarder.destPort,1000,,
General-14-20260516-23:30:15-3665,config,,,**.loRaGW[0].packetForwarder.destAddresses,"""networkServer""",,
General-14-20260516-23:30:15-3665,config,,,**.loRaGW[0].packetForwarder.indexNumber,0,,
General-14-20260516-23:30:15-3665,config,,,**.networkServer.numApps,1,,
General-14-20260516-23:30:15-3665,config,,,**.networkServer.**.evaluateADRinServer,true,,
General-14-20260516-23:30:15-3665,config,,,**.networkServer.app[0].typename,NetworkServerApp,,
General-14-20260516-23:30:15-3665,config,,,**.networkServer.app[0].destAddresses,"""loRaGW[0]""",,
General-14-20260516-23:30:15-3665,config,,,**.networkServer.app[0].destPort,2000,,
General-14-20260516-23:30:15-3665,config,,,**.networkServer.app[0].localPort,1000,,
General-14-20260516-23:30:15-3665,config,,,**.networkServer.app[0].adrMethod,"""avg""",,
General-14-20260516-23:30:15-3665,config,,,**.numberOfPacketsToSend,0,,
General-14-20260516-23:30:15-3665,config,,,sim-time-limit,3d,,
General-14-20260516-23:30:15-3665,config,,,warmup-period,2h,,
General-14-20260516-23:30:15-3665,config,,,simtime-resolution,-11,,
General-14-20260516-23:30:15-3665,config,,,repeat,20,,
General-14-20260516-23:30:15-3665,config,,,**.loRaNodes[{0..1}].app[0].timeToFirstPacket,"uniform(0h, 1h)",,
General-14-20260516-23:30:15-3665,config,,,**.loRaNodes[{0..1}].app[0].timeToNextPacket,1h,,
General-14-20260516-23:30:15-3665,config,,,**.loRaNodes[{2..3}].app[0].timeToFirstPacket,exponential(24h),,
General-14-20260516-23:30:15-3665,config,,,**.loRaNodes[{2..3}].app[0].timeToNextPacket,exponential(24h),,
General-14-20260516-23:30:15-3665,config,,,**.loRaNodes[{4..5}].app[0].timeToFirstPacket,exponential(4h),,
General-14-20260516-23:30:15-3665,config,,,**.loRaNodes[{4..5}].app[0].timeToNextPacket,exponential(4h),,
General-14-20260516-23:30:15-3665,config,,,**.alohaChannelModel,false,,
General-14-20260516-23:30:15-3665,config,,,**.loRaNodes[*].**.initFromDisplayString,false,,
General-14-20260516-23:30:15-3665,config,,,**.loRaNodes[*].**.evaluateADRinNode,true,,
General-14-20260516-23:30:15-3665,config,,,**.loRaNodes[*].**initialLoRaBW,125 kHz,,
General-14-20260516-23:30:15-3665,config,,,**.loRaNodes[*].**initialLoRaCR,4,,
General-14-20260516-23:30:15-3665,config,,,**.loRaNodes[*].numApps,1,,
General-14-20260516-23:30:15-3665,config,,,**.loRaNodes[*].app[0].typename,SimpleLoRaApp,,
General-14-20260516-23:30:15-3665,config,,,**.LoRaGWNic.radio.iAmGateway,true,,
General-14-20260516-23:30:15-3665,config,,,**.loRaGW[*].**.initFromDisplayString,false,,
General-14-20260516-23:30:15-3665,config,,,**.loRaNodes[*].LoRaNic.radio.energyConsumer.typename,LoRaEnergyConsumer,,
General-14-20260516-23:30:15-3665,config,,,**.loRaNodes[*].**.energySourceModule,"""^.IdealEpEnergyStorage""",,
General-14-20260516-23:30:15-3665,config,,,**.loRaNodes[*].LoRaNic.radio.energyConsumer.configFile,"xmldoc(""../energyConsumptionParameters.xml"")",,
General-14-20260516-23:30:15-3665,config,,,**.sigma,3.57,,
General-14-20260516-23:30:15-3665,config,,,**.constraintAreaMinX,0m,,
General-14-20260516-23:30:15-3665,config,,,**.constraintAreaMinY,0m,,
General-14-20260516-23:30:15-3665,config,,,**.constraintAreaMinZ,0m,,
General-14-20260516-23:30:15-3665,config,,,**.constraintAreaMaxZ,0m,,
General-14-20260516-23:30:15-3665,config,,,LoRaNetworkTest.**.radio.separateTransmissionParts,false,,
General-14-20260516-23:30:15-3665,config,,,LoRaNetworkTest.**.radio.separateReceptionParts,false,,
General-14-20260516-23:30:15-3665,config,,,**.ipv4Delayer.config,"xmldoc(""../cloudDelays.xml"")",,
General-14-20260516-23:30:15-3665,config,,,**.radio.radioMediumModule,"""LoRaMedium""",,
General-14-20260516-23:30:15-3665,config,,,**.LoRaMedium.pathLossType,"""LoRaLogNormalShadowing""",,
General-14-20260516-23:30:15-3665,config,,,**.minInterferenceTime,0s,,
General-14-20260516-23:30:15-3665,config,,,**.displayAddresses,false,,
General-14-20260516-23:30:15-3665,config,,,**.numberOfNodes,6,,
General-14-20260516-23:30:15-3665,config,,,**.numberOfGateways,1,,
General-14-20260516-23:30:15-3665,config,,,**.constraintAreaMaxX,2376.0m,,
General-14-20260516-23:30:15-3665,config,,,**.constraintAreaMaxY,1090.0m,,
General-14-20260516-23:30:15-3665,config,,,**.loRaGW[0].**.initialX,544.00m,,
General-14-20260516-23:30:15-3665,config,,,**.loRaGW[0].**.initialY,544.00m,,
General-14-20260516-23:30:15-3665,config,,,output-scalar-file,../results/n100-gw1-s14.ini.sca,,
General-14-20260516-23:30:15-3665,config,,,**.loRaNodes[0..1].app[0].sendInterval,1h,,
General-14-20260516-23:30:15-3665,config,,,**.loRaNodes[0].**.initialX,510.63m,,
General-14-20260516-23:30:15-3665,config,,,**.loRaNodes[0].**.initialY,500.08m,,
General-14-20260516-23:30:15-3665,config,,,**.loRaNodes[1].**.initialX,470.29m,,
General-14-20260516-23:30:15-3665,config,,,**.loRaNodes[1].**.initialY,520.24m,,
General-14-20260516-23:30:15-3665,config,,,**.loRaNodes[2].**.initialX,500.60m,,
General-14-20260516-23:30:15-3665,config,,,**.loRaNodes[2].**.initialY,590.25m,,
General-14-20260516-23:30:15-3665,config,,,**.loRaNodes[3].**.initialX,535.86m,,
General-14-20260516-23:30:15-3665,config,,,**.loRaNodes[3].**.initialY,590.63m,,
General-14-20260516-23:30:15-3665,config,,,**.loRaNodes[2..3].app[0].sendInterval,exponential(8760h),,
General-14-20260516-23:30:15-3665,config,,,**.loRaNodes[4..5].app[0].sendInterval,exponential(4h),,
General-14-20260516-23:30:15-3665,config,,,**.loRaNodes[4].**.initialX,650.85m,,
General-14-20260516-23:30:15-3665,config,,,**.loRaNodes[4].**.initialY,510.11m,,
General-14-20260516-23:30:15-3665,config,,,**.loRaNodes[5].**.initialX,680.27m,,
General-14-20260516-23:30:15-3665,config,,,**.loRaNodes[5].**.initialY,520.84m,,
General-14-20260516-23:30:15-3665,config,,,**.loRaNodes[0].**initialLoRaSF,8,,
General-14-20260516-23:30:15-3665,config,,,**.loRaNodes[0].**initialLoRaTP,8dBm,,
General-14-20260516-23:30:15-3665,config,,,**.loRaNodes[1].**initialLoRaSF,9,,
General-14-20260516-23:30:15-3665,config,,,**.loRaNodes[1].**initialLoRaTP,8dBm,,
General-14-20260516-23:30:15-3665,config,,,**.loRaNodes[2].**initialLoRaSF,7,,
General-14-20260516-23:30:15-3665,config,,,**.loRaNodes[2].**initialLoRaTP,8dBm,,
General-14-20260516-23:30:15-3665,config,,,**.loRaNodes[3].**initialLoRaSF,7,,
General-14-20260516-23:30:15-3665,config,,,**.loRaNodes[3].**initialLoRaTP,2dBm,,
General-14-20260516-23:30:15-3665,config,,,**.loRaNodes[4].**initialLoRaSF,8,,
General-14-20260516-23:30:15-3665,config,,,**.loRaNodes[4].**initialLoRaTP,8dBm,,
General-14-20260516-23:30:15-3665,config,,,**.loRaNodes[5].**initialLoRaSF,7,,
General-14-20260516-23:30:15-3665,config,,,**.loRaNodes[5].**initialLoRaTP,2dBm,,
General-14-20260516-23:30:15-3665,config,,,**.vector-recording,false,,
General-14-20260516-23:30:15-3665,config,,,**.loRaGW[*].packetForwarder.highQueueLength.vector-recording,true,,
General-14-20260516-23:30:15-3665,config,,,**.loRaGW[*].packetForwarder.lowQueueLength.vector-recording,true,,
General-14-20260516-23:30:15-3665,config,,,**.networkServer.app[0].delaySignal.vector-recording,true,,
General-14-20260516-23:30:15-3665,config,,,**.loRaNodes[*].app[0].packetsSent:scalar,true,,
General-14-20260516-23:30:15-3665,config,,,**.networkServer.app[0].totalReceivedPackets:scalar,true,,
General-14-20260516-23:30:15-3665,config,,,**.loRaGW[*].**.packetDropRate:scalar,true,,
General-0-20260516-22:34:32-3550,vector,LoRaNetworkTest.networkServer.app[0],delaySignal:vector,,,"8725.41405812882 10250.25603574287 12325.41405812882 13850.25603574287 15925.41405812882 17450.25603574287 19525.41405812882 21050.25603574287 23125.41405812882 24650.25603574287 26725.41405812882 28250.25603574287 30325.41405812882 31850.25603574287 33925.41405812882 39050.25603574287 41125.41405812882 42650.25603574287 44725.41405812882 46250.25603574287 48325.41405812882 49850.25603574287 51925.41405812882 53450.25603574287 55525.41405812882 57050.25603574287 59125.41405812882 62725.41405812882 64250.25603574287 66325.41405812882 67850.25603574287 69925.41405812882 73525.41405812882 75050.25603574287 77125.30705012882 78650.25603574287 80725.30705012882 82250.25603574287 84413.44332602972 85850.25603574287 87264.98763489803 89450.25603574287 91525.30705012882 95125.30705012882 96650.25603574287 99755.2135096347 100250.25603574287 102325.30705012882 103850.25603574287 105925.30705012882 107450.25603574287 110099.68153667669 111050.25603574287 114650.25603574287 116725.30705012882 118250.25603574287 120325.30705012882 121850.25603574287 123925.30705012882 127525.30705012882 129050.25603574287 131125.30705012882 132650.25603574287 134725.30705012882 136250.25603574287 138325.30705012882 139850.25603574287 143450.25603574287 147050.25603574287 150650.25603574287 152725.30705012882 154250.25603574287 156325.30705012882 157850.25603574287 159925.30705012882 161450.25603574287 163525.30705012882 165050.25603574287 167125.30705012882 168650.25603574287 172250.25603574287 174325.30705012882 175863.67871095807 177925.30705012882 181525.30705012882 183050.25603574287 185125.30705012882 186650.25603574287 190250.25603574287 192325.30705012882 193850.25603574287 195925.30705012882 197450.25603574287 199525.30705012882 201050.25603574287 203125.30705012882 204650.25603574287 206725.30705012882 208250.25603574287 210325.30705012882 211850.25603574287 213925.30705012882 215450.25603574287 217525.30705012882 219050.25603574287 221125.30705012882 222650.25603574287 224725.30705012882 228325.30705012882 229850.25603574287 231925.30705012882 233450.25603574287 237050.25603574287 239125.30705012882 242725.30705012882 244250.25603574287 246325.30705012882 247850.25603574287 249925.30705012882 251450.25603574287 253525.30705012882 255050.25603574287 257125.30705012882 258650.25603574287","0.25678969033 0.14978161599 0.25678969033 0.14978161599 0.25678969033 0.14978161599 0.25678969033 0.14978161599 0.25678969033 0.14978161599 0.25678969033 0.14978161599 0.25678969033 0.14978161599 0.25678969033 0.14978161599 0.25678969033 0.14978161599 0.25678969033 0.14978161599 0.25678969033 0.14978161599 0.25678969033 0.14978161599 0.25678969033 0.14978161599 0.25678969033 0.25678969033 0.14978161599 0.25678969033 0.14978161599 0.25678969033 0.25678969033 0.14978161599 0.14978169033 0.14978161599 0.14978169033 0.14978161599 0.08808564356 0.14978161599 0.08808564356 0.14978161599 0.14978169033 0.14978169033 0.14978161599 0.14978180591 0.14978161599 0.14978169033 0.14978161599 0.14978169033 0.14978161599 0.14978180591 0.14978161599 0.14978161599 0.14978169033 0.14978161599 0.14978169033 0.14978161599 0.14978169033 0.14978169033 0.14978161599 0.14978169033 0.14978161599 0.14978169033 0.14978161599 0.14978169033 0.14978161599 0.14978161599 0.14978161599 0.14978161599 0.14978169033 0.14978161599 0.14978169033 0.14978161599 0.14978169033 0.14978161599 0.14978169033 0.14978161599 0.14978169033 0.14978161599 0.14978161599 0.14978169033 0.08808558989 0.14978169033 0.14978169033 0.14978161599 0.14978169033 0.14978161599 0.14978161599 0.14978169033 0.14978161599 0.14978169033 0.14978161599 0.14978169033 0.14978161599 0.14978169033 0.14978161599 0.14978169033 0.14978161599 0.14978169033 0.14978161599 0.14978169033 0.14978161599 0.14978169033 0.14978161599 0.14978169033 0.14978161599 0.14978169033 0.14978169033 0.14978161599 0.14978169033 0.14978161599 0.14978161599 0.14978169033 0.14978169033 0.14978161599 0.14978169033 0.14978161599 0.14978169033 0.14978161599 0.14978169033 0.14978161599 0.14978169033 0.14978161599"
General-0-20260516-22:34:32-3550,attr,LoRaNetworkTest.networkServer.app[0],delaySignal:vector,recordingmode,vector,,
General-0-20260516-22:34:32-3550,attr,LoRaNetworkTest.networkServer.app[0],delaySignal:vector,source,delaySignal,,
General-10-20260516-23:14:20-3622,vector,LoRaNetworkTest.networkServer.app[0],delaySignal:vector,,,"8994.88203928851 10195.03068401064 12594.88203928851 13795.03068401064 16194.88203928851 17395.03068401064 19794.88203928851 20995.03068401064 23394.88203928851 24595.03068401064 26994.88203928851 28195.03068401064 30594.88203928851 31795.03068401064 34194.88203928851 35395.03068401064 37794.88203928851 38995.03068401064 41394.88203928851 42595.03068401064 44994.88203928851 46195.03068401064 48594.88203928851 49795.03068401064 52194.88203928851 53395.03068401064 55794.88203928851 56995.03068401064 59394.88203928851 60595.03068401064 62994.88203928851 64195.03068401064 66594.88203928851 67795.03068401064 71395.03068401064 73794.88203928851 74995.03068401064 75638.18345067464 77394.88203928851 78595.03068401064 82195.03068401064 84594.77503128851 85795.03068401064 89395.03068401064 92995.03068401064 95394.77503128851 96595.03068401064 100195.03068401064 103795.03068401064 107395.03068401064 110995.03068401064 113394.77503128851 114595.03068401064 116994.77503128851 118195.03068401064 121795.03068401064 125395.03068401064 127794.77503128851 128995.03068401064 131394.77503128851 132595.03068401064 136195.03068401064 138594.77503128851 139795.03068401064 143395.03068401064 146654.07063368412 146994.96898801064 150594.96898801064 152994.77503128851 154194.96898801064 156594.77503128851 157794.96898801064 160194.77503128851 161394.96898801064 163794.77503128851 164994.96898801064 167394.77503128851 168594.96898801064 170994.77503128851 172194.96898801064 175794.96898801064 178194.77503128851 179394.96898801064 181794.77503128851 182235.42324647119 182994.96898801064 185394.77503128851 186594.96898801064 192594.77503128851 193794.96898801064 200994.96898801064 202854.60931130817 203394.77503128851 204594.96898801064 206994.77503128851 208194.96898801064 210594.77503128851 211794.96898801064 213836.16186157858 214194.77503128851 215394.96898801064 217794.77503128851 218994.96898801064 221394.77503128851 222594.96898801064 224994.77503128851 226194.96898801064 228594.77503128851 232194.77503128851 233394.96898801064 235794.77503128851 236994.96898801064 239394.77503128851 240594.96898801064 242994.77503128851 244194.96898801064 246594.77503128851 247794.96898801064 250194.77503128851 251394.96898801064 254994.96898801064 257394.77503128851 258594.96898801064 259123.83038623464","0.25678969033 0.14978161599 0.25678969033 0.14978161599 0.25678969033 0.14978161599 0.25678969033 0.14978161599 0.25678969033 0.14978161599 0.25678969033 0.14978161599 0.25678969033 0.14978161599 0.25678969033 0.14978161599 0.25678969033 0.14978161599 0.25678969033 0.14978161599 0.25678969033 0.14978161599 0.25678969033 0.14978161599 0.25678969033 0.14978161599 0.25678969033 0.14978161599 0.25678969033 0.14978161599 0.25678969033 0.14978161599 0.25678969033 0.14978161599 0.14978161599 0.25678969033 0.14978161599 0.08808564356 0.25678969033 0.14978161599 0.14978161599 0.14978169033 0.14978161599 0.14978161599 0.14978161599 0.14978169033 0.14978161599 0.14978161599 0.14978161599 0.14978161599 0.14978161599 0.14978169033 0.14978161599 0.14978169033 0.14978161599 0.14978161599 0.14978161599 0.14978169033 0.14978161599 0.14978169033 0.14978161599 0.14978161599 0.14978169033 0.14978161599 0.14978161599 0.08808558989 0.08808561599 0.08808561599 0.14978169033 0.08808561599 0.14978169033 0.08808561599 0.14978169033 0.08808561599 0.14978169033 0.08808561599 0.14978169033 0.08808561599 0.14978169033 0.08808561599 0.08808561599 0.14978169033 0.08808561599 0.14978169033 0.14978180591 0.08808561599 0.14978169033 0.08808561599 0.14978169033 0.08808561599 0.08808561599 0.14978180591 0.14978169033 0.08808561599 0.14978169033 0.08808561599 0.14978169033 0.08808561599 0.14978180591 0.14978169033 0.08808561599 0.14978169033 0.08808561599 0.14978169033 0.08808561599 0.14978169033 0.08808561599 0.14978169033 0.14978169033 0.08808561599 0.14978169033 0.08808561599 0.14978169033 0.08808561599 0.14978169033 0.08808561599 0.14978169033 0.08808561599 0.14978169033 0.08808561599 0.08808561599 0.14978169033 0.08808561599 0.08808558989"
General-10-20260516-23:14:20-3622,attr,LoRaNetworkTest.networkServer.app[0],delaySignal:vector,recordingmode,vector,,
General-10-20260516-23:14:20-3622,attr,LoRaNetworkTest.networkServer.app[0],delaySignal:vector,source,delaySignal,,
General-11-20260516-23:18:24-3631,vector,LoRaNetworkTest.networkServer.app[0],delaySignal:vector,,,"8712.98976422332 9601.48531175755 10534.76843758072 12312.98976422332 14134.76843758072 15912.98976422332 17734.76843758072 19512.98976422332 21334.76843758072 21645.23477279481 23112.98976422332 24934.76843758072 26712.98976422332 30312.98976422332 32134.76843758072 35734.76843758072 37512.98976422332 39334.76843758072 40042.68996760702 41112.98976422332 42934.76843758072 44712.98976422332 45393.44985989343 46534.76843758072 48312.98976422332 50134.76843758072 51912.98976422332 53734.76843758072 55512.98976422332 56765.437192026 59112.98976422332 60934.76843758072 62712.98976422332 64534.76843758072 68134.76843758072 69912.98976422332 71734.76843758072 73512.98976422332 75334.76843758072 77112.98976422332 78934.76843758072 79469.41063722785 80712.88275622332 82516.52131622445 82534.76843507672 84312.88275622332 87912.88275622332 89734.76843758072 91512.88275622332 93334.76843758072 95112.88275622332 96934.76843758072 98712.88275622332 100534.76843758072 102312.88275622332 104134.76843758072 105912.88275622332 107734.76843758072 111334.76843758072 113112.88275622332 114934.76843758072 118534.76843758072 120312.88275622332 122134.76843758072 125734.76843758072 129334.76843758072 131112.88275622332 132934.76843758072 134712.88275622332 136534.76843758072 140134.76843758072 145512.88275622332 147334.76843758072 150934.76843758072 154534.76843758072 156312.88275622332 161734.76843758072 163512.88275622332 165334.76843758072 167112.88275622332 168934.76843758072 169742.68812465016 172534.76843758072 174312.88275622332 176134.76843758072 177912.88275622332 179734.76843758072 181512.88275622332 183334.76843758072 185112.88275622332 186934.76843758072 188712.88275622332 190534.76843758072 192312.88275622332 194134.76843758072 195912.88275622332 197734.76843758072 199512.88275622332 201334.76843758072 203112.88275622332 204934.76843758072 206712.88275622332 208534.76843758072 210312.88275622332 212134.76843758072 213912.88275622332 215734.76843758072 217512.88275622332 219334.76843758072 221112.88275622332 222699.47778614326 222934.76843758072 224712.88275622332 228312.88275622332 230134.76843758072 231912.88275622332 232363.3160720432 233734.76843758072 235512.88275622332 237334.76843758072 239112.88275622332 240934.76843758072 242712.88275622332 244534.76843758072 246312.88275622332 248134.76843758072 249912.88275622332 251734.76843758072 253512.88275622332 255334.76843758072 257112.88275622332 258934.76843758072","0.25678969033 0.08808564356 0.14978161599 0.25678969033 0.14978161599 0.25678969033 0.14978161599 0.25678969033 0.14978161599 0.14978180591 0.25678969033 0.14978161599 0.25678969033 0.25678969033 0.14978161599 0.14978161599 0.25678969033 0.14978161599 0.08808564356 0.25678969033 0.14978161599 0.25678969033 0.14978180591 0.14978161599 0.25678969033 0.14978161599 0.25678969033 0.14978161599 0.25678969033 0.14978180591 0.25678969033 0.14978161599 0.25678969033 0.14978161599 0.14978161599 0.25678969033 0.14978161599 0.25678969033 0.14978161599 0.25678969033 0.14978161599 0.14978180591 0.14978169033 0.14978180591 0.14977911199 0.14978169033 0.14978169033 0.14978161599 0.14978169033 0.14978161599 0.14978169033 0.14978161599 0.14978169033 0.14978161599 0.14978169033 0.14978161599 0.14978169033 0.14978161599 0.14978161599 0.14978169033 0.14978161599 0.14978161599 0.14978169033 0.14978161599 0.14978161599 0.14978161599 0.14978169033 0.14978161599 0.14978169033 0.14978161599 0.14978161599 0.14978169033 0.14978161599 0.14978161599 0.14978161599 0.14978169033 0.14978161599 0.14978169033 0.14978161599 0.14978169033 0.14978161599 0.14978180591 0.14978161599 0.14978169033 0.14978161599 0.14978169033 0.14978161599 0.14978169033 0.14978161599 0.14978169033 0.14978161599 0.14978169033 0.14978161599 0.14978169033 0.14978161599 0.14978169033 0.14978161599 0.14978169033 0.14978161599 0.14978169033 0.14978161599 0.14978169033 0.14978161599 0.14978169033 0.14978161599 0.14978169033 0.14978161599 0.14978169033 0.14978161599 0.14978169033 0.08808564356 0.14978161599 0.14978169033 0.14978169033 0.14978161599 0.14978169033 0.14978180591 0.14978161599 0.14978169033 0.14978161599 0.14978169033 0.14978161599 0.14978169033 0.14978161599 0.14978169033 0.14978161599 0.14978169033 0.14978161599 0.14978169033 0.14978161599 0.14978169033 0.14978161599"
General-11-20260516-23:18:24-3631,attr,LoRaNetworkTest.networkServer.app[0],delaySignal:vector,recordingmode,vector,,
General-11-20260516-23:18:24-3631,attr,LoRaNetworkTest.networkServer.app[0],delaySignal:vector,source,delaySignal,,
General-12-20260516-23:22:30-3649,vector,LoRaNetworkTest.networkServer.app[0],delaySignal:vector,,,"9805.11627559136 10852.72665529557 13405.11627559136 14452.72665529557 17005.11627559136 18052.72665529557 20605.11627559136 24205.11627559136 25252.72665529557 27805.11627559136 28852.72665529557 31405.11627559136 32452.72665529557 35005.11627559136 37283.32893983831 38401.89837386865 38605.11627559136 39652.72665529557 42205.11627559136 43252.72665529557 45805.11627559136 46852.72665529557 49405.11627559136 50452.72665529557 53005.11627559136 56605.11627559136 57652.72665529557 60205.11627559136 61252.72665529557 63805.11627559136 64852.72665529557 67405.11627559136 68452.72665529557 71005.11627559136 72052.72665529557 74605.11627559136 75652.72665529557 78138.95332536112 78205.11627308736 79252.72665529557 81805.11627559136 82852.72665529557 85405.11627559136 89005.11627559136 90052.72665529557 92605.11627559136 93652.72665529557 96205.11627559136 97252.72665529557 99805.11627559136 100852.72665529557 103405.11627559136 104452.72665529557 107005.11627559136 108052.72665529557 110605.11627559136 111652.72665529557 114205.11627559136 115252.72665529557 117805.11627559136 118852.72665529557 120517.91248622525 121405.11627559136 122452.72665529557 125005.11627559136 126052.72665529557 128605.11627559136 129652.72665529557 132205.11627559136 133252.72665529557 135805.11627559136 136852.72665529557 139405.11627559136 140452.72665529557 144052.72665529557 146605.11627559136 147652.72665529557 150205.11627559136 151252.72665529557 153805.11627559136 154852.72665529557 157405.11627559136 158452.72665529557 161005.11627559136 162052.61964729557 164605.11627559136 165652.61964729557 168205.11627559136 171805.11627559136 172195.52567867671 175405.11627559136 179005.11627559136 180052.61964729557 182296.98598273115 182605.11627559136 183652.61964729557 186205.11627559136 189805.11627559136 193405.11627559136 197005.11627559136 198052.61964729557 200605.11627559136 201652.61964729557 204205.11627559136 205252.61964729557 207805.11627559136 211405.11627559136 212452.61964729557 213201.17456055347 215005.11627559136 216052.61964729557 218605.11627559136 219652.61964729557 223252.61964729557 225805.11627559136 226852.61964729557 229405.11627559136 230452.61964729557 233005.11627559136 234052.61964729557 236605.11627559136 237573.35213268878 237652.61964479157 240205.11627559136 244852.61964729557 247405.11627559136 251005.11627559136 251654.58671087451 252052.61964729557 254605.11627559136 258205.11627559136","0.14978161599 0.25678969033 0.14978161599 0.25678969033 0.14978161599 0.25678969033 0.14978161599 0.14978161599 0.25678969033 0.14978161599 0.25678969033 0.14978161599 0.25678969033 0.14978161599 0.08808564356 0.14978180591 0.14978161599 0.25678969033 0.14978161599 0.25678969033 0.14978161599 0.25678969033 0.14978161599 0.25678969033 0.14978161599 0.14978161599 0.25678969033 0.14978161599 0.25678969033 0.14978161599 0.25678969033 0.14978161599 0.25678969033 0.14978161599 0.25678969033 0.14978161599 0.25678969033 0.14978180591 0.14977911199 0.25678969033 0.14978161599 0.25678969033 0.14978161599 0.14978161599 0.25678969033 0.14978161599 0.25678969033 0.14978161599 0.25678969033 0.14978161599 0.25678969033 0.14978161599 0.25678969033 0.14978161599 0.25678969033 0.14978161599 0.25678969033 0.14978161599 0.25678969033 0.14978161599 0.25678969033 0.08808564356 0.14978161599 0.25678969033 0.14978161599 0.25678969033 0.14978161599 0.25678969033 0.14978161599 0.25678969033 0.14978161599 0.25678969033 0.14978161599 0.25678969033 0.25678969033 0.14978161599 0.25678969033 0.14978161599 0.25678969033 0.14978161599 0.25678969033 0.14978161599 0.25678969033 0.14978161599 0.14978169033 0.14978161599 0.14978169033 0.14978161599 0.14978161599 0.14978180591 0.14978161599 0.14978161599 0.14978169033 0.14978180591 0.14978161599 0.14978169033 0.14978161599 0.14978161599 0.14978161599 0.14978161599 0.14978169033 0.14978161599 0.14978169033 0.14978161599 0.14978169033 0.14978161599 0.14978161599 0.14978169033 0.14978180591 0.14978161599 0.14978169033 0.14978161599 0.14978169033 0.14978169033 0.14978161599 0.14978169033 0.14978161599 0.14978169033 0.14978161599 0.14978169033 0.14978161599 0.14978180591 0.14977918633 0.14978161599 0.14978169033 0.14978161599 0.14978161599 0.14978180591 0.14978169033 0.14978161599 0.14978161599"
General-12-20260516-23:22:30-3649,attr,LoRaNetworkTest.networkServer.app[0],delaySignal:vector,recordingmode,vector,,
General-12-20260516-23:22:30-3649,attr,LoRaNetworkTest.networkServer.app[0],delaySignal:vector,source,delaySignal,,
General-13-20260516-23:26:30-3656,vector,LoRaNetworkTest.networkServer.app[0],delaySignal:vector,,,"7845.10230243723 10701.62078945942 11445.10230243723 14301.62078945942 15045.10230243723 18645.10230243723 21501.62078945942 22245.10230243723 24578.51357455421 25101.62078945942 25845.10230243723 28701.62078945942 29445.10230243723 32301.62078945942 33045.10230243723 35901.62078945942 36645.10230243723 39501.62078945942 40245.10230243723 43101.62078945942 43845.10230243723 46701.62078945942 47445.10230243723 50301.62078945942 51045.10230243723 53901.62078945942 54645.10230243723 57501.62078945942 58245.10230243723 61101.62078945942 61845.10230243723 64701.62078945942 65445.10230243723 68301.62078945942 69045.10230243723 71901.62078945942 72645.10230243723 75501.62078945942 76245.10230243723 78055.16580173176 79101.62078945942 79845.10230243723 82701.62078945942 83445.10230243723 86301.62078945942 87045.10230243723 89901.62078945942 90645.10230243723 93501.62078945942 94245.10230243723 97101.62078945942 97845.10230243723 100701.62078945942 101445.10230243723 104301.62078945942 105045.10230243723 107901.62078945942 111501.62078945942 112245.10230243723 115101.62078945942 115845.10230243723 118701.62078945942 119445.10230243723 122301.62078945942 122794.6813435236 123045.10230243723 123968.62976186244 125901.62078945942 126645.10230243723 129501.62078945942 130245.10230243723 133101.62078945942 136701.62078945942 137445.10230243723 139378.19125896092 140301.62078945942 141045.10230243723 143901.62078945942 144645.10230243723 147501.62078945942 151101.62078945942 151845.10230243723 154701.62078945942 155445.10230243723 158301.62078945942 159045.10230243723 161901.62078945942 162645.10230243723 165501.62078945942 169845.10230243723 172701.62078945942 173445.10230243723 177045.10230243723 179901.62078945942 180645.10230243723 183501.62078945942 184245.10230243723 187101.62078945942 187845.10230243723 190701.62078945942 191445.10230243723 194301.62078945942 195045.10230243723 198645.10230243723 200678.06405142987 201501.62078945942 205101.62078945942 205845.10230243723 208701.62078945942 209445.10230243723 212301.62078945942 213045.10230243723 215901.62078945942 216645.10230243723 219501.62078945942 220245.10230243723 223101.62078945942 223845.10230243723 226701.62078945942 227445.10230243723 230301.62078945942 231045.10230243723 233901.51378145942 237501.51378145942 238245.04060643723 241845.04060643723 244701.51378145942 245445.04060643723 248301.51378145942 249045.04060643723 252645.04060643723","0.14978161599 0.25678969033 0.14978161599 0.25678969033 0.14978161599 0.14978161599 0.25678969033 0.14978161599 0.14978180591 0.25678969033 0.14978161599 0.25678969033 0.14978161599 0.25678969033 0.14978161599 0.25678969033 0.14978161599 0.25678969033 0.14978161599 0.25678969033 0.14978161599 0.25678969033 0.14978161599 0.25678969033 0.14978161599 0.25678969033 0.14978161599 0.25678969033 0.14978161599 0.25678969033 0.14978161599 0.25678969033 0.14978161599 0.25678969033 0.14978161599 0.25678969033 0.14978161599 0.25678969033 0.14978161599 0.14978180591 0.25678969033 0.14978161599 0.25678969033 0.14978161599 0.25678969033 0.14978161599 0.25678969033 0.14978161599 0.25678969033 0.14978161599 0.25678969033 0.14978161599 0.25678969033 0.14978161599 0.25678969033 0.14978161599 0.25678969033 0.25678969033 0.14978161599 0.25678969033 0.14978161599 0.25678969033 0.14978161599 0.25678969033 0.08808564356 0.14978161599 0.08808564356 0.25678969033 0.14978161599 0.25678969033 0.14978161599 0.25678969033 0.25678969033 0.14978161599 0.14978180591 0.25678969033 0.14978161599 0.25678969033 0.14978161599 0.25678969033 0.25678969033 0.14978161599 0.25678969033 0.14978161599 0.25678969033 0.14978161599 0.25678969033 0.14978161599 0.25678969033 0.14978161599 0.25678969033 0.14978161599 0.14978161599 0.25678969033 0.14978161599 0.25678969033 0.14978161599 0.25678969033 0.14978161599 0.25678969033 0.14978161599 0.25678969033 0.14978161599 0.14978161599 0.14978180591 0.25678969033 0.25678969033 0.14978161599 0.25678969033 0.14978161599 0.25678969033 0.14978161599 0.25678969033 0.14978161599 0.25678969033 0.14978161599 0.25678969033 0.14978161599 0.25678969033 0.14978161599 0.25678969033 0.14978161599 0.14978169033 0.14978169033 0.08808561599 0.08808561599 0.14978169033 0.08808561599 0.14978169033 0.08808561599 0.08808561599"
General-13-20260516-23:26:30-3656,attr,LoRaNetworkTest.networkServer.app[0],delaySignal:vector,recordingmode,vector,,
General-13-20260516-23:26:30-3656,attr,LoRaNetworkTest.networkServer.app[0],delaySignal:vector,source,delaySignal,,
General-14-20260516-23:30:15-3665,vector,LoRaNetworkTest.networkServer.app[0],delaySignal:vector,,,"7736.56817729171 8315.30613957949 11336.56817729171 11915.30613957949 14936.56817729171 15515.30613957949 18536.56817729171 19115.30613957949 19418.66384330928 22136.56817729171 22715.30613957949 25736.56817729171 26315.30613957949 29336.56817729171 29915.30613957949 32936.56817729171 33515.30613957949 36536.56817729171 37115.30613957949 40136.56817729171 40715.30613957949 43736.56817729171 44315.30613957949 47915.30613957949 50936.56817729171 51515.30613957949 54536.56817729171 55115.30613957949 58136.56817729171 58715.30613957949 61736.56817729171 65336.56817729171 65915.30613957949 68936.56817729171 69515.30613957949 72536.56817729171 73115.30613957949 76136.56817729171 79736.56817729171 83336.56817729171 86936.56817729171 90536.56817729171 91115.19913157949 94136.56817729171 94715.19913157949 97736.56817729171 98315.19913157949 101336.56817729171 101915.19913157949 104936.56817729171 105515.19913157949 108536.56817729171 109115.19913157949 112136.56817729171 115736.56817729171 116315.19913157949 119336.56817729171 119915.19913157949 122936.56817729171 126536.56817729171 127115.19913157949 130136.56817729171 130715.19913157949 133736.56817729171 134315.19913157949 137336.56817729171 137915.19913157949 140936.56817729171 141515.19913157949 144536.56817729171 145115.19913157949 151736.56817729171 152315.19913157949 155336.56817729171 155915.19913157949 158936.56817729171 159515.19913157949 162536.56817729171 163115.19913157949 166136.56817729171 169736.56817729171 176936.56817729171 177515.19913157949 180536.56817729171 181115.19913157949 184136.56817729171 184715.19913157949 187736.56817729171 188315.19913157949 191336.56817729171 191915.19913157949 193317.84068806896 194936.56817729171 195515.19913157949 199115.19913157949 202136.56817729171 202715.19913157949 205736.56817729171 206315.19913157949 209336.56817729171 209915.19913157949 212936.56817729171 213515.19913157949 216536.56817729171 217115.19913157949 220136.56817729171 220715.19913157949 220760.74975808383 223736.56817729171 224315.19913157949 227336.56817729171 227915.19913157949 230936.56817729171 231515.19913157949 234536.56817729171 235115.19913157949 238136.56817729171 238715.19913157949 242315.19913157949 245336.56817729171 245915.19913157949 248936.56817729171 249515.19913157949 252536.56817729171 253115.19913157949 256136.56817729171 256715.19913157949","0.14978161599 0.25678969033 0.14978161599 0.25678969033 0.14978161599 0.25678969033 0.14978161599 0.25678969033 0.08808564356 0.14978161599 0.25678969033 0.14978161599 0.25678969033 0.14978161599 0.25678969033 0.14978161599 0.25678969033 0.14978161599 0.25678969033 0.14978161599 0.25678969033 0.14978161599 0.25678969033 0.25678969033 0.14978161599 0.25678969033 0.14978161599 0.25678969033 0.14978161599 0.25678969033 0.14978161599 0.14978161599 0.25678969033 0.14978161599 0.25678969033 0.14978161599 0.25678969033 0.14978161599 0.14978161599 0.14978161599 0.14978161599 0.14978161599 0.14978169033 0.14978161599 0.14978169033 0.14978161599 0.14978169033 0.14978161599 0.14978169033 0.14978161599 0.14978169033 0.14978161599 0.14978169033 0.14978161599 0.14978161599 0.14978169033 0.14978161599 0.14978169033 0.14978161599 0.14978161599 0.14978169033 0.14978161599 0.14978169033 0.14978161599 0.14978169033 0.14978161599 0.14978169033 0.14978161599 0.14978169033 0.14978161599 0.14978169033 0.14978161599 0.14978169033 0.14978161599 0.14978169033 0.14978161599 0.14978169033 0.14978161599 0.14978169033 0.14978161599 0.14978161599 0.14978161599 0.14978169033 0.14978161599 0.14978169033 0.14978161599 0.14978169033 0.14978161599 0.14978169033 0.14978161599 0.14978169033 0.14978180591 0.14978161599 0.14978169033 0.14978169033 0.14978161599 0.14978169033 0.14978161599 0.14978169033 0.14978161599 0.14978169033 0.14978161599 0.14978169033 0.14978161599 0.14978169033 0.14978161599 0.14978169033 0.14977930191 0.14978161599 0.14978169033 0.14978161599 0.14978169033 0.14978161599 0.14978169033 0.14978161599 0.14978169033 0.14978161599 0.14978169033 0.14978169033 0.14978161599 0.14978169033 0.14978161599 0.14978169033 0.14978161599 0.14978169033 0.14978161599 0.14978169033"
General-14-20260516-23:30:15-3665,attr,LoRaNetworkTest.networkServer.app[0],delaySignal:vector,recordingmode,vector,,
General-14-20260516-23:30:15-3665,attr,LoRaNetworkTest.networkServer.app[0],delaySignal:vector,source,delaySignal,,
General-15-20260516-23:33:57-3673,vector,LoRaNetworkTest.networkServer.app[0],delaySignal:vector,,,"8191.70011368625 10147.15217937301 11791.70011368625 13747.15217937301 17347.15217937301 18991.70011368625 20947.15217937301 22591.70011368625 25242.16177561234 26191.70011368625 28147.15217937301 29791.70011368625 31747.15217937301 33391.70011368625 35347.15217937301 36991.70011368625 38947.15217937301 40591.70011368625 42547.15217937301 44191.70011368625 46147.15217937301 47791.70011368625 49747.15217937301 51391.70011368625 53347.15217937301 54991.70011368625 56947.15217937301 58591.70011368625 60547.15217937301 64147.15217937301 64343.83227816119 65791.70011368625 67743.3849609909 67747.15217686901 69391.70011368625 71347.15217937301 72991.70011368625 74947.15217937301 76591.70011368625 78547.15217937301 80191.59310568625 82147.15217937301 83791.59310568625 85747.15217937301 87391.59310568625 89347.15217937301 90991.59310568625 92947.15217937301 94591.59310568625 96547.15217937301 98191.59310568625 100147.15217937301 101791.59310568625 103747.15217937301 105391.59310568625 107347.15217937301 108991.59310568625 110947.15217937301 112591.59310568625 114547.15217937301 117056.28798358412 118147.15217937301 119791.59310568625 121747.15217937301 128947.15217937301 130591.59310568625 132547.15217937301 134191.59310568625 136147.15217937301 137791.59310568625 139747.15217937301 143347.15217937301 146947.15217937301 150547.15217937301 152191.59310568625 154147.15217937301 155791.59310568625 160840.09347983171 161347.15217937301 162991.59310568625 168547.15217937301 170191.59310568625 172147.15217937301 173791.59310568625 177391.59310568625 179347.15217937301 180991.59310568625 182947.15217937301 184591.59310568625 186547.15217937301 190147.15217937301 191791.59310568625 193747.15217937301 195391.59310568625 197347.15217937301 198991.59310568625 200947.15217937301 202591.59310568625 204547.15217937301 206191.59310568625 207149.62018724841 208147.15217937301 209791.59310568625 211747.15217937301 213391.59310568625 215347.15217937301 216991.59310568625 218947.15217937301 220591.59310568625 222547.15217937301 224191.59310568625 225712.73808188396 226147.15217937301 227791.59310568625 229747.15217937301 233347.15217937301 236947.15217937301 238591.59310568625 239415.62112861038 240547.15217937301 242191.59310568625 244147.15217937301 245791.59310568625 247747.15217937301 249391.59310568625 251347.15217937301 252991.59310568625 254947.15217937301 256591.59310568625 258547.15217937301","0.25678969033 0.14978161599 0.25678969033 0.14978161599 0.14978161599 0.25678969033 0.14978161599 0.25678969033 0.14978180591 0.25678969033 0.14978161599 0.25678969033 0.14978161599 0.25678969033 0.14978161599 0.25678969033 0.14978161599 0.25678969033 0.14978161599 0.25678969033 0.14978161599 0.25678969033 0.14978161599 0.25678969033 0.14978161599 0.25678969033 0.14978161599 0.25678969033 0.14978161599 0.14978161599 0.14978180591 0.25678969033 0.14978180591 0.14977911199 0.25678969033 0.14978161599 0.25678969033 0.14978161599 0.25678969033 0.14978161599 0.14978169033 0.14978161599 0.14978169033 0.14978161599 0.14978169033 0.14978161599 0.14978169033 0.14978161599 0.14978169033 0.14978161599 0.14978169033 0.14978161599 0.14978169033 0.14978161599 0.14978169033 0.14978161599 0.14978169033 0.14978161599 0.14978169033 0.14978161599 0.14978180591 0.14978161599 0.14978169033 0.14978161599 0.14978161599 0.14978169033 0.14978161599 0.14978169033 0.14978161599 0.14978169033 0.14978161599 0.14978161599 0.14978161599 0.14978161599 0.14978169033 0.14978161599 0.14978169033 0.14978180591 0.14978161599 0.14978169033 0.14978161599 0.14978169033 0.14978161599 0.14978169033 0.14978169033 0.14978161599 0.14978169033 0.14978161599 0.14978169033 0.14978161599 0.14978161599 0.14978169033 0.14978161599 0.14978169033 0.14978161599 0.14978169033 0.14978161599 0.14978169033 0.14978161599 0.14978169033 0.14978180591 0.14978161599 0.14978169033 0.14978161599 0.14978169033 0.14978161599 0.14978169033 0.14978161599 0.14978169033 0.14978161599 0.14978169033 0.08808564356 0.14978161599 0.14978169033 0.14978161599 0.14978161599 0.14978161599 0.14978169033 0.08808564356 0.14978161599 0.14978169033 0.14978161599 0.14978169033 0.14978161599 0.14978169033 0.14978161599 0.14978169033 0.14978161599 0.14978169033 0.14978161599"
General-15-20260516-23:33:57-3673,attr,LoRaNetworkTest.networkServer.app[0],delaySignal:vector,recordingmode,vector,,
General-15-20260516-23:33:57-3673,attr,LoRaNetworkTest.networkServer.app[0],delaySignal:vector,source,delaySignal,,
General-16-20260516-23:37:52-3679,vector,LoRaNetworkTest.networkServer.app[0],delaySignal:vector,,,"7701.25025965791 8498.88060403101 11402.29436129598 12098.88060403101 14901.25025965791 15698.88060403101 18501.25025965791 19298.88060403101 22101.25025965791 25701.25025965791 26498.88060403101 29301.25025965791 30098.88060403101 32901.25025965791 33698.88060403101 36501.25025965791 37298.88060403101 40101.25025965791 40898.88060403101 43701.25025965791 44498.88060403101 47301.25025965791 48098.88060403101 50901.25025965791 51698.88060403101 54501.25025965791 55298.88060403101 58101.25025965791 61701.25025965791 65301.25025965791 66098.88060403101 68901.25025965791 69406.19314638683 69698.88060403101 72501.25025965791 72765.7260494409 73298.88060403101 76101.25025965791 76898.88060403101 79701.25025965791 80498.88060403101 83301.25025965791 84098.88060403101 86901.25025965791 87698.88060403101 89503.21776933475 90501.25025965791 91298.88060403101 94101.25025965791 94898.88060403101 97701.25025965791 98498.88060403101 101301.25025965791 102098.88060403101 104901.25025965791 105698.88060403101 108501.25025965791 109298.88060403101 112101.25025965791 112898.88060403101 115701.25025965791 116498.88060403101 118528.38807183349 119301.25025965791 120098.88060403101 122901.25025965791 123698.88060403101 126501.25025965791 127134.93699700883 127298.88060403101 127404.2370329856 130101.25025965791 130898.88060403101 133701.25025965791 134498.88060403101 137301.25025965791 138098.88060403101 140901.25025965791 141698.88060403101 144501.25025965791 145298.88060403101 148101.25025965791 148898.88060403101 151701.25025965791 152498.88060403101 155301.25025965791 156098.77359603101 158901.25025965791 159698.77359603101 162501.25025965791 163298.77359603101 166101.25025965791 166898.77359603101 169701.25025965791 173301.25025965791 174098.77359603101 176901.25025965791 177698.77359603101 180501.25025965791 184101.25025965791 184898.77359603101 187701.25025965791 188498.77359603101 191301.25025965791 192098.77359603101 194901.25025965791 198501.25025965791 199298.77359603101 202101.25025965791 202898.77359603101 205701.25025965791 206498.77359603101 209301.25025965791 210098.77359603101 212901.25025965791 216501.25025965791 216985.15288541725 217298.77359603101 220101.25025965791 220898.77359603101 223284.11130177064 223701.25025965791 224498.77359603101 227301.25025965791 228098.77359603101 230901.25025965791 231698.77359603101 234501.25025965791 235298.77359603101 238101.25025965791 238898.77359603101 241701.25025965791 242498.77359603101 245301.25025965791 246098.77359603101 248901.25025965791 249698.77359603101 252501.25025965791 253298.77359603101 256101.25025965791","0.14978161599 0.25678969033 0.14978180591 0.25678969033 0.14978161599 0.25678969033 0.14978161599 0.25678969033 0.14978161599 0.14978161599 0.25678969033 0.14978161599 0.25678969033 0.14978161599 0.25678969033 0.14978161599 0.25678969033 0.14978161599 0.25678969033 0.14978161599 0.25678969033 0.14978161599 0.25678969033 0.14978161599 0.25678969033 0.14978161599 0.25678969033 0.14978161599 0.14978161599 0.14978161599 0.25678969033 0.14978161599 0.14978180591 0.25678969033 0.14978161599 0.14978180591 0.25678969033 0.14978161599 0.25678969033 0.14978161599 0.25678969033 0.14978161599 0.25678969033 0.14978161599 0.25678969033 0.14978180591 0.14978161599 0.25678969033 0.14978161599 0.25678969033 0.14978161599 0.25678969033 0.14978161599 0.25678969033 0.14978161599 0.25678969033 0.14978161599 0.25678969033 0.14978161599 0.25678969033 0.14978161599 0.25678969033 0.08808564356 0.14978161599 0.25678969033 0.14978161599 0.25678969033 0.14978161599 0.14978180591 0.25678969033 0.14977930191 0.14978161599 0.25678969033 0.14978161599 0.25678969033 0.14978161599 0.25678969033 0.14978161599 0.25678969033 0.14978161599 0.25678969033 0.14978161599 0.25678969033 0.14978161599 0.25678969033 0.14978161599 0.14978169033 0.14978161599 0.14978169033 0.14978161599 0.14978169033 0.14978161599 0.14978169033 0.14978161599 0.14978161599 0.14978169033 0.14978161599 0.14978169033 0.14978161599 0.14978161599 0.14978169033 0.14978161599 0.14978169033 0.14978161599 0.14978169033 0.14978161599 0.14978161599 0.14978169033 0.14978161599 0.14978169033 0.14978161599 0.14978169033 0.14978161599 0.14978169033 0.14978161599 0.14978161599 0.14978180591 0.14978169033 0.14978161599 0.14978169033 0.14978180591 0.14978161599 0.14978169033 0.14978161599 0.14978169033 0.14978161599 0.14978169033 0.14978161599 0.14978169033 0.14978161599 0.14978169033 0.14978161599 0.14978169033 0.14978161599 0.14978169033 0.14978161599 0.14978169033 0.14978161599 0.14978169033 0.14978161599"
General-16-20260516-23:37:52-3679,attr,LoRaNetworkTest.networkServer.app[0],delaySignal:vector,recordingmode,vector,,
General-16-20260516-23:37:52-3679,attr,LoRaNetworkTest.networkServer.app[0],delaySignal:vector,source,delaySignal,,
General-17-20260516-23:41:35-3686,vector,LoRaNetworkTest.networkServer.app[0],delaySignal:vector,,,"7632.69485788786 13633.40445312716 13704.70655616085 14759.40508836246 17233.40445312716 17304.70655616085 20833.40445312716 20904.70655616085 24433.40445312716 24504.70655616085 28033.40445312716 28104.70655616085 31633.40445312716 31704.70655616085 35233.40445312716 35304.70655616085 38833.40445312716 41871.63534289083 42433.40445312716 45620.25648563002 46033.40445312716 46104.70655616085 49633.40445312716 49704.70655616085 53233.40445312716 53304.70655616085 56833.40445312716 56904.70655616085 60433.40445312716 60504.70655616085 64033.40445312716 64104.70655616085 67633.40445312716 67704.70655616085 71233.40445312716 71304.70655616085 74833.40445312716 74904.70655616085 78433.40445312716 78504.70655616085 82033.40445312716 82104.70655616085 85633.40445312716 85704.70655616085 89233.40445312716 89304.70655616085 92833.40445312716 96433.40445312716 96504.70655616085 100033.40445312716 100104.70655616085 103633.40445312716 103704.70655616085 107233.40445312716 107304.70655616085 110833.40445312716 110904.70655616085 114433.40445312716 114504.70655616085 118033.40445312716 118104.70655616085 121633.40445312716 121704.70655616085 125233.40445312716 125304.70655616085 128904.70655866485 132433.40445312716 132504.70655616085 136033.40445312716 136104.70655616085 139633.40445312716 139704.70655616085 143233.40445312716 143304.70655616085 146833.40445312716 146904.70655616085 150433.40445312716 150504.70655616085 154033.29744512716 157704.70655866485 161233.29744512716 161304.70655616085 164904.70655866485 168504.70655866485 172033.29744512716 172104.70655616085 175633.29744512716 175704.70655616085 179304.70655866485 182833.29744512716 182904.70655616085 182905.20655616085 186433.29744512716 186504.70655616085 190033.29744512716 190104.70655616085 193633.29744512716 193704.70655616085 197233.29744512716 197304.70655616085 200823.52063848696 200833.29744262316 204433.29744512716 204504.70655616085 208104.70655866485 211704.70655866485 215233.29744512716 215304.70655616085 218833.29744512716 218904.70655616085 222504.70655866485 226104.70655866485 229633.29744512716 229704.70655616085 233233.29744512716 233304.70655616085 236833.29744512716 236904.70655616085 240433.29744512716 240504.70655616085 244033.29744512716 244104.70655616085 247633.29744512716 247704.70655616085 251304.70655866485 254833.29744512716 254904.70655616085 258433.29744512716 258504.70655616085","0.14978180591 0.25678969033 0.14977911199 0.14978180591 0.25678969033 0.14977911199 0.25678969033 0.14977911199 0.25678969033 0.14977911199 0.25678969033 0.14977911199 0.25678969033 0.14977911199 0.25678969033 0.14977911199 0.25678969033 0.14978180591 0.25678969033 0.08808564356 0.25678969033 0.14977911199 0.25678969033 0.14977911199 0.25678969033 0.14977911199 0.25678969033 0.14977911199 0.25678969033 0.14977911199 0.25678969033 0.14977911199 0.25678969033 0.14977911199 0.25678969033 0.14977911199 0.25678969033 0.14977911199 0.25678969033 0.14977911199 0.25678969033 0.14977911199 0.25678969033 0.14977911199 0.25678969033 0.14977911199 0.25678969033 0.25678969033 0.14977911199 0.25678969033 0.14977911199 0.25678969033 0.14977911199 0.25678969033 0.14977911199 0.25678969033 0.14977911199 0.25678969033 0.14977911199 0.25678969033 0.14977911199 0.25678969033 0.14977911199 0.25678969033 0.14977911199 0.14978161599 0.25678969033 0.14977911199 0.25678969033 0.14977911199 0.25678969033 0.14977911199 0.25678969033 0.14977911199 0.25678969033 0.14977911199 0.25678969033 0.14977911199 0.14978169033 0.14978161599 0.14978169033 0.14977911199 0.14978161599 0.14978161599 0.14978169033 0.14977911199 0.14978169033 0.14977911199 0.14978161599 0.14978169033 0.14977911199 0.34077813934 0.14978169033 0.14977911199 0.14978169033 0.14977911199 0.14978169033 0.14977911199 0.14978169033 0.14977911199 0.14978180591 0.14977918633 0.14978169033 0.14977911199 0.14978161599 0.14978161599 0.14978169033 0.14977911199 0.14978169033 0.14977911199 0.14978161599 0.14978161599 0.14978169033 0.14977911199 0.14978169033 0.14977911199 0.14978169033 0.14977911199 0.14978169033 0.14977911199 0.14978169033 0.14977911199 0.14978169033 0.14977911199 0.14978161599 0.14978169033 0.14977911199 0.14978169033 0.14977911199"
General-17-20260516-23:41:35-3686,attr,LoRaNetworkTest.networkServer.app[0],delaySignal:vector,recordingmode,vector,,
General-17-20260516-23:41:35-3686,attr,LoRaNetworkTest.networkServer.app[0],delaySignal:vector,source,delaySignal,,
General-18-20260516-23:45:29-3691,vector,LoRaNetworkTest.networkServer.app[0],delaySignal:vector,,,"10268.29583312429 10470.30093202885 13868.29583312429 14070.30093202885 17468.29583312429 17670.30093202885 21068.29583312429 21270.30093202885 24668.29583312429 24870.30093202885 28470.30093202885 31868.29583312429 32070.30093202885 35468.29583312429 35670.30093202885 39068.29583312429 39270.30093202885 42668.29583312429 42870.30093202885 46268.29583312429 46470.30093202885 49868.29583312429 50070.30093202885 53468.29583312429 53670.30093202885 57068.29583312429 57096.19285883958 57270.30093202885 60668.29583312429 60870.30093202885 64470.30093202885 67868.29583312429 68070.30093202885 71468.29583312429 71670.30093202885 75270.30093202885 75789.95522451122 78668.29583312429 78870.30093202885 82268.29583312429 82470.30093202885 86070.30093202885 89410.56380999282 89468.18882262029 89670.30093202885 93068.18882512429 93270.30093202885 96870.30093202885 100268.18882512429 100470.30093202885 104070.30093202885 107670.30093202885 111270.30093202885 114668.18882512429 114870.30093202885 118268.18882512429 118470.30093202885 121868.18882512429 122070.30093202885 125468.18882512429 125670.30093202885 132668.18882512429 136470.30093202885 140070.30093202885 143468.18882512429 143670.30093202885 147068.18882512429 147270.30093202885 150870.30093202885 154470.30093202885 158070.30093202885 161468.18882512429 161670.30093202885 165270.30093202885 168870.30093202885 172268.18882512429 172470.30093202885 175868.18882512429 176070.30093202885 179468.18882512429 179670.30093202885 179940.27853044335 183068.18882512429 183270.30093202885 183370.04725123147 186668.18882512429 190268.18882512429 193868.18882512429 196259.22244891072 197468.18882512429 197670.30093202885 201068.18882512429 201270.30093202885 204029.08132473198 204668.18882512429 204870.30093202885 207259.30669029821 208470.30093202885 211868.18882512429 212070.30093202885 215468.18882512429 215670.30093202885 217247.69397501449 219270.30093202885 222668.18882512429 222870.30093202885 226268.18882512429 226470.30093202885 229868.18882512429 230070.30093202885 233468.18882512429 233670.30093202885 237068.18882512429 237270.30093202885 240668.18882512429 240870.30093202885 244268.18882512429 244470.30093202885 247868.18882512429 248070.30093202885 250075.4709319293 251468.18882512429 251670.30093202885 255068.18882512429 258668.18882512429 258870.30093202885","0.25678969033 0.14978161599 0.25678969033 0.14978161599 0.25678969033 0.14978161599 0.25678969033 0.14978161599 0.25678969033 0.14978161599 0.14978161599 0.25678969033 0.14978161599 0.25678969033 0.14978161599 0.25678969033 0.14978161599 0.25678969033 0.14978161599 0.25678969033 0.14978161599 0.25678969033 0.14978161599 0.25678969033 0.14978161599 0.25678969033 0.08808313956 0.14978161599 0.25678969033 0.14978161599 0.14978161599 0.25678969033 0.14978161599 0.25678969033 0.14978161599 0.14978161599 0.08808564356 0.25678969033 0.14978161599 0.25678969033 0.14978161599 0.14978161599 0.14978180591 0.14977918633 0.14978161599 0.14978169033 0.14978161599 0.14978161599 0.14978169033 0.14978161599 0.14978161599 0.14978161599 0.14978161599 0.14978169033 0.14978161599 0.14978169033 0.14978161599 0.14978169033 0.14978161599 0.14978169033 0.14978161599 0.14978169033 0.14978161599 0.14978161599 0.14978169033 0.14978161599 0.14978169033 0.14978161599 0.14978161599 0.14978161599 0.14978161599 0.14978169033 0.14978161599 0.14978161599 0.14978161599 0.14978169033 0.14978161599 0.14978169033 0.14978161599 0.14978169033 0.14978161599 0.14978180591 0.14978169033 0.14978161599 0.14977930191 0.14978169033 0.14978169033 0.14978169033 0.14978180591 0.14978169033 0.14978161599 0.14978169033 0.14978161599 0.14978180591 0.14978169033 0.14978161599 0.14978180591 0.14978161599 0.14978169033 0.14978161599 0.14978169033 0.14978161599 0.14978180591 0.14978161599 0.14978169033 0.14978161599 0.14978169033 0.14978161599 0.14978169033 0.14978161599 0.14978169033 0.14978161599 0.14978169033 0.14978161599 0.14978169033 0.14978161599 0.14978169033 0.14978161599 0.14978169033 0.14978161599 0.14978180591 0.14978169033 0.14978161599 0.14978169033 0.14978169033 0.14978161599"
General-18-20260516-23:45:29-3691,attr,LoRaNetworkTest.networkServer.app[0],delaySignal:vector,recordingmode,vector,,
General-18-20260516-23:45:29-3691,attr,LoRaNetworkTest.networkServer.app[0],delaySignal:vector,source,delaySignal,,
General-19-20260516-23:49:23-3698,vector,LoRaNetworkTest.networkServer.app[0],delaySignal:vector,,,"8128.50937599834 8393.4644253277 11993.4644253277 15328.50937599834 15593.4644253277 18928.50937599834 19193.4644253277 22793.4644253277 26393.4644253277 29728.50937599834 29993.4644253277 33328.50937599834 33593.4644253277 36928.50937599834 37193.4644253277 40528.50937599834 40793.4644253277 44128.50937599834 44393.4644253277 47728.50937599834 51328.50937599834 51593.4644253277 54928.50937599834 55193.4644253277 58528.50937599834 62128.50937599834 62393.4644253277 65728.50937599834 65993.4644253277 69328.50937599834 72928.50937599834 73193.4644253277 76793.4644253277 80128.50937599834 80393.4644253277 83728.50937599834 83993.3574173277 87328.50937599834 91193.3574173277 94793.3574173277 97276.00550694676 98128.50937599834 101728.50937599834 101993.3574173277 105328.50937599834 105593.3574173277 108928.50937599834 112528.50937599834 116128.50937599834 119728.50937599834 119993.3574173277 123593.3574173277 124960.62500792391 126928.50937599834 127193.3574173277 130528.50937599834 130793.3574173277 134128.50937599834 134393.3574173277 137583.51923190953 137728.50937599834 141593.3574173277 144928.50937599834 145193.3574173277 148528.50937599834 152128.50937599834 155728.50937599834 162928.50937599834 163193.3574173277 166793.3574173277 170128.50937599834 170393.3574173277 173728.50937599834 173993.3574173277 177328.50937599834 180928.50937599834 181193.3574173277 184528.50937599834 184793.3574173277 188128.50937599834 188393.3574173277 191728.50937599834 191993.3574173277 195328.50937599834 198928.50937599834 199193.3574173277 202528.50937599834 202793.3574173277 206128.50937599834 206393.3574173277 209728.50937599834 213328.50937599834 213593.3574173277 216928.50937599834 217193.3574173277 220528.50937599834 220793.3574173277 221716.09686119426 224128.50937599834 224393.3574173277 227728.50937599834 227950.56351777629 227993.3574148237 231328.50937599834 231593.3574173277 234928.50937599834 235193.3574173277 238528.50937599834 238793.3574173277 242128.50937599834 245728.50937599834 245993.3574173277 249328.50937599834 249593.3574173277 252567.4325017046 252928.50937599834 253193.3574173277 256528.50937599834 256793.3574173277 257580.32275740464","0.14978161599 0.25678969033 0.25678969033 0.14978161599 0.25678969033 0.14978161599 0.25678969033 0.25678969033 0.25678969033 0.14978161599 0.25678969033 0.14978161599 0.25678969033 0.14978161599 0.25678969033 0.14978161599 0.25678969033 0.14978161599 0.25678969033 0.14978161599 0.14978161599 0.25678969033 0.14978161599 0.25678969033 0.14978161599 0.14978161599 0.25678969033 0.14978161599 0.25678969033 0.14978161599 0.14978161599 0.25678969033 0.25678969033 0.14978161599 0.25678969033 0.14978161599 0.14978169033 0.14978161599 0.14978169033 0.14978169033 0.08808564356 0.14978161599 0.14978161599 0.14978169033 0.14978161599 0.14978169033 0.14978161599 0.14978161599 0.14978161599 0.14978161599 0.14978169033 0.14978169033 0.14978180591 0.14978161599 0.14978169033 0.14978161599 0.14978169033 0.14978161599 0.14978169033 0.14978180591 0.14978161599 0.14978169033 0.14978161599 0.14978169033 0.14978161599 0.14978161599 0.14978161599 0.14978161599 0.14978169033 0.14978169033 0.14978161599 0.14978169033 0.14978161599 0.14978169033 0.14978161599 0.14978161599 0.14978169033 0.14978161599 0.14978169033 0.14978161599 0.14978169033 0.14978161599 0.14978169033 0.14978161599 0.14978161599 0.14978169033 0.14978161599 0.14978169033 0.14978161599 0.14978169033 0.14978161599 0.14978161599 0.14978169033 0.14978161599 0.14978169033 0.14978161599 0.14978169033 0.14978180591 0.14978161599 0.14978169033 0.14978161599 0.08808564356 0.14977918633 0.14978161599 0.14978169033 0.14978161599 0.14978169033 0.14978161599 0.14978169033 0.14978161599 0.14978161599 0.14978169033 0.14978161599 0.14978169033 0.08808564356 0.14978161599 0.14978169033 0.14978161599 0.14978169033 0.14978180591"
General-19-20260516-23:49:23-3698,attr,LoRaNetworkTest.networkServer.app[0],delaySignal:vector,recordingmode,vector,,
General-19-20260516-23:49:23-3698,attr,LoRaNetworkTest.networkServer.app[0],delaySignal:vector,source,delaySignal,,
General-1-20260516-22:39:03-3562,vector,LoRaNetworkTest.networkServer.app[0],delaySignal:vector,,,"7274.20913301266 7728.57800287239 7774.8798539053 8370.85466981931 10796.69563703756 11198.98904326602 11328.57800287239 14928.57800287239 17996.69563703756 18528.57800287239 21596.69563703756 22128.57800287239 25196.69563703756 25728.57800287239 28796.69563703756 29328.57800287239 32928.57800287239 35996.69563703756 36528.57800287239 39596.69563703756 40128.57800287239 43196.69563703756 43728.57800287239 47328.57800287239 50396.69563703756 50928.57800287239 53996.69563703756 54528.57800287239 58128.57800287239 60119.4225628638 61196.69563703756 61728.57800287239 64796.69563703756 65328.57800287239 68396.69563703756 68928.57800287239 71996.69563703756 72528.47099487239 73375.31531951502 75596.69563703756 79196.69563703756 79728.47099487239 82796.69563703756 86396.69563703756 89996.69563703756 90528.47099487239 93596.69563703756 97196.69563703756 97728.47099487239 100451.14655337005 100796.69563703756 101328.47099487239 104396.69563703756 104928.47099487239 105384.97153395338 107996.69563703756 108528.47099487239 111596.69563703756 115196.69563703756 115589.87525331914 115728.47099487239 118796.69563703756 119328.47099487239 122396.69563703756 122928.47099487239 125996.69563703756 126528.47099487239 129596.69563703756 130128.47099487239 133196.69563703756 133728.47099487239 140396.69563703756 140928.47099487239 143996.69563703756 144528.47099487239 147596.69563703756 151196.69563703756 151728.47099487239 154796.69563703756 155328.47099487239 158396.69563703756 158928.47099487239 161996.69563703756 162528.47099487239 163070.17005261293 165596.69563703756 169196.69563703756 172796.69563703756 173328.47099487239 176396.69563703756 176928.47099487239 179996.69563703756 180528.47099487239 183596.69563703756 184128.47099487239 187196.69563703756 187728.47099487239 190796.69563703756 194396.69563703756 194928.47099487239 197996.69563703756 198528.47099487239 201596.69563703756 202128.47099487239 205196.69563703756 205728.47099487239 208796.69563703756 209328.47099487239 212396.69563703756 212928.47099487239 215996.69563703756 216528.47099487239 219596.69563703756 223728.47099487239 227021.87246366191 227328.47099487239 230396.69563703756 230928.47099487239 233996.69563703756 234528.47099487239 237596.69563703756 238128.47099487239 241196.69563703756 241728.47099487239 242029.41721249915 244796.69563703756 245328.47099487239 248396.69563703756 248928.47099487239 251996.69563703756 252528.47099487239 255596.69563703756 256128.47099487239 259196.69563703756","0.14977930191 0.25678969033 0.14977930191 0.08808558989 0.14978161599 0.14978180591 0.25678969033 0.25678969033 0.14978161599 0.25678969033 0.14978161599 0.25678969033 0.14978161599 0.25678969033 0.14978161599 0.25678969033 0.25678969033 0.14978161599 0.25678969033 0.14978161599 0.25678969033 0.14978161599 0.25678969033 0.25678969033 0.14978161599 0.25678969033 0.14978161599 0.25678969033 0.25678969033 0.08808564356 0.14978161599 0.25678969033 0.14978161599 0.25678969033 0.14978161599 0.25678969033 0.14978161599 0.14978169033 0.14978180591 0.14978161599 0.14978161599 0.14978169033 0.14978161599 0.14978161599 0.14978161599 0.14978169033 0.14978161599 0.14978161599 0.14978169033 0.14978180591 0.14978161599 0.14978169033 0.14978161599 0.14978169033 0.14978180591 0.14978161599 0.14978169033 0.14978161599 0.14978161599 0.08808558989 0.14978169033 0.14978161599 0.14978169033 0.14978161599 0.14978169033 0.14978161599 0.14978169033 0.14978161599 0.14978169033 0.14978161599 0.14978169033 0.14978161599 0.14978169033 0.14978161599 0.14978169033 0.14978161599 0.14978161599 0.14978169033 0.14978161599 0.14978169033 0.14978161599 0.14978169033 0.14978161599 0.14978169033 0.08808564356 0.14978161599 0.14978161599 0.14978161599 0.14978169033 0.14978161599 0.14978169033 0.14978161599 0.14978169033 0.14978161599 0.14978169033 0.14978161599 0.14978169033 0.14978161599 0.14978161599 0.14978169033 0.14978161599 0.14978169033 0.14978161599 0.14978169033 0.14978161599 0.14978169033 0.14978161599 0.14978169033 0.14978161599 0.14978169033 0.14978161599 0.14978169033 0.14978161599 0.14978169033 0.14978180591 0.14978169033 0.14978161599 0.14978169033 0.14978161599 0.14978169033 0.14978161599 0.14978169033 0.14978161599 0.14978169033 0.14978180591 0.14978161599 0.14978169033 0.14978161599 0.14978169033 0.14978161599 0.14978169033 0.14978161599 0.14978169033 0.14978161599"
General-1-20260516-22:39:03-3562,attr,LoRaNetworkTest.networkServer.app[0],delaySignal:vector,recordingmode,vector,,
General-1-20260516-22:39:03-3562,attr,LoRaNetworkTest.networkServer.app[0],delaySignal:vector,source,delaySignal,,
General-2-20260516-22:43:06-3569,vector,LoRaNetworkTest.networkServer.app[0],delaySignal:vector,,,"8713.58087531336 8945.24652798246 12313.58087531336 12545.24652798246 15913.58087531336 16145.24652798246 19513.58087531336 19745.24652798246 23113.58087531336 23345.24652798246 26713.58087531336 26945.24652798246 30313.58087531336 30545.24652798246 33913.58087531336 34145.24652798246 34982.64138445367 37745.24652798246 41113.58087531336 41345.24652798246 44945.24652798246 48313.58087531336 48545.24652798246 51913.58087531336 52734.67305163416 55513.58087531336 55745.24652798246 59113.58087531336 59345.24652798246 62713.58087531336 62945.24652798246 64590.8671397566 70145.24652798246 73513.58087531336 73745.24652798246 77113.58087531336 77345.24652798246 80713.58087531336 80945.24652798246 84313.58087531336 84545.24652798246 91513.41217131336 91745.24652798246 98713.41217131336 98945.24652798246 102313.41217131336 102545.24652798246 105913.41217131336 106145.24652798246 109745.24652798246 113113.41217131336 113345.24652798246 116422.29116186307 116945.24652798246 120313.41217131336 120545.24652798246 123913.41217131336 124145.24652798246 127745.24652798246 131345.24652798246 134945.24652798246 135305.25439392847 138313.41217131336 142145.24652798246 145513.41217131336 145745.24652798246 149345.24652798246 152945.24652798246 155692.14890336872 156313.41217131336 156545.24652798246 157450.79445302223 160145.24652798246 163745.24652798246 167345.24652798246 170713.41217131336 170945.24652798246 174313.41217131336 174545.24652798246 178145.24652798246 181745.24652798246 185113.41217131336 185345.24652798246 188945.24652798246 192545.24652798246 196145.24652798246 199513.41217131336 199745.24652798246 206713.41217131336 206945.24652798246 210313.41217131336 210545.24652798246 213913.41217131336 214145.24652798246 217745.24652798246 217810.36809361108 221113.41217131336 221345.24652798246 224713.41217131336 228545.24652798246 232145.24652798246 235745.24652798246 239113.41217131336 242945.24652798246 246313.41217131336 246545.24652798246 249913.41217131336 250145.24652798246 253513.41217131336 253745.24652798246 257113.41217131336 257345.24652798246","0.25678969033 0.14978161599 0.25678969033 0.14978161599 0.25678969033 0.14978161599 0.25678969033 0.14978161599 0.25678969033 0.14978161599 0.25678969033 0.14978161599 0.25678969033 0.14978161599 0.25678969033 0.14978161599 0.08808564356 0.14978161599 0.25678969033 0.14978161599 0.14978161599 0.25678969033 0.14978161599 0.25678969033 0.14978180591 0.25678969033 0.14978161599 0.25678969033 0.14978161599 0.25678969033 0.14978161599 0.14978180591 0.14978161599 0.25678969033 0.14978161599 0.25678969033 0.14978161599 0.25678969033 0.14978161599 0.25678969033 0.14978161599 0.08808569033 0.14978161599 0.08808569033 0.14978161599 0.08808569033 0.14978161599 0.08808569033 0.14978161599 0.14978161599 0.08808569033 0.14978161599 0.14978180591 0.14978161599 0.08808569033 0.14978161599 0.08808569033 0.14978161599 0.14978161599 0.14978161599 0.14978161599 0.14978180591 0.08808569033 0.14978161599 0.08808569033 0.14978161599 0.14978161599 0.14978161599 0.08808564356 0.08808569033 0.14978161599 0.08808564356 0.14978161599 0.14978161599 0.14978161599 0.08808569033 0.14978161599 0.08808569033 0.14978161599 0.14978161599 0.14978161599 0.08808569033 0.14978161599 0.14978161599 0.14978161599 0.14978161599 0.08808569033 0.14978161599 0.08808569033 0.14978161599 0.08808569033 0.14978161599 0.08808569033 0.14978161599 0.14978161599 0.14977930191 0.08808569033 0.14978161599 0.08808569033 0.14978161599 0.14978161599 0.14978161599 0.08808569033 0.14978161599 0.08808569033 0.14978161599 0.08808569033 0.14978161599 0.08808569033 0.14978161599 0.08808569033 0.14978161599"
General-2-20260516-22:43:06-3569,attr,LoRaNetworkTest.networkServer.app[0],delaySignal:vector,recordingmode,vector,,
General-2-20260516-22:43:06-3569,attr,LoRaNetworkTest.networkServer.app[0],delaySignal:vector,source,delaySignal,,
General-3-20260516-22:46:51-3574,vector,LoRaNetworkTest.networkServer.app[0],delaySignal:vector,,,"9249.67055403213 10414.86583792649 12849.67055403213 14014.86583792649 16449.67055403213 17614.86583792649 20049.67055403213 21214.86583792649 24814.86583792649 27249.67055403213 28414.86583792649 30849.67055403213 32014.86583792649 34449.67055403213 35614.86583792649 38049.67055403213 39214.86583792649 41649.67055403213 42814.86583792649 45249.67055403213 48849.67055403213 50014.86583792649 56049.67055403213 59649.67055403213 60814.86583792649 63249.67055403213 64414.86583792649 66849.67055403213 68014.86583792649 70449.67055403213 71614.86583792649 74049.67055403213 75214.86583792649 78814.86583792649 81249.67055403213 82414.86583792649 83881.1370254584 84849.67055403213 86014.75882992649 88449.67055403213 89614.75882992649 93214.75882992649 95649.67055403213 96814.75882992649 98165.84082065343 99249.67055403213 100414.75882992649 104014.75882992649 106449.67055403213 107614.75882992649 110049.67055403213 113649.67055403213 114814.75882992649 117249.67055403213 118414.75882992649 120849.67055403213 122014.75882992649 124449.67055403213 125614.75882992649 131649.67055403213 132814.75882992649 134501.43575249567 135249.67055403213 136414.75882992649 137820.8139169492 138849.67055403213 142449.67055403213 146049.67055403213 147214.75882992649 149649.67055403213 150814.75882992649 153249.67055403213 156849.67055403213 158014.75882992649 160449.67055403213 161614.75882992649 164049.67055403213 167649.67055403213 168814.75882992649 171249.67055403213 172414.75882992649 174849.67055403213 176014.75882992649 178449.67055403213 179614.75882992649 182049.67055403213 183214.75882992649 185649.67055403213 186814.75882992649 189249.67055403213 190414.75882992649 190510.94710747024 192849.67055403213 194014.75882992649 195798.60533715753 196449.67055403213 197614.75882992649 203649.67055403213 204814.75882992649 208414.75882992649 210849.67055403213 212014.75882992649 215350.55995368384 218049.67055403213 219214.75882992649 221649.67055403213 222814.75882992649 225249.67055403213 226414.75882992649 228849.67055403213 229405.20305477536 230014.75882992649 232449.67055403213 233614.75882992649 236049.67055403213 239649.67055403213 240814.75882992649 243249.67055403213 244414.75882992649 246849.67055403213 248014.75882992649 250449.67055403213 254049.67055403213 257649.67055403213 258814.75882992649","0.14978161599 0.25678969033 0.14978161599 0.25678969033 0.14978161599 0.25678969033 0.14978161599 0.25678969033 0.25678969033 0.14978161599 0.25678969033 0.14978161599 0.25678969033 0.14978161599 0.25678969033 0.14978161599 0.25678969033 0.14978161599 0.25678969033 0.14978161599 0.14978161599 0.25678969033 0.14978161599 0.14978161599 0.25678969033 0.14978161599 0.25678969033 0.14978161599 0.25678969033 0.14978161599 0.25678969033 0.14978161599 0.25678969033 0.25678969033 0.14978161599 0.25678969033 0.14978180591 0.14978161599 0.14978169033 0.14978161599 0.14978169033 0.14978169033 0.14978161599 0.14978169033 0.14978180591 0.14978161599 0.14978169033 0.14978169033 0.14978161599 0.14978169033 0.14978161599 0.14978161599 0.14978169033 0.14978161599 0.14978169033 0.14978161599 0.14978169033 0.14978161599 0.14978169033 0.14978161599 0.14978169033 0.14978180591 0.14978161599 0.14978169033 0.08808564356 0.14978161599 0.14978161599 0.14978161599 0.14978169033 0.14978161599 0.14978169033 0.14978161599 0.14978161599 0.14978169033 0.14978161599 0.14978169033 0.14978161599 0.14978161599 0.14978169033 0.14978161599 0.14978169033 0.14978161599 0.14978169033 0.14978161599 0.14978169033 0.14978161599 0.14978169033 0.14978161599 0.14978169033 0.14978161599 0.14978169033 0.14977930191 0.14978161599 0.14978169033 0.08808558989 0.14978161599 0.14978169033 0.14978161599 0.14978169033 0.14978169033 0.14978161599 0.14978169033 0.14978180591 0.14978161599 0.14978169033 0.14978161599 0.14978169033 0.14978161599 0.14978169033 0.14978161599 0.08808564356 0.14978169033 0.14978161599 0.14978169033 0.14978161599 0.14978161599 0.14978169033 0.14978161599 0.14978169033 0.14978161599 0.14978169033 0.14978161599 0.14978161599 0.14978161599 0.14978169033"
General-3-20260516-22:46:51-3574,attr,LoRaNetworkTest.networkServer.app[0],delaySignal:vector,recordingmode,vector,,
General-3-20260516-22:46:51-3574,attr,LoRaNetworkTest.networkServer.app[0],delaySignal:vector,source,delaySignal,,
General-4-20260516-22:50:49-3580,vector,LoRaNetworkTest.networkServer.app[0],delaySignal:vector,,,"9392.67793482687 9712.08055730022 12992.67793482687 13312.08055730022 16592.67793482687 16912.08055730022 20512.08055730022 23792.67793482687 27392.67793482687 27712.08055730022 30992.67793482687 31312.08055730022 34592.67793482687 34912.08055730022 38512.08055730022 41792.67793482687 42112.08055730022 45392.67793482687 45712.08055730022 48992.67793482687 49312.08055730022 52592.67793482687 52912.08055730022 56192.67793482687 56512.08055730022 59792.67793482687 60112.08055730022 61213.39801689254 63283.00494878606 63392.67793232287 63712.08055730022 66992.67793482687 67312.08055730022 70592.67793482687 74512.08055730022 78112.08055730022 79896.24454416542 80812.2282912075 81392.67793482687 81712.08055730022 84992.67793482687 85312.08055730022 88592.67793482687 88912.08055730022 92192.67793482687 92512.08055730022 95792.67793482687 96112.08055730022 99392.67793482687 99712.08055730022 102992.67793482687 103312.08055730022 106592.67793482687 106912.08055730022 107830.29886438641 110192.67793482687 110512.08055730022 113792.67793482687 114112.08055730022 117392.67793482687 117712.08055730022 120992.67793482687 124592.67793482687 124912.08055730022 128192.67793482687 128512.08055730022 131792.67793482687 135392.67793482687 135712.08055730022 138992.67793482687 139312.08055730022 142592.67793482687 142912.08055730022 146192.67793482687 146512.08055730022 149792.67793482687 150112.08055730022 153392.67793482687 153712.08055730022 154910.10322455618 156992.67793482687 157312.08055730022 160256.33456322747 160300.26359516226 160592.67793482687 160912.08055730022 164192.67793482687 167792.67793482687 168111.97354930022 171247.0725032261 171392.67793482687 171711.97354930022 178592.67793482687 178911.97354930022 182192.67793482687 185467.00565289795 185792.67793482687 186886.0262798891 189392.67793482687 189711.97354930022 192992.67793482687 196592.67793482687 196911.97354930022 200192.67793482687 200511.97354930022 204111.97354930022 207392.67793482687 207711.97354930022 210992.67793482687 211311.97354930022 218192.67793482687 218511.97354930022 221792.67793482687 225392.67793482687 225563.27520948484 228992.67793482687 232592.67793482687 232911.97354930022 236192.67793482687 236511.97354930022 239792.67793482687 240111.97354930022 243392.67793482687 246992.67793482687 247311.97354930022 250592.67793482687 250911.97354930022 254192.67793482687 254511.97354930022 258111.97354930022","0.14978161599 0.25678969033 0.14978161599 0.25678969033 0.14978161599 0.25678969033 0.25678969033 0.14978161599 0.14978161599 0.25678969033 0.14978161599 0.25678969033 0.14978161599 0.25678969033 0.25678969033 0.14978161599 0.25678969033 0.14978161599 0.25678969033 0.14978161599 0.25678969033 0.14978161599 0.25678969033 0.14978161599 0.25678969033 0.14978161599 0.25678969033 0.14978180591 0.14978180591 0.14977911199 0.25678969033 0.14978161599 0.25678969033 0.14978161599 0.25678969033 0.25678969033 0.14978180591 0.14978180591 0.14978161599 0.25678969033 0.14978161599 0.25678969033 0.14978161599 0.25678969033 0.14978161599 0.25678969033 0.14978161599 0.25678969033 0.14978161599 0.25678969033 0.14978161599 0.25678969033 0.14978161599 0.25678969033 0.08808564356 0.14978161599 0.25678969033 0.14978161599 0.25678969033 0.14978161599 0.25678969033 0.14978161599 0.14978161599 0.25678969033 0.14978161599 0.25678969033 0.14978161599 0.14978161599 0.25678969033 0.14978161599 0.25678969033 0.14978161599 0.25678969033 0.14978161599 0.25678969033 0.14978161599 0.25678969033 0.14978161599 0.25678969033 0.14978180591 0.14978161599 0.25678969033 0.14978180591 0.14977930191 0.14978161599 0.25678969033 0.14978161599 0.14978161599 0.14978169033 0.14978180591 0.14978161599 0.14978169033 0.14978161599 0.14978169033 0.14978161599 0.14978180591 0.14978161599 0.14978180591 0.14978161599 0.14978169033 0.14978161599 0.14978161599 0.14978169033 0.14978161599 0.14978169033 0.14978169033 0.14978161599 0.14978169033 0.14978161599 0.14978169033 0.14978161599 0.14978169033 0.14978161599 0.14978161599 0.14978180591 0.14978161599 0.14978161599 0.14978169033 0.14978161599 0.14978169033 0.14978161599 0.14978169033 0.14978161599 0.14978161599 0.14978169033 0.14978161599 0.14978169033 0.14978161599 0.14978169033 0.14978169033"
General-4-20260516-22:50:49-3580,attr,LoRaNetworkTest.networkServer.app[0],delaySignal:vector,recordingmode,vector,,
General-4-20260516-22:50:49-3580,attr,LoRaNetworkTest.networkServer.app[0],delaySignal:vector,source,delaySignal,,
General-5-20260516-22:54:41-3586,vector,LoRaNetworkTest.networkServer.app[0],delaySignal:vector,,,"7277.92954535644 8131.54053644869 8958.53707364805 10726.1517730407 12558.53707364805 14326.1517730407 16158.53707364805 19758.53707364805 21526.1517730407 23358.53707364805 23908.70208709915 25126.1517730407 26958.53707364805 28726.1517730407 30558.53707364805 32326.1517730407 34158.53707364805 35926.1517730407 37758.53707364805 41358.53707364805 43126.1517730407 44958.53707364805 46726.1517730407 48558.53707364805 53926.1517730407 55758.53707364805 57526.1517730407 59358.53707364805 61126.1517730407 62958.53707364805 66558.53707364805 70158.53707364805 73758.53707364805 75526.1517730407 77217.34450268818 77358.53707364805 79126.1517730407 80958.53707364805 82726.1517730407 84558.53707364805 86326.1517730407 89926.1517730407 91758.53707364805 93526.1517730407 95358.53707364805 97126.1517730407 98958.53707364805 100157.61793494403 100726.1517730407 102558.53707364805 104326.1517730407 106158.53707364805 107926.1517730407 109758.53707364805 110192.8037066185 111526.1517730407 113358.53707364805 115126.1517730407 116958.53707364805 118726.1517730407 120558.53707364805 122326.1517730407 124158.53707364805 125926.1517730407 127758.53707364805 129526.1517730407 131358.53707364805 133126.1517730407 136726.1517730407 138558.53707364805 140326.1517730407 142158.53707364805 143926.1517730407 145758.53707364805 147526.1517730407 149358.53707364805 150475.76484434077 151126.1517730407 152958.53707364805 154726.1517730407 156558.43006564805 158326.1517730407 161926.1517730407 165526.1517730407 169126.1517730407 176326.1517730407 178158.43006564805 179926.1517730407 181758.43006564805 183526.1517730407 185358.43006564805 187728.49307757803 188958.43006564805 190726.1517730407 192558.43006564805 194326.1517730407 196158.43006564805 196413.84073761283 197926.1517730407 201526.1517730407 203358.43006564805 205126.1517730407 206958.43006564805 208726.1517730407 210558.43006564805 212326.1517730407 214158.43006564805 215926.1517730407 217758.43006564805 218338.98867514761 219526.1517730407 221358.43006564805 223126.1517730407 224958.43006564805 226726.1517730407 228558.43006564805 230326.1517730407 232675.11867833969 233926.1517730407 234481.78437389137 235758.43006564805 237526.1517730407 239358.43006564805 241126.1517730407 241228.4135152317 242958.43006564805 244726.1517730407 246558.43006564805 248326.1517730407 250158.43006564805 251926.1517730407 253758.43006564805 255526.1517730407 257358.43006564805 259126.1517730407","0.14978180591 0.08808564356 0.25678969033 0.14978161599 0.25678969033 0.14978161599 0.25678969033 0.25678969033 0.14978161599 0.25678969033 0.14978180591 0.14978161599 0.25678969033 0.14978161599 0.25678969033 0.14978161599 0.25678969033 0.14978161599 0.25678969033 0.25678969033 0.14978161599 0.25678969033 0.14978161599 0.25678969033 0.14978161599 0.25678969033 0.14978161599 0.25678969033 0.14978161599 0.25678969033 0.25678969033 0.25678969033 0.25678969033 0.14978161599 0.14978180591 0.25678969033 0.14978161599 0.25678969033 0.14978161599 0.25678969033 0.14978161599 0.14978161599 0.25678969033 0.14978161599 0.25678969033 0.14978161599 0.25678969033 0.08808558989 0.14978161599 0.25678969033 0.14978161599 0.25678969033 0.14978161599 0.25678969033 0.14978180591 0.14978161599 0.25678969033 0.14978161599 0.25678969033 0.14978161599 0.25678969033 0.14978161599 0.25678969033 0.14978161599 0.25678969033 0.14978161599 0.25678969033 0.14978161599 0.14978161599 0.25678969033 0.14978161599 0.25678969033 0.14978161599 0.25678969033 0.14978161599 0.25678969033 0.14978180591 0.14978161599 0.25678969033 0.14978161599 0.14978169033 0.14978161599 0.14978161599 0.14978161599 0.14978161599 0.14978161599 0.14978169033 0.14978161599 0.14978169033 0.14978161599 0.14978169033 0.14978180591 0.14978169033 0.14978161599 0.14978169033 0.14978161599 0.14978169033 0.14978180591 0.14978161599 0.14978161599 0.14978169033 0.14978161599 0.14978169033 0.14978161599 0.14978169033 0.14978161599 0.14978169033 0.14978161599 0.14978169033 0.08808558989 0.14978161599 0.14978169033 0.14978161599 0.14978169033 0.14978161599 0.14978169033 0.14978161599 0.08808564356 0.14978161599 0.08808558989 0.14978169033 0.14978161599 0.14978169033 0.14978161599 0.14977930191 0.14978169033 0.14978161599 0.14978169033 0.14978161599 0.14978169033 0.14978161599 0.14978169033 0.14978161599 0.14978169033 0.14978161599"
General-5-20260516-22:54:41-3586,attr,LoRaNetworkTest.networkServer.app[0],delaySignal:vector,recordingmode,vector,,
General-5-20260516-22:54:41-3586,attr,LoRaNetworkTest.networkServer.app[0],delaySignal:vector,source,delaySignal,,
General-6-20260516-22:58:45-3592,vector,LoRaNetworkTest.networkServer.app[0],delaySignal:vector,,,"7587.82082445033 8532.54363591369 10333.64114508905 12132.54363591369 14787.82082445033 15732.54363591369 18387.82082445033 21987.82082445033 22932.54363591369 25587.82082445033 26532.54363591369 29187.82082445033 30132.54363591369 32787.82082445033 33732.54363591369 36387.82082445033 37332.54363591369 39987.82082445033 43587.82082445033 44532.54363591369 47187.82082445033 48132.54363591369 50787.82082445033 51732.54363591369 54387.82082445033 55332.54363591369 58932.54363591369 61587.82082445033 62532.54363591369 65187.82082445033 66132.54363591369 68787.82082445033 69732.54363591369 73332.54363591369 76932.54363591369 79587.82082445033 80532.54363591369 83187.82082445033 86787.71381645033 87732.54363591369 90387.71381645033 91332.54363591369 93987.71381645033 94932.54363591369 97587.71381645033 98532.54363591369 102132.54363591369 104787.71381645033 105732.54363591369 108387.71381645033 109332.54363591369 111987.71381645033 112932.54363591369 115239.33993999793 115587.71381645033 116532.54363591369 120132.54363591369 123732.54363591369 126387.71381645033 127332.54363591369 130932.54363591369 133587.71381645033 134532.54363591369 138132.54363591369 140787.71381645033 141732.54363591369 144387.71381645033 145332.54363591369 147987.71381645033 148932.54363591369 151587.71381645033 152532.54363591369 155187.71381645033 158514.45770442226 159732.54363591369 163332.54363591369 166932.54363591369 170532.54363591369 171329.94607534324 173187.71381645033 177732.54363591369 181332.54363591369 183987.71381645033 184932.54363591369 187587.71381645033 188532.54363591369 192132.54363591369 194787.71381645033 195732.54363591369 198387.71381645033 199332.54363591369 202932.54363591369 205587.71381645033 206532.54363591369 209187.71381645033 210132.54363591369 212787.71381645033 213732.54363591369 216387.71381645033 217332.54363591369 219987.71381645033 220932.54363591369 227187.71381645033 228132.54363591369 230787.71381645033 231732.54363591369 234387.71381645033 235332.54363591369 237987.71381645033 238932.54363591369 241587.71381645033 242532.54363591369 245187.71381645033 246132.54363591369 248787.71381645033 249732.54363591369 252387.71381645033 253332.54363591369 255987.71381645033 256932.54363591369","0.25678969033 0.14978161599 0.14978180591 0.14978161599 0.25678969033 0.14978161599 0.25678969033 0.25678969033 0.14978161599 0.25678969033 0.14978161599 0.25678969033 0.14978161599 0.25678969033 0.14978161599 0.25678969033 0.14978161599 0.25678969033 0.25678969033 0.14978161599 0.25678969033 0.14978161599 0.25678969033 0.14978161599 0.25678969033 0.14978161599 0.14978161599 0.25678969033 0.14978161599 0.25678969033 0.14978161599 0.25678969033 0.14978161599 0.14978161599 0.14978161599 0.25678969033 0.14978161599 0.25678969033 0.14978169033 0.14978161599 0.14978169033 0.14978161599 0.14978169033 0.14978161599 0.14978169033 0.14978161599 0.14978161599 0.14978169033 0.14978161599 0.14978169033 0.14978161599 0.14978169033 0.14978161599 0.14978180591 0.14978169033 0.14978161599 0.14978161599 0.14978161599 0.14978169033 0.14978161599 0.14978161599 0.14978169033 0.14978161599 0.14978161599 0.14978169033 0.14978161599 0.14978169033 0.14978161599 0.14978169033 0.14978161599 0.14978169033 0.14978161599 0.14978169033 0.08808558989 0.14978161599 0.14978161599 0.14978161599 0.14978161599 0.14978180591 0.14978169033 0.14978161599 0.14978161599 0.14978169033 0.14978161599 0.14978169033 0.14978161599 0.14978161599 0.14978169033 0.14978161599 0.14978169033 0.14978161599 0.14978161599 0.14978169033 0.14978161599 0.14978169033 0.14978161599 0.14978169033 0.14978161599 0.14978169033 0.14978161599 0.14978169033 0.14978161599 0.14978169033 0.14978161599 0.14978169033 0.14978161599 0.14978169033 0.14978161599 0.14978169033 0.14978161599 0.14978169033 0.14978161599 0.14978169033 0.14978161599 0.14978169033 0.14978161599 0.14978169033 0.14978161599 0.14978169033 0.14978161599"
General-6-20260516-22:58:45-3592,attr,LoRaNetworkTest.networkServer.app[0],delaySignal:vector,recordingmode,vector,,
General-6-20260516-22:58:45-3592,attr,LoRaNetworkTest.networkServer.app[0],delaySignal:vector,source,delaySignal,,
General-7-20260516-23:02:29-3599,vector,LoRaNetworkTest.networkServer.app[0],delaySignal:vector,,,"8840.25544923316 10721.01904808588 14321.01904808588 16040.25544923316 17921.01904808588 19640.25544923316 21521.01904808588 23240.25544923316 24418.22431686258 25121.01904808588 26840.25544923316 28721.01904808588 30440.25544923316 32321.01904808588 34040.25544923316 35921.01904808588 37640.25544923316 39521.01904808588 41240.25544923316 43121.01904808588 44840.25544923316 46721.01904808588 48440.25544923316 50321.01904808588 52040.25544923316 53921.01904808588 55640.25544923316 57521.01904808588 59240.25544923316 61121.01904808588 62840.25544923316 64721.01904808588 66440.25544923316 68321.01904808588 70040.25544923316 73259.26603341902 75521.01904808588 77240.25544923316 79121.01904808588 80840.25544923316 82721.01904808588 84440.25544923316 86321.01904808588 88040.25544923316 89921.01904808588 93521.01904808588 95240.25544923316 97121.01904808588 98840.25544923316 100721.01904808588 101389.1812858701 102440.25544923316 104321.01904808588 106040.25544923316 108918.50237218656 109640.25544923316 111521.01904808588 113240.25544923316 116840.25544923316 118721.01904808588 120440.25544923316 120858.77302142396 122321.01904808588 124040.25544923316 125921.01904808588 127640.25544923316 129521.01904808588 131240.25544923316 133121.01904808588 134840.25544923316 136721.01904808588 138440.25544923316 142040.25544923316 145640.25544923316 147521.01904808588 149240.25544923316 151121.01904808588 152840.25544923316 154721.01904808588 156440.19375323316 158321.01904808588 160040.19375323316 161921.01904808588 163640.19375323316 165521.01904808588 169121.01904808588 171071.03831733873 172721.01904808588 174440.19375323316 176321.01904808588 179921.01904808588 181640.19375323316 183521.01904808588 185240.19375323316 187121.01904808588 188840.19375323316 190721.01904808588 192440.19375323316 192936.81644827387 194321.01904808588 196040.19375323316 197921.01904808588 199640.19375323316 201521.01904808588 203240.19375323316 205121.01904808588 206840.19375323316 208721.01904808588 212321.01904808588 214040.19375323316 214321.70513631347 215921.01904808588 217640.19375323316 219521.01904808588 221240.19375323316 223121.01904808588 226721.01904808588 228315.5896737046 228440.19375323316 230321.01904808588 232040.19375323316 233921.01904808588 235640.19375323316 237520.91204008588 241120.91204008588 242840.19375323316 244720.91204008588 246440.19375323316 248320.91204008588 250040.19375323316 251920.91204008588 253640.19375323316 257240.19375323316 259120.91204008588","0.14978161599 0.25678969033 0.25678969033 0.14978161599 0.25678969033 0.14978161599 0.25678969033 0.14978161599 0.14978180591 0.25678969033 0.14978161599 0.25678969033 0.14978161599 0.25678969033 0.14978161599 0.25678969033 0.14978161599 0.25678969033 0.14978161599 0.25678969033 0.14978161599 0.25678969033 0.14978161599 0.25678969033 0.14978161599 0.25678969033 0.14978161599 0.25678969033 0.14978161599 0.25678969033 0.14978161599 0.25678969033 0.14978161599 0.25678969033 0.14978161599 0.14978180591 0.25678969033 0.14978161599 0.25678969033 0.14978161599 0.25678969033 0.14978161599 0.25678969033 0.14978161599 0.25678969033 0.25678969033 0.14978161599 0.25678969033 0.14978161599 0.25678969033 0.14978180591 0.14978161599 0.25678969033 0.14978161599 0.08808564356 0.14978161599 0.25678969033 0.14978161599 0.14978161599 0.25678969033 0.14978161599 0.08808564356 0.25678969033 0.14978161599 0.25678969033 0.14978161599 0.25678969033 0.14978161599 0.25678969033 0.14978161599 0.25678969033 0.14978161599 0.14978161599 0.14978161599 0.25678969033 0.14978161599 0.25678969033 0.14978161599 0.25678969033 0.08808561599 0.25678969033 0.08808561599 0.25678969033 0.08808561599 0.25678969033 0.25678969033 0.14978180591 0.25678969033 0.08808561599 0.25678969033 0.25678969033 0.08808561599 0.25678969033 0.08808561599 0.25678969033 0.08808561599 0.25678969033 0.08808561599 0.14978180591 0.25678969033 0.08808561599 0.25678969033 0.08808561599 0.25678969033 0.08808561599 0.25678969033 0.08808561599 0.25678969033 0.25678969033 0.08808561599 0.08808564356 0.25678969033 0.08808561599 0.25678969033 0.08808561599 0.25678969033 0.25678969033 0.14978180591 0.08808561599 0.25678969033 0.08808561599 0.25678969033 0.08808561599 0.14978169033 0.14978169033 0.08808561599 0.14978169033 0.08808561599 0.14978169033 0.08808561599 0.14978169033 0.08808561599 0.08808561599 0.14978169033"
General-7-20260516-23:02:29-3599,attr,LoRaNetworkTest.networkServer.app[0],delaySignal:vector,recordingmode,vector,,
General-7-20260516-23:02:29-3599,attr,LoRaNetworkTest.networkServer.app[0],delaySignal:vector,source,delaySignal,,
General-8-20260516-23:06:30-3608,vector,LoRaNetworkTest.networkServer.app[0],delaySignal:vector,,,"8038.07876578577 10139.41040549945 11638.07876578577 13739.41040549945 13828.93959619276 15238.07876578577 17339.41040549945 18838.07876578577 20939.41040549945 22438.07876578577 24539.41040549945 26038.07876578577 28139.41040549945 31739.41040549945 33238.07876578577 35339.41040549945 36838.07876578577 38939.41040549945 40438.07876578577 42539.41040549945 46139.41040549945 47415.41708758932 47638.07876578577 49739.41040549945 51238.07876578577 54838.07876578577 56939.41040549945 58438.07876578577 60539.41040549945 62038.07876578577 65638.07876578577 67739.41040549945 69238.07876578577 71339.41040549945 72838.07876578577 74939.41040549945 76438.07876578577 78539.41040549945 82139.41040549945 85739.41040549945 87237.97175778577 89339.41040549945 90837.97175778577 92939.41040549945 94515.70765697278 98037.97175778577 100139.41040549945 101637.97175778577 103739.41040549945 105237.97175778577 107339.41040549945 108837.97175778577 112437.97175778577 114539.41040549945 116037.97175778577 118139.41040549945 121739.41040549945 123237.97175778577 125339.41040549945 126837.97175778577 128939.41040549945 132539.41040549945 136139.41040549945 139739.41040549945 141237.97175778577 143339.41040549945 144837.97175778577 146939.41040549945 148437.97175778577 150539.41040549945 154139.41040549945 157739.41040549945 159237.97175778577 161339.41040549945 162837.97175778577 164939.41040549945 165423.56199832057 166437.97175778577 168539.41040549945 170037.97175778577 172139.41040549945 173637.97175778577 175739.41040549945 177237.97175778577 179339.41040549945 184437.97175778577 186539.41040549945 190139.41040549945 191637.97175778577 193739.41040549945 195237.97175778577 197339.41040549945 198837.97175778577 200939.41040549945 202437.97175778577 204539.41040549945 205652.92391363699 206037.97175778577 208139.41040549945 209637.97175778577 211739.41040549945 216837.97175778577 218939.41040549945 220437.97175778577 222539.41040549945 224037.97175778577 226139.41040549945 227637.97175778577 229739.41040549945 231237.97175778577 233339.41040549945 234837.97175778577 236939.41040549945 238437.97175778577 238564.30442899727 240539.41040549945 242037.97175778577 244139.41040549945 245637.97175778577 247739.41040549945 249237.97175778577 251339.41040549945 252837.97175778577 254292.30198640762 254939.41040549945 258539.41040549945","0.25678969033 0.14978161599 0.25678969033 0.14978161599 0.14977930191 0.25678969033 0.14978161599 0.25678969033 0.14978161599 0.25678969033 0.14978161599 0.25678969033 0.14978161599 0.14978161599 0.25678969033 0.14978161599 0.25678969033 0.14978161599 0.25678969033 0.14978161599 0.14978161599 0.08808564356 0.25678969033 0.14978161599 0.25678969033 0.25678969033 0.14978161599 0.25678969033 0.14978161599 0.25678969033 0.25678969033 0.14978161599 0.25678969033 0.14978161599 0.25678969033 0.14978161599 0.25678969033 0.14978161599 0.14978161599 0.14978161599 0.14978169033 0.14978161599 0.14978169033 0.14978161599 0.08808564356 0.14978169033 0.14978161599 0.14978169033 0.14978161599 0.14978169033 0.14978161599 0.14978169033 0.14978169033 0.14978161599 0.14978169033 0.14978161599 0.14978161599 0.14978169033 0.14978161599 0.14978169033 0.14978161599 0.14978161599 0.14978161599 0.14978161599 0.14978169033 0.14978161599 0.14978169033 0.14978161599 0.14978169033 0.14978161599 0.14978161599 0.14978161599 0.14978169033 0.14978161599 0.14978169033 0.14978161599 0.14978180591 0.14978169033 0.14978161599 0.14978169033 0.14978161599 0.14978169033 0.14978161599 0.14978169033 0.14978161599 0.14978169033 0.14978161599 0.14978161599 0.14978169033 0.14978161599 0.14978169033 0.14978161599 0.14978169033 0.14978161599 0.14978169033 0.14978161599 0.14978180591 0.14978169033 0.14978161599 0.14978169033 0.14978161599 0.14978169033 0.14978161599 0.14978169033 0.14978161599 0.14978169033 0.14978161599 0.14978169033 0.14978161599 0.14978169033 0.14978161599 0.14978169033 0.14978161599 0.14978169033 0.14978180591 0.14978161599 0.14978169033 0.14978161599 0.14978169033 0.14978161599 0.14978169033 0.14978161599 0.14978169033 0.14978180591 0.14978161599 0.14978161599"
General-8-20260516-23:06:30-3608,attr,LoRaNetworkTest.networkServer.app[0],delaySignal:vector,recordingmode,vector,,
General-8-20260516-23:06:30-3608,attr,LoRaNetworkTest.networkServer.app[0],delaySignal:vector,source,delaySignal,,
General-9-20260516-23:10:21-3615,vector,LoRaNetworkTest.networkServer.app[0],delaySignal:vector,,,"7711.85672127686 8338.55730461474 11311.85672127686 11938.55730461474 14911.85672127686 15538.55730461474 18511.85672127686 19138.55730461474 22111.85672127686 22738.55730461474 25711.85672127686 26338.55730461474 29311.85672127686 29938.55730461474 30202.29203619325 30575.27610714055 32911.85672127686 33538.55730461474 40111.85672127686 40738.55730461474 43711.85672127686 44338.55730461474 47311.85672127686 47938.55730461474 50911.85672127686 51538.55730461474 54511.85672127686 55138.55730461474 58111.85672127686 61711.85672127686 62338.55730461474 65311.85672127686 65938.55730461474 68911.85672127686 69703.71078979493 72511.85672127686 73138.55730461474 73256.53585022755 73940.43921691836 76111.74971327686 80338.55730461474 83311.74971327686 86911.74971327686 87538.55730461474 88151.70052317351 90511.74971327686 91138.55730461474 94111.74971327686 97711.74971327686 98338.55730461474 101938.55730461474 104911.74971327686 108511.74971327686 109138.55730461474 112111.74971327686 112738.55730461474 115711.74971327686 116338.55730461474 119311.74971327686 119938.55730461474 122911.74971327686 123089.61539019586 123538.55730461474 127138.55730461474 130111.74971327686 130738.55730461474 134338.55730461474 141538.55730461474 145138.55730461474 148738.55730461474 149453.0744125578 151711.74971327686 152338.55730461474 155311.74971327686 155938.55730461474 158911.74971327686 159538.55730461474 162511.74971327686 163138.55730461474 166111.74971327686 166738.55730461474 169711.74971327686 170338.55730461474 173311.74971327686 173938.55730461474 176911.74971327686 177538.55730461474 180511.74971327686 181138.55730461474 184111.74971327686 184738.55730461474 187711.74971327686 188338.55730461474 191311.74971327686 191938.55730461474 194911.74971327686 195538.55730461474 197916.12988649424 198511.74971327686 199138.55730461474 202111.74971327686 202738.55730461474 205711.74971327686 206338.55730461474 209311.74971327686 209938.55730461474 212911.74971327686 213538.55730461474 216511.74971327686 217138.55730461474 220111.74971327686 223711.74971327686 224338.55730461474 227311.74971327686 227938.55730461474 230911.74971327686 234511.74971327686 235138.55730461474 238111.74971327686 238738.55730461474 241711.74971327686 242338.55730461474 245311.74971327686 245938.55730461474 248911.74971327686 249135.73416029918 249538.55730461474 252511.74971327686 253138.55730461474 256111.74971327686 256738.55730461474","0.25678969033 0.14978161599 0.25678969033 0.14978161599 0.25678969033 0.14978161599 0.25678969033 0.14978161599 0.25678969033 0.14978161599 0.25678969033 0.14978161599 0.25678969033 0.14978161599 0.14978180591 0.14978180591 0.25678969033 0.14978161599 0.25678969033 0.14978161599 0.25678969033 0.14978161599 0.25678969033 0.14978161599 0.25678969033 0.14978161599 0.25678969033 0.14978161599 0.25678969033 0.25678969033 0.14978161599 0.25678969033 0.14978161599 0.25678969033 0.14978180591 0.25678969033 0.14978161599 0.14977930191 0.14978180591 0.14978169033 0.14978161599 0.14978169033 0.14978169033 0.14978161599 0.14978180591 0.14978169033 0.14978161599 0.14978169033 0.14978169033 0.14978161599 0.14978161599 0.14978169033 0.14978169033 0.14978161599 0.14978169033 0.14978161599 0.14978169033 0.14978161599 0.14978169033 0.14978161599 0.14978169033 0.14978180591 0.14978161599 0.14978161599 0.14978169033 0.14978161599 0.14978161599 0.14978161599 0.14978161599 0.14978161599 0.14978180591 0.14978169033 0.14978161599 0.14978169033 0.14978161599 0.14978169033 0.14978161599 0.14978169033 0.14978161599 0.14978169033 0.14978161599 0.14978169033 0.14978161599 0.14978169033 0.14978161599 0.14978169033 0.14978161599 0.14978169033 0.14978161599 0.14978169033 0.14978161599 0.14978169033 0.14978161599 0.14978169033 0.14978161599 0.14978169033 0.14978161599 0.14978180591 0.14978169033 0.14978161599 0.14978169033 0.14978161599 0.14978169033 0.14978161599 0.14978169033 0.14978161599 0.14978169033 0.14978161599 0.14978169033 0.14978161599 0.14978169033 0.14978169033 0.14978161599 0.14978169033 0.14978161599 0.14978169033 0.14978169033 0.14978161599 0.14978169033 0.14978161599 0.14978169033 0.14978161599 0.14978169033 0.14978161599 0.14978169033 0.08808564356 0.14978161599 0.14978169033 0.14978161599 0.14978169033 0.14978161599"
General-9-20260516-23:10:21-3615,attr,LoRaNetworkTest.networkServer.app[0],delaySignal:vector,recordingmode,vector,,
General-9-20260516-23:10:21-3615,attr,LoRaNetworkTest.networkServer.app[0],delaySignal:vector,source,delaySignal,,
