run,type,module,name,attrname,attrvalue,value
General-13-20260516-23:26:30-3656,runattr,,,configname,General,
General-13-20260516-23:26:30-3656,runattr,,,datetime,20260516-23:26:30,
General-13-20260516-23:26:30-3656,runattr,,,datetimef,20260516-232630,
General-13-20260516-23:26:30-3656,runattr,,,experiment,General,
General-13-20260516-23:26:30-3656,runattr,,,inifile,n100-gw1.ini,
General-13-20260516-23:26:30-3656,runattr,,,iterationvars,"$0=""avg""",
General-13-20260516-23:26:30-3656,runattr,,,iterationvarsd,avg,
General-13-20260516-23:26:30-3656,runattr,,,iterationvarsf,avg-,
General-13-20260516-23:26:30-3656,runattr,,,measurement,"$0=""avg""",
General-13-20260516-23:26:30-3656,runattr,,,network,flora.simulations.LoRaNetworkTest,
General-13-20260516-23:26:30-3656,runattr,,,processid,3656,
General-13-20260516-23:26:30-3656,runattr,,,repetition,13,
General-13-20260516-23:26:30-3656,runattr,,,replication,#13,
General-13-20260516-23:26:30-3656,runattr,,,resultdir,results,
General-13-20260516-23:26:30-3656,runattr,,,runnumber,13,
General-13-20260516-23:26:30-3656,runattr,,,seedset,13,
General-13-20260516-23:26:30-3656,config,,,image-path,../../../inet4.4/images,
General-13-20260516-23:26:30-3656,config,,,network,flora.simulations.LoRaNetworkTest,
General-13-20260516-23:26:30-3656,config,,,output-vector-file,../results/n100-gw1-s13.ini.vec,
General-13-20260516-23:26:30-3656,config,,,**.maxTransmissionDuration,4s,
General-13-20260516-23:26:30-3656,config,,,**.energyDetection,-110dBm,
General-13-20260516-23:26:30-3656,config,,,**.vector-recording,true,
General-13-20260516-23:26:30-3656,config,,,rng-class,cMersenneTwister,
General-13-20260516-23:26:30-3656,config,,,**.loRaGW[*].numUdpApps,1,
General-13-20260516-23:26:30-3656,config,,,**.loRaGW[0].packetForwarder.localPort,2000,
General-13-20260516-23:26:30-3656,config,,,**.loRaGW[0].packetForwarder.destPort,1000,
General-13-20260516-23:26:30-3656,config,,,**.loRaGW[0].packetForwarder.destAddresses,"""networkServer""",
General-13-20260516-23:26:30-3656,config,,,**.loRaGW[0].packetForwarder.indexNumber,0,
General-13-20260516-23:26:30-3656,config,,,**.networkServer.numApps,1,
General-13-20260516-23:26:30-3656,config,,,**.networkServer.**.evaluateADRinServer,true,
General-13-20260516-23:26:30-3656,config,,,**.networkServer.app[0].typename,NetworkServerApp,
General-13-20260516-23:26:30-3656,config,,,**.networkServer.app[0].destAddresses,"""loRaGW[0]""",
General-13-20260516-23:26:30-3656,config,,,**.networkServer.app[0].destPort,2000,
General-13-20260516-23:26:30-3656,config,,,**.networkServer.app[0].localPort,1000,
General-13-20260516-23:26:30-3656,config,,,**.networkServer.app[0].adrMethod,"""avg""",
General-13-20260516-23:26:30-3656,config,,,**.numberOfPacketsToSend,0,
General-13-20260516-23:26:30-3656,config,,,sim-time-limit,3d,
General-13-20260516-23:26:30-3656,config,,,warmup-period,2h,
General-13-20260516-23:26:30-3656,config,,,simtime-resolution,-11,
General-13-20260516-23:26:30-3656,config,,,repeat,20,
General-13-20260516-23:26:30-3656,config,,,**.loRaNodes[{0..1}].app[0].timeToFirstPacket,"uniform(0h, 1h)",
General-13-20260516-23:26:30-3656,config,,,**.loRaNodes[{0..1}].app[0].timeToNextPacket,1h,
General-13-20260516-23:26:30-3656,config,,,**.loRaNodes[{2..3}].app[0].timeToFirstPacket,exponential(24h),
General-13-20260516-23:26:30-3656,config,,,**.loRaNodes[{2..3}].app[0].timeToNextPacket,exponential(24h),
General-13-20260516-23:26:30-3656,config,,,**.loRaNodes[{4..5}].app[0].timeToFirstPacket,exponential(4h),
General-13-20260516-23:26:30-3656,config,,,**.loRaNodes[{4..5}].app[0].timeToNextPacket,exponential(4h),
General-13-20260516-23:26:30-3656,config,,,**.alohaChannelModel,false,
General-13-20260516-23:26:30-3656,config,,,**.loRaNodes[*].**.initFromDisplayString,false,
General-13-20260516-23:26:30-3656,config,,,**.loRaNodes[*].**.evaluateADRinNode,true,
General-13-20260516-23:26:30-3656,config,,,**.loRaNodes[*].**initialLoRaBW,125 kHz,
General-13-20260516-23:26:30-3656,config,,,**.loRaNodes[*].**initialLoRaCR,4,
General-13-20260516-23:26:30-3656,config,,,**.loRaNodes[*].numApps,1,
General-13-20260516-23:26:30-3656,config,,,**.loRaNodes[*].app[0].typename,SimpleLoRaApp,
General-13-20260516-23:26:30-3656,config,,,**.LoRaGWNic.radio.iAmGateway,true,
General-13-20260516-23:26:30-3656,config,,,**.loRaGW[*].**.initFromDisplayString,false,
General-13-20260516-23:26:30-3656,config,,,**.loRaNodes[*].LoRaNic.radio.energyConsumer.typename,LoRaEnergyConsumer,
General-13-20260516-23:26:30-3656,config,,,**.loRaNodes[*].**.energySourceModule,"""^.IdealEpEnergyStorage""",
General-13-20260516-23:26:30-3656,config,,,**.loRaNodes[*].LoRaNic.radio.energyConsumer.configFile,"xmldoc(""../energyConsumptionParameters.xml"")",
General-13-20260516-23:26:30-3656,config,,,**.sigma,3.57,
General-13-20260516-23:26:30-3656,config,,,**.constraintAreaMinX,0m,
General-13-20260516-23:26:30-3656,config,,,**.constraintAreaMinY,0m,
General-13-20260516-23:26:30-3656,config,,,**.constraintAreaMinZ,0m,
General-13-20260516-23:26:30-3656,config,,,**.constraintAreaMaxZ,0m,
General-13-20260516-23:26:30-3656,config,,,LoRaNetworkTest.**.radio.separateTransmissionParts,false,
General-13-20260516-23:26:30-3656,config,,,LoRaNetworkTest.**.radio.separateReceptionParts,false,
General-13-20260516-23:26:30-3656,config,,,**.ipv4Delayer.config,"xmldoc(""../cloudDelays.xml"")",
General-13-20260516-23:26:30-3656,config,,,**.radio.radioMediumModule,"""LoRaMedium""",
General-13-20260516-23:26:30-3656,config,,,**.LoRaMedium.pathLossType,"""LoRaLogNormalShadowing""",
General-13-20260516-23:26:30-3656,config,,,**.minInterferenceTime,0s,
General-13-20260516-23:26:30-3656,config,,,**.displayAddresses,false,
General-13-20260516-23:26:30-3656,config,,,**.numberOfNodes,6,
General-13-20260516-23:26:30-3656,config,,,**.numberOfGateways,1,
General-13-20260516-23:26:30-3656,config,,,**.constraintAreaMaxX,2376.0m,
General-13-20260516-23:26:30-3656,config,,,**.constraintAreaMaxY,1090.0m,
General-13-20260516-23:26:30-3656,config,,,**.loRaGW[0].**.initialX,544.00m,
General-13-20260516-23:26:30-3656,config,,,**.loRaGW[0].**.initialY,544.00m,
General-13-20260516-23:26:30-3656,config,,,output-scalar-file,../results/n100-gw1-s13.ini.sca,
General-13-20260516-23:26:30-3656,config,,,**.loRaNodes[0..1].app[0].sendInterval,1h,
General-13-20260516-23:26:30-3656,config,,,**.loRaNodes[0].**.initialX,510.63m,
General-13-20260516-23:26:30-3656,config,,,**.loRaNodes[0].**.initialY,500.08m,
General-13-20260516-23:26:30-3656,config,,,**.loRaNodes[1].**.initialX,470.29m,
General-13-20260516-23:26:30-3656,config,,,**.loRaNodes[1].**.initialY,520.24m,
General-13-20260516-23:26:30-3656,config,,,**.loRaNodes[2].**.initialX,500.60m,
General-13-20260516-23:26:30-3656,config,,,**.loRaNodes[2].**.initialY,590.25m,
General-13-20260516-23:26:30-3656,config,,,**.loRaNodes[3].**.initialX,535.86m,
General-13-20260516-23:26:30-3656,config,,,**.loRaNodes[3].**.initialY,590.63m,
General-13-20260516-23:26:30-3656,config,,,**.loRaNodes[2..3].app[0].sendInterval,exponential(8760h),
General-13-20260516-23:26:30-3656,config,,,**.loRaNodes[4..5].app[0].sendInterval,exponential(4h),
General-13-20260516-23:26:30-3656,config,,,**.loRaNodes[4].**.initialX,650.85m,
General-13-20260516-23:26:30-3656,config,,,**.loRaNodes[4].**.initialY,510.11m,
General-13-20260516-23:26:30-3656,config,,,**.loRaNodes[5].**.initialX,680.27m,
General-13-20260516-23:26:30-3656,config,,,**.loRaNodes[5].**.initialY,520.84m,
General-13-20260516-23:26:30-3656,config,,,**.loRaNodes[0].**initialLoRaSF,8,
General-13-20260516-23:26:30-3656,config,,,**.loRaNodes[0].**initialLoRaTP,8dBm,
General-13-20260516-23:26:30-3656,config,,,**.loRaNodes[1].**initialLoRaSF,9,
General-13-20260516-23:26:30-3656,config,,,**.loRaNodes[1].**initialLoRaTP,8dBm,
General-13-20260516-23:26:30-3656,config,,,**.loRaNodes[2].**initialLoRaSF,7,
General-13-20260516-23:26:30-3656,config,,,**.loRaNodes[2].**initialLoRaTP,8dBm,
General-13-20260516-23:26:30-3656,config,,,**.loRaNodes[3].**initialLoRaSF,7,
General-13-20260516-23:26:30-3656,config,,,**.loRaNodes[3].**initialLoRaTP,2dBm,
General-13-20260516-23:26:30-3656,config,,,**.loRaNodes[4].**initialLoRaSF,8,
General-13-20260516-23:26:30-3656,config,,,**.loRaNodes[4].**initialLoRaTP,8dBm,
General-13-20260516-23:26:30-3656,config,,,**.loRaNodes[5].**initialLoRaSF,7,
General-13-20260516-23:26:30-3656,config,,,**.loRaNodes[5].**initialLoRaTP,2dBm,
General-13-20260516-23:26:30-3656,config,,,**.vector-recording,false,
General-13-20260516-23:26:30-3656,config,,,**.loRaGW[*].packetForwarder.highQueueLength.vector-recording,true,
General-13-20260516-23:26:30-3656,config,,,**.loRaGW[*].packetForwarder.lowQueueLength.vector-recording,true,
General-13-20260516-23:26:30-3656,config,,,**.networkServer.app[0].delaySignal.vector-recording,true,
General-13-20260516-23:26:30-3656,config,,,**.loRaNodes[*].app[0].packetsSent:scalar,true,
General-13-20260516-23:26:30-3656,config,,,**.networkServer.app[0].totalReceivedPackets:scalar,true,
General-13-20260516-23:26:30-3656,config,,,**.loRaGW[*].**.packetDropRate:scalar,true,
General-8-20260516-23:06:30-3608,runattr,,,configname,General,
General-8-20260516-23:06:30-3608,runattr,,,datetime,20260516-23:06:30,
General-8-20260516-23:06:30-3608,runattr,,,datetimef,20260516-230630,
General-8-20260516-23:06:30-3608,runattr,,,experiment,General,
General-8-20260516-23:06:30-3608,runattr,,,inifile,n100-gw1.ini,
General-8-20260516-23:06:30-3608,runattr,,,iterationvars,"$0=""avg""",
General-8-20260516-23:06:30-3608,runattr,,,iterationvarsd,avg,
General-8-20260516-23:06:30-3608,runattr,,,iterationvarsf,avg-,
General-8-20260516-23:06:30-3608,runattr,,,measurement,"$0=""avg""",
General-8-20260516-23:06:30-3608,runattr,,,network,flora.simulations.LoRaNetworkTest,
General-8-20260516-23:06:30-3608,runattr,,,processid,3608,
General-8-20260516-23:06:30-3608,runattr,,,repetition,8,
General-8-20260516-23:06:30-3608,runattr,,,replication,#8,
General-8-20260516-23:06:30-3608,runattr,,,resultdir,results,
General-8-20260516-23:06:30-3608,runattr,,,runnumber,8,
General-8-20260516-23:06:30-3608,runattr,,,seedset,8,
General-8-20260516-23:06:30-3608,config,,,image-path,../../../inet4.4/images,
General-8-20260516-23:06:30-3608,config,,,network,flora.simulations.LoRaNetworkTest,
General-8-20260516-23:06:30-3608,config,,,output-vector-file,../results/n100-gw1-s8.ini.vec,
General-8-20260516-23:06:30-3608,config,,,**.maxTransmissionDuration,4s,
General-8-20260516-23:06:30-3608,config,,,**.energyDetection,-110dBm,
General-8-20260516-23:06:30-3608,config,,,**.vector-recording,true,
General-8-20260516-23:06:30-3608,config,,,rng-class,cMersenneTwister,
General-8-20260516-23:06:30-3608,config,,,**.loRaGW[*].numUdpApps,1,
General-8-20260516-23:06:30-3608,config,,,**.loRaGW[0].packetForwarder.localPort,2000,
General-8-20260516-23:06:30-3608,config,,,**.loRaGW[0].packetForwarder.destPort,1000,
General-8-20260516-23:06:30-3608,config,,,**.loRaGW[0].packetForwarder.destAddresses,"""networkServer""",
General-8-20260516-23:06:30-3608,config,,,**.loRaGW[0].packetForwarder.indexNumber,0,
General-8-20260516-23:06:30-3608,config,,,**.networkServer.numApps,1,
General-8-20260516-23:06:30-3608,config,,,**.networkServer.**.evaluateADRinServer,true,
General-8-20260516-23:06:30-3608,config,,,**.networkServer.app[0].typename,NetworkServerApp,
General-8-20260516-23:06:30-3608,config,,,**.networkServer.app[0].destAddresses,"""loRaGW[0]""",
General-8-20260516-23:06:30-3608,config,,,**.networkServer.app[0].destPort,2000,
General-8-20260516-23:06:30-3608,config,,,**.networkServer.app[0].localPort,1000,
General-8-20260516-23:06:30-3608,config,,,**.networkServer.app[0].adrMethod,"""avg""",
General-8-20260516-23:06:30-3608,config,,,**.numberOfPacketsToSend,0,
General-8-20260516-23:06:30-3608,config,,,sim-time-limit,3d,
General-8-20260516-23:06:30-3608,config,,,warmup-period,2h,
General-8-20260516-23:06:30-3608,config,,,simtime-resolution,-11,
General-8-20260516-23:06:30-3608,config,,,repeat,20,
General-8-20260516-23:06:30-3608,config,,,**.loRaNodes[{0..1}].app[0].timeToFirstPacket,"uniform(0h, 1h)",
General-8-20260516-23:06:30-3608,config,,,**.loRaNodes[{0..1}].app[0].timeToNextPacket,1h,
General-8-20260516-23:06:30-3608,config,,,**.loRaNodes[{2..3}].app[0].timeToFirstPacket,exponential(24h),
General-8-20260516-23:06:30-3608,config,,,**.loRaNodes[{2..3}].app[0].timeToNextPacket,exponential(24h),
General-8-20260516-23:06:30-3608,config,,,**.loRaNodes[{4..5}].app[0].timeToFirstPacket,exponential(4h),
General-8-20260516-23:06:30-3608,config,,,**.loRaNodes[{4..5}].app[0].timeToNextPacket,exponential(4h),
General-8-20260516-23:06:30-3608,config,,,**.alohaChannelModel,false,
General-8-20260516-23:06:30-3608,config,,,**.loRaNodes[*].**.initFromDisplayString,false,
General-8-20260516-23:06:30-3608,config,,,**.loRaNodes[*].**.evaluateADRinNode,true,
General-8-20260516-23:06:30-3608,config,,,**.loRaNodes[*].**initialLoRaBW,125 kHz,
General-8-20260516-23:06:30-3608,config,,,**.loRaNodes[*].**initialLoRaCR,4,
General-8-20260516-23:06:30-3608,config,,,**.loRaNodes[*].numApps,1,
General-8-20260516-23:06:30-3608,config,,,**.loRaNodes[*].app[0].typename,SimpleLoRaApp,
General-8-20260516-23:06:30-3608,config,,,**.LoRaGWNic.radio.iAmGateway,true,
General-8-20260516-23:06:30-3608,config,,,**.loRaGW[*].**.initFromDisplayString,false,
General-8-20260516-23:06:30-3608,config,,,**.loRaNodes[*].LoRaNic.radio.energyConsumer.typename,LoRaEnergyConsumer,
General-8-20260516-23:06:30-3608,config,,,**.loRaNodes[*].**.energySourceModule,"""^.IdealEpEnergyStorage""",
General-8-20260516-23:06:30-3608,config,,,**.loRaNodes[*].LoRaNic.radio.energyConsumer.configFile,"xmldoc(""../energyConsumptionParameters.xml"")",
General-8-20260516-23:06:30-3608,config,,,**.sigma,3.57,
General-8-20260516-23:06:30-3608,config,,,**.constraintAreaMinX,0m,
General-8-20260516-23:06:30-3608,config,,,**.constraintAreaMinY,0m,
General-8-20260516-23:06:30-3608,config,,,**.constraintAreaMinZ,0m,
General-8-20260516-23:06:30-3608,config,,,**.constraintAreaMaxZ,0m,
General-8-20260516-23:06:30-3608,config,,,LoRaNetworkTest.**.radio.separateTransmissionParts,false,
General-8-20260516-23:06:30-3608,config,,,LoRaNetworkTest.**.radio.separateReceptionParts,false,
General-8-20260516-23:06:30-3608,config,,,**.ipv4Delayer.config,"xmldoc(""../cloudDelays.xml"")",
General-8-20260516-23:06:30-3608,config,,,**.radio.radioMediumModule,"""LoRaMedium""",
General-8-20260516-23:06:30-3608,config,,,**.LoRaMedium.pathLossType,"""LoRaLogNormalShadowing""",
General-8-20260516-23:06:30-3608,config,,,**.minInterferenceTime,0s,
General-8-20260516-23:06:30-3608,config,,,**.displayAddresses,false,
General-8-20260516-23:06:30-3608,config,,,**.numberOfNodes,6,
General-8-20260516-23:06:30-3608,config,,,**.numberOfGateways,1,
General-8-20260516-23:06:30-3608,config,,,**.constraintAreaMaxX,2376.0m,
General-8-20260516-23:06:30-3608,config,,,**.constraintAreaMaxY,1090.0m,
General-8-20260516-23:06:30-3608,config,,,**.loRaGW[0].**.initialX,544.00m,
General-8-20260516-23:06:30-3608,config,,,**.loRaGW[0].**.initialY,544.00m,
General-8-20260516-23:06:30-3608,config,,,output-scalar-file,../results/n100-gw1-s8.ini.sca,
General-8-20260516-23:06:30-3608,config,,,**.loRaNodes[0..1].app[0].sendInterval,1h,
General-8-20260516-23:06:30-3608,config,,,**.loRaNodes[0].**.initialX,510.63m,
General-8-20260516-23:06:30-3608,config,,,**.loRaNodes[0].**.initialY,500.08m,
General-8-20260516-23:06:30-3608,config,,,**.loRaNodes[1].**.initialX,470.29m,
General-8-20260516-23:06:30-3608,config,,,**.loRaNodes[1].**.initialY,520.24m,
General-8-20260516-23:06:30-3608,config,,,**.loRaNodes[2].**.initialX,500.60m,
General-8-20260516-23:06:30-3608,config,,,**.loRaNodes[2].**.initialY,590.25m,
General-8-20260516-23:06:30-3608,config,,,**.loRaNodes[3].**.initialX,535.86m,
General-8-20260516-23:06:30-3608,config,,,**.loRaNodes[3].**.initialY,590.63m,
General-8-20260516-23:06:30-3608,config,,,**.loRaNodes[2..3].app[0].sendInterval,exponential(8760h),
General-8-20260516-23:06:30-3608,config,,,**.loRaNodes[4..5].app[0].sendInterval,exponential(4h),
General-8-20260516-23:06:30-3608,config,,,**.loRaNodes[4].**.initialX,650.85m,
General-8-20260516-23:06:30-3608,config,,,**.loRaNodes[4].**.initialY,510.11m,
General-8-20260516-23:06:30-3608,config,,,**.loRaNodes[5].**.initialX,680.27m,
General-8-20260516-23:06:30-3608,config,,,**.loRaNodes[5].**.initialY,520.84m,
General-8-20260516-23:06:30-3608,config,,,**.loRaNodes[0].**initialLoRaSF,8,
General-8-20260516-23:06:30-3608,config,,,**.loRaNodes[0].**initialLoRaTP,8dBm,
General-8-20260516-23:06:30-3608,config,,,**.loRaNodes[1].**initialLoRaSF,9,
General-8-20260516-23:06:30-3608,config,,,**.loRaNodes[1].**initialLoRaTP,8dBm,
General-8-20260516-23:06:30-3608,config,,,**.loRaNodes[2].**initialLoRaSF,7,
General-8-20260516-23:06:30-3608,config,,,**.loRaNodes[2].**initialLoRaTP,8dBm,
General-8-20260516-23:06:30-3608,config,,,**.loRaNodes[3].**initialLoRaSF,7,
General-8-20260516-23:06:30-3608,config,,,**.loRaNodes[3].**initialLoRaTP,2dBm,
General-8-20260516-23:06:30-3608,config,,,**.loRaNodes[4].**initialLoRaSF,8,
General-8-20260516-23:06:30-3608,config,,,**.loRaNodes[4].**initialLoRaTP,8dBm,
General-8-20260516-23:06:30-3608,config,,,**.loRaNodes[5].**initialLoRaSF,7,
General-8-20260516-23:06:30-3608,config,,,**.loRaNodes[5].**initialLoRaTP,2dBm,
General-8-20260516-23:06:30-3608,config,,,**.vector-recording,false,
General-8-20260516-23:06:30-3608,config,,,**.loRaGW[*].packetForwarder.highQueueLength.vector-recording,true,
General-8-20260516-23:06:30-3608,config,,,**.loRaGW[*].packetForwarder.lowQueueLength.vector-recording,true,
General-8-20260516-23:06:30-3608,config,,,**.networkServer.app[0].delaySignal.vector-recording,true,
General-8-20260516-23:06:30-3608,config,,,**.loRaNodes[*].app[0].packetsSent:scalar,true,
General-8-20260516-23:06:30-3608,config,,,**.networkServer.app[0].totalReceivedPackets:scalar,true,
General-8-20260516-23:06:30-3608,config,,,**.loRaGW[*].**.packetDropRate:scalar,true,
General-19-20260516-23:49:23-3698,runattr,,,configname,General,
General-19-20260516-23:49:23-3698,runattr,,,datetime,20260516-23:49:23,
General-19-20260516-23:49:23-3698,runattr,,,datetimef,20260516-234923,
General-19-20260516-23:49:23-3698,runattr,,,experiment,General,
General-19-20260516-23:49:23-3698,runattr,,,inifile,n100-gw1.ini,
General-19-20260516-23:49:23-3698,runattr,,,iterationvars,"$0=""avg""",
General-19-20260516-23:49:23-3698,runattr,,,iterationvarsd,avg,
General-19-20260516-23:49:23-3698,runattr,,,iterationvarsf,avg-,
General-19-20260516-23:49:23-3698,runattr,,,measurement,"$0=""avg""",
General-19-20260516-23:49:23-3698,runattr,,,network,flora.simulations.LoRaNetworkTest,
General-19-20260516-23:49:23-3698,runattr,,,processid,3698,
General-19-20260516-23:49:23-3698,runattr,,,repetition,19,
General-19-20260516-23:49:23-3698,runattr,,,replication,#19,
General-19-20260516-23:49:23-3698,runattr,,,resultdir,results,
General-19-20260516-23:49:23-3698,runattr,,,runnumber,19,
General-19-20260516-23:49:23-3698,runattr,,,seedset,19,
General-19-20260516-23:49:23-3698,config,,,image-path,../../../inet4.4/images,
General-19-20260516-23:49:23-3698,config,,,network,flora.simulations.LoRaNetworkTest,
General-19-20260516-23:49:23-3698,config,,,output-vector-file,../results/n100-gw1-s19.ini.vec,
General-19-20260516-23:49:23-3698,config,,,**.maxTransmissionDuration,4s,
General-19-20260516-23:49:23-3698,config,,,**.energyDetection,-110dBm,
General-19-20260516-23:49:23-3698,config,,,**.vector-recording,true,
General-19-20260516-23:49:23-3698,config,,,rng-class,cMersenneTwister,
General-19-20260516-23:49:23-3698,config,,,**.loRaGW[*].numUdpApps,1,
General-19-20260516-23:49:23-3698,config,,,**.loRaGW[0].packetForwarder.localPort,2000,
General-19-20260516-23:49:23-3698,config,,,**.loRaGW[0].packetForwarder.destPort,1000,
General-19-20260516-23:49:23-3698,config,,,**.loRaGW[0].packetForwarder.destAddresses,"""networkServer""",
General-19-20260516-23:49:23-3698,config,,,**.loRaGW[0].packetForwarder.indexNumber,0,
General-19-20260516-23:49:23-3698,config,,,**.networkServer.numApps,1,
General-19-20260516-23:49:23-3698,config,,,**.networkServer.**.evaluateADRinServer,true,
General-19-20260516-23:49:23-3698,config,,,**.networkServer.app[0].typename,NetworkServerApp,
General-19-20260516-23:49:23-3698,config,,,**.networkServer.app[0].destAddresses,"""loRaGW[0]""",
General-19-20260516-23:49:23-3698,config,,,**.networkServer.app[0].destPort,2000,
General-19-20260516-23:49:23-3698,config,,,**.networkServer.app[0].localPort,1000,
General-19-20260516-23:49:23-3698,config,,,**.networkServer.app[0].adrMethod,"""avg""",
General-19-20260516-23:49:23-3698,config,,,**.numberOfPacketsToSend,0,
General-19-20260516-23:49:23-3698,config,,,sim-time-limit,3d,
General-19-20260516-23:49:23-3698,config,,,warmup-period,2h,
General-19-20260516-23:49:23-3698,config,,,simtime-resolution,-11,
General-19-20260516-23:49:23-3698,config,,,repeat,20,
General-19-20260516-23:49:23-3698,config,,,**.loRaNodes[{0..1}].app[0].timeToFirstPacket,"uniform(0h, 1h)",
General-19-20260516-23:49:23-3698,config,,,**.loRaNodes[{0..1}].app[0].timeToNextPacket,1h,
General-19-20260516-23:49:23-3698,config,,,**.loRaNodes[{2..3}].app[0].timeToFirstPacket,exponential(24h),
General-19-20260516-23:49:23-3698,config,,,**.loRaNodes[{2..3}].app[0].timeToNextPacket,exponential(24h),
General-19-20260516-23:49:23-3698,config,,,**.loRaNodes[{4..5}].app[0].timeToFirstPacket,exponential(4h),
General-19-20260516-23:49:23-3698,config,,,**.loRaNodes[{4..5}].app[0].timeToNextPacket,exponential(4h),
General-19-20260516-23:49:23-3698,config,,,**.alohaChannelModel,false,
General-19-20260516-23:49:23-3698,config,,,**.loRaNodes[*].**.initFromDisplayString,false,
General-19-20260516-23:49:23-3698,config,,,**.loRaNodes[*].**.evaluateADRinNode,true,
General-19-20260516-23:49:23-3698,config,,,**.loRaNodes[*].**initialLoRaBW,125 kHz,
General-19-20260516-23:49:23-3698,config,,,**.loRaNodes[*].**initialLoRaCR,4,
General-19-20260516-23:49:23-3698,config,,,**.loRaNodes[*].numApps,1,
General-19-20260516-23:49:23-3698,config,,,**.loRaNodes[*].app[0].typename,SimpleLoRaApp,
General-19-20260516-23:49:23-3698,config,,,**.LoRaGWNic.radio.iAmGateway,true,
General-19-20260516-23:49:23-3698,config,,,**.loRaGW[*].**.initFromDisplayString,false,
General-19-20260516-23:49:23-3698,config,,,**.loRaNodes[*].LoRaNic.radio.energyConsumer.typename,LoRaEnergyConsumer,
General-19-20260516-23:49:23-3698,config,,,**.loRaNodes[*].**.energySourceModule,"""^.IdealEpEnergyStorage""",
General-19-20260516-23:49:23-3698,config,,,**.loRaNodes[*].LoRaNic.radio.energyConsumer.configFile,"xmldoc(""../energyConsumptionParameters.xml"")",
General-19-20260516-23:49:23-3698,config,,,**.sigma,3.57,
General-19-20260516-23:49:23-3698,config,,,**.constraintAreaMinX,0m,
General-19-20260516-23:49:23-3698,config,,,**.constraintAreaMinY,0m,
General-19-20260516-23:49:23-3698,config,,,**.constraintAreaMinZ,0m,
General-19-20260516-23:49:23-3698,config,,,**.constraintAreaMaxZ,0m,
General-19-20260516-23:49:23-3698,config,,,LoRaNetworkTest.**.radio.separateTransmissionParts,false,
General-19-20260516-23:49:23-3698,config,,,LoRaNetworkTest.**.radio.separateReceptionParts,false,
General-19-20260516-23:49:23-3698,config,,,**.ipv4Delayer.config,"xmldoc(""../cloudDelays.xml"")",
General-19-20260516-23:49:23-3698,config,,,**.radio.radioMediumModule,"""LoRaMedium""",
General-19-20260516-23:49:23-3698,config,,,**.LoRaMedium.pathLossType,"""LoRaLogNormalShadowing""",
General-19-20260516-23:49:23-3698,config,,,**.minInterferenceTime,0s,
General-19-20260516-23:49:23-3698,config,,,**.displayAddresses,false,
General-19-20260516-23:49:23-3698,config,,,**.numberOfNodes,6,
General-19-20260516-23:49:23-3698,config,,,**.numberOfGateways,1,
General-19-20260516-23:49:23-3698,config,,,**.constraintAreaMaxX,2376.0m,
General-19-20260516-23:49:23-3698,config,,,**.constraintAreaMaxY,1090.0m,
General-19-20260516-23:49:23-3698,config,,,**.loRaGW[0].**.initialX,544.00m,
General-19-20260516-23:49:23-3698,config,,,**.loRaGW[0].**.initialY,544.00m,
General-19-20260516-23:49:23-3698,config,,,output-scalar-file,../results/n100-gw1-s19.ini.sca,
General-19-20260516-23:49:23-3698,config,,,**.loRaNodes[0..1].app[0].sendInterval,1h,
General-19-20260516-23:49:23-3698,config,,,**.loRaNodes[0].**.initialX,510.63m,
General-19-20260516-23:49:23-3698,config,,,**.loRaNodes[0].**.initialY,500.08m,
General-19-20260516-23:49:23-3698,config,,,**.loRaNodes[1].**.initialX,470.29m,
General-19-20260516-23:49:23-3698,config,,,**.loRaNodes[1].**.initialY,520.24m,
General-19-20260516-23:49:23-3698,config,,,**.loRaNodes[2].**.initialX,500.60m,
General-19-20260516-23:49:23-3698,config,,,**.loRaNodes[2].**.initialY,590.25m,
General-19-20260516-23:49:23-3698,config,,,**.loRaNodes[3].**.initialX,535.86m,
General-19-20260516-23:49:23-3698,config,,,**.loRaNodes[3].**.initialY,590.63m,
General-19-20260516-23:49:23-3698,config,,,**.loRaNodes[2..3].app[0].sendInterval,exponential(8760h),
General-19-20260516-23:49:23-3698,config,,,**.loRaNodes[4..5].app[0].sendInterval,exponential(4h),
General-19-20260516-23:49:23-3698,config,,,**.loRaNodes[4].**.initialX,650.85m,
General-19-20260516-23:49:23-3698,config,,,**.loRaNodes[4].**.initialY,510.11m,
General-19-20260516-23:49:23-3698,config,,,**.loRaNodes[5].**.initialX,680.27m,
General-19-20260516-23:49:23-3698,config,,,**.loRaNodes[5].**.initialY,520.84m,
General-19-20260516-23:49:23-3698,config,,,**.loRaNodes[0].**initialLoRaSF,8,
General-19-20260516-23:49:23-3698,config,,,**.loRaNodes[0].**initialLoRaTP,8dBm,
General-19-20260516-23:49:23-3698,config,,,**.loRaNodes[1].**initialLoRaSF,9,
General-19-20260516-23:49:23-3698,config,,,**.loRaNodes[1].**initialLoRaTP,8dBm,
General-19-20260516-23:49:23-3698,config,,,**.loRaNodes[2].**initialLoRaSF,7,
General-19-20260516-23:49:23-3698,config,,,**.loRaNodes[2].**initialLoRaTP,8dBm,
General-19-20260516-23:49:23-3698,config,,,**.loRaNodes[3].**initialLoRaSF,7,
General-19-20260516-23:49:23-3698,config,,,**.loRaNodes[3].**initialLoRaTP,2dBm,
General-19-20260516-23:49:23-3698,config,,,**.loRaNodes[4].**initialLoRaSF,8,
General-19-20260516-23:49:23-3698,config,,,**.loRaNodes[4].**initialLoRaTP,8dBm,
General-19-20260516-23:49:23-3698,config,,,**.loRaNodes[5].**initialLoRaSF,7,
General-19-20260516-23:49:23-3698,config,,,**.loRaNodes[5].**initialLoRaTP,2dBm,
General-19-20260516-23:49:23-3698,config,,,**.vector-recording,false,
General-19-20260516-23:49:23-3698,config,,,**.loRaGW[*].packetForwarder.highQueueLength.vector-recording,true,
General-19-20260516-23:49:23-3698,config,,,**.loRaGW[*].packetForwarder.lowQueueLength.vector-recording,true,
General-19-20260516-23:49:23-3698,config,,,**.networkServer.app[0].delaySignal.vector-recording,true,
General-19-20260516-23:49:23-3698,config,,,**.loRaNodes[*].app[0].packetsSent:scalar,true,
General-19-20260516-23:49:23-3698,config,,,**.networkServer.app[0].totalReceivedPackets:scalar,true,
General-19-20260516-23:49:23-3698,config,,,**.loRaGW[*].**.packetDropRate:scalar,true,
General-12-20260516-23:22:30-3649,runattr,,,configname,General,
General-12-20260516-23:22:30-3649,runattr,,,datetime,20260516-23:22:30,
General-12-20260516-23:22:30-3649,runattr,,,datetimef,20260516-232230,
General-12-20260516-23:22:30-3649,runattr,,,experiment,General,
General-12-20260516-23:22:30-3649,runattr,,,inifile,n100-gw1.ini,
General-12-20260516-23:22:30-3649,runattr,,,iterationvars,"$0=""avg""",
General-12-20260516-23:22:30-3649,runattr,,,iterationvarsd,avg,
General-12-20260516-23:22:30-3649,runattr,,,iterationvarsf,avg-,
General-12-20260516-23:22:30-3649,runattr,,,measurement,"$0=""avg""",
General-12-20260516-23:22:30-3649,runattr,,,network,flora.simulations.LoRaNetworkTest,
General-12-20260516-23:22:30-3649,runattr,,,processid,3649,
General-12-20260516-23:22:30-3649,runattr,,,repetition,12,
General-12-20260516-23:22:30-3649,runattr,,,replication,#12,
General-12-20260516-23:22:30-3649,runattr,,,resultdir,results,
General-12-20260516-23:22:30-3649,runattr,,,runnumber,12,
General-12-20260516-23:22:30-3649,runattr,,,seedset,12,
General-12-20260516-23:22:30-3649,config,,,image-path,../../../inet4.4/images,
General-12-20260516-23:22:30-3649,config,,,network,flora.simulations.LoRaNetworkTest,
General-12-20260516-23:22:30-3649,config,,,output-vector-file,../results/n100-gw1-s12.ini.vec,
General-12-20260516-23:22:30-3649,config,,,**.maxTransmissionDuration,4s,
General-12-20260516-23:22:30-3649,config,,,**.energyDetection,-110dBm,
General-12-20260516-23:22:30-3649,config,,,**.vector-recording,true,
General-12-20260516-23:22:30-3649,config,,,rng-class,cMersenneTwister,
General-12-20260516-23:22:30-3649,config,,,**.loRaGW[*].numUdpApps,1,
General-12-20260516-23:22:30-3649,config,,,**.loRaGW[0].packetForwarder.localPort,2000,
General-12-20260516-23:22:30-3649,config,,,**.loRaGW[0].packetForwarder.destPort,1000,
General-12-20260516-23:22:30-3649,config,,,**.loRaGW[0].packetForwarder.destAddresses,"""networkServer""",
General-12-20260516-23:22:30-3649,config,,,**.loRaGW[0].packetForwarder.indexNumber,0,
General-12-20260516-23:22:30-3649,config,,,**.networkServer.numApps,1,
General-12-20260516-23:22:30-3649,config,,,**.networkServer.**.evaluateADRinServer,true,
General-12-20260516-23:22:30-3649,config,,,**.networkServer.app[0].typename,NetworkServerApp,
General-12-20260516-23:22:30-3649,config,,,**.networkServer.app[0].destAddresses,"""loRaGW[0]""",
General-12-20260516-23:22:30-3649,config,,,**.networkServer.app[0].destPort,2000,
General-12-20260516-23:22:30-3649,config,,,**.networkServer.app[0].localPort,1000,
General-12-20260516-23:22:30-3649,config,,,**.networkServer.app[0].adrMethod,"""avg""",
General-12-20260516-23:22:30-3649,config,,,**.numberOfPacketsToSend,0,
General-12-20260516-23:22:30-3649,config,,,sim-time-limit,3d,
General-12-20260516-23:22:30-3649,config,,,warmup-period,2h,
General-12-20260516-23:22:30-3649,config,,,simtime-resolution,-11,
General-12-20260516-23:22:30-3649,config,,,repeat,20,
General-12-20260516-23:22:30-3649,config,,,**.loRaNodes[{0..1}].app[0].timeToFirstPacket,"uniform(0h, 1h)",
General-12-20260516-23:22:30-3649,config,,,**.loRaNodes[{0..1}].app[0].timeToNextPacket,1h,
General-12-20260516-23:22:30-3649,config,,,**.loRaNodes[{2..3}].app[0].timeToFirstPacket,exponential(24h),
General-12-20260516-23:22:30-3649,config,,,**.loRaNodes[{2..3}].app[0].timeToNextPacket,exponential(24h),
General-12-20260516-23:22:30-3649,config,,,**.loRaNodes[{4..5}].app[0].timeToFirstPacket,exponential(4h),
General-12-20260516-23:22:30-3649,config,,,**.loRaNodes[{4..5}].app[0].timeToNextPacket,exponential(4h),
General-12-20260516-23:22:30-3649,config,,,**.alohaChannelModel,false,
General-12-20260516-23:22:30-3649,config,,,**.loRaNodes[*].**.initFromDisplayString,false,
General-12-20260516-23:22:30-3649,config,,,**.loRaNodes[*].**.evaluateADRinNode,true,
General-12-20260516-23:22:30-3649,config,,,**.loRaNodes[*].**initialLoRaBW,125 kHz,
General-12-20260516-23:22:30-3649,config,,,**.loRaNodes[*].**initialLoRaCR,4,
General-12-20260516-23:22:30-3649,config,,,**.loRaNodes[*].numApps,1,
General-12-20260516-23:22:30-3649,config,,,**.loRaNodes[*].app[0].typename,SimpleLoRaApp,
General-12-20260516-23:22:30-3649,config,,,**.LoRaGWNic.radio.iAmGateway,true,
General-12-20260516-23:22:30-3649,config,,,**.loRaGW[*].**.initFromDisplayString,false,
General-12-20260516-23:22:30-3649,config,,,**.loRaNodes[*].LoRaNic.radio.energyConsumer.typename,LoRaEnergyConsumer,
General-12-20260516-23:22:30-3649,config,,,**.loRaNodes[*].**.energySourceModule,"""^.IdealEpEnergyStorage""",
General-12-20260516-23:22:30-3649,config,,,**.loRaNodes[*].LoRaNic.radio.energyConsumer.configFile,"xmldoc(""../energyConsumptionParameters.xml"")",
General-12-20260516-23:22:30-3649,config,,,**.sigma,3.57,
General-12-20260516-23:22:30-3649,config,,,**.constraintAreaMinX,0m,
General-12-20260516-23:22:30-3649,config,,,**.constraintAreaMinY,0m,
General-12-20260516-23:22:30-3649,config,,,**.constraintAreaMinZ,0m,
General-12-20260516-23:22:30-3649,config,,,**.constraintAreaMaxZ,0m,
General-12-20260516-23:22:30-3649,config,,,LoRaNetworkTest.**.radio.separateTransmissionParts,false,
General-12-20260516-23:22:30-3649,config,,,LoRaNetworkTest.**.radio.separateReceptionParts,false,
General-12-20260516-23:22:30-3649,config,,,**.ipv4Delayer.config,"xmldoc(""../cloudDelays.xml"")",
General-12-20260516-23:22:30-3649,config,,,**.radio.radioMediumModule,"""LoRaMedium""",
General-12-20260516-23:22:30-3649,config,,,**.LoRaMedium.pathLossType,"""LoRaLogNormalShadowing""",
General-12-20260516-23:22:30-3649,config,,,**.minInterferenceTime,0s,
General-12-20260516-23:22:30-3649,config,,,**.displayAddresses,false,
General-12-20260516-23:22:30-3649,config,,,**.numberOfNodes,6,
General-12-20260516-23:22:30-3649,config,,,**.numberOfGateways,1,
General-12-20260516-23:22:30-3649,config,,,**.constraintAreaMaxX,2376.0m,
General-12-20260516-23:22:30-3649,config,,,**.constraintAreaMaxY,1090.0m,
General-12-20260516-23:22:30-3649,config,,,**.loRaGW[0].**.initialX,544.00m,
General-12-20260516-23:22:30-3649,config,,,**.loRaGW[0].**.initialY,544.00m,
General-12-20260516-23:22:30-3649,config,,,output-scalar-file,../results/n100-gw1-s12.ini.sca,
General-12-20260516-23:22:30-3649,config,,,**.loRaNodes[0..1].app[0].sendInterval,1h,
General-12-20260516-23:22:30-3649,config,,,**.loRaNodes[0].**.initialX,510.63m,
General-12-20260516-23:22:30-3649,config,,,**.loRaNodes[0].**.initialY,500.08m,
General-12-20260516-23:22:30-3649,config,,,**.loRaNodes[1].**.initialX,470.29m,
General-12-20260516-23:22:30-3649,config,,,**.loRaNodes[1].**.initialY,520.24m,
General-12-20260516-23:22:30-3649,config,,,**.loRaNodes[2].**.initialX,500.60m,
General-12-20260516-23:22:30-3649,config,,,**.loRaNodes[2].**.initialY,590.25m,
General-12-20260516-23:22:30-3649,config,,,**.loRaNodes[3].**.initialX,535.86m,
General-12-20260516-23:22:30-3649,config,,,**.loRaNodes[3].**.initialY,590.63m,
General-12-20260516-23:22:30-3649,config,,,**.loRaNodes[2..3].app[0].sendInterval,exponential(8760h),
General-12-20260516-23:22:30-3649,config,,,**.loRaNodes[4..5].app[0].sendInterval,exponential(4h),
General-12-20260516-23:22:30-3649,config,,,**.loRaNodes[4].**.initialX,650.85m,
General-12-20260516-23:22:30-3649,config,,,**.loRaNodes[4].**.initialY,510.11m,
General-12-20260516-23:22:30-3649,config,,,**.loRaNodes[5].**.initialX,680.27m,
General-12-20260516-23:22:30-3649,config,,,**.loRaNodes[5].**.initialY,520.84m,
General-12-20260516-23:22:30-3649,config,,,**.loRaNodes[0].**initialLoRaSF,8,
General-12-20260516-23:22:30-3649,config,,,**.loRaNodes[0].**initialLoRaTP,8dBm,
General-12-20260516-23:22:30-3649,config,,,**.loRaNodes[1].**initialLoRaSF,9,
General-12-20260516-23:22:30-3649,config,,,**.loRaNodes[1].**initialLoRaTP,8dBm,
General-12-20260516-23:22:30-3649,config,,,**.loRaNodes[2].**initialLoRaSF,7,
General-12-20260516-23:22:30-3649,config,,,**.loRaNodes[2].**initialLoRaTP,8dBm,
General-12-20260516-23:22:30-3649,config,,,**.loRaNodes[3].**initialLoRaSF,7,
General-12-20260516-23:22:30-3649,config,,,**.loRaNodes[3].**initialLoRaTP,2dBm,
General-12-20260516-23:22:30-3649,config,,,**.loRaNodes[4].**initialLoRaSF,8,
General-12-20260516-23:22:30-3649,config,,,**.loRaNodes[4].**initialLoRaTP,8dBm,
General-12-20260516-23:22:30-3649,config,,,**.loRaNodes[5].**initialLoRaSF,7,
General-12-20260516-23:22:30-3649,config,,,**.loRaNodes[5].**initialLoRaTP,2dBm,
General-12-20260516-23:22:30-3649,config,,,**.vector-recording,false,
General-12-20260516-23:22:30-3649,config,,,**.loRaGW[*].packetForwarder.highQueueLength.vector-recording,true,
General-12-20260516-23:22:30-3649,config,,,**.loRaGW[*].packetForwarder.lowQueueLength.vector-recording,true,
General-12-20260516-23:22:30-3649,config,,,**.networkServer.app[0].delaySignal.vector-recording,true,
General-12-20260516-23:22:30-3649,config,,,**.loRaNodes[*].app[0].packetsSent:scalar,true,
General-12-20260516-23:22:30-3649,config,,,**.networkServer.app[0].totalReceivedPackets:scalar,true,
General-12-20260516-23:22:30-3649,config,,,**.loRaGW[*].**.packetDropRate:scalar,true,
General-3-20260516-22:46:51-3574,runattr,,,configname,General,
General-3-20260516-22:46:51-3574,runattr,,,datetime,20260516-22:46:51,
General-3-20260516-22:46:51-3574,runattr,,,datetimef,20260516-224651,
General-3-20260516-22:46:51-3574,runattr,,,experiment,General,
General-3-20260516-22:46:51-3574,runattr,,,inifile,n100-gw1.ini,
General-3-20260516-22:46:51-3574,runattr,,,iterationvars,"$0=""avg""",
General-3-20260516-22:46:51-3574,runattr,,,iterationvarsd,avg,
General-3-20260516-22:46:51-3574,runattr,,,iterationvarsf,avg-,
General-3-20260516-22:46:51-3574,runattr,,,measurement,"$0=""avg""",
General-3-20260516-22:46:51-3574,runattr,,,network,flora.simulations.LoRaNetworkTest,
General-3-20260516-22:46:51-3574,runattr,,,processid,3574,
General-3-20260516-22:46:51-3574,runattr,,,repetition,3,
General-3-20260516-22:46:51-3574,runattr,,,replication,#3,
General-3-20260516-22:46:51-3574,runattr,,,resultdir,results,
General-3-20260516-22:46:51-3574,runattr,,,runnumber,3,
General-3-20260516-22:46:51-3574,runattr,,,seedset,3,
General-3-20260516-22:46:51-3574,config,,,image-path,../../../inet4.4/images,
General-3-20260516-22:46:51-3574,config,,,network,flora.simulations.LoRaNetworkTest,
General-3-20260516-22:46:51-3574,config,,,output-vector-file,../results/n100-gw1-s3.ini.vec,
General-3-20260516-22:46:51-3574,config,,,**.maxTransmissionDuration,4s,
General-3-20260516-22:46:51-3574,config,,,**.energyDetection,-110dBm,
General-3-20260516-22:46:51-3574,config,,,**.vector-recording,true,
General-3-20260516-22:46:51-3574,config,,,rng-class,cMersenneTwister,
General-3-20260516-22:46:51-3574,config,,,**.loRaGW[*].numUdpApps,1,
General-3-20260516-22:46:51-3574,config,,,**.loRaGW[0].packetForwarder.localPort,2000,
General-3-20260516-22:46:51-3574,config,,,**.loRaGW[0].packetForwarder.destPort,1000,
General-3-20260516-22:46:51-3574,config,,,**.loRaGW[0].packetForwarder.destAddresses,"""networkServer""",
General-3-20260516-22:46:51-3574,config,,,**.loRaGW[0].packetForwarder.indexNumber,0,
General-3-20260516-22:46:51-3574,config,,,**.networkServer.numApps,1,
General-3-20260516-22:46:51-3574,config,,,**.networkServer.**.evaluateADRinServer,true,
General-3-20260516-22:46:51-3574,config,,,**.networkServer.app[0].typename,NetworkServerApp,
General-3-20260516-22:46:51-3574,config,,,**.networkServer.app[0].destAddresses,"""loRaGW[0]""",
General-3-20260516-22:46:51-3574,config,,,**.networkServer.app[0].destPort,2000,
General-3-20260516-22:46:51-3574,config,,,**.networkServer.app[0].localPort,1000,
General-3-20260516-22:46:51-3574,config,,,**.networkServer.app[0].adrMethod,"""avg""",
General-3-20260516-22:46:51-3574,config,,,**.numberOfPacketsToSend,0,
General-3-20260516-22:46:51-3574,config,,,sim-time-limit,3d,
General-3-20260516-22:46:51-3574,config,,,warmup-period,2h,
General-3-20260516-22:46:51-3574,config,,,simtime-resolution,-11,
General-3-20260516-22:46:51-3574,config,,,repeat,20,
General-3-20260516-22:46:51-3574,config,,,**.loRaNodes[{0..1}].app[0].timeToFirstPacket,"uniform(0h, 1h)",
General-3-20260516-22:46:51-3574,config,,,**.loRaNodes[{0..1}].app[0].timeToNextPacket,1h,
General-3-20260516-22:46:51-3574,config,,,**.loRaNodes[{2..3}].app[0].timeToFirstPacket,exponential(24h),
General-3-20260516-22:46:51-3574,config,,,**.loRaNodes[{2..3}].app[0].timeToNextPacket,exponential(24h),
General-3-20260516-22:46:51-3574,config,,,**.loRaNodes[{4..5}].app[0].timeToFirstPacket,exponential(4h),
General-3-20260516-22:46:51-3574,config,,,**.loRaNodes[{4..5}].app[0].timeToNextPacket,exponential(4h),
General-3-20260516-22:46:51-3574,config,,,**.alohaChannelModel,false,
General-3-20260516-22:46:51-3574,config,,,**.loRaNodes[*].**.initFromDisplayString,false,
General-3-20260516-22:46:51-3574,config,,,**.loRaNodes[*].**.evaluateADRinNode,true,
General-3-20260516-22:46:51-3574,config,,,**.loRaNodes[*].**initialLoRaBW,125 kHz,
General-3-20260516-22:46:51-3574,config,,,**.loRaNodes[*].**initialLoRaCR,4,
General-3-20260516-22:46:51-3574,config,,,**.loRaNodes[*].numApps,1,
General-3-20260516-22:46:51-3574,config,,,**.loRaNodes[*].app[0].typename,SimpleLoRaApp,
General-3-20260516-22:46:51-3574,config,,,**.LoRaGWNic.radio.iAmGateway,true,
General-3-20260516-22:46:51-3574,config,,,**.loRaGW[*].**.initFromDisplayString,false,
General-3-20260516-22:46:51-3574,config,,,**.loRaNodes[*].LoRaNic.radio.energyConsumer.typename,LoRaEnergyConsumer,
General-3-20260516-22:46:51-3574,config,,,**.loRaNodes[*].**.energySourceModule,"""^.IdealEpEnergyStorage""",
General-3-20260516-22:46:51-3574,config,,,**.loRaNodes[*].LoRaNic.radio.energyConsumer.configFile,"xmldoc(""../energyConsumptionParameters.xml"")",
General-3-20260516-22:46:51-3574,config,,,**.sigma,3.57,
General-3-20260516-22:46:51-3574,config,,,**.constraintAreaMinX,0m,
General-3-20260516-22:46:51-3574,config,,,**.constraintAreaMinY,0m,
General-3-20260516-22:46:51-3574,config,,,**.constraintAreaMinZ,0m,
General-3-20260516-22:46:51-3574,config,,,**.constraintAreaMaxZ,0m,
General-3-20260516-22:46:51-3574,config,,,LoRaNetworkTest.**.radio.separateTransmissionParts,false,
General-3-20260516-22:46:51-3574,config,,,LoRaNetworkTest.**.radio.separateReceptionParts,false,
General-3-20260516-22:46:51-3574,config,,,**.ipv4Delayer.config,"xmldoc(""../cloudDelays.xml"")",
General-3-20260516-22:46:51-3574,config,,,**.radio.radioMediumModule,"""LoRaMedium""",
General-3-20260516-22:46:51-3574,config,,,**.LoRaMedium.pathLossType,"""LoRaLogNormalShadowing""",
General-3-20260516-22:46:51-3574,config,,,**.minInterferenceTime,0s,
General-3-20260516-22:46:51-3574,config,,,**.displayAddresses,false,
General-3-20260516-22:46:51-3574,config,,,**.numberOfNodes,6,
General-3-20260516-22:46:51-3574,config,,,**.numberOfGateways,1,
General-3-20260516-22:46:51-3574,config,,,**.constraintAreaMaxX,2376.0m,
General-3-20260516-22:46:51-3574,config,,,**.constraintAreaMaxY,1090.0m,
General-3-20260516-22:46:51-3574,config,,,**.loRaGW[0].**.initialX,544.00m,
General-3-20260516-22:46:51-3574,config,,,**.loRaGW[0].**.initialY,544.00m,
General-3-20260516-22:46:51-3574,config,,,output-scalar-file,../results/n100-gw1-s3.ini.sca,
General-3-20260516-22:46:51-3574,config,,,**.loRaNodes[0..1].app[0].sendInterval,1h,
General-3-20260516-22:46:51-3574,config,,,**.loRaNodes[0].**.initialX,510.63m,
General-3-20260516-22:46:51-3574,config,,,**.loRaNodes[0].**.initialY,500.08m,
General-3-20260516-22:46:51-3574,config,,,**.loRaNodes[1].**.initialX,470.29m,
General-3-20260516-22:46:51-3574,config,,,**.loRaNodes[1].**.initialY,520.24m,
General-3-20260516-22:46:51-3574,config,,,**.loRaNodes[2].**.initialX,500.60m,
General-3-20260516-22:46:51-3574,config,,,**.loRaNodes[2].**.initialY,590.25m,
General-3-20260516-22:46:51-3574,config,,,**.loRaNodes[3].**.initialX,535.86m,
General-3-20260516-22:46:51-3574,config,,,**.loRaNodes[3].**.initialY,590.63m,
General-3-20260516-22:46:51-3574,config,,,**.loRaNodes[2..3].app[0].sendInterval,exponential(8760h),
General-3-20260516-22:46:51-3574,config,,,**.loRaNodes[4..5].app[0].sendInterval,exponential(4h),
General-3-20260516-22:46:51-3574,config,,,**.loRaNodes[4].**.initialX,650.85m,
General-3-20260516-22:46:51-3574,config,,,**.loRaNodes[4].**.initialY,510.11m,
General-3-20260516-22:46:51-3574,config,,,**.loRaNodes[5].**.initialX,680.27m,
General-3-20260516-22:46:51-3574,config,,,**.loRaNodes[5].**.initialY,520.84m,
General-3-20260516-22:46:51-3574,config,,,**.loRaNodes[0].**initialLoRaSF,8,
General-3-20260516-22:46:51-3574,config,,,**.loRaNodes[0].**initialLoRaTP,8dBm,
General-3-20260516-22:46:51-3574,config,,,**.loRaNodes[1].**initialLoRaSF,9,
General-3-20260516-22:46:51-3574,config,,,**.loRaNodes[1].**initialLoRaTP,8dBm,
General-3-20260516-22:46:51-3574,config,,,**.loRaNodes[2].**initialLoRaSF,7,
General-3-20260516-22:46:51-3574,config,,,**.loRaNodes[2].**initialLoRaTP,8dBm,
General-3-20260516-22:46:51-3574,config,,,**.loRaNodes[3].**initialLoRaSF,7,
General-3-20260516-22:46:51-3574,config,,,**.loRaNodes[3].**initialLoRaTP,2dBm,
General-3-20260516-22:46:51-3574,config,,,**.loRaNodes[4].**initialLoRaSF,8,
General-3-20260516-22:46:51-3574,config,,,**.loRaNodes[4].**initialLoRaTP,8dBm,
General-3-20260516-22:46:51-3574,config,,,**.loRaNodes[5].**initialLoRaSF,7,
General-3-20260516-22:46:51-3574,config,,,**.loRaNodes[5].**initialLoRaTP,2dBm,
General-3-20260516-22:46:51-3574,config,,,**.vector-recording,false,
General-3-20260516-22:46:51-3574,config,,,**.loRaGW[*].packetForwarder.highQueueLength.vector-recording,true,
General-3-20260516-22:46:51-3574,config,,,**.loRaGW[*].packetForwarder.lowQueueLength.vector-recording,true,
General-3-20260516-22:46:51-3574,config,,,**.networkServer.app[0].delaySignal.vector-recording,true,
General-3-20260516-22:46:51-3574,config,,,**.loRaNodes[*].app[0].packetsSent:scalar,true,
General-3-20260516-22:46:51-3574,config,,,**.networkServer.app[0].totalReceivedPackets:scalar,true,
General-3-20260516-22:46:51-3574,config,,,**.loRaGW[*].**.packetDropRate:scalar,true,
General-7-20260516-23:02:29-3599,runattr,,,configname,General,
General-7-20260516-23:02:29-3599,runattr,,,datetime,20260516-23:02:29,
General-7-20260516-23:02:29-3599,runattr,,,datetimef,20260516-230229,
General-7-20260516-23:02:29-3599,runattr,,,experiment,General,
General-7-20260516-23:02:29-3599,runattr,,,inifile,n100-gw1.ini,
General-7-20260516-23:02:29-3599,runattr,,,iterationvars,"$0=""avg""",
General-7-20260516-23:02:29-3599,runattr,,,iterationvarsd,avg,
General-7-20260516-23:02:29-3599,runattr,,,iterationvarsf,avg-,
General-7-20260516-23:02:29-3599,runattr,,,measurement,"$0=""avg""",
General-7-20260516-23:02:29-3599,runattr,,,network,flora.simulations.LoRaNetworkTest,
General-7-20260516-23:02:29-3599,runattr,,,processid,3599,
General-7-20260516-23:02:29-3599,runattr,,,repetition,7,
General-7-20260516-23:02:29-3599,runattr,,,replication,#7,
General-7-20260516-23:02:29-3599,runattr,,,resultdir,results,
General-7-20260516-23:02:29-3599,runattr,,,runnumber,7,
General-7-20260516-23:02:29-3599,runattr,,,seedset,7,
General-7-20260516-23:02:29-3599,config,,,image-path,../../../inet4.4/images,
General-7-20260516-23:02:29-3599,config,,,network,flora.simulations.LoRaNetworkTest,
General-7-20260516-23:02:29-3599,config,,,output-vector-file,../results/n100-gw1-s7.ini.vec,
General-7-20260516-23:02:29-3599,config,,,**.maxTransmissionDuration,4s,
General-7-20260516-23:02:29-3599,config,,,**.energyDetection,-110dBm,
General-7-20260516-23:02:29-3599,config,,,**.vector-recording,true,
General-7-20260516-23:02:29-3599,config,,,rng-class,cMersenneTwister,
General-7-20260516-23:02:29-3599,config,,,**.loRaGW[*].numUdpApps,1,
General-7-20260516-23:02:29-3599,config,,,**.loRaGW[0].packetForwarder.localPort,2000,
General-7-20260516-23:02:29-3599,config,,,**.loRaGW[0].packetForwarder.destPort,1000,
General-7-20260516-23:02:29-3599,config,,,**.loRaGW[0].packetForwarder.destAddresses,"""networkServer""",
General-7-20260516-23:02:29-3599,config,,,**.loRaGW[0].packetForwarder.indexNumber,0,
General-7-20260516-23:02:29-3599,config,,,**.networkServer.numApps,1,
General-7-20260516-23:02:29-3599,config,,,**.networkServer.**.evaluateADRinServer,true,
General-7-20260516-23:02:29-3599,config,,,**.networkServer.app[0].typename,NetworkServerApp,
General-7-20260516-23:02:29-3599,config,,,**.networkServer.app[0].destAddresses,"""loRaGW[0]""",
General-7-20260516-23:02:29-3599,config,,,**.networkServer.app[0].destPort,2000,
General-7-20260516-23:02:29-3599,config,,,**.networkServer.app[0].localPort,1000,
General-7-20260516-23:02:29-3599,config,,,**.networkServer.app[0].adrMethod,"""avg""",
General-7-20260516-23:02:29-3599,config,,,**.numberOfPacketsToSend,0,
General-7-20260516-23:02:29-3599,config,,,sim-time-limit,3d,
General-7-20260516-23:02:29-3599,config,,,warmup-period,2h,
General-7-20260516-23:02:29-3599,config,,,simtime-resolution,-11,
General-7-20260516-23:02:29-3599,config,,,repeat,20,
General-7-20260516-23:02:29-3599,config,,,**.loRaNodes[{0..1}].app[0].timeToFirstPacket,"uniform(0h, 1h)",
General-7-20260516-23:02:29-3599,config,,,**.loRaNodes[{0..1}].app[0].timeToNextPacket,1h,
General-7-20260516-23:02:29-3599,config,,,**.loRaNodes[{2..3}].app[0].timeToFirstPacket,exponential(24h),
General-7-20260516-23:02:29-3599,config,,,**.loRaNodes[{2..3}].app[0].timeToNextPacket,exponential(24h),
General-7-20260516-23:02:29-3599,config,,,**.loRaNodes[{4..5}].app[0].timeToFirstPacket,exponential(4h),
General-7-20260516-23:02:29-3599,config,,,**.loRaNodes[{4..5}].app[0].timeToNextPacket,exponential(4h),
General-7-20260516-23:02:29-3599,config,,,**.alohaChannelModel,false,
General-7-20260516-23:02:29-3599,config,,,**.loRaNodes[*].**.initFromDisplayString,false,
General-7-20260516-23:02:29-3599,config,,,**.loRaNodes[*].**.evaluateADRinNode,true,
General-7-20260516-23:02:29-3599,config,,,**.loRaNodes[*].**initialLoRaBW,125 kHz,
General-7-20260516-23:02:29-3599,config,,,**.loRaNodes[*].**initialLoRaCR,4,
General-7-20260516-23:02:29-3599,config,,,**.loRaNodes[*].numApps,1,
General-7-20260516-23:02:29-3599,config,,,**.loRaNodes[*].app[0].typename,SimpleLoRaApp,
General-7-20260516-23:02:29-3599,config,,,**.LoRaGWNic.radio.iAmGateway,true,
General-7-20260516-23:02:29-3599,config,,,**.loRaGW[*].**.initFromDisplayString,false,
General-7-20260516-23:02:29-3599,config,,,**.loRaNodes[*].LoRaNic.radio.energyConsumer.typename,LoRaEnergyConsumer,
General-7-20260516-23:02:29-3599,config,,,**.loRaNodes[*].**.energySourceModule,"""^.IdealEpEnergyStorage""",
General-7-20260516-23:02:29-3599,config,,,**.loRaNodes[*].LoRaNic.radio.energyConsumer.configFile,"xmldoc(""../energyConsumptionParameters.xml"")",
General-7-20260516-23:02:29-3599,config,,,**.sigma,3.57,
General-7-20260516-23:02:29-3599,config,,,**.constraintAreaMinX,0m,
General-7-20260516-23:02:29-3599,config,,,**.constraintAreaMinY,0m,
General-7-20260516-23:02:29-3599,config,,,**.constraintAreaMinZ,0m,
General-7-20260516-23:02:29-3599,config,,,**.constraintAreaMaxZ,0m,
General-7-20260516-23:02:29-3599,config,,,LoRaNetworkTest.**.radio.separateTransmissionParts,false,
General-7-20260516-23:02:29-3599,config,,,LoRaNetworkTest.**.radio.separateReceptionParts,false,
General-7-20260516-23:02:29-3599,config,,,**.ipv4Delayer.config,"xmldoc(""../cloudDelays.xml"")",
General-7-20260516-23:02:29-3599,config,,,**.radio.radioMediumModule,"""LoRaMedium""",
General-7-20260516-23:02:29-3599,config,,,**.LoRaMedium.pathLossType,"""LoRaLogNormalShadowing""",
General-7-20260516-23:02:29-3599,config,,,**.minInterferenceTime,0s,
General-7-20260516-23:02:29-3599,config,,,**.displayAddresses,false,
General-7-20260516-23:02:29-3599,config,,,**.numberOfNodes,6,
General-7-20260516-23:02:29-3599,config,,,**.numberOfGateways,1,
General-7-20260516-23:02:29-3599,config,,,**.constraintAreaMaxX,2376.0m,
General-7-20260516-23:02:29-3599,config,,,**.constraintAreaMaxY,1090.0m,
General-7-20260516-23:02:29-3599,config,,,**.loRaGW[0].**.initialX,544.00m,
General-7-20260516-23:02:29-3599,config,,,**.loRaGW[0].**.initialY,544.00m,
General-7-20260516-23:02:29-3599,config,,,output-scalar-file,../results/n100-gw1-s7.ini.sca,
General-7-20260516-23:02:29-3599,config,,,**.loRaNodes[0..1].app[0].sendInterval,1h,
General-7-20260516-23:02:29-3599,config,,,**.loRaNodes[0].**.initialX,510.63m,
General-7-20260516-23:02:29-3599,config,,,**.loRaNodes[0].**.initialY,500.08m,
General-7-20260516-23:02:29-3599,config,,,**.loRaNodes[1].**.initialX,470.29m,
General-7-20260516-23:02:29-3599,config,,,**.loRaNodes[1].**.initialY,520.24m,
General-7-20260516-23:02:29-3599,config,,,**.loRaNodes[2].**.initialX,500.60m,
General-7-20260516-23:02:29-3599,config,,,**.loRaNodes[2].**.initialY,590.25m,
General-7-20260516-23:02:29-3599,config,,,**.loRaNodes[3].**.initialX,535.86m,
General-7-20260516-23:02:29-3599,config,,,**.loRaNodes[3].**.initialY,590.63m,
General-7-20260516-23:02:29-3599,config,,,**.loRaNodes[2..3].app[0].sendInterval,exponential(8760h),
General-7-20260516-23:02:29-3599,config,,,**.loRaNodes[4..5].app[0].sendInterval,exponential(4h),
General-7-20260516-23:02:29-3599,config,,,**.loRaNodes[4].**.initialX,650.85m,
General-7-20260516-23:02:29-3599,config,,,**.loRaNodes[4].**.initialY,510.11m,
General-7-20260516-23:02:29-3599,config,,,**.loRaNodes[5].**.initialX,680.27m,
General-7-20260516-23:02:29-3599,config,,,**.loRaNodes[5].**.initialY,520.84m,
General-7-20260516-23:02:29-3599,config,,,**.loRaNodes[0].**initialLoRaSF,8,
General-7-20260516-23:02:29-3599,config,,,**.loRaNodes[0].**initialLoRaTP,8dBm,
General-7-20260516-23:02:29-3599,config,,,**.loRaNodes[1].**initialLoRaSF,9,
General-7-20260516-23:02:29-3599,config,,,**.loRaNodes[1].**initialLoRaTP,8dBm,
General-7-20260516-23:02:29-3599,config,,,**.loRaNodes[2].**initialLoRaSF,7,
General-7-20260516-23:02:29-3599,config,,,**.loRaNodes[2].**initialLoRaTP,8dBm,
General-7-20260516-23:02:29-3599,config,,,**.loRaNodes[3].**initialLoRaSF,7,
General-7-20260516-23:02:29-3599,config,,,**.loRaNodes[3].**initialLoRaTP,2dBm,
General-7-20260516-23:02:29-3599,config,,,**.loRaNodes[4].**initialLoRaSF,8,
General-7-20260516-23:02:29-3599,config,,,**.loRaNodes[4].**initialLoRaTP,8dBm,
General-7-20260516-23:02:29-3599,config,,,**.loRaNodes[5].**initialLoRaSF,7,
General-7-20260516-23:02:29-3599,config,,,**.loRaNodes[5].**initialLoRaTP,2dBm,
General-7-20260516-23:02:29-3599,config,,,**.vector-recording,false,
General-7-20260516-23:02:29-3599,config,,,**.loRaGW[*].packetForwarder.highQueueLength.vector-recording,true,
General-7-20260516-23:02:29-3599,config,,,**.loRaGW[*].packetForwarder.lowQueueLength.vector-recording,true,
General-7-20260516-23:02:29-3599,config,,,**.networkServer.app[0].delaySignal.vector-recording,true,
General-7-20260516-23:02:29-3599,config,,,**.loRaNodes[*].app[0].packetsSent:scalar,true,
General-7-20260516-23:02:29-3599,config,,,**.networkServer.app[0].totalReceivedPackets:scalar,true,
General-7-20260516-23:02:29-3599,config,,,**.loRaGW[*].**.packetDropRate:scalar,true,
General-6-20260516-22:58:45-3592,runattr,,,configname,General,
General-6-20260516-22:58:45-3592,runattr,,,datetime,20260516-22:58:45,
General-6-20260516-22:58:45-3592,runattr,,,datetimef,20260516-225845,
General-6-20260516-22:58:45-3592,runattr,,,experiment,General,
General-6-20260516-22:58:45-3592,runattr,,,inifile,n100-gw1.ini,
General-6-20260516-22:58:45-3592,runattr,,,iterationvars,"$0=""avg""",
General-6-20260516-22:58:45-3592,runattr,,,iterationvarsd,avg,
General-6-20260516-22:58:45-3592,runattr,,,iterationvarsf,avg-,
General-6-20260516-22:58:45-3592,runattr,,,measurement,"$0=""avg""",
General-6-20260516-22:58:45-3592,runattr,,,network,flora.simulations.LoRaNetworkTest,
General-6-20260516-22:58:45-3592,runattr,,,processid,3592,
General-6-20260516-22:58:45-3592,runattr,,,repetition,6,
General-6-20260516-22:58:45-3592,runattr,,,replication,#6,
General-6-20260516-22:58:45-3592,runattr,,,resultdir,results,
General-6-20260516-22:58:45-3592,runattr,,,runnumber,6,
General-6-20260516-22:58:45-3592,runattr,,,seedset,6,
General-6-20260516-22:58:45-3592,config,,,image-path,../../../inet4.4/images,
General-6-20260516-22:58:45-3592,config,,,network,flora.simulations.LoRaNetworkTest,
General-6-20260516-22:58:45-3592,config,,,output-vector-file,../results/n100-gw1-s6.ini.vec,
General-6-20260516-22:58:45-3592,config,,,**.maxTransmissionDuration,4s,
General-6-20260516-22:58:45-3592,config,,,**.energyDetection,-110dBm,
General-6-20260516-22:58:45-3592,config,,,**.vector-recording,true,
General-6-20260516-22:58:45-3592,config,,,rng-class,cMersenneTwister,
General-6-20260516-22:58:45-3592,config,,,**.loRaGW[*].numUdpApps,1,
General-6-20260516-22:58:45-3592,config,,,**.loRaGW[0].packetForwarder.localPort,2000,
General-6-20260516-22:58:45-3592,config,,,**.loRaGW[0].packetForwarder.destPort,1000,
General-6-20260516-22:58:45-3592,config,,,**.loRaGW[0].packetForwarder.destAddresses,"""networkServer""",
General-6-20260516-22:58:45-3592,config,,,**.loRaGW[0].packetForwarder.indexNumber,0,
General-6-20260516-22:58:45-3592,config,,,**.networkServer.numApps,1,
General-6-20260516-22:58:45-3592,config,,,**.networkServer.**.evaluateADRinServer,true,
General-6-20260516-22:58:45-3592,config,,,**.networkServer.app[0].typename,NetworkServerApp,
General-6-20260516-22:58:45-3592,config,,,**.networkServer.app[0].destAddresses,"""loRaGW[0]""",
General-6-20260516-22:58:45-3592,config,,,**.networkServer.app[0].destPort,2000,
General-6-20260516-22:58:45-3592,config,,,**.networkServer.app[0].localPort,1000,
General-6-20260516-22:58:45-3592,config,,,**.networkServer.app[0].adrMethod,"""avg""",
General-6-20260516-22:58:45-3592,config,,,**.numberOfPacketsToSend,0,
General-6-20260516-22:58:45-3592,config,,,sim-time-limit,3d,
General-6-20260516-22:58:45-3592,config,,,warmup-period,2h,
General-6-20260516-22:58:45-3592,config,,,simtime-resolution,-11,
General-6-20260516-22:58:45-3592,config,,,repeat,20,
General-6-20260516-22:58:45-3592,config,,,**.loRaNodes[{0..1}].app[0].timeToFirstPacket,"uniform(0h, 1h)",
General-6-20260516-22:58:45-3592,config,,,**.loRaNodes[{0..1}].app[0].timeToNextPacket,1h,
General-6-20260516-22:58:45-3592,config,,,**.loRaNodes[{2..3}].app[0].timeToFirstPacket,exponential(24h),
General-6-20260516-22:58:45-3592,config,,,**.loRaNodes[{2..3}].app[0].timeToNextPacket,exponential(24h),
General-6-20260516-22:58:45-3592,config,,,**.loRaNodes[{4..5}].app[0].timeToFirstPacket,exponential(4h),
General-6-20260516-22:58:45-3592,config,,,**.loRaNodes[{4..5}].app[0].timeToNextPacket,exponential(4h),
General-6-20260516-22:58:45-3592,config,,,**.alohaChannelModel,false,
General-6-20260516-22:58:45-3592,config,,,**.loRaNodes[*].**.initFromDisplayString,false,
General-6-20260516-22:58:45-3592,config,,,**.loRaNodes[*].**.evaluateADRinNode,true,
General-6-20260516-22:58:45-3592,config,,,**.loRaNodes[*].**initialLoRaBW,125 kHz,
General-6-20260516-22:58:45-3592,config,,,**.loRaNodes[*].**initialLoRaCR,4,
General-6-20260516-22:58:45-3592,config,,,**.loRaNodes[*].numApps,1,
General-6-20260516-22:58:45-3592,config,,,**.loRaNodes[*].app[0].typename,SimpleLoRaApp,
General-6-20260516-22:58:45-3592,config,,,**.LoRaGWNic.radio.iAmGateway,true,
General-6-20260516-22:58:45-3592,config,,,**.loRaGW[*].**.initFromDisplayString,false,
General-6-20260516-22:58:45-3592,config,,,**.loRaNodes[*].LoRaNic.radio.energyConsumer.typename,LoRaEnergyConsumer,
General-6-20260516-22:58:45-3592,config,,,**.loRaNodes[*].**.energySourceModule,"""^.IdealEpEnergyStorage""",
General-6-20260516-22:58:45-3592,config,,,**.loRaNodes[*].LoRaNic.radio.energyConsumer.configFile,"xmldoc(""../energyConsumptionParameters.xml"")",
General-6-20260516-22:58:45-3592,config,,,**.sigma,3.57,
General-6-20260516-22:58:45-3592,config,,,**.constraintAreaMinX,0m,
General-6-20260516-22:58:45-3592,config,,,**.constraintAreaMinY,0m,
General-6-20260516-22:58:45-3592,config,,,**.constraintAreaMinZ,0m,
General-6-20260516-22:58:45-3592,config,,,**.constraintAreaMaxZ,0m,
General-6-20260516-22:58:45-3592,config,,,LoRaNetworkTest.**.radio.separateTransmissionParts,false,
General-6-20260516-22:58:45-3592,config,,,LoRaNetworkTest.**.radio.separateReceptionParts,false,
General-6-20260516-22:58:45-3592,config,,,**.ipv4Delayer.config,"xmldoc(""../cloudDelays.xml"")",
General-6-20260516-22:58:45-3592,config,,,**.radio.radioMediumModule,"""LoRaMedium""",
General-6-20260516-22:58:45-3592,config,,,**.LoRaMedium.pathLossType,"""LoRaLogNormalShadowing""",
General-6-20260516-22:58:45-3592,config,,,**.minInterferenceTime,0s,
General-6-20260516-22:58:45-3592,config,,,**.displayAddresses,false,
General-6-20260516-22:58:45-3592,config,,,**.numberOfNodes,6,
General-6-20260516-22:58:45-3592,config,,,**.numberOfGateways,1,
General-6-20260516-22:58:45-3592,config,,,**.constraintAreaMaxX,2376.0m,
General-6-20260516-22:58:45-3592,config,,,**.constraintAreaMaxY,1090.0m,
General-6-20260516-22:58:45-3592,config,,,**.loRaGW[0].**.initialX,544.00m,
General-6-20260516-22:58:45-3592,config,,,**.loRaGW[0].**.initialY,544.00m,
General-6-20260516-22:58:45-3592,config,,,output-scalar-file,../results/n100-gw1-s6.ini.sca,
General-6-20260516-22:58:45-3592,config,,,**.loRaNodes[0..1].app[0].sendInterval,1h,
General-6-20260516-22:58:45-3592,config,,,**.loRaNodes[0].**.initialX,510.63m,
General-6-20260516-22:58:45-3592,config,,,**.loRaNodes[0].**.initialY,500.08m,
General-6-20260516-22:58:45-3592,config,,,**.loRaNodes[1].**.initialX,470.29m,
General-6-20260516-22:58:45-3592,config,,,**.loRaNodes[1].**.initialY,520.24m,
General-6-20260516-22:58:45-3592,config,,,**.loRaNodes[2].**.initialX,500.60m,
General-6-20260516-22:58:45-3592,config,,,**.loRaNodes[2].**.initialY,590.25m,
General-6-20260516-22:58:45-3592,config,,,**.loRaNodes[3].**.initialX,535.86m,
General-6-20260516-22:58:45-3592,config,,,**.loRaNodes[3].**.initialY,590.63m,
General-6-20260516-22:58:45-3592,config,,,**.loRaNodes[2..3].app[0].sendInterval,exponential(8760h),
General-6-20260516-22:58:45-3592,config,,,**.loRaNodes[4..5].app[0].sendInterval,exponential(4h),
General-6-20260516-22:58:45-3592,config,,,**.loRaNodes[4].**.initialX,650.85m,
General-6-20260516-22:58:45-3592,config,,,**.loRaNodes[4].**.initialY,510.11m,
General-6-20260516-22:58:45-3592,config,,,**.loRaNodes[5].**.initialX,680.27m,
General-6-20260516-22:58:45-3592,config,,,**.loRaNodes[5].**.initialY,520.84m,
General-6-20260516-22:58:45-3592,config,,,**.loRaNodes[0].**initialLoRaSF,8,
General-6-20260516-22:58:45-3592,config,,,**.loRaNodes[0].**initialLoRaTP,8dBm,
General-6-20260516-22:58:45-3592,config,,,**.loRaNodes[1].**initialLoRaSF,9,
General-6-20260516-22:58:45-3592,config,,,**.loRaNodes[1].**initialLoRaTP,8dBm,
General-6-20260516-22:58:45-3592,config,,,**.loRaNodes[2].**initialLoRaSF,7,
General-6-20260516-22:58:45-3592,config,,,**.loRaNodes[2].**initialLoRaTP,8dBm,
General-6-20260516-22:58:45-3592,config,,,**.loRaNodes[3].**initialLoRaSF,7,
General-6-20260516-22:58:45-3592,config,,,**.loRaNodes[3].**initialLoRaTP,2dBm,
General-6-20260516-22:58:45-3592,config,,,**.loRaNodes[4].**initialLoRaSF,8,
General-6-20260516-22:58:45-3592,config,,,**.loRaNodes[4].**initialLoRaTP,8dBm,
General-6-20260516-22:58:45-3592,config,,,**.loRaNodes[5].**initialLoRaSF,7,
General-6-20260516-22:58:45-3592,config,,,**.loRaNodes[5].**initialLoRaTP,2dBm,
General-6-20260516-22:58:45-3592,config,,,**.vector-recording,false,
General-6-20260516-22:58:45-3592,config,,,**.loRaGW[*].packetForwarder.highQueueLength.vector-recording,true,
General-6-20260516-22:58:45-3592,config,,,**.loRaGW[*].packetForwarder.lowQueueLength.vector-recording,true,
General-6-20260516-22:58:45-3592,config,,,**.networkServer.app[0].delaySignal.vector-recording,true,
General-6-20260516-22:58:45-3592,config,,,**.loRaNodes[*].app[0].packetsSent:scalar,true,
General-6-20260516-22:58:45-3592,config,,,**.networkServer.app[0].totalReceivedPackets:scalar,true,
General-6-20260516-22:58:45-3592,config,,,**.loRaGW[*].**.packetDropRate:scalar,true,
General-11-20260516-23:18:24-3631,runattr,,,configname,General,
General-11-20260516-23:18:24-3631,runattr,,,datetime,20260516-23:18:24,
General-11-20260516-23:18:24-3631,runattr,,,datetimef,20260516-231824,
General-11-20260516-23:18:24-3631,runattr,,,experiment,General,
General-11-20260516-23:18:24-3631,runattr,,,inifile,n100-gw1.ini,
General-11-20260516-23:18:24-3631,runattr,,,iterationvars,"$0=""avg""",
General-11-20260516-23:18:24-3631,runattr,,,iterationvarsd,avg,
General-11-20260516-23:18:24-3631,runattr,,,iterationvarsf,avg-,
General-11-20260516-23:18:24-3631,runattr,,,measurement,"$0=""avg""",
General-11-20260516-23:18:24-3631,runattr,,,network,flora.simulations.LoRaNetworkTest,
General-11-20260516-23:18:24-3631,runattr,,,processid,3631,
General-11-20260516-23:18:24-3631,runattr,,,repetition,11,
General-11-20260516-23:18:24-3631,runattr,,,replication,#11,
General-11-20260516-23:18:24-3631,runattr,,,resultdir,results,
General-11-20260516-23:18:24-3631,runattr,,,runnumber,11,
General-11-20260516-23:18:24-3631,runattr,,,seedset,11,
General-11-20260516-23:18:24-3631,config,,,image-path,../../../inet4.4/images,
General-11-20260516-23:18:24-3631,config,,,network,flora.simulations.LoRaNetworkTest,
General-11-20260516-23:18:24-3631,config,,,output-vector-file,../results/n100-gw1-s11.ini.vec,
General-11-20260516-23:18:24-3631,config,,,**.maxTransmissionDuration,4s,
General-11-20260516-23:18:24-3631,config,,,**.energyDetection,-110dBm,
General-11-20260516-23:18:24-3631,config,,,**.vector-recording,true,
General-11-20260516-23:18:24-3631,config,,,rng-class,cMersenneTwister,
General-11-20260516-23:18:24-3631,config,,,**.loRaGW[*].numUdpApps,1,
General-11-20260516-23:18:24-3631,config,,,**.loRaGW[0].packetForwarder.localPort,2000,
General-11-20260516-23:18:24-3631,config,,,**.loRaGW[0].packetForwarder.destPort,1000,
General-11-20260516-23:18:24-3631,config,,,**.loRaGW[0].packetForwarder.destAddresses,"""networkServer""",
General-11-20260516-23:18:24-3631,config,,,**.loRaGW[0].packetForwarder.indexNumber,0,
General-11-20260516-23:18:24-3631,config,,,**.networkServer.numApps,1,
General-11-20260516-23:18:24-3631,config,,,**.networkServer.**.evaluateADRinServer,true,
General-11-20260516-23:18:24-3631,config,,,**.networkServer.app[0].typename,NetworkServerApp,
General-11-20260516-23:18:24-3631,config,,,**.networkServer.app[0].destAddresses,"""loRaGW[0]""",
General-11-20260516-23:18:24-3631,config,,,**.networkServer.app[0].destPort,2000,
General-11-20260516-23:18:24-3631,config,,,**.networkServer.app[0].localPort,1000,
General-11-20260516-23:18:24-3631,config,,,**.networkServer.app[0].adrMethod,"""avg""",
General-11-20260516-23:18:24-3631,config,,,**.numberOfPacketsToSend,0,
General-11-20260516-23:18:24-3631,config,,,sim-time-limit,3d,
General-11-20260516-23:18:24-3631,config,,,warmup-period,2h,
General-11-20260516-23:18:24-3631,config,,,simtime-resolution,-11,
General-11-20260516-23:18:24-3631,config,,,repeat,20,
General-11-20260516-23:18:24-3631,config,,,**.loRaNodes[{0..1}].app[0].timeToFirstPacket,"uniform(0h, 1h)",
General-11-20260516-23:18:24-3631,config,,,**.loRaNodes[{0..1}].app[0].timeToNextPacket,1h,
General-11-20260516-23:18:24-3631,config,,,**.loRaNodes[{2..3}].app[0].timeToFirstPacket,exponential(24h),
General-11-20260516-23:18:24-3631,config,,,**.loRaNodes[{2..3}].app[0].timeToNextPacket,exponential(24h),
General-11-20260516-23:18:24-3631,config,,,**.loRaNodes[{4..5}].app[0].timeToFirstPacket,exponential(4h),
General-11-20260516-23:18:24-3631,config,,,**.loRaNodes[{4..5}].app[0].timeToNextPacket,exponential(4h),
General-11-20260516-23:18:24-3631,config,,,**.alohaChannelModel,false,
General-11-20260516-23:18:24-3631,config,,,**.loRaNodes[*].**.initFromDisplayString,false,
General-11-20260516-23:18:24-3631,config,,,**.loRaNodes[*].**.evaluateADRinNode,true,
General-11-20260516-23:18:24-3631,config,,,**.loRaNodes[*].**initialLoRaBW,125 kHz,
General-11-20260516-23:18:24-3631,config,,,**.loRaNodes[*].**initialLoRaCR,4,
General-11-20260516-23:18:24-3631,config,,,**.loRaNodes[*].numApps,1,
General-11-20260516-23:18:24-3631,config,,,**.loRaNodes[*].app[0].typename,SimpleLoRaApp,
General-11-20260516-23:18:24-3631,config,,,**.LoRaGWNic.radio.iAmGateway,true,
General-11-20260516-23:18:24-3631,config,,,**.loRaGW[*].**.initFromDisplayString,false,
General-11-20260516-23:18:24-3631,config,,,**.loRaNodes[*].LoRaNic.radio.energyConsumer.typename,LoRaEnergyConsumer,
General-11-20260516-23:18:24-3631,config,,,**.loRaNodes[*].**.energySourceModule,"""^.IdealEpEnergyStorage""",
General-11-20260516-23:18:24-3631,config,,,**.loRaNodes[*].LoRaNic.radio.energyConsumer.configFile,"xmldoc(""../energyConsumptionParameters.xml"")",
General-11-20260516-23:18:24-3631,config,,,**.sigma,3.57,
General-11-20260516-23:18:24-3631,config,,,**.constraintAreaMinX,0m,
General-11-20260516-23:18:24-3631,config,,,**.constraintAreaMinY,0m,
General-11-20260516-23:18:24-3631,config,,,**.constraintAreaMinZ,0m,
General-11-20260516-23:18:24-3631,config,,,**.constraintAreaMaxZ,0m,
General-11-20260516-23:18:24-3631,config,,,LoRaNetworkTest.**.radio.separateTransmissionParts,false,
General-11-20260516-23:18:24-3631,config,,,LoRaNetworkTest.**.radio.separateReceptionParts,false,
General-11-20260516-23:18:24-3631,config,,,**.ipv4Delayer.config,"xmldoc(""../cloudDelays.xml"")",
General-11-20260516-23:18:24-3631,config,,,**.radio.radioMediumModule,"""LoRaMedium""",
General-11-20260516-23:18:24-3631,config,,,**.LoRaMedium.pathLossType,"""LoRaLogNormalShadowing""",
General-11-20260516-23:18:24-3631,config,,,**.minInterferenceTime,0s,
General-11-20260516-23:18:24-3631,config,,,**.displayAddresses,false,
General-11-20260516-23:18:24-3631,config,,,**.numberOfNodes,6,
General-11-20260516-23:18:24-3631,config,,,**.numberOfGateways,1,
General-11-20260516-23:18:24-3631,config,,,**.constraintAreaMaxX,2376.0m,
General-11-20260516-23:18:24-3631,config,,,**.constraintAreaMaxY,1090.0m,
General-11-20260516-23:18:24-3631,config,,,**.loRaGW[0].**.initialX,544.00m,
General-11-20260516-23:18:24-3631,config,,,**.loRaGW[0].**.initialY,544.00m,
General-11-20260516-23:18:24-3631,config,,,output-scalar-file,../results/n100-gw1-s11.ini.sca,
General-11-20260516-23:18:24-3631,config,,,**.loRaNodes[0..1].app[0].sendInterval,1h,
General-11-20260516-23:18:24-3631,config,,,**.loRaNodes[0].**.initialX,510.63m,
General-11-20260516-23:18:24-3631,config,,,**.loRaNodes[0].**.initialY,500.08m,
General-11-20260516-23:18:24-3631,config,,,**.loRaNodes[1].**.initialX,470.29m,
General-11-20260516-23:18:24-3631,config,,,**.loRaNodes[1].**.initialY,520.24m,
General-11-20260516-23:18:24-3631,config,,,**.loRaNodes[2].**.initialX,500.60m,
General-11-20260516-23:18:24-3631,config,,,**.loRaNodes[2].**.initialY,590.25m,
General-11-20260516-23:18:24-3631,config,,,**.loRaNodes[3].**.initialX,535.86m,
General-11-20260516-23:18:24-3631,config,,,**.loRaNodes[3].**.initialY,590.63m,
General-11-20260516-23:18:24-3631,config,,,**.loRaNodes[2..3].app[0].sendInterval,exponential(8760h),
General-11-20260516-23:18:24-3631,config,,,**.loRaNodes[4..5].app[0].sendInterval,exponential(4h),
General-11-20260516-23:18:24-3631,config,,,**.loRaNodes[4].**.initialX,650.85m,
General-11-20260516-23:18:24-3631,config,,,**.loRaNodes[4].**.initialY,510.11m,
General-11-20260516-23:18:24-3631,config,,,**.loRaNodes[5].**.initialX,680.27m,
General-11-20260516-23:18:24-3631,config,,,**.loRaNodes[5].**.initialY,520.84m,
General-11-20260516-23:18:24-3631,config,,,**.loRaNodes[0].**initialLoRaSF,8,
General-11-20260516-23:18:24-3631,config,,,**.loRaNodes[0].**initialLoRaTP,8dBm,
General-11-20260516-23:18:24-3631,config,,,**.loRaNodes[1].**initialLoRaSF,9,
General-11-20260516-23:18:24-3631,config,,,**.loRaNodes[1].**initialLoRaTP,8dBm,
General-11-20260516-23:18:24-3631,config,,,**.loRaNodes[2].**initialLoRaSF,7,
General-11-20260516-23:18:24-3631,config,,,**.loRaNodes[2].**initialLoRaTP,8dBm,
General-11-20260516-23:18:24-3631,config,,,**.loRaNodes[3].**initialLoRaSF,7,
General-11-20260516-23:18:24-3631,config,,,**.loRaNodes[3].**initialLoRaTP,2dBm,
General-11-20260516-23:18:24-3631,config,,,**.loRaNodes[4].**initialLoRaSF,8,
General-11-20260516-23:18:24-3631,config,,,**.loRaNodes[4].**initialLoRaTP,8dBm,
General-11-20260516-23:18:24-3631,config,,,**.loRaNodes[5].**initialLoRaSF,7,
General-11-20260516-23:18:24-3631,config,,,**.loRaNodes[5].**initialLoRaTP,2dBm,
General-11-20260516-23:18:24-3631,config,,,**.vector-recording,false,
General-11-20260516-23:18:24-3631,config,,,**.loRaGW[*].packetForwarder.highQueueLength.vector-recording,true,
General-11-20260516-23:18:24-3631,config,,,**.loRaGW[*].packetForwarder.lowQueueLength.vector-recording,true,
General-11-20260516-23:18:24-3631,config,,,**.networkServer.app[0].delaySignal.vector-recording,true,
General-11-20260516-23:18:24-3631,config,,,**.loRaNodes[*].app[0].packetsSent:scalar,true,
General-11-20260516-23:18:24-3631,config,,,**.networkServer.app[0].totalReceivedPackets:scalar,true,
General-11-20260516-23:18:24-3631,config,,,**.loRaGW[*].**.packetDropRate:scalar,true,
General-5-20260516-22:54:41-3586,runattr,,,configname,General,
General-5-20260516-22:54:41-3586,runattr,,,datetime,20260516-22:54:41,
General-5-20260516-22:54:41-3586,runattr,,,datetimef,20260516-225441,
General-5-20260516-22:54:41-3586,runattr,,,experiment,General,
General-5-20260516-22:54:41-3586,runattr,,,inifile,n100-gw1.ini,
General-5-20260516-22:54:41-3586,runattr,,,iterationvars,"$0=""avg""",
General-5-20260516-22:54:41-3586,runattr,,,iterationvarsd,avg,
General-5-20260516-22:54:41-3586,runattr,,,iterationvarsf,avg-,
General-5-20260516-22:54:41-3586,runattr,,,measurement,"$0=""avg""",
General-5-20260516-22:54:41-3586,runattr,,,network,flora.simulations.LoRaNetworkTest,
General-5-20260516-22:54:41-3586,runattr,,,processid,3586,
General-5-20260516-22:54:41-3586,runattr,,,repetition,5,
General-5-20260516-22:54:41-3586,runattr,,,replication,#5,
General-5-20260516-22:54:41-3586,runattr,,,resultdir,results,
General-5-20260516-22:54:41-3586,runattr,,,runnumber,5,
General-5-20260516-22:54:41-3586,runattr,,,seedset,5,
General-5-20260516-22:54:41-3586,config,,,image-path,../../../inet4.4/images,
General-5-20260516-22:54:41-3586,config,,,network,flora.simulations.LoRaNetworkTest,
General-5-20260516-22:54:41-3586,config,,,output-vector-file,../results/n100-gw1-s5.ini.vec,
General-5-20260516-22:54:41-3586,config,,,**.maxTransmissionDuration,4s,
General-5-20260516-22:54:41-3586,config,,,**.energyDetection,-110dBm,
General-5-20260516-22:54:41-3586,config,,,**.vector-recording,true,
General-5-20260516-22:54:41-3586,config,,,rng-class,cMersenneTwister,
General-5-20260516-22:54:41-3586,config,,,**.loRaGW[*].numUdpApps,1,
General-5-20260516-22:54:41-3586,config,,,**.loRaGW[0].packetForwarder.localPort,2000,
General-5-20260516-22:54:41-3586,config,,,**.loRaGW[0].packetForwarder.destPort,1000,
General-5-20260516-22:54:41-3586,config,,,**.loRaGW[0].packetForwarder.destAddresses,"""networkServer""",
General-5-20260516-22:54:41-3586,config,,,**.loRaGW[0].packetForwarder.indexNumber,0,
General-5-20260516-22:54:41-3586,config,,,**.networkServer.numApps,1,
General-5-20260516-22:54:41-3586,config,,,**.networkServer.**.evaluateADRinServer,true,
General-5-20260516-22:54:41-3586,config,,,**.networkServer.app[0].typename,NetworkServerApp,
General-5-20260516-22:54:41-3586,config,,,**.networkServer.app[0].destAddresses,"""loRaGW[0]""",
General-5-20260516-22:54:41-3586,config,,,**.networkServer.app[0].destPort,2000,
General-5-20260516-22:54:41-3586,config,,,**.networkServer.app[0].localPort,1000,
General-5-20260516-22:54:41-3586,config,,,**.networkServer.app[0].adrMethod,"""avg""",
General-5-20260516-22:54:41-3586,config,,,**.numberOfPacketsToSend,0,
General-5-20260516-22:54:41-3586,config,,,sim-time-limit,3d,
General-5-20260516-22:54:41-3586,config,,,warmup-period,2h,
General-5-20260516-22:54:41-3586,config,,,simtime-resolution,-11,
General-5-20260516-22:54:41-3586,config,,,repeat,20,
General-5-20260516-22:54:41-3586,config,,,**.loRaNodes[{0..1}].app[0].timeToFirstPacket,"uniform(0h, 1h)",
General-5-20260516-22:54:41-3586,config,,,**.loRaNodes[{0..1}].app[0].timeToNextPacket,1h,
General-5-20260516-22:54:41-3586,config,,,**.loRaNodes[{2..3}].app[0].timeToFirstPacket,exponential(24h),
General-5-20260516-22:54:41-3586,config,,,**.loRaNodes[{2..3}].app[0].timeToNextPacket,exponential(24h),
General-5-20260516-22:54:41-3586,config,,,**.loRaNodes[{4..5}].app[0].timeToFirstPacket,exponential(4h),
General-5-20260516-22:54:41-3586,config,,,**.loRaNodes[{4..5}].app[0].timeToNextPacket,exponential(4h),
General-5-20260516-22:54:41-3586,config,,,**.alohaChannelModel,false,
General-5-20260516-22:54:41-3586,config,,,**.loRaNodes[*].**.initFromDisplayString,false,
General-5-20260516-22:54:41-3586,config,,,**.loRaNodes[*].**.evaluateADRinNode,true,
General-5-20260516-22:54:41-3586,config,,,**.loRaNodes[*].**initialLoRaBW,125 kHz,
General-5-20260516-22:54:41-3586,config,,,**.loRaNodes[*].**initialLoRaCR,4,
General-5-20260516-22:54:41-3586,config,,,**.loRaNodes[*].numApps,1,
General-5-20260516-22:54:41-3586,config,,,**.loRaNodes[*].app[0].typename,SimpleLoRaApp,
General-5-20260516-22:54:41-3586,config,,,**.LoRaGWNic.radio.iAmGateway,true,
General-5-20260516-22:54:41-3586,config,,,**.loRaGW[*].**.initFromDisplayString,false,
General-5-20260516-22:54:41-3586,config,,,**.loRaNodes[*].LoRaNic.radio.energyConsumer.typename,LoRaEnergyConsumer,
General-5-20260516-22:54:41-3586,config,,,**.loRaNodes[*].**.energySourceModule,"""^.IdealEpEnergyStorage""",
General-5-20260516-22:54:41-3586,config,,,**.loRaNodes[*].LoRaNic.radio.energyConsumer.configFile,"xmldoc(""../energyConsumptionParameters.xml"")",
General-5-20260516-22:54:41-3586,config,,,**.sigma,3.57,
General-5-20260516-22:54:41-3586,config,,,**.constraintAreaMinX,0m,
General-5-20260516-22:54:41-3586,config,,,**.constraintAreaMinY,0m,
General-5-20260516-22:54:41-3586,config,,,**.constraintAreaMinZ,0m,
General-5-20260516-22:54:41-3586,config,,,**.constraintAreaMaxZ,0m,
General-5-20260516-22:54:41-3586,config,,,LoRaNetworkTest.**.radio.separateTransmissionParts,false,
General-5-20260516-22:54:41-3586,config,,,LoRaNetworkTest.**.radio.separateReceptionParts,false,
General-5-20260516-22:54:41-3586,config,,,**.ipv4Delayer.config,"xmldoc(""../cloudDelays.xml"")",
General-5-20260516-22:54:41-3586,config,,,**.radio.radioMediumModule,"""LoRaMedium""",
General-5-20260516-22:54:41-3586,config,,,**.LoRaMedium.pathLossType,"""LoRaLogNormalShadowing""",
General-5-20260516-22:54:41-3586,config,,,**.minInterferenceTime,0s,
General-5-20260516-22:54:41-3586,config,,,**.displayAddresses,false,
General-5-20260516-22:54:41-3586,config,,,**.numberOfNodes,6,
General-5-20260516-22:54:41-3586,config,,,**.numberOfGateways,1,
General-5-20260516-22:54:41-3586,config,,,**.constraintAreaMaxX,2376.0m,
General-5-20260516-22:54:41-3586,config,,,**.constraintAreaMaxY,1090.0m,
General-5-20260516-22:54:41-3586,config,,,**.loRaGW[0].**.initialX,544.00m,
General-5-20260516-22:54:41-3586,config,,,**.loRaGW[0].**.initialY,544.00m,
General-5-20260516-22:54:41-3586,config,,,output-scalar-file,../results/n100-gw1-s5.ini.sca,
General-5-20260516-22:54:41-3586,config,,,**.loRaNodes[0..1].app[0].sendInterval,1h,
General-5-20260516-22:54:41-3586,config,,,**.loRaNodes[0].**.initialX,510.63m,
General-5-20260516-22:54:41-3586,config,,,**.loRaNodes[0].**.initialY,500.08m,
General-5-20260516-22:54:41-3586,config,,,**.loRaNodes[1].**.initialX,470.29m,
General-5-20260516-22:54:41-3586,config,,,**.loRaNodes[1].**.initialY,520.24m,
General-5-20260516-22:54:41-3586,config,,,**.loRaNodes[2].**.initialX,500.60m,
General-5-20260516-22:54:41-3586,config,,,**.loRaNodes[2].**.initialY,590.25m,
General-5-20260516-22:54:41-3586,config,,,**.loRaNodes[3].**.initialX,535.86m,
General-5-20260516-22:54:41-3586,config,,,**.loRaNodes[3].**.initialY,590.63m,
General-5-20260516-22:54:41-3586,config,,,**.loRaNodes[2..3].app[0].sendInterval,exponential(8760h),
General-5-20260516-22:54:41-3586,config,,,**.loRaNodes[4..5].app[0].sendInterval,exponential(4h),
General-5-20260516-22:54:41-3586,config,,,**.loRaNodes[4].**.initialX,650.85m,
General-5-20260516-22:54:41-3586,config,,,**.loRaNodes[4].**.initialY,510.11m,
General-5-20260516-22:54:41-3586,config,,,**.loRaNodes[5].**.initialX,680.27m,
General-5-20260516-22:54:41-3586,config,,,**.loRaNodes[5].**.initialY,520.84m,
General-5-20260516-22:54:41-3586,config,,,**.loRaNodes[0].**initialLoRaSF,8,
General-5-20260516-22:54:41-3586,config,,,**.loRaNodes[0].**initialLoRaTP,8dBm,
General-5-20260516-22:54:41-3586,config,,,**.loRaNodes[1].**initialLoRaSF,9,
General-5-20260516-22:54:41-3586,config,,,**.loRaNodes[1].**initialLoRaTP,8dBm,
General-5-20260516-22:54:41-3586,config,,,**.loRaNodes[2].**initialLoRaSF,7,
General-5-20260516-22:54:41-3586,config,,,**.loRaNodes[2].**initialLoRaTP,8dBm,
General-5-20260516-22:54:41-3586,config,,,**.loRaNodes[3].**initialLoRaSF,7,
General-5-20260516-22:54:41-3586,config,,,**.loRaNodes[3].**initialLoRaTP,2dBm,
General-5-20260516-22:54:41-3586,config,,,**.loRaNodes[4].**initialLoRaSF,8,
General-5-20260516-22:54:41-3586,config,,,**.loRaNodes[4].**initialLoRaTP,8dBm,
General-5-20260516-22:54:41-3586,config,,,**.loRaNodes[5].**initialLoRaSF,7,
General-5-20260516-22:54:41-3586,config,,,**.loRaNodes[5].**initialLoRaTP,2dBm,
General-5-20260516-22:54:41-3586,config,,,**.vector-recording,false,
General-5-20260516-22:54:41-3586,config,,,**.loRaGW[*].packetForwarder.highQueueLength.vector-recording,true,
General-5-20260516-22:54:41-3586,config,,,**.loRaGW[*].packetForwarder.lowQueueLength.vector-recording,true,
General-5-20260516-22:54:41-3586,config,,,**.networkServer.app[0].delaySignal.vector-recording,true,
General-5-20260516-22:54:41-3586,config,,,**.loRaNodes[*].app[0].packetsSent:scalar,true,
General-5-20260516-22:54:41-3586,config,,,**.networkServer.app[0].totalReceivedPackets:scalar,true,
General-5-20260516-22:54:41-3586,config,,,**.loRaGW[*].**.packetDropRate:scalar,true,
General-1-20260516-22:39:03-3562,runattr,,,configname,General,
General-1-20260516-22:39:03-3562,runattr,,,datetime,20260516-22:39:03,
General-1-20260516-22:39:03-3562,runattr,,,datetimef,20260516-223903,
General-1-20260516-22:39:03-3562,runattr,,,experiment,General,
General-1-20260516-22:39:03-3562,runattr,,,inifile,n100-gw1.ini,
General-1-20260516-22:39:03-3562,runattr,,,iterationvars,"$0=""avg""",
General-1-20260516-22:39:03-3562,runattr,,,iterationvarsd,avg,
General-1-20260516-22:39:03-3562,runattr,,,iterationvarsf,avg-,
General-1-20260516-22:39:03-3562,runattr,,,measurement,"$0=""avg""",
General-1-20260516-22:39:03-3562,runattr,,,network,flora.simulations.LoRaNetworkTest,
General-1-20260516-22:39:03-3562,runattr,,,processid,3562,
General-1-20260516-22:39:03-3562,runattr,,,repetition,1,
General-1-20260516-22:39:03-3562,runattr,,,replication,#1,
General-1-20260516-22:39:03-3562,runattr,,,resultdir,results,
General-1-20260516-22:39:03-3562,runattr,,,runnumber,1,
General-1-20260516-22:39:03-3562,runattr,,,seedset,1,
General-1-20260516-22:39:03-3562,config,,,image-path,../../../inet4.4/images,
General-1-20260516-22:39:03-3562,config,,,network,flora.simulations.LoRaNetworkTest,
General-1-20260516-22:39:03-3562,config,,,output-vector-file,../results/n100-gw1-s1.ini.vec,
General-1-20260516-22:39:03-3562,config,,,**.maxTransmissionDuration,4s,
General-1-20260516-22:39:03-3562,config,,,**.energyDetection,-110dBm,
General-1-20260516-22:39:03-3562,config,,,**.vector-recording,true,
General-1-20260516-22:39:03-3562,config,,,rng-class,cMersenneTwister,
General-1-20260516-22:39:03-3562,config,,,**.loRaGW[*].numUdpApps,1,
General-1-20260516-22:39:03-3562,config,,,**.loRaGW[0].packetForwarder.localPort,2000,
General-1-20260516-22:39:03-3562,config,,,**.loRaGW[0].packetForwarder.destPort,1000,
General-1-20260516-22:39:03-3562,config,,,**.loRaGW[0].packetForwarder.destAddresses,"""networkServer""",
General-1-20260516-22:39:03-3562,config,,,**.loRaGW[0].packetForwarder.indexNumber,0,
General-1-20260516-22:39:03-3562,config,,,**.networkServer.numApps,1,
General-1-20260516-22:39:03-3562,config,,,**.networkServer.**.evaluateADRinServer,true,
General-1-20260516-22:39:03-3562,config,,,**.networkServer.app[0].typename,NetworkServerApp,
General-1-20260516-22:39:03-3562,config,,,**.networkServer.app[0].destAddresses,"""loRaGW[0]""",
General-1-20260516-22:39:03-3562,config,,,**.networkServer.app[0].destPort,2000,
General-1-20260516-22:39:03-3562,config,,,**.networkServer.app[0].localPort,1000,
General-1-20260516-22:39:03-3562,config,,,**.networkServer.app[0].adrMethod,"""avg""",
General-1-20260516-22:39:03-3562,config,,,**.numberOfPacketsToSend,0,
General-1-20260516-22:39:03-3562,config,,,sim-time-limit,3d,
General-1-20260516-22:39:03-3562,config,,,warmup-period,2h,
General-1-20260516-22:39:03-3562,config,,,simtime-resolution,-11,
General-1-20260516-22:39:03-3562,config,,,repeat,20,
General-1-20260516-22:39:03-3562,config,,,**.loRaNodes[{0..1}].app[0].timeToFirstPacket,"uniform(0h, 1h)",
General-1-20260516-22:39:03-3562,config,,,**.loRaNodes[{0..1}].app[0].timeToNextPacket,1h,
General-1-20260516-22:39:03-3562,config,,,**.loRaNodes[{2..3}].app[0].timeToFirstPacket,exponential(24h),
General-1-20260516-22:39:03-3562,config,,,**.loRaNodes[{2..3}].app[0].timeToNextPacket,exponential(24h),
General-1-20260516-22:39:03-3562,config,,,**.loRaNodes[{4..5}].app[0].timeToFirstPacket,exponential(4h),
General-1-20260516-22:39:03-3562,config,,,**.loRaNodes[{4..5}].app[0].timeToNextPacket,exponential(4h),
General-1-20260516-22:39:03-3562,config,,,**.alohaChannelModel,false,
General-1-20260516-22:39:03-3562,config,,,**.loRaNodes[*].**.initFromDisplayString,false,
General-1-20260516-22:39:03-3562,config,,,**.loRaNodes[*].**.evaluateADRinNode,true,
General-1-20260516-22:39:03-3562,config,,,**.loRaNodes[*].**initialLoRaBW,125 kHz,
General-1-20260516-22:39:03-3562,config,,,**.loRaNodes[*].**initialLoRaCR,4,
General-1-20260516-22:39:03-3562,config,,,**.loRaNodes[*].numApps,1,
General-1-20260516-22:39:03-3562,config,,,**.loRaNodes[*].app[0].typename,SimpleLoRaApp,
General-1-20260516-22:39:03-3562,config,,,**.LoRaGWNic.radio.iAmGateway,true,
General-1-20260516-22:39:03-3562,config,,,**.loRaGW[*].**.initFromDisplayString,false,
General-1-20260516-22:39:03-3562,config,,,**.loRaNodes[*].LoRaNic.radio.energyConsumer.typename,LoRaEnergyConsumer,
General-1-20260516-22:39:03-3562,config,,,**.loRaNodes[*].**.energySourceModule,"""^.IdealEpEnergyStorage""",
General-1-20260516-22:39:03-3562,config,,,**.loRaNodes[*].LoRaNic.radio.energyConsumer.configFile,"xmldoc(""../energyConsumptionParameters.xml"")",
General-1-20260516-22:39:03-3562,config,,,**.sigma,3.57,
General-1-20260516-22:39:03-3562,config,,,**.constraintAreaMinX,0m,
General-1-20260516-22:39:03-3562,config,,,**.constraintAreaMinY,0m,
General-1-20260516-22:39:03-3562,config,,,**.constraintAreaMinZ,0m,
General-1-20260516-22:39:03-3562,config,,,**.constraintAreaMaxZ,0m,
General-1-20260516-22:39:03-3562,config,,,LoRaNetworkTest.**.radio.separateTransmissionParts,false,
General-1-20260516-22:39:03-3562,config,,,LoRaNetworkTest.**.radio.separateReceptionParts,false,
General-1-20260516-22:39:03-3562,config,,,**.ipv4Delayer.config,"xmldoc(""../cloudDelays.xml"")",
General-1-20260516-22:39:03-3562,config,,,**.radio.radioMediumModule,"""LoRaMedium""",
General-1-20260516-22:39:03-3562,config,,,**.LoRaMedium.pathLossType,"""LoRaLogNormalShadowing""",
General-1-20260516-22:39:03-3562,config,,,**.minInterferenceTime,0s,
General-1-20260516-22:39:03-3562,config,,,**.displayAddresses,false,
General-1-20260516-22:39:03-3562,config,,,**.numberOfNodes,6,
General-1-20260516-22:39:03-3562,config,,,**.numberOfGateways,1,
General-1-20260516-22:39:03-3562,config,,,**.constraintAreaMaxX,2376.0m,
General-1-20260516-22:39:03-3562,config,,,**.constraintAreaMaxY,1090.0m,
General-1-20260516-22:39:03-3562,config,,,**.loRaGW[0].**.initialX,544.00m,
General-1-20260516-22:39:03-3562,config,,,**.loRaGW[0].**.initialY,544.00m,
General-1-20260516-22:39:03-3562,config,,,output-scalar-file,../results/n100-gw1-s1.ini.sca,
General-1-20260516-22:39:03-3562,config,,,**.loRaNodes[0..1].app[0].sendInterval,1h,
General-1-20260516-22:39:03-3562,config,,,**.loRaNodes[0].**.initialX,510.63m,
General-1-20260516-22:39:03-3562,config,,,**.loRaNodes[0].**.initialY,500.08m,
General-1-20260516-22:39:03-3562,config,,,**.loRaNodes[1].**.initialX,470.29m,
General-1-20260516-22:39:03-3562,config,,,**.loRaNodes[1].**.initialY,520.24m,
General-1-20260516-22:39:03-3562,config,,,**.loRaNodes[2].**.initialX,500.60m,
General-1-20260516-22:39:03-3562,config,,,**.loRaNodes[2].**.initialY,590.25m,
General-1-20260516-22:39:03-3562,config,,,**.loRaNodes[3].**.initialX,535.86m,
General-1-20260516-22:39:03-3562,config,,,**.loRaNodes[3].**.initialY,590.63m,
General-1-20260516-22:39:03-3562,config,,,**.loRaNodes[2..3].app[0].sendInterval,exponential(8760h),
General-1-20260516-22:39:03-3562,config,,,**.loRaNodes[4..5].app[0].sendInterval,exponential(4h),
General-1-20260516-22:39:03-3562,config,,,**.loRaNodes[4].**.initialX,650.85m,
General-1-20260516-22:39:03-3562,config,,,**.loRaNodes[4].**.initialY,510.11m,
General-1-20260516-22:39:03-3562,config,,,**.loRaNodes[5].**.initialX,680.27m,
General-1-20260516-22:39:03-3562,config,,,**.loRaNodes[5].**.initialY,520.84m,
General-1-20260516-22:39:03-3562,config,,,**.loRaNodes[0].**initialLoRaSF,8,
General-1-20260516-22:39:03-3562,config,,,**.loRaNodes[0].**initialLoRaTP,8dBm,
General-1-20260516-22:39:03-3562,config,,,**.loRaNodes[1].**initialLoRaSF,9,
General-1-20260516-22:39:03-3562,config,,,**.loRaNodes[1].**initialLoRaTP,8dBm,
General-1-20260516-22:39:03-3562,config,,,**.loRaNodes[2].**initialLoRaSF,7,
General-1-20260516-22:39:03-3562,config,,,**.loRaNodes[2].**initialLoRaTP,8dBm,
General-1-20260516-22:39:03-3562,config,,,**.loRaNodes[3].**initialLoRaSF,7,
General-1-20260516-22:39:03-3562,config,,,**.loRaNodes[3].**initialLoRaTP,2dBm,
General-1-20260516-22:39:03-3562,config,,,**.loRaNodes[4].**initialLoRaSF,8,
General-1-20260516-22:39:03-3562,config,,,**.loRaNodes[4].**initialLoRaTP,8dBm,
General-1-20260516-22:39:03-3562,config,,,**.loRaNodes[5].**initialLoRaSF,7,
General-1-20260516-22:39:03-3562,config,,,**.loRaNodes[5].**initialLoRaTP,2dBm,
General-1-20260516-22:39:03-3562,config,,,**.vector-recording,false,
General-1-20260516-22:39:03-3562,config,,,**.loRaGW[*].packetForwarder.highQueueLength.vector-recording,true,
General-1-20260516-22:39:03-3562,config,,,**.loRaGW[*].packetForwarder.lowQueueLength.vector-recording,true,
General-1-20260516-22:39:03-3562,config,,,**.networkServer.app[0].delaySignal.vector-recording,true,
General-1-20260516-22:39:03-3562,config,,,**.loRaNodes[*].app[0].packetsSent:scalar,true,
General-1-20260516-22:39:03-3562,config,,,**.networkServer.app[0].totalReceivedPackets:scalar,true,
General-1-20260516-22:39:03-3562,config,,,**.loRaGW[*].**.packetDropRate:scalar,true,
General-0-20260516-22:34:32-3550,runattr,,,configname,General,
General-0-20260516-22:34:32-3550,runattr,,,datetime,20260516-22:34:32,
General-0-20260516-22:34:32-3550,runattr,,,datetimef,20260516-223432,
General-0-20260516-22:34:32-3550,runattr,,,experiment,General,
General-0-20260516-22:34:32-3550,runattr,,,inifile,n100-gw1.ini,
General-0-20260516-22:34:32-3550,runattr,,,iterationvars,"$0=""avg""",
General-0-20260516-22:34:32-3550,runattr,,,iterationvarsd,avg,
General-0-20260516-22:34:32-3550,runattr,,,iterationvarsf,avg-,
General-0-20260516-22:34:32-3550,runattr,,,measurement,"$0=""avg""",
General-0-20260516-22:34:32-3550,runattr,,,network,flora.simulations.LoRaNetworkTest,
General-0-20260516-22:34:32-3550,runattr,,,processid,3550,
General-0-20260516-22:34:32-3550,runattr,,,repetition,0,
General-0-20260516-22:34:32-3550,runattr,,,replication,#0,
General-0-20260516-22:34:32-3550,runattr,,,resultdir,results,
General-0-20260516-22:34:32-3550,runattr,,,runnumber,0,
General-0-20260516-22:34:32-3550,runattr,,,seedset,0,
General-0-20260516-22:34:32-3550,config,,,image-path,../../../inet4.4/images,
General-0-20260516-22:34:32-3550,config,,,network,flora.simulations.LoRaNetworkTest,
General-0-20260516-22:34:32-3550,config,,,output-vector-file,../results/n100-gw1-s0.ini.vec,
General-0-20260516-22:34:32-3550,config,,,**.maxTransmissionDuration,4s,
General-0-20260516-22:34:32-3550,config,,,**.energyDetection,-110dBm,
General-0-20260516-22:34:32-3550,config,,,**.vector-recording,true,
General-0-20260516-22:34:32-3550,config,,,rng-class,cMersenneTwister,
General-0-20260516-22:34:32-3550,config,,,**.loRaGW[*].numUdpApps,1,
General-0-20260516-22:34:32-3550,config,,,**.loRaGW[0].packetForwarder.localPort,2000,
General-0-20260516-22:34:32-3550,config,,,**.loRaGW[0].packetForwarder.destPort,1000,
General-0-20260516-22:34:32-3550,config,,,**.loRaGW[0].packetForwarder.destAddresses,"""networkServer""",
General-0-20260516-22:34:32-3550,config,,,**.loRaGW[0].packetForwarder.indexNumber,0,
General-0-20260516-22:34:32-3550,config,,,**.networkServer.numApps,1,
General-0-20260516-22:34:32-3550,config,,,**.networkServer.**.evaluateADRinServer,true,
General-0-20260516-22:34:32-3550,config,,,**.networkServer.app[0].typename,NetworkServerApp,
General-0-20260516-22:34:32-3550,config,,,**.networkServer.app[0].destAddresses,"""loRaGW[0]""",
General-0-20260516-22:34:32-3550,config,,,**.networkServer.app[0].destPort,2000,
General-0-20260516-22:34:32-3550,config,,,**.networkServer.app[0].localPort,1000,
General-0-20260516-22:34:32-3550,config,,,**.networkServer.app[0].adrMethod,"""avg""",
General-0-20260516-22:34:32-3550,config,,,**.numberOfPacketsToSend,0,
General-0-20260516-22:34:32-3550,config,,,sim-time-limit,3d,
General-0-20260516-22:34:32-3550,config,,,warmup-period,2h,
General-0-20260516-22:34:32-3550,config,,,simtime-resolution,-11,
General-0-20260516-22:34:32-3550,config,,,repeat,20,
General-0-20260516-22:34:32-3550,config,,,**.loRaNodes[{0..1}].app[0].timeToFirstPacket,"uniform(0h, 1h)",
General-0-20260516-22:34:32-3550,config,,,**.loRaNodes[{0..1}].app[0].timeToNextPacket,1h,
General-0-20260516-22:34:32-3550,config,,,**.loRaNodes[{2..3}].app[0].timeToFirstPacket,exponential(24h),
General-0-20260516-22:34:32-3550,config,,,**.loRaNodes[{2..3}].app[0].timeToNextPacket,exponential(24h),
General-0-20260516-22:34:32-3550,config,,,**.loRaNodes[{4..5}].app[0].timeToFirstPacket,exponential(4h),
General-0-20260516-22:34:32-3550,config,,,**.loRaNodes[{4..5}].app[0].timeToNextPacket,exponential(4h),
General-0-20260516-22:34:32-3550,config,,,**.alohaChannelModel,false,
General-0-20260516-22:34:32-3550,config,,,**.loRaNodes[*].**.initFromDisplayString,false,
General-0-20260516-22:34:32-3550,config,,,**.loRaNodes[*].**.evaluateADRinNode,true,
General-0-20260516-22:34:32-3550,config,,,**.loRaNodes[*].**initialLoRaBW,125 kHz,
General-0-20260516-22:34:32-3550,config,,,**.loRaNodes[*].**initialLoRaCR,4,
General-0-20260516-22:34:32-3550,config,,,**.loRaNodes[*].numApps,1,
General-0-20260516-22:34:32-3550,config,,,**.loRaNodes[*].app[0].typename,SimpleLoRaApp,
General-0-20260516-22:34:32-3550,config,,,**.LoRaGWNic.radio.iAmGateway,true,
General-0-20260516-22:34:32-3550,config,,,**.loRaGW[*].**.initFromDisplayString,false,
General-0-20260516-22:34:32-3550,config,,,**.loRaNodes[*].LoRaNic.radio.energyConsumer.typename,LoRaEnergyConsumer,
General-0-20260516-22:34:32-3550,config,,,**.loRaNodes[*].**.energySourceModule,"""^.IdealEpEnergyStorage""",
General-0-20260516-22:34:32-3550,config,,,**.loRaNodes[*].LoRaNic.radio.energyConsumer.configFile,"xmldoc(""../energyConsumptionParameters.xml"")",
General-0-20260516-22:34:32-3550,config,,,**.sigma,3.57,
General-0-20260516-22:34:32-3550,config,,,**.constraintAreaMinX,0m,
General-0-20260516-22:34:32-3550,config,,,**.constraintAreaMinY,0m,
General-0-20260516-22:34:32-3550,config,,,**.constraintAreaMinZ,0m,
General-0-20260516-22:34:32-3550,config,,,**.constraintAreaMaxZ,0m,
General-0-20260516-22:34:32-3550,config,,,LoRaNetworkTest.**.radio.separateTransmissionParts,false,
General-0-20260516-22:34:32-3550,config,,,LoRaNetworkTest.**.radio.separateReceptionParts,false,
General-0-20260516-22:34:32-3550,config,,,**.ipv4Delayer.config,"xmldoc(""../cloudDelays.xml"")",
General-0-20260516-22:34:32-3550,config,,,**.radio.radioMediumModule,"""LoRaMedium""",
General-0-20260516-22:34:32-3550,config,,,**.LoRaMedium.pathLossType,"""LoRaLogNormalShadowing""",
General-0-20260516-22:34:32-3550,config,,,**.minInterferenceTime,0s,
General-0-20260516-22:34:32-3550,config,,,**.displayAddresses,false,
General-0-20260516-22:34:32-3550,config,,,**.numberOfNodes,6,
General-0-20260516-22:34:32-3550,config,,,**.numberOfGateways,1,
General-0-20260516-22:34:32-3550,config,,,**.constraintAreaMaxX,2376.0m,
General-0-20260516-22:34:32-3550,config,,,**.constraintAreaMaxY,1090.0m,
General-0-20260516-22:34:32-3550,config,,,**.loRaGW[0].**.initialX,544.00m,
General-0-20260516-22:34:32-3550,config,,,**.loRaGW[0].**.initialY,544.00m,
General-0-20260516-22:34:32-3550,config,,,output-scalar-file,../results/n100-gw1-s0.ini.sca,
General-0-20260516-22:34:32-3550,config,,,**.loRaNodes[0..1].app[0].sendInterval,1h,
General-0-20260516-22:34:32-3550,config,,,**.loRaNodes[0].**.initialX,510.63m,
General-0-20260516-22:34:32-3550,config,,,**.loRaNodes[0].**.initialY,500.08m,
General-0-20260516-22:34:32-3550,config,,,**.loRaNodes[1].**.initialX,470.29m,
General-0-20260516-22:34:32-3550,config,,,**.loRaNodes[1].**.initialY,520.24m,
General-0-20260516-22:34:32-3550,config,,,**.loRaNodes[2].**.initialX,500.60m,
General-0-20260516-22:34:32-3550,config,,,**.loRaNodes[2].**.initialY,590.25m,
General-0-20260516-22:34:32-3550,config,,,**.loRaNodes[3].**.initialX,535.86m,
General-0-20260516-22:34:32-3550,config,,,**.loRaNodes[3].**.initialY,590.63m,
General-0-20260516-22:34:32-3550,config,,,**.loRaNodes[2..3].app[0].sendInterval,exponential(8760h),
General-0-20260516-22:34:32-3550,config,,,**.loRaNodes[4..5].app[0].sendInterval,exponential(4h),
General-0-20260516-22:34:32-3550,config,,,**.loRaNodes[4].**.initialX,650.85m,
General-0-20260516-22:34:32-3550,config,,,**.loRaNodes[4].**.initialY,510.11m,
General-0-20260516-22:34:32-3550,config,,,**.loRaNodes[5].**.initialX,680.27m,
General-0-20260516-22:34:32-3550,config,,,**.loRaNodes[5].**.initialY,520.84m,
General-0-20260516-22:34:32-3550,config,,,**.loRaNodes[0].**initialLoRaSF,8,
General-0-20260516-22:34:32-3550,config,,,**.loRaNodes[0].**initialLoRaTP,8dBm,
General-0-20260516-22:34:32-3550,config,,,**.loRaNodes[1].**initialLoRaSF,9,
General-0-20260516-22:34:32-3550,config,,,**.loRaNodes[1].**initialLoRaTP,8dBm,
General-0-20260516-22:34:32-3550,config,,,**.loRaNodes[2].**initialLoRaSF,7,
General-0-20260516-22:34:32-3550,config,,,**.loRaNodes[2].**initialLoRaTP,8dBm,
General-0-20260516-22:34:32-3550,config,,,**.loRaNodes[3].**initialLoRaSF,7,
General-0-20260516-22:34:32-3550,config,,,**.loRaNodes[3].**initialLoRaTP,2dBm,
General-0-20260516-22:34:32-3550,config,,,**.loRaNodes[4].**initialLoRaSF,8,
General-0-20260516-22:34:32-3550,config,,,**.loRaNodes[4].**initialLoRaTP,8dBm,
General-0-20260516-22:34:32-3550,config,,,**.loRaNodes[5].**initialLoRaSF,7,
General-0-20260516-22:34:32-3550,config,,,**.loRaNodes[5].**initialLoRaTP,2dBm,
General-0-20260516-22:34:32-3550,config,,,**.vector-recording,false,
General-0-20260516-22:34:32-3550,config,,,**.loRaGW[*].packetForwarder.highQueueLength.vector-recording,true,
General-0-20260516-22:34:32-3550,config,,,**.loRaGW[*].packetForwarder.lowQueueLength.vector-recording,true,
General-0-20260516-22:34:32-3550,config,,,**.networkServer.app[0].delaySignal.vector-recording,true,
General-0-20260516-22:34:32-3550,config,,,**.loRaNodes[*].app[0].packetsSent:scalar,true,
General-0-20260516-22:34:32-3550,config,,,**.networkServer.app[0].totalReceivedPackets:scalar,true,
General-0-20260516-22:34:32-3550,config,,,**.loRaGW[*].**.packetDropRate:scalar,true,
General-10-20260516-23:14:20-3622,runattr,,,configname,General,
General-10-20260516-23:14:20-3622,runattr,,,datetime,20260516-23:14:20,
General-10-20260516-23:14:20-3622,runattr,,,datetimef,20260516-231420,
General-10-20260516-23:14:20-3622,runattr,,,experiment,General,
General-10-20260516-23:14:20-3622,runattr,,,inifile,n100-gw1.ini,
General-10-20260516-23:14:20-3622,runattr,,,iterationvars,"$0=""avg""",
General-10-20260516-23:14:20-3622,runattr,,,iterationvarsd,avg,
General-10-20260516-23:14:20-3622,runattr,,,iterationvarsf,avg-,
General-10-20260516-23:14:20-3622,runattr,,,measurement,"$0=""avg""",
General-10-20260516-23:14:20-3622,runattr,,,network,flora.simulations.LoRaNetworkTest,
General-10-20260516-23:14:20-3622,runattr,,,processid,3622,
General-10-20260516-23:14:20-3622,runattr,,,repetition,10,
General-10-20260516-23:14:20-3622,runattr,,,replication,#10,
General-10-20260516-23:14:20-3622,runattr,,,resultdir,results,
General-10-20260516-23:14:20-3622,runattr,,,runnumber,10,
General-10-20260516-23:14:20-3622,runattr,,,seedset,10,
General-10-20260516-23:14:20-3622,config,,,image-path,../../../inet4.4/images,
General-10-20260516-23:14:20-3622,config,,,network,flora.simulations.LoRaNetworkTest,
General-10-20260516-23:14:20-3622,config,,,output-vector-file,../results/n100-gw1-s10.ini.vec,
General-10-20260516-23:14:20-3622,config,,,**.maxTransmissionDuration,4s,
General-10-20260516-23:14:20-3622,config,,,**.energyDetection,-110dBm,
General-10-20260516-23:14:20-3622,config,,,**.vector-recording,true,
General-10-20260516-23:14:20-3622,config,,,rng-class,cMersenneTwister,
General-10-20260516-23:14:20-3622,config,,,**.loRaGW[*].numUdpApps,1,
General-10-20260516-23:14:20-3622,config,,,**.loRaGW[0].packetForwarder.localPort,2000,
General-10-20260516-23:14:20-3622,config,,,**.loRaGW[0].packetForwarder.destPort,1000,
General-10-20260516-23:14:20-3622,config,,,**.loRaGW[0].packetForwarder.destAddresses,"""networkServer""",
General-10-20260516-23:14:20-3622,config,,,**.loRaGW[0].packetForwarder.indexNumber,0,
General-10-20260516-23:14:20-3622,config,,,**.networkServer.numApps,1,
General-10-20260516-23:14:20-3622,config,,,**.networkServer.**.evaluateADRinServer,true,
General-10-20260516-23:14:20-3622,config,,,**.networkServer.app[0].typename,NetworkServerApp,
General-10-20260516-23:14:20-3622,config,,,**.networkServer.app[0].destAddresses,"""loRaGW[0]""",
General-10-20260516-23:14:20-3622,config,,,**.networkServer.app[0].destPort,2000,
General-10-20260516-23:14:20-3622,config,,,**.networkServer.app[0].localPort,1000,
General-10-20260516-23:14:20-3622,config,,,**.networkServer.app[0].adrMethod,"""avg""",
General-10-20260516-23:14:20-3622,config,,,**.numberOfPacketsToSend,0,
General-10-20260516-23:14:20-3622,config,,,sim-time-limit,3d,
General-10-20260516-23:14:20-3622,config,,,warmup-period,2h,
General-10-20260516-23:14:20-3622,config,,,simtime-resolution,-11,
General-10-20260516-23:14:20-3622,config,,,repeat,20,
General-10-20260516-23:14:20-3622,config,,,**.loRaNodes[{0..1}].app[0].timeToFirstPacket,"uniform(0h, 1h)",
General-10-20260516-23:14:20-3622,config,,,**.loRaNodes[{0..1}].app[0].timeToNextPacket,1h,
General-10-20260516-23:14:20-3622,config,,,**.loRaNodes[{2..3}].app[0].timeToFirstPacket,exponential(24h),
General-10-20260516-23:14:20-3622,config,,,**.loRaNodes[{2..3}].app[0].timeToNextPacket,exponential(24h),
General-10-20260516-23:14:20-3622,config,,,**.loRaNodes[{4..5}].app[0].timeToFirstPacket,exponential(4h),
General-10-20260516-23:14:20-3622,config,,,**.loRaNodes[{4..5}].app[0].timeToNextPacket,exponential(4h),
General-10-20260516-23:14:20-3622,config,,,**.alohaChannelModel,false,
General-10-20260516-23:14:20-3622,config,,,**.loRaNodes[*].**.initFromDisplayString,false,
General-10-20260516-23:14:20-3622,config,,,**.loRaNodes[*].**.evaluateADRinNode,true,
General-10-20260516-23:14:20-3622,config,,,**.loRaNodes[*].**initialLoRaBW,125 kHz,
General-10-20260516-23:14:20-3622,config,,,**.loRaNodes[*].**initialLoRaCR,4,
General-10-20260516-23:14:20-3622,config,,,**.loRaNodes[*].numApps,1,
General-10-20260516-23:14:20-3622,config,,,**.loRaNodes[*].app[0].typename,SimpleLoRaApp,
General-10-20260516-23:14:20-3622,config,,,**.LoRaGWNic.radio.iAmGateway,true,
General-10-20260516-23:14:20-3622,config,,,**.loRaGW[*].**.initFromDisplayString,false,
General-10-20260516-23:14:20-3622,config,,,**.loRaNodes[*].LoRaNic.radio.energyConsumer.typename,LoRaEnergyConsumer,
General-10-20260516-23:14:20-3622,config,,,**.loRaNodes[*].**.energySourceModule,"""^.IdealEpEnergyStorage""",
General-10-20260516-23:14:20-3622,config,,,**.loRaNodes[*].LoRaNic.radio.energyConsumer.configFile,"xmldoc(""../energyConsumptionParameters.xml"")",
General-10-20260516-23:14:20-3622,config,,,**.sigma,3.57,
General-10-20260516-23:14:20-3622,config,,,**.constraintAreaMinX,0m,
General-10-20260516-23:14:20-3622,config,,,**.constraintAreaMinY,0m,
General-10-20260516-23:14:20-3622,config,,,**.constraintAreaMinZ,0m,
General-10-20260516-23:14:20-3622,config,,,**.constraintAreaMaxZ,0m,
General-10-20260516-23:14:20-3622,config,,,LoRaNetworkTest.**.radio.separateTransmissionParts,false,
General-10-20260516-23:14:20-3622,config,,,LoRaNetworkTest.**.radio.separateReceptionParts,false,
General-10-20260516-23:14:20-3622,config,,,**.ipv4Delayer.config,"xmldoc(""../cloudDelays.xml"")",
General-10-20260516-23:14:20-3622,config,,,**.radio.radioMediumModule,"""LoRaMedium""",
General-10-20260516-23:14:20-3622,config,,,**.LoRaMedium.pathLossType,"""LoRaLogNormalShadowing""",
General-10-20260516-23:14:20-3622,config,,,**.minInterferenceTime,0s,
General-10-20260516-23:14:20-3622,config,,,**.displayAddresses,false,
General-10-20260516-23:14:20-3622,config,,,**.numberOfNodes,6,
General-10-20260516-23:14:20-3622,config,,,**.numberOfGateways,1,
General-10-20260516-23:14:20-3622,config,,,**.constraintAreaMaxX,2376.0m,
General-10-20260516-23:14:20-3622,config,,,**.constraintAreaMaxY,1090.0m,
General-10-20260516-23:14:20-3622,config,,,**.loRaGW[0].**.initialX,544.00m,
General-10-20260516-23:14:20-3622,config,,,**.loRaGW[0].**.initialY,544.00m,
General-10-20260516-23:14:20-3622,config,,,output-scalar-file,../results/n100-gw1-s10.ini.sca,
General-10-20260516-23:14:20-3622,config,,,**.loRaNodes[0..1].app[0].sendInterval,1h,
General-10-20260516-23:14:20-3622,config,,,**.loRaNodes[0].**.initialX,510.63m,
General-10-20260516-23:14:20-3622,config,,,**.loRaNodes[0].**.initialY,500.08m,
General-10-20260516-23:14:20-3622,config,,,**.loRaNodes[1].**.initialX,470.29m,
General-10-20260516-23:14:20-3622,config,,,**.loRaNodes[1].**.initialY,520.24m,
General-10-20260516-23:14:20-3622,config,,,**.loRaNodes[2].**.initialX,500.60m,
General-10-20260516-23:14:20-3622,config,,,**.loRaNodes[2].**.initialY,590.25m,
General-10-20260516-23:14:20-3622,config,,,**.loRaNodes[3].**.initialX,535.86m,
General-10-20260516-23:14:20-3622,config,,,**.loRaNodes[3].**.initialY,590.63m,
General-10-20260516-23:14:20-3622,config,,,**.loRaNodes[2..3].app[0].sendInterval,exponential(8760h),
General-10-20260516-23:14:20-3622,config,,,**.loRaNodes[4..5].app[0].sendInterval,exponential(4h),
General-10-20260516-23:14:20-3622,config,,,**.loRaNodes[4].**.initialX,650.85m,
General-10-20260516-23:14:20-3622,config,,,**.loRaNodes[4].**.initialY,510.11m,
General-10-20260516-23:14:20-3622,config,,,**.loRaNodes[5].**.initialX,680.27m,
General-10-20260516-23:14:20-3622,config,,,**.loRaNodes[5].**.initialY,520.84m,
General-10-20260516-23:14:20-3622,config,,,**.loRaNodes[0].**initialLoRaSF,8,
General-10-20260516-23:14:20-3622,config,,,**.loRaNodes[0].**initialLoRaTP,8dBm,
General-10-20260516-23:14:20-3622,config,,,**.loRaNodes[1].**initialLoRaSF,9,
General-10-20260516-23:14:20-3622,config,,,**.loRaNodes[1].**initialLoRaTP,8dBm,
General-10-20260516-23:14:20-3622,config,,,**.loRaNodes[2].**initialLoRaSF,7,
General-10-20260516-23:14:20-3622,config,,,**.loRaNodes[2].**initialLoRaTP,8dBm,
General-10-20260516-23:14:20-3622,config,,,**.loRaNodes[3].**initialLoRaSF,7,
General-10-20260516-23:14:20-3622,config,,,**.loRaNodes[3].**initialLoRaTP,2dBm,
General-10-20260516-23:14:20-3622,config,,,**.loRaNodes[4].**initialLoRaSF,8,
General-10-20260516-23:14:20-3622,config,,,**.loRaNodes[4].**initialLoRaTP,8dBm,
General-10-20260516-23:14:20-3622,config,,,**.loRaNodes[5].**initialLoRaSF,7,
General-10-20260516-23:14:20-3622,config,,,**.loRaNodes[5].**initialLoRaTP,2dBm,
General-10-20260516-23:14:20-3622,config,,,**.vector-recording,false,
General-10-20260516-23:14:20-3622,config,,,**.loRaGW[*].packetForwarder.highQueueLength.vector-recording,true,
General-10-20260516-23:14:20-3622,config,,,**.loRaGW[*].packetForwarder.lowQueueLength.vector-recording,true,
General-10-20260516-23:14:20-3622,config,,,**.networkServer.app[0].delaySignal.vector-recording,true,
General-10-20260516-23:14:20-3622,config,,,**.loRaNodes[*].app[0].packetsSent:scalar,true,
General-10-20260516-23:14:20-3622,config,,,**.networkServer.app[0].totalReceivedPackets:scalar,true,
General-10-20260516-23:14:20-3622,config,,,**.loRaGW[*].**.packetDropRate:scalar,true,
General-4-20260516-22:50:49-3580,runattr,,,configname,General,
General-4-20260516-22:50:49-3580,runattr,,,datetime,20260516-22:50:49,
General-4-20260516-22:50:49-3580,runattr,,,datetimef,20260516-225049,
General-4-20260516-22:50:49-3580,runattr,,,experiment,General,
General-4-20260516-22:50:49-3580,runattr,,,inifile,n100-gw1.ini,
General-4-20260516-22:50:49-3580,runattr,,,iterationvars,"$0=""avg""",
General-4-20260516-22:50:49-3580,runattr,,,iterationvarsd,avg,
General-4-20260516-22:50:49-3580,runattr,,,iterationvarsf,avg-,
General-4-20260516-22:50:49-3580,runattr,,,measurement,"$0=""avg""",
General-4-20260516-22:50:49-3580,runattr,,,network,flora.simulations.LoRaNetworkTest,
General-4-20260516-22:50:49-3580,runattr,,,processid,3580,
General-4-20260516-22:50:49-3580,runattr,,,repetition,4,
General-4-20260516-22:50:49-3580,runattr,,,replication,#4,
General-4-20260516-22:50:49-3580,runattr,,,resultdir,results,
General-4-20260516-22:50:49-3580,runattr,,,runnumber,4,
General-4-20260516-22:50:49-3580,runattr,,,seedset,4,
General-4-20260516-22:50:49-3580,config,,,image-path,../../../inet4.4/images,
General-4-20260516-22:50:49-3580,config,,,network,flora.simulations.LoRaNetworkTest,
General-4-20260516-22:50:49-3580,config,,,output-vector-file,../results/n100-gw1-s4.ini.vec,
General-4-20260516-22:50:49-3580,config,,,**.maxTransmissionDuration,4s,
General-4-20260516-22:50:49-3580,config,,,**.energyDetection,-110dBm,
General-4-20260516-22:50:49-3580,config,,,**.vector-recording,true,
General-4-20260516-22:50:49-3580,config,,,rng-class,cMersenneTwister,
General-4-20260516-22:50:49-3580,config,,,**.loRaGW[*].numUdpApps,1,
General-4-20260516-22:50:49-3580,config,,,**.loRaGW[0].packetForwarder.localPort,2000,
General-4-20260516-22:50:49-3580,config,,,**.loRaGW[0].packetForwarder.destPort,1000,
General-4-20260516-22:50:49-3580,config,,,**.loRaGW[0].packetForwarder.destAddresses,"""networkServer""",
General-4-20260516-22:50:49-3580,config,,,**.loRaGW[0].packetForwarder.indexNumber,0,
General-4-20260516-22:50:49-3580,config,,,**.networkServer.numApps,1,
General-4-20260516-22:50:49-3580,config,,,**.networkServer.**.evaluateADRinServer,true,
General-4-20260516-22:50:49-3580,config,,,**.networkServer.app[0].typename,NetworkServerApp,
General-4-20260516-22:50:49-3580,config,,,**.networkServer.app[0].destAddresses,"""loRaGW[0]""",
General-4-20260516-22:50:49-3580,config,,,**.networkServer.app[0].destPort,2000,
General-4-20260516-22:50:49-3580,config,,,**.networkServer.app[0].localPort,1000,
General-4-20260516-22:50:49-3580,config,,,**.networkServer.app[0].adrMethod,"""avg""",
General-4-20260516-22:50:49-3580,config,,,**.numberOfPacketsToSend,0,
General-4-20260516-22:50:49-3580,config,,,sim-time-limit,3d,
General-4-20260516-22:50:49-3580,config,,,warmup-period,2h,
General-4-20260516-22:50:49-3580,config,,,simtime-resolution,-11,
General-4-20260516-22:50:49-3580,config,,,repeat,20,
General-4-20260516-22:50:49-3580,config,,,**.loRaNodes[{0..1}].app[0].timeToFirstPacket,"uniform(0h, 1h)",
General-4-20260516-22:50:49-3580,config,,,**.loRaNodes[{0..1}].app[0].timeToNextPacket,1h,
General-4-20260516-22:50:49-3580,config,,,**.loRaNodes[{2..3}].app[0].timeToFirstPacket,exponential(24h),
General-4-20260516-22:50:49-3580,config,,,**.loRaNodes[{2..3}].app[0].timeToNextPacket,exponential(24h),
General-4-20260516-22:50:49-3580,config,,,**.loRaNodes[{4..5}].app[0].timeToFirstPacket,exponential(4h),
General-4-20260516-22:50:49-3580,config,,,**.loRaNodes[{4..5}].app[0].timeToNextPacket,exponential(4h),
General-4-20260516-22:50:49-3580,config,,,**.alohaChannelModel,false,
General-4-20260516-22:50:49-3580,config,,,**.loRaNodes[*].**.initFromDisplayString,false,
General-4-20260516-22:50:49-3580,config,,,**.loRaNodes[*].**.evaluateADRinNode,true,
General-4-20260516-22:50:49-3580,config,,,**.loRaNodes[*].**initialLoRaBW,125 kHz,
General-4-20260516-22:50:49-3580,config,,,**.loRaNodes[*].**initialLoRaCR,4,
General-4-20260516-22:50:49-3580,config,,,**.loRaNodes[*].numApps,1,
General-4-20260516-22:50:49-3580,config,,,**.loRaNodes[*].app[0].typename,SimpleLoRaApp,
General-4-20260516-22:50:49-3580,config,,,**.LoRaGWNic.radio.iAmGateway,true,
General-4-20260516-22:50:49-3580,config,,,**.loRaGW[*].**.initFromDisplayString,false,
General-4-20260516-22:50:49-3580,config,,,**.loRaNodes[*].LoRaNic.radio.energyConsumer.typename,LoRaEnergyConsumer,
General-4-20260516-22:50:49-3580,config,,,**.loRaNodes[*].**.energySourceModule,"""^.IdealEpEnergyStorage""",
General-4-20260516-22:50:49-3580,config,,,**.loRaNodes[*].LoRaNic.radio.energyConsumer.configFile,"xmldoc(""../energyConsumptionParameters.xml"")",
General-4-20260516-22:50:49-3580,config,,,**.sigma,3.57,
General-4-20260516-22:50:49-3580,config,,,**.constraintAreaMinX,0m,
General-4-20260516-22:50:49-3580,config,,,**.constraintAreaMinY,0m,
General-4-20260516-22:50:49-3580,config,,,**.constraintAreaMinZ,0m,
General-4-20260516-22:50:49-3580,config,,,**.constraintAreaMaxZ,0m,
General-4-20260516-22:50:49-3580,config,,,LoRaNetworkTest.**.radio.separateTransmissionParts,false,
General-4-20260516-22:50:49-3580,config,,,LoRaNetworkTest.**.radio.separateReceptionParts,false,
General-4-20260516-22:50:49-3580,config,,,**.ipv4Delayer.config,"xmldoc(""../cloudDelays.xml"")",
General-4-20260516-22:50:49-3580,config,,,**.radio.radioMediumModule,"""LoRaMedium""",
General-4-20260516-22:50:49-3580,config,,,**.LoRaMedium.pathLossType,"""LoRaLogNormalShadowing""",
General-4-20260516-22:50:49-3580,config,,,**.minInterferenceTime,0s,
General-4-20260516-22:50:49-3580,config,,,**.displayAddresses,false,
General-4-20260516-22:50:49-3580,config,,,**.numberOfNodes,6,
General-4-20260516-22:50:49-3580,config,,,**.numberOfGateways,1,
General-4-20260516-22:50:49-3580,config,,,**.constraintAreaMaxX,2376.0m,
General-4-20260516-22:50:49-3580,config,,,**.constraintAreaMaxY,1090.0m,
General-4-20260516-22:50:49-3580,config,,,**.loRaGW[0].**.initialX,544.00m,
General-4-20260516-22:50:49-3580,config,,,**.loRaGW[0].**.initialY,544.00m,
General-4-20260516-22:50:49-3580,config,,,output-scalar-file,../results/n100-gw1-s4.ini.sca,
General-4-20260516-22:50:49-3580,config,,,**.loRaNodes[0..1].app[0].sendInterval,1h,
General-4-20260516-22:50:49-3580,config,,,**.loRaNodes[0].**.initialX,510.63m,
General-4-20260516-22:50:49-3580,config,,,**.loRaNodes[0].**.initialY,500.08m,
General-4-20260516-22:50:49-3580,config,,,**.loRaNodes[1].**.initialX,470.29m,
General-4-20260516-22:50:49-3580,config,,,**.loRaNodes[1].**.initialY,520.24m,
General-4-20260516-22:50:49-3580,config,,,**.loRaNodes[2].**.initialX,500.60m,
General-4-20260516-22:50:49-3580,config,,,**.loRaNodes[2].**.initialY,590.25m,
General-4-20260516-22:50:49-3580,config,,,**.loRaNodes[3].**.initialX,535.86m,
General-4-20260516-22:50:49-3580,config,,,**.loRaNodes[3].**.initialY,590.63m,
General-4-20260516-22:50:49-3580,config,,,**.loRaNodes[2..3].app[0].sendInterval,exponential(8760h),
General-4-20260516-22:50:49-3580,config,,,**.loRaNodes[4..5].app[0].sendInterval,exponential(4h),
General-4-20260516-22:50:49-3580,config,,,**.loRaNodes[4].**.initialX,650.85m,
General-4-20260516-22:50:49-3580,config,,,**.loRaNodes[4].**.initialY,510.11m,
General-4-20260516-22:50:49-3580,config,,,**.loRaNodes[5].**.initialX,680.27m,
General-4-20260516-22:50:49-3580,config,,,**.loRaNodes[5].**.initialY,520.84m,
General-4-20260516-22:50:49-3580,config,,,**.loRaNodes[0].**initialLoRaSF,8,
General-4-20260516-22:50:49-3580,config,,,**.loRaNodes[0].**initialLoRaTP,8dBm,
General-4-20260516-22:50:49-3580,config,,,**.loRaNodes[1].**initialLoRaSF,9,
General-4-20260516-22:50:49-3580,config,,,**.loRaNodes[1].**initialLoRaTP,8dBm,
General-4-20260516-22:50:49-3580,config,,,**.loRaNodes[2].**initialLoRaSF,7,
General-4-20260516-22:50:49-3580,config,,,**.loRaNodes[2].**initialLoRaTP,8dBm,
General-4-20260516-22:50:49-3580,config,,,**.loRaNodes[3].**initialLoRaSF,7,
General-4-20260516-22:50:49-3580,config,,,**.loRaNodes[3].**initialLoRaTP,2dBm,
General-4-20260516-22:50:49-3580,config,,,**.loRaNodes[4].**initialLoRaSF,8,
General-4-20260516-22:50:49-3580,config,,,**.loRaNodes[4].**initialLoRaTP,8dBm,
General-4-20260516-22:50:49-3580,config,,,**.loRaNodes[5].**initialLoRaSF,7,
General-4-20260516-22:50:49-3580,config,,,**.loRaNodes[5].**initialLoRaTP,2dBm,
General-4-20260516-22:50:49-3580,config,,,**.vector-recording,false,
General-4-20260516-22:50:49-3580,config,,,**.loRaGW[*].packetForwarder.highQueueLength.vector-recording,true,
General-4-20260516-22:50:49-3580,config,,,**.loRaGW[*].packetForwarder.lowQueueLength.vector-recording,true,
General-4-20260516-22:50:49-3580,config,,,**.networkServer.app[0].delaySignal.vector-recording,true,
General-4-20260516-22:50:49-3580,config,,,**.loRaNodes[*].app[0].packetsSent:scalar,true,
General-4-20260516-22:50:49-3580,config,,,**.networkServer.app[0].totalReceivedPackets:scalar,true,
General-4-20260516-22:50:49-3580,config,,,**.loRaGW[*].**.packetDropRate:scalar,true,
General-18-20260516-23:45:29-3691,runattr,,,configname,General,
General-18-20260516-23:45:29-3691,runattr,,,datetime,20260516-23:45:29,
General-18-20260516-23:45:29-3691,runattr,,,datetimef,20260516-234529,
General-18-20260516-23:45:29-3691,runattr,,,experiment,General,
General-18-20260516-23:45:29-3691,runattr,,,inifile,n100-gw1.ini,
General-18-20260516-23:45:29-3691,runattr,,,iterationvars,"$0=""avg""",
General-18-20260516-23:45:29-3691,runattr,,,iterationvarsd,avg,
General-18-20260516-23:45:29-3691,runattr,,,iterationvarsf,avg-,
General-18-20260516-23:45:29-3691,runattr,,,measurement,"$0=""avg""",
General-18-20260516-23:45:29-3691,runattr,,,network,flora.simulations.LoRaNetworkTest,
General-18-20260516-23:45:29-3691,runattr,,,processid,3691,
General-18-20260516-23:45:29-3691,runattr,,,repetition,18,
General-18-20260516-23:45:29-3691,runattr,,,replication,#18,
General-18-20260516-23:45:29-3691,runattr,,,resultdir,results,
General-18-20260516-23:45:29-3691,runattr,,,runnumber,18,
General-18-20260516-23:45:29-3691,runattr,,,seedset,18,
General-18-20260516-23:45:29-3691,config,,,image-path,../../../inet4.4/images,
General-18-20260516-23:45:29-3691,config,,,network,flora.simulations.LoRaNetworkTest,
General-18-20260516-23:45:29-3691,config,,,output-vector-file,../results/n100-gw1-s18.ini.vec,
General-18-20260516-23:45:29-3691,config,,,**.maxTransmissionDuration,4s,
General-18-20260516-23:45:29-3691,config,,,**.energyDetection,-110dBm,
General-18-20260516-23:45:29-3691,config,,,**.vector-recording,true,
General-18-20260516-23:45:29-3691,config,,,rng-class,cMersenneTwister,
General-18-20260516-23:45:29-3691,config,,,**.loRaGW[*].numUdpApps,1,
General-18-20260516-23:45:29-3691,config,,,**.loRaGW[0].packetForwarder.localPort,2000,
General-18-20260516-23:45:29-3691,config,,,**.loRaGW[0].packetForwarder.destPort,1000,
General-18-20260516-23:45:29-3691,config,,,**.loRaGW[0].packetForwarder.destAddresses,"""networkServer""",
General-18-20260516-23:45:29-3691,config,,,**.loRaGW[0].packetForwarder.indexNumber,0,
General-18-20260516-23:45:29-3691,config,,,**.networkServer.numApps,1,
General-18-20260516-23:45:29-3691,config,,,**.networkServer.**.evaluateADRinServer,true,
General-18-20260516-23:45:29-3691,config,,,**.networkServer.app[0].typename,NetworkServerApp,
General-18-20260516-23:45:29-3691,config,,,**.networkServer.app[0].destAddresses,"""loRaGW[0]""",
General-18-20260516-23:45:29-3691,config,,,**.networkServer.app[0].destPort,2000,
General-18-20260516-23:45:29-3691,config,,,**.networkServer.app[0].localPort,1000,
General-18-20260516-23:45:29-3691,config,,,**.networkServer.app[0].adrMethod,"""avg""",
General-18-20260516-23:45:29-3691,config,,,**.numberOfPacketsToSend,0,
General-18-20260516-23:45:29-3691,config,,,sim-time-limit,3d,
General-18-20260516-23:45:29-3691,config,,,warmup-period,2h,
General-18-20260516-23:45:29-3691,config,,,simtime-resolution,-11,
General-18-20260516-23:45:29-3691,config,,,repeat,20,
General-18-20260516-23:45:29-3691,config,,,**.loRaNodes[{0..1}].app[0].timeToFirstPacket,"uniform(0h, 1h)",
General-18-20260516-23:45:29-3691,config,,,**.loRaNodes[{0..1}].app[0].timeToNextPacket,1h,
General-18-20260516-23:45:29-3691,config,,,**.loRaNodes[{2..3}].app[0].timeToFirstPacket,exponential(24h),
General-18-20260516-23:45:29-3691,config,,,**.loRaNodes[{2..3}].app[0].timeToNextPacket,exponential(24h),
General-18-20260516-23:45:29-3691,config,,,**.loRaNodes[{4..5}].app[0].timeToFirstPacket,exponential(4h),
General-18-20260516-23:45:29-3691,config,,,**.loRaNodes[{4..5}].app[0].timeToNextPacket,exponential(4h),
General-18-20260516-23:45:29-3691,config,,,**.alohaChannelModel,false,
General-18-20260516-23:45:29-3691,config,,,**.loRaNodes[*].**.initFromDisplayString,false,
General-18-20260516-23:45:29-3691,config,,,**.loRaNodes[*].**.evaluateADRinNode,true,
General-18-20260516-23:45:29-3691,config,,,**.loRaNodes[*].**initialLoRaBW,125 kHz,
General-18-20260516-23:45:29-3691,config,,,**.loRaNodes[*].**initialLoRaCR,4,
General-18-20260516-23:45:29-3691,config,,,**.loRaNodes[*].numApps,1,
General-18-20260516-23:45:29-3691,config,,,**.loRaNodes[*].app[0].typename,SimpleLoRaApp,
General-18-20260516-23:45:29-3691,config,,,**.LoRaGWNic.radio.iAmGateway,true,
General-18-20260516-23:45:29-3691,config,,,**.loRaGW[*].**.initFromDisplayString,false,
General-18-20260516-23:45:29-3691,config,,,**.loRaNodes[*].LoRaNic.radio.energyConsumer.typename,LoRaEnergyConsumer,
General-18-20260516-23:45:29-3691,config,,,**.loRaNodes[*].**.energySourceModule,"""^.IdealEpEnergyStorage""",
General-18-20260516-23:45:29-3691,config,,,**.loRaNodes[*].LoRaNic.radio.energyConsumer.configFile,"xmldoc(""../energyConsumptionParameters.xml"")",
General-18-20260516-23:45:29-3691,config,,,**.sigma,3.57,
General-18-20260516-23:45:29-3691,config,,,**.constraintAreaMinX,0m,
General-18-20260516-23:45:29-3691,config,,,**.constraintAreaMinY,0m,
General-18-20260516-23:45:29-3691,config,,,**.constraintAreaMinZ,0m,
General-18-20260516-23:45:29-3691,config,,,**.constraintAreaMaxZ,0m,
General-18-20260516-23:45:29-3691,config,,,LoRaNetworkTest.**.radio.separateTransmissionParts,false,
General-18-20260516-23:45:29-3691,config,,,LoRaNetworkTest.**.radio.separateReceptionParts,false,
General-18-20260516-23:45:29-3691,config,,,**.ipv4Delayer.config,"xmldoc(""../cloudDelays.xml"")",
General-18-20260516-23:45:29-3691,config,,,**.radio.radioMediumModule,"""LoRaMedium""",
General-18-20260516-23:45:29-3691,config,,,**.LoRaMedium.pathLossType,"""LoRaLogNormalShadowing""",
General-18-20260516-23:45:29-3691,config,,,**.minInterferenceTime,0s,
General-18-20260516-23:45:29-3691,config,,,**.displayAddresses,false,
General-18-20260516-23:45:29-3691,config,,,**.numberOfNodes,6,
General-18-20260516-23:45:29-3691,config,,,**.numberOfGateways,1,
General-18-20260516-23:45:29-3691,config,,,**.constraintAreaMaxX,2376.0m,
General-18-20260516-23:45:29-3691,config,,,**.constraintAreaMaxY,1090.0m,
General-18-20260516-23:45:29-3691,config,,,**.loRaGW[0].**.initialX,544.00m,
General-18-20260516-23:45:29-3691,config,,,**.loRaGW[0].**.initialY,544.00m,
General-18-20260516-23:45:29-3691,config,,,output-scalar-file,../results/n100-gw1-s18.ini.sca,
General-18-20260516-23:45:29-3691,config,,,**.loRaNodes[0..1].app[0].sendInterval,1h,
General-18-20260516-23:45:29-3691,config,,,**.loRaNodes[0].**.initialX,510.63m,
General-18-20260516-23:45:29-3691,config,,,**.loRaNodes[0].**.initialY,500.08m,
General-18-20260516-23:45:29-3691,config,,,**.loRaNodes[1].**.initialX,470.29m,
General-18-20260516-23:45:29-3691,config,,,**.loRaNodes[1].**.initialY,520.24m,
General-18-20260516-23:45:29-3691,config,,,**.loRaNodes[2].**.initialX,500.60m,
General-18-20260516-23:45:29-3691,config,,,**.loRaNodes[2].**.initialY,590.25m,
General-18-20260516-23:45:29-3691,config,,,**.loRaNodes[3].**.initialX,535.86m,
General-18-20260516-23:45:29-3691,config,,,**.loRaNodes[3].**.initialY,590.63m,
General-18-20260516-23:45:29-3691,config,,,**.loRaNodes[2..3].app[0].sendInterval,exponential(8760h),
General-18-20260516-23:45:29-3691,config,,,**.loRaNodes[4..5].app[0].sendInterval,exponential(4h),
General-18-20260516-23:45:29-3691,config,,,**.loRaNodes[4].**.initialX,650.85m,
General-18-20260516-23:45:29-3691,config,,,**.loRaNodes[4].**.initialY,510.11m,
General-18-20260516-23:45:29-3691,config,,,**.loRaNodes[5].**.initialX,680.27m,
General-18-20260516-23:45:29-3691,config,,,**.loRaNodes[5].**.initialY,520.84m,
General-18-20260516-23:45:29-3691,config,,,**.loRaNodes[0].**initialLoRaSF,8,
General-18-20260516-23:45:29-3691,config,,,**.loRaNodes[0].**initialLoRaTP,8dBm,
General-18-20260516-23:45:29-3691,config,,,**.loRaNodes[1].**initialLoRaSF,9,
General-18-20260516-23:45:29-3691,config,,,**.loRaNodes[1].**initialLoRaTP,8dBm,
General-18-20260516-23:45:29-3691,config,,,**.loRaNodes[2].**initialLoRaSF,7,
General-18-20260516-23:45:29-3691,config,,,**.loRaNodes[2].**initialLoRaTP,8dBm,
General-18-20260516-23:45:29-3691,config,,,**.loRaNodes[3].**initialLoRaSF,7,
General-18-20260516-23:45:29-3691,config,,,**.loRaNodes[3].**initialLoRaTP,2dBm,
General-18-20260516-23:45:29-3691,config,,,**.loRaNodes[4].**initialLoRaSF,8,
General-18-20260516-23:45:29-3691,config,,,**.loRaNodes[4].**initialLoRaTP,8dBm,
General-18-20260516-23:45:29-3691,config,,,**.loRaNodes[5].**initialLoRaSF,7,
General-18-20260516-23:45:29-3691,config,,,**.loRaNodes[5].**initialLoRaTP,2dBm,
General-18-20260516-23:45:29-3691,config,,,**.vector-recording,false,
General-18-20260516-23:45:29-3691,config,,,**.loRaGW[*].packetForwarder.highQueueLength.vector-recording,true,
General-18-20260516-23:45:29-3691,config,,,**.loRaGW[*].packetForwarder.lowQueueLength.vector-recording,true,
General-18-20260516-23:45:29-3691,config,,,**.networkServer.app[0].delaySignal.vector-recording,true,
General-18-20260516-23:45:29-3691,config,,,**.loRaNodes[*].app[0].packetsSent:scalar,true,
General-18-20260516-23:45:29-3691,config,,,**.networkServer.app[0].totalReceivedPackets:scalar,true,
General-18-20260516-23:45:29-3691,config,,,**.loRaGW[*].**.packetDropRate:scalar,true,
General-9-20260516-23:10:21-3615,runattr,,,configname,General,
General-9-20260516-23:10:21-3615,runattr,,,datetime,20260516-23:10:21,
General-9-20260516-23:10:21-3615,runattr,,,datetimef,20260516-231021,
General-9-20260516-23:10:21-3615,runattr,,,experiment,General,
General-9-20260516-23:10:21-3615,runattr,,,inifile,n100-gw1.ini,
General-9-20260516-23:10:21-3615,runattr,,,iterationvars,"$0=""avg""",
General-9-20260516-23:10:21-3615,runattr,,,iterationvarsd,avg,
General-9-20260516-23:10:21-3615,runattr,,,iterationvarsf,avg-,
General-9-20260516-23:10:21-3615,runattr,,,measurement,"$0=""avg""",
General-9-20260516-23:10:21-3615,runattr,,,network,flora.simulations.LoRaNetworkTest,
General-9-20260516-23:10:21-3615,runattr,,,processid,3615,
General-9-20260516-23:10:21-3615,runattr,,,repetition,9,
General-9-20260516-23:10:21-3615,runattr,,,replication,#9,
General-9-20260516-23:10:21-3615,runattr,,,resultdir,results,
General-9-20260516-23:10:21-3615,runattr,,,runnumber,9,
General-9-20260516-23:10:21-3615,runattr,,,seedset,9,
General-9-20260516-23:10:21-3615,config,,,image-path,../../../inet4.4/images,
General-9-20260516-23:10:21-3615,config,,,network,flora.simulations.LoRaNetworkTest,
General-9-20260516-23:10:21-3615,config,,,output-vector-file,../results/n100-gw1-s9.ini.vec,
General-9-20260516-23:10:21-3615,config,,,**.maxTransmissionDuration,4s,
General-9-20260516-23:10:21-3615,config,,,**.energyDetection,-110dBm,
General-9-20260516-23:10:21-3615,config,,,**.vector-recording,true,
General-9-20260516-23:10:21-3615,config,,,rng-class,cMersenneTwister,
General-9-20260516-23:10:21-3615,config,,,**.loRaGW[*].numUdpApps,1,
General-9-20260516-23:10:21-3615,config,,,**.loRaGW[0].packetForwarder.localPort,2000,
General-9-20260516-23:10:21-3615,config,,,**.loRaGW[0].packetForwarder.destPort,1000,
General-9-20260516-23:10:21-3615,config,,,**.loRaGW[0].packetForwarder.destAddresses,"""networkServer""",
General-9-20260516-23:10:21-3615,config,,,**.loRaGW[0].packetForwarder.indexNumber,0,
General-9-20260516-23:10:21-3615,config,,,**.networkServer.numApps,1,
General-9-20260516-23:10:21-3615,config,,,**.networkServer.**.evaluateADRinServer,true,
General-9-20260516-23:10:21-3615,config,,,**.networkServer.app[0].typename,NetworkServerApp,
General-9-20260516-23:10:21-3615,config,,,**.networkServer.app[0].destAddresses,"""loRaGW[0]""",
General-9-20260516-23:10:21-3615,config,,,**.networkServer.app[0].destPort,2000,
General-9-20260516-23:10:21-3615,config,,,**.networkServer.app[0].localPort,1000,
General-9-20260516-23:10:21-3615,config,,,**.networkServer.app[0].adrMethod,"""avg""",
General-9-20260516-23:10:21-3615,config,,,**.numberOfPacketsToSend,0,
General-9-20260516-23:10:21-3615,config,,,sim-time-limit,3d,
General-9-20260516-23:10:21-3615,config,,,warmup-period,2h,
General-9-20260516-23:10:21-3615,config,,,simtime-resolution,-11,
General-9-20260516-23:10:21-3615,config,,,repeat,20,
General-9-20260516-23:10:21-3615,config,,,**.loRaNodes[{0..1}].app[0].timeToFirstPacket,"uniform(0h, 1h)",
General-9-20260516-23:10:21-3615,config,,,**.loRaNodes[{0..1}].app[0].timeToNextPacket,1h,
General-9-20260516-23:10:21-3615,config,,,**.loRaNodes[{2..3}].app[0].timeToFirstPacket,exponential(24h),
General-9-20260516-23:10:21-3615,config,,,**.loRaNodes[{2..3}].app[0].timeToNextPacket,exponential(24h),
General-9-20260516-23:10:21-3615,config,,,**.loRaNodes[{4..5}].app[0].timeToFirstPacket,exponential(4h),
General-9-20260516-23:10:21-3615,config,,,**.loRaNodes[{4..5}].app[0].timeToNextPacket,exponential(4h),
General-9-20260516-23:10:21-3615,config,,,**.alohaChannelModel,false,
General-9-20260516-23:10:21-3615,config,,,**.loRaNodes[*].**.initFromDisplayString,false,
General-9-20260516-23:10:21-3615,config,,,**.loRaNodes[*].**.evaluateADRinNode,true,
General-9-20260516-23:10:21-3615,config,,,**.loRaNodes[*].**initialLoRaBW,125 kHz,
General-9-20260516-23:10:21-3615,config,,,**.loRaNodes[*].**initialLoRaCR,4,
General-9-20260516-23:10:21-3615,config,,,**.loRaNodes[*].numApps,1,
General-9-20260516-23:10:21-3615,config,,,**.loRaNodes[*].app[0].typename,SimpleLoRaApp,
General-9-20260516-23:10:21-3615,config,,,**.LoRaGWNic.radio.iAmGateway,true,
General-9-20260516-23:10:21-3615,config,,,**.loRaGW[*].**.initFromDisplayString,false,
General-9-20260516-23:10:21-3615,config,,,**.loRaNodes[*].LoRaNic.radio.energyConsumer.typename,LoRaEnergyConsumer,
General-9-20260516-23:10:21-3615,config,,,**.loRaNodes[*].**.energySourceModule,"""^.IdealEpEnergyStorage""",
General-9-20260516-23:10:21-3615,config,,,**.loRaNodes[*].LoRaNic.radio.energyConsumer.configFile,"xmldoc(""../energyConsumptionParameters.xml"")",
General-9-20260516-23:10:21-3615,config,,,**.sigma,3.57,
General-9-20260516-23:10:21-3615,config,,,**.constraintAreaMinX,0m,
General-9-20260516-23:10:21-3615,config,,,**.constraintAreaMinY,0m,
General-9-20260516-23:10:21-3615,config,,,**.constraintAreaMinZ,0m,
General-9-20260516-23:10:21-3615,config,,,**.constraintAreaMaxZ,0m,
General-9-20260516-23:10:21-3615,config,,,LoRaNetworkTest.**.radio.separateTransmissionParts,false,
General-9-20260516-23:10:21-3615,config,,,LoRaNetworkTest.**.radio.separateReceptionParts,false,
General-9-20260516-23:10:21-3615,config,,,**.ipv4Delayer.config,"xmldoc(""../cloudDelays.xml"")",
General-9-20260516-23:10:21-3615,config,,,**.radio.radioMediumModule,"""LoRaMedium""",
General-9-20260516-23:10:21-3615,config,,,**.LoRaMedium.pathLossType,"""LoRaLogNormalShadowing""",
General-9-20260516-23:10:21-3615,config,,,**.minInterferenceTime,0s,
General-9-20260516-23:10:21-3615,config,,,**.displayAddresses,false,
General-9-20260516-23:10:21-3615,config,,,**.numberOfNodes,6,
General-9-20260516-23:10:21-3615,config,,,**.numberOfGateways,1,
General-9-20260516-23:10:21-3615,config,,,**.constraintAreaMaxX,2376.0m,
General-9-20260516-23:10:21-3615,config,,,**.constraintAreaMaxY,1090.0m,
General-9-20260516-23:10:21-3615,config,,,**.loRaGW[0].**.initialX,544.00m,
General-9-20260516-23:10:21-3615,config,,,**.loRaGW[0].**.initialY,544.00m,
General-9-20260516-23:10:21-3615,config,,,output-scalar-file,../results/n100-gw1-s9.ini.sca,
General-9-20260516-23:10:21-3615,config,,,**.loRaNodes[0..1].app[0].sendInterval,1h,
General-9-20260516-23:10:21-3615,config,,,**.loRaNodes[0].**.initialX,510.63m,
General-9-20260516-23:10:21-3615,config,,,**.loRaNodes[0].**.initialY,500.08m,
General-9-20260516-23:10:21-3615,config,,,**.loRaNodes[1].**.initialX,470.29m,
General-9-20260516-23:10:21-3615,config,,,**.loRaNodes[1].**.initialY,520.24m,
General-9-20260516-23:10:21-3615,config,,,**.loRaNodes[2].**.initialX,500.60m,
General-9-20260516-23:10:21-3615,config,,,**.loRaNodes[2].**.initialY,590.25m,
General-9-20260516-23:10:21-3615,config,,,**.loRaNodes[3].**.initialX,535.86m,
General-9-20260516-23:10:21-3615,config,,,**.loRaNodes[3].**.initialY,590.63m,
General-9-20260516-23:10:21-3615,config,,,**.loRaNodes[2..3].app[0].sendInterval,exponential(8760h),
General-9-20260516-23:10:21-3615,config,,,**.loRaNodes[4..5].app[0].sendInterval,exponential(4h),
General-9-20260516-23:10:21-3615,config,,,**.loRaNodes[4].**.initialX,650.85m,
General-9-20260516-23:10:21-3615,config,,,**.loRaNodes[4].**.initialY,510.11m,
General-9-20260516-23:10:21-3615,config,,,**.loRaNodes[5].**.initialX,680.27m,
General-9-20260516-23:10:21-3615,config,,,**.loRaNodes[5].**.initialY,520.84m,
General-9-20260516-23:10:21-3615,config,,,**.loRaNodes[0].**initialLoRaSF,8,
General-9-20260516-23:10:21-3615,config,,,**.loRaNodes[0].**initialLoRaTP,8dBm,
General-9-20260516-23:10:21-3615,config,,,**.loRaNodes[1].**initialLoRaSF,9,
General-9-20260516-23:10:21-3615,config,,,**.loRaNodes[1].**initialLoRaTP,8dBm,
General-9-20260516-23:10:21-3615,config,,,**.loRaNodes[2].**initialLoRaSF,7,
General-9-20260516-23:10:21-3615,config,,,**.loRaNodes[2].**initialLoRaTP,8dBm,
General-9-20260516-23:10:21-3615,config,,,**.loRaNodes[3].**initialLoRaSF,7,
General-9-20260516-23:10:21-3615,config,,,**.loRaNodes[3].**initialLoRaTP,2dBm,
General-9-20260516-23:10:21-3615,config,,,**.loRaNodes[4].**initialLoRaSF,8,
General-9-20260516-23:10:21-3615,config,,,**.loRaNodes[4].**initialLoRaTP,8dBm,
General-9-20260516-23:10:21-3615,config,,,**.loRaNodes[5].**initialLoRaSF,7,
General-9-20260516-23:10:21-3615,config,,,**.loRaNodes[5].**initialLoRaTP,2dBm,
General-9-20260516-23:10:21-3615,config,,,**.vector-recording,false,
General-9-20260516-23:10:21-3615,config,,,**.loRaGW[*].packetForwarder.highQueueLength.vector-recording,true,
General-9-20260516-23:10:21-3615,config,,,**.loRaGW[*].packetForwarder.lowQueueLength.vector-recording,true,
General-9-20260516-23:10:21-3615,config,,,**.networkServer.app[0].delaySignal.vector-recording,true,
General-9-20260516-23:10:21-3615,config,,,**.loRaNodes[*].app[0].packetsSent:scalar,true,
General-9-20260516-23:10:21-3615,config,,,**.networkServer.app[0].totalReceivedPackets:scalar,true,
General-9-20260516-23:10:21-3615,config,,,**.loRaGW[*].**.packetDropRate:scalar,true,
General-15-20260516-23:33:57-3673,runattr,,,configname,General,
General-15-20260516-23:33:57-3673,runattr,,,datetime,20260516-23:33:57,
General-15-20260516-23:33:57-3673,runattr,,,datetimef,20260516-233357,
General-15-20260516-23:33:57-3673,runattr,,,experiment,General,
General-15-20260516-23:33:57-3673,runattr,,,inifile,n100-gw1.ini,
General-15-20260516-23:33:57-3673,runattr,,,iterationvars,"$0=""avg""",
General-15-20260516-23:33:57-3673,runattr,,,iterationvarsd,avg,
General-15-20260516-23:33:57-3673,runattr,,,iterationvarsf,avg-,
General-15-20260516-23:33:57-3673,runattr,,,measurement,"$0=""avg""",
General-15-20260516-23:33:57-3673,runattr,,,network,flora.simulations.LoRaNetworkTest,
General-15-20260516-23:33:57-3673,runattr,,,processid,3673,
General-15-20260516-23:33:57-3673,runattr,,,repetition,15,
General-15-20260516-23:33:57-3673,runattr,,,replication,#15,
General-15-20260516-23:33:57-3673,runattr,,,resultdir,results,
General-15-20260516-23:33:57-3673,runattr,,,runnumber,15,
General-15-20260516-23:33:57-3673,runattr,,,seedset,15,
General-15-20260516-23:33:57-3673,config,,,image-path,../../../inet4.4/images,
General-15-20260516-23:33:57-3673,config,,,network,flora.simulations.LoRaNetworkTest,
General-15-20260516-23:33:57-3673,config,,,output-vector-file,../results/n100-gw1-s15.ini.vec,
General-15-20260516-23:33:57-3673,config,,,**.maxTransmissionDuration,4s,
General-15-20260516-23:33:57-3673,config,,,**.energyDetection,-110dBm,
General-15-20260516-23:33:57-3673,config,,,**.vector-recording,true,
General-15-20260516-23:33:57-3673,config,,,rng-class,cMersenneTwister,
General-15-20260516-23:33:57-3673,config,,,**.loRaGW[*].numUdpApps,1,
General-15-20260516-23:33:57-3673,config,,,**.loRaGW[0].packetForwarder.localPort,2000,
General-15-20260516-23:33:57-3673,config,,,**.loRaGW[0].packetForwarder.destPort,1000,
General-15-20260516-23:33:57-3673,config,,,**.loRaGW[0].packetForwarder.destAddresses,"""networkServer""",
General-15-20260516-23:33:57-3673,config,,,**.loRaGW[0].packetForwarder.indexNumber,0,
General-15-20260516-23:33:57-3673,config,,,**.networkServer.numApps,1,
General-15-20260516-23:33:57-3673,config,,,**.networkServer.**.evaluateADRinServer,true,
General-15-20260516-23:33:57-3673,config,,,**.networkServer.app[0].typename,NetworkServerApp,
General-15-20260516-23:33:57-3673,config,,,**.networkServer.app[0].destAddresses,"""loRaGW[0]""",
General-15-20260516-23:33:57-3673,config,,,**.networkServer.app[0].destPort,2000,
General-15-20260516-23:33:57-3673,config,,,**.networkServer.app[0].localPort,1000,
General-15-20260516-23:33:57-3673,config,,,**.networkServer.app[0].adrMethod,"""avg""",
General-15-20260516-23:33:57-3673,config,,,**.numberOfPacketsToSend,0,
General-15-20260516-23:33:57-3673,config,,,sim-time-limit,3d,
General-15-20260516-23:33:57-3673,config,,,warmup-period,2h,
General-15-20260516-23:33:57-3673,config,,,simtime-resolution,-11,
General-15-20260516-23:33:57-3673,config,,,repeat,20,
General-15-20260516-23:33:57-3673,config,,,**.loRaNodes[{0..1}].app[0].timeToFirstPacket,"uniform(0h, 1h)",
General-15-20260516-23:33:57-3673,config,,,**.loRaNodes[{0..1}].app[0].timeToNextPacket,1h,
General-15-20260516-23:33:57-3673,config,,,**.loRaNodes[{2..3}].app[0].timeToFirstPacket,exponential(24h),
General-15-20260516-23:33:57-3673,config,,,**.loRaNodes[{2..3}].app[0].timeToNextPacket,exponential(24h),
General-15-20260516-23:33:57-3673,config,,,**.loRaNodes[{4..5}].app[0].timeToFirstPacket,exponential(4h),
General-15-20260516-23:33:57-3673,config,,,**.loRaNodes[{4..5}].app[0].timeToNextPacket,exponential(4h),
General-15-20260516-23:33:57-3673,config,,,**.alohaChannelModel,false,
General-15-20260516-23:33:57-3673,config,,,**.loRaNodes[*].**.initFromDisplayString,false,
General-15-20260516-23:33:57-3673,config,,,**.loRaNodes[*].**.evaluateADRinNode,true,
General-15-20260516-23:33:57-3673,config,,,**.loRaNodes[*].**initialLoRaBW,125 kHz,
General-15-20260516-23:33:57-3673,config,,,**.loRaNodes[*].**initialLoRaCR,4,
General-15-20260516-23:33:57-3673,config,,,**.loRaNodes[*].numApps,1,
General-15-20260516-23:33:57-3673,config,,,**.loRaNodes[*].app[0].typename,SimpleLoRaApp,
General-15-20260516-23:33:57-3673,config,,,**.LoRaGWNic.radio.iAmGateway,true,
General-15-20260516-23:33:57-3673,config,,,**.loRaGW[*].**.initFromDisplayString,false,
General-15-20260516-23:33:57-3673,config,,,**.loRaNodes[*].LoRaNic.radio.energyConsumer.typename,LoRaEnergyConsumer,
General-15-20260516-23:33:57-3673,config,,,**.loRaNodes[*].**.energySourceModule,"""^.IdealEpEnergyStorage""",
General-15-20260516-23:33:57-3673,config,,,**.loRaNodes[*].LoRaNic.radio.energyConsumer.configFile,"xmldoc(""../energyConsumptionParameters.xml"")",
General-15-20260516-23:33:57-3673,config,,,**.sigma,3.57,
General-15-20260516-23:33:57-3673,config,,,**.constraintAreaMinX,0m,
General-15-20260516-23:33:57-3673,config,,,**.constraintAreaMinY,0m,
General-15-20260516-23:33:57-3673,config,,,**.constraintAreaMinZ,0m,
General-15-20260516-23:33:57-3673,config,,,**.constraintAreaMaxZ,0m,
General-15-20260516-23:33:57-3673,config,,,LoRaNetworkTest.**.radio.separateTransmissionParts,false,
General-15-20260516-23:33:57-3673,config,,,LoRaNetworkTest.**.radio.separateReceptionParts,false,
General-15-20260516-23:33:57-3673,config,,,**.ipv4Delayer.config,"xmldoc(""../cloudDelays.xml"")",
General-15-20260516-23:33:57-3673,config,,,**.radio.radioMediumModule,"""LoRaMedium""",
General-15-20260516-23:33:57-3673,config,,,**.LoRaMedium.pathLossType,"""LoRaLogNormalShadowing""",
General-15-20260516-23:33:57-3673,config,,,**.minInterferenceTime,0s,
General-15-20260516-23:33:57-3673,config,,,**.displayAddresses,false,
General-15-20260516-23:33:57-3673,config,,,**.numberOfNodes,6,
General-15-20260516-23:33:57-3673,config,,,**.numberOfGateways,1,
General-15-20260516-23:33:57-3673,config,,,**.constraintAreaMaxX,2376.0m,
General-15-20260516-23:33:57-3673,config,,,**.constraintAreaMaxY,1090.0m,
General-15-20260516-23:33:57-3673,config,,,**.loRaGW[0].**.initialX,544.00m,
General-15-20260516-23:33:57-3673,config,,,**.loRaGW[0].**.initialY,544.00m,
General-15-20260516-23:33:57-3673,config,,,output-scalar-file,../results/n100-gw1-s15.ini.sca,
General-15-20260516-23:33:57-3673,config,,,**.loRaNodes[0..1].app[0].sendInterval,1h,
General-15-20260516-23:33:57-3673,config,,,**.loRaNodes[0].**.initialX,510.63m,
General-15-20260516-23:33:57-3673,config,,,**.loRaNodes[0].**.initialY,500.08m,
General-15-20260516-23:33:57-3673,config,,,**.loRaNodes[1].**.initialX,470.29m,
General-15-20260516-23:33:57-3673,config,,,**.loRaNodes[1].**.initialY,520.24m,
General-15-20260516-23:33:57-3673,config,,,**.loRaNodes[2].**.initialX,500.60m,
General-15-20260516-23:33:57-3673,config,,,**.loRaNodes[2].**.initialY,590.25m,
General-15-20260516-23:33:57-3673,config,,,**.loRaNodes[3].**.initialX,535.86m,
General-15-20260516-23:33:57-3673,config,,,**.loRaNodes[3].**.initialY,590.63m,
General-15-20260516-23:33:57-3673,config,,,**.loRaNodes[2..3].app[0].sendInterval,exponential(8760h),
General-15-20260516-23:33:57-3673,config,,,**.loRaNodes[4..5].app[0].sendInterval,exponential(4h),
General-15-20260516-23:33:57-3673,config,,,**.loRaNodes[4].**.initialX,650.85m,
General-15-20260516-23:33:57-3673,config,,,**.loRaNodes[4].**.initialY,510.11m,
General-15-20260516-23:33:57-3673,config,,,**.loRaNodes[5].**.initialX,680.27m,
General-15-20260516-23:33:57-3673,config,,,**.loRaNodes[5].**.initialY,520.84m,
General-15-20260516-23:33:57-3673,config,,,**.loRaNodes[0].**initialLoRaSF,8,
General-15-20260516-23:33:57-3673,config,,,**.loRaNodes[0].**initialLoRaTP,8dBm,
General-15-20260516-23:33:57-3673,config,,,**.loRaNodes[1].**initialLoRaSF,9,
General-15-20260516-23:33:57-3673,config,,,**.loRaNodes[1].**initialLoRaTP,8dBm,
General-15-20260516-23:33:57-3673,config,,,**.loRaNodes[2].**initialLoRaSF,7,
General-15-20260516-23:33:57-3673,config,,,**.loRaNodes[2].**initialLoRaTP,8dBm,
General-15-20260516-23:33:57-3673,config,,,**.loRaNodes[3].**initialLoRaSF,7,
General-15-20260516-23:33:57-3673,config,,,**.loRaNodes[3].**initialLoRaTP,2dBm,
General-15-20260516-23:33:57-3673,config,,,**.loRaNodes[4].**initialLoRaSF,8,
General-15-20260516-23:33:57-3673,config,,,**.loRaNodes[4].**initialLoRaTP,8dBm,
General-15-20260516-23:33:57-3673,config,,,**.loRaNodes[5].**initialLoRaSF,7,
General-15-20260516-23:33:57-3673,config,,,**.loRaNodes[5].**initialLoRaTP,2dBm,
General-15-20260516-23:33:57-3673,config,,,**.vector-recording,false,
General-15-20260516-23:33:57-3673,config,,,**.loRaGW[*].packetForwarder.highQueueLength.vector-recording,true,
General-15-20260516-23:33:57-3673,config,,,**.loRaGW[*].packetForwarder.lowQueueLength.vector-recording,true,
General-15-20260516-23:33:57-3673,config,,,**.networkServer.app[0].delaySignal.vector-recording,true,
General-15-20260516-23:33:57-3673,config,,,**.loRaNodes[*].app[0].packetsSent:scalar,true,
General-15-20260516-23:33:57-3673,config,,,**.networkServer.app[0].totalReceivedPackets:scalar,true,
General-15-20260516-23:33:57-3673,config,,,**.loRaGW[*].**.packetDropRate:scalar,true,
General-17-20260516-23:41:35-3686,runattr,,,configname,General,
General-17-20260516-23:41:35-3686,runattr,,,datetime,20260516-23:41:35,
General-17-20260516-23:41:35-3686,runattr,,,datetimef,20260516-234135,
General-17-20260516-23:41:35-3686,runattr,,,experiment,General,
General-17-20260516-23:41:35-3686,runattr,,,inifile,n100-gw1.ini,
General-17-20260516-23:41:35-3686,runattr,,,iterationvars,"$0=""avg""",
General-17-20260516-23:41:35-3686,runattr,,,iterationvarsd,avg,
General-17-20260516-23:41:35-3686,runattr,,,iterationvarsf,avg-,
General-17-20260516-23:41:35-3686,runattr,,,measurement,"$0=""avg""",
General-17-20260516-23:41:35-3686,runattr,,,network,flora.simulations.LoRaNetworkTest,
General-17-20260516-23:41:35-3686,runattr,,,processid,3686,
General-17-20260516-23:41:35-3686,runattr,,,repetition,17,
General-17-20260516-23:41:35-3686,runattr,,,replication,#17,
General-17-20260516-23:41:35-3686,runattr,,,resultdir,results,
General-17-20260516-23:41:35-3686,runattr,,,runnumber,17,
General-17-20260516-23:41:35-3686,runattr,,,seedset,17,
General-17-20260516-23:41:35-3686,config,,,image-path,../../../inet4.4/images,
General-17-20260516-23:41:35-3686,config,,,network,flora.simulations.LoRaNetworkTest,
General-17-20260516-23:41:35-3686,config,,,output-vector-file,../results/n100-gw1-s17.ini.vec,
General-17-20260516-23:41:35-3686,config,,,**.maxTransmissionDuration,4s,
General-17-20260516-23:41:35-3686,config,,,**.energyDetection,-110dBm,
General-17-20260516-23:41:35-3686,config,,,**.vector-recording,true,
General-17-20260516-23:41:35-3686,config,,,rng-class,cMersenneTwister,
General-17-20260516-23:41:35-3686,config,,,**.loRaGW[*].numUdpApps,1,
General-17-20260516-23:41:35-3686,config,,,**.loRaGW[0].packetForwarder.localPort,2000,
General-17-20260516-23:41:35-3686,config,,,**.loRaGW[0].packetForwarder.destPort,1000,
General-17-20260516-23:41:35-3686,config,,,**.loRaGW[0].packetForwarder.destAddresses,"""networkServer""",
General-17-20260516-23:41:35-3686,config,,,**.loRaGW[0].packetForwarder.indexNumber,0,
General-17-20260516-23:41:35-3686,config,,,**.networkServer.numApps,1,
General-17-20260516-23:41:35-3686,config,,,**.networkServer.**.evaluateADRinServer,true,
General-17-20260516-23:41:35-3686,config,,,**.networkServer.app[0].typename,NetworkServerApp,
General-17-20260516-23:41:35-3686,config,,,**.networkServer.app[0].destAddresses,"""loRaGW[0]""",
General-17-20260516-23:41:35-3686,config,,,**.networkServer.app[0].destPort,2000,
General-17-20260516-23:41:35-3686,config,,,**.networkServer.app[0].localPort,1000,
General-17-20260516-23:41:35-3686,config,,,**.networkServer.app[0].adrMethod,"""avg""",
General-17-20260516-23:41:35-3686,config,,,**.numberOfPacketsToSend,0,
General-17-20260516-23:41:35-3686,config,,,sim-time-limit,3d,
General-17-20260516-23:41:35-3686,config,,,warmup-period,2h,
General-17-20260516-23:41:35-3686,config,,,simtime-resolution,-11,
General-17-20260516-23:41:35-3686,config,,,repeat,20,
General-17-20260516-23:41:35-3686,config,,,**.loRaNodes[{0..1}].app[0].timeToFirstPacket,"uniform(0h, 1h)",
General-17-20260516-23:41:35-3686,config,,,**.loRaNodes[{0..1}].app[0].timeToNextPacket,1h,
General-17-20260516-23:41:35-3686,config,,,**.loRaNodes[{2..3}].app[0].timeToFirstPacket,exponential(24h),
General-17-20260516-23:41:35-3686,config,,,**.loRaNodes[{2..3}].app[0].timeToNextPacket,exponential(24h),
General-17-20260516-23:41:35-3686,config,,,**.loRaNodes[{4..5}].app[0].timeToFirstPacket,exponential(4h),
General-17-20260516-23:41:35-3686,config,,,**.loRaNodes[{4..5}].app[0].timeToNextPacket,exponential(4h),
General-17-20260516-23:41:35-3686,config,,,**.alohaChannelModel,false,
General-17-20260516-23:41:35-3686,config,,,**.loRaNodes[*].**.initFromDisplayString,false,
General-17-20260516-23:41:35-3686,config,,,**.loRaNodes[*].**.evaluateADRinNode,true,
General-17-20260516-23:41:35-3686,config,,,**.loRaNodes[*].**initialLoRaBW,125 kHz,
General-17-20260516-23:41:35-3686,config,,,**.loRaNodes[*].**initialLoRaCR,4,
General-17-20260516-23:41:35-3686,config,,,**.loRaNodes[*].numApps,1,
General-17-20260516-23:41:35-3686,config,,,**.loRaNodes[*].app[0].typename,SimpleLoRaApp,
General-17-20260516-23:41:35-3686,config,,,**.LoRaGWNic.radio.iAmGateway,true,
General-17-20260516-23:41:35-3686,config,,,**.loRaGW[*].**.initFromDisplayString,false,
General-17-20260516-23:41:35-3686,config,,,**.loRaNodes[*].LoRaNic.radio.energyConsumer.typename,LoRaEnergyConsumer,
General-17-20260516-23:41:35-3686,config,,,**.loRaNodes[*].**.energySourceModule,"""^.IdealEpEnergyStorage""",
General-17-20260516-23:41:35-3686,config,,,**.loRaNodes[*].LoRaNic.radio.energyConsumer.configFile,"xmldoc(""../energyConsumptionParameters.xml"")",
General-17-20260516-23:41:35-3686,config,,,**.sigma,3.57,
General-17-20260516-23:41:35-3686,config,,,**.constraintAreaMinX,0m,
General-17-20260516-23:41:35-3686,config,,,**.constraintAreaMinY,0m,
General-17-20260516-23:41:35-3686,config,,,**.constraintAreaMinZ,0m,
General-17-20260516-23:41:35-3686,config,,,**.constraintAreaMaxZ,0m,
General-17-20260516-23:41:35-3686,config,,,LoRaNetworkTest.**.radio.separateTransmissionParts,false,
General-17-20260516-23:41:35-3686,config,,,LoRaNetworkTest.**.radio.separateReceptionParts,false,
General-17-20260516-23:41:35-3686,config,,,**.ipv4Delayer.config,"xmldoc(""../cloudDelays.xml"")",
General-17-20260516-23:41:35-3686,config,,,**.radio.radioMediumModule,"""LoRaMedium""",
General-17-20260516-23:41:35-3686,config,,,**.LoRaMedium.pathLossType,"""LoRaLogNormalShadowing""",
General-17-20260516-23:41:35-3686,config,,,**.minInterferenceTime,0s,
General-17-20260516-23:41:35-3686,config,,,**.displayAddresses,false,
General-17-20260516-23:41:35-3686,config,,,**.numberOfNodes,6,
General-17-20260516-23:41:35-3686,config,,,**.numberOfGateways,1,
General-17-20260516-23:41:35-3686,config,,,**.constraintAreaMaxX,2376.0m,
General-17-20260516-23:41:35-3686,config,,,**.constraintAreaMaxY,1090.0m,
General-17-20260516-23:41:35-3686,config,,,**.loRaGW[0].**.initialX,544.00m,
General-17-20260516-23:41:35-3686,config,,,**.loRaGW[0].**.initialY,544.00m,
General-17-20260516-23:41:35-3686,config,,,output-scalar-file,../results/n100-gw1-s17.ini.sca,
General-17-20260516-23:41:35-3686,config,,,**.loRaNodes[0..1].app[0].sendInterval,1h,
General-17-20260516-23:41:35-3686,config,,,**.loRaNodes[0].**.initialX,510.63m,
General-17-20260516-23:41:35-3686,config,,,**.loRaNodes[0].**.initialY,500.08m,
General-17-20260516-23:41:35-3686,config,,,**.loRaNodes[1].**.initialX,470.29m,
General-17-20260516-23:41:35-3686,config,,,**.loRaNodes[1].**.initialY,520.24m,
General-17-20260516-23:41:35-3686,config,,,**.loRaNodes[2].**.initialX,500.60m,
General-17-20260516-23:41:35-3686,config,,,**.loRaNodes[2].**.initialY,590.25m,
General-17-20260516-23:41:35-3686,config,,,**.loRaNodes[3].**.initialX,535.86m,
General-17-20260516-23:41:35-3686,config,,,**.loRaNodes[3].**.initialY,590.63m,
General-17-20260516-23:41:35-3686,config,,,**.loRaNodes[2..3].app[0].sendInterval,exponential(8760h),
General-17-20260516-23:41:35-3686,config,,,**.loRaNodes[4..5].app[0].sendInterval,exponential(4h),
General-17-20260516-23:41:35-3686,config,,,**.loRaNodes[4].**.initialX,650.85m,
General-17-20260516-23:41:35-3686,config,,,**.loRaNodes[4].**.initialY,510.11m,
General-17-20260516-23:41:35-3686,config,,,**.loRaNodes[5].**.initialX,680.27m,
General-17-20260516-23:41:35-3686,config,,,**.loRaNodes[5].**.initialY,520.84m,
General-17-20260516-23:41:35-3686,config,,,**.loRaNodes[0].**initialLoRaSF,8,
General-17-20260516-23:41:35-3686,config,,,**.loRaNodes[0].**initialLoRaTP,8dBm,
General-17-20260516-23:41:35-3686,config,,,**.loRaNodes[1].**initialLoRaSF,9,
General-17-20260516-23:41:35-3686,config,,,**.loRaNodes[1].**initialLoRaTP,8dBm,
General-17-20260516-23:41:35-3686,config,,,**.loRaNodes[2].**initialLoRaSF,7,
General-17-20260516-23:41:35-3686,config,,,**.loRaNodes[2].**initialLoRaTP,8dBm,
General-17-20260516-23:41:35-3686,config,,,**.loRaNodes[3].**initialLoRaSF,7,
General-17-20260516-23:41:35-3686,config,,,**.loRaNodes[3].**initialLoRaTP,2dBm,
General-17-20260516-23:41:35-3686,config,,,**.loRaNodes[4].**initialLoRaSF,8,
General-17-20260516-23:41:35-3686,config,,,**.loRaNodes[4].**initialLoRaTP,8dBm,
General-17-20260516-23:41:35-3686,config,,,**.loRaNodes[5].**initialLoRaSF,7,
General-17-20260516-23:41:35-3686,config,,,**.loRaNodes[5].**initialLoRaTP,2dBm,
General-17-20260516-23:41:35-3686,config,,,**.vector-recording,false,
General-17-20260516-23:41:35-3686,config,,,**.loRaGW[*].packetForwarder.highQueueLength.vector-recording,true,
General-17-20260516-23:41:35-3686,config,,,**.loRaGW[*].packetForwarder.lowQueueLength.vector-recording,true,
General-17-20260516-23:41:35-3686,config,,,**.networkServer.app[0].delaySignal.vector-recording,true,
General-17-20260516-23:41:35-3686,config,,,**.loRaNodes[*].app[0].packetsSent:scalar,true,
General-17-20260516-23:41:35-3686,config,,,**.networkServer.app[0].totalReceivedPackets:scalar,true,
General-17-20260516-23:41:35-3686,config,,,**.loRaGW[*].**.packetDropRate:scalar,true,
General-16-20260516-23:37:52-3679,runattr,,,configname,General,
General-16-20260516-23:37:52-3679,runattr,,,datetime,20260516-23:37:52,
General-16-20260516-23:37:52-3679,runattr,,,datetimef,20260516-233752,
General-16-20260516-23:37:52-3679,runattr,,,experiment,General,
General-16-20260516-23:37:52-3679,runattr,,,inifile,n100-gw1.ini,
General-16-20260516-23:37:52-3679,runattr,,,iterationvars,"$0=""avg""",
General-16-20260516-23:37:52-3679,runattr,,,iterationvarsd,avg,
General-16-20260516-23:37:52-3679,runattr,,,iterationvarsf,avg-,
General-16-20260516-23:37:52-3679,runattr,,,measurement,"$0=""avg""",
General-16-20260516-23:37:52-3679,runattr,,,network,flora.simulations.LoRaNetworkTest,
General-16-20260516-23:37:52-3679,runattr,,,processid,3679,
General-16-20260516-23:37:52-3679,runattr,,,repetition,16,
General-16-20260516-23:37:52-3679,runattr,,,replication,#16,
General-16-20260516-23:37:52-3679,runattr,,,resultdir,results,
General-16-20260516-23:37:52-3679,runattr,,,runnumber,16,
General-16-20260516-23:37:52-3679,runattr,,,seedset,16,
General-16-20260516-23:37:52-3679,config,,,image-path,../../../inet4.4/images,
General-16-20260516-23:37:52-3679,config,,,network,flora.simulations.LoRaNetworkTest,
General-16-20260516-23:37:52-3679,config,,,output-vector-file,../results/n100-gw1-s16.ini.vec,
General-16-20260516-23:37:52-3679,config,,,**.maxTransmissionDuration,4s,
General-16-20260516-23:37:52-3679,config,,,**.energyDetection,-110dBm,
General-16-20260516-23:37:52-3679,config,,,**.vector-recording,true,
General-16-20260516-23:37:52-3679,config,,,rng-class,cMersenneTwister,
General-16-20260516-23:37:52-3679,config,,,**.loRaGW[*].numUdpApps,1,
General-16-20260516-23:37:52-3679,config,,,**.loRaGW[0].packetForwarder.localPort,2000,
General-16-20260516-23:37:52-3679,config,,,**.loRaGW[0].packetForwarder.destPort,1000,
General-16-20260516-23:37:52-3679,config,,,**.loRaGW[0].packetForwarder.destAddresses,"""networkServer""",
General-16-20260516-23:37:52-3679,config,,,**.loRaGW[0].packetForwarder.indexNumber,0,
General-16-20260516-23:37:52-3679,config,,,**.networkServer.numApps,1,
General-16-20260516-23:37:52-3679,config,,,**.networkServer.**.evaluateADRinServer,true,
General-16-20260516-23:37:52-3679,config,,,**.networkServer.app[0].typename,NetworkServerApp,
General-16-20260516-23:37:52-3679,config,,,**.networkServer.app[0].destAddresses,"""loRaGW[0]""",
General-16-20260516-23:37:52-3679,config,,,**.networkServer.app[0].destPort,2000,
General-16-20260516-23:37:52-3679,config,,,**.networkServer.app[0].localPort,1000,
General-16-20260516-23:37:52-3679,config,,,**.networkServer.app[0].adrMethod,"""avg""",
General-16-20260516-23:37:52-3679,config,,,**.numberOfPacketsToSend,0,
General-16-20260516-23:37:52-3679,config,,,sim-time-limit,3d,
General-16-20260516-23:37:52-3679,config,,,warmup-period,2h,
General-16-20260516-23:37:52-3679,config,,,simtime-resolution,-11,
General-16-20260516-23:37:52-3679,config,,,repeat,20,
General-16-20260516-23:37:52-3679,config,,,**.loRaNodes[{0..1}].app[0].timeToFirstPacket,"uniform(0h, 1h)",
General-16-20260516-23:37:52-3679,config,,,**.loRaNodes[{0..1}].app[0].timeToNextPacket,1h,
General-16-20260516-23:37:52-3679,config,,,**.loRaNodes[{2..3}].app[0].timeToFirstPacket,exponential(24h),
General-16-20260516-23:37:52-3679,config,,,**.loRaNodes[{2..3}].app[0].timeToNextPacket,exponential(24h),
General-16-20260516-23:37:52-3679,config,,,**.loRaNodes[{4..5}].app[0].timeToFirstPacket,exponential(4h),
General-16-20260516-23:37:52-3679,config,,,**.loRaNodes[{4..5}].app[0].timeToNextPacket,exponential(4h),
General-16-20260516-23:37:52-3679,config,,,**.alohaChannelModel,false,
General-16-20260516-23:37:52-3679,config,,,**.loRaNodes[*].**.initFromDisplayString,false,
General-16-20260516-23:37:52-3679,config,,,**.loRaNodes[*].**.evaluateADRinNode,true,
General-16-20260516-23:37:52-3679,config,,,**.loRaNodes[*].**initialLoRaBW,125 kHz,
General-16-20260516-23:37:52-3679,config,,,**.loRaNodes[*].**initialLoRaCR,4,
General-16-20260516-23:37:52-3679,config,,,**.loRaNodes[*].numApps,1,
General-16-20260516-23:37:52-3679,config,,,**.loRaNodes[*].app[0].typename,SimpleLoRaApp,
General-16-20260516-23:37:52-3679,config,,,**.LoRaGWNic.radio.iAmGateway,true,
General-16-20260516-23:37:52-3679,config,,,**.loRaGW[*].**.initFromDisplayString,false,
General-16-20260516-23:37:52-3679,config,,,**.loRaNodes[*].LoRaNic.radio.energyConsumer.typename,LoRaEnergyConsumer,
General-16-20260516-23:37:52-3679,config,,,**.loRaNodes[*].**.energySourceModule,"""^.IdealEpEnergyStorage""",
General-16-20260516-23:37:52-3679,config,,,**.loRaNodes[*].LoRaNic.radio.energyConsumer.configFile,"xmldoc(""../energyConsumptionParameters.xml"")",
General-16-20260516-23:37:52-3679,config,,,**.sigma,3.57,
General-16-20260516-23:37:52-3679,config,,,**.constraintAreaMinX,0m,
General-16-20260516-23:37:52-3679,config,,,**.constraintAreaMinY,0m,
General-16-20260516-23:37:52-3679,config,,,**.constraintAreaMinZ,0m,
General-16-20260516-23:37:52-3679,config,,,**.constraintAreaMaxZ,0m,
General-16-20260516-23:37:52-3679,config,,,LoRaNetworkTest.**.radio.separateTransmissionParts,false,
General-16-20260516-23:37:52-3679,config,,,LoRaNetworkTest.**.radio.separateReceptionParts,false,
General-16-20260516-23:37:52-3679,config,,,**.ipv4Delayer.config,"xmldoc(""../cloudDelays.xml"")",
General-16-20260516-23:37:52-3679,config,,,**.radio.radioMediumModule,"""LoRaMedium""",
General-16-20260516-23:37:52-3679,config,,,**.LoRaMedium.pathLossType,"""LoRaLogNormalShadowing""",
General-16-20260516-23:37:52-3679,config,,,**.minInterferenceTime,0s,
General-16-20260516-23:37:52-3679,config,,,**.displayAddresses,false,
General-16-20260516-23:37:52-3679,config,,,**.numberOfNodes,6,
General-16-20260516-23:37:52-3679,config,,,**.numberOfGateways,1,
General-16-20260516-23:37:52-3679,config,,,**.constraintAreaMaxX,2376.0m,
General-16-20260516-23:37:52-3679,config,,,**.constraintAreaMaxY,1090.0m,
General-16-20260516-23:37:52-3679,config,,,**.loRaGW[0].**.initialX,544.00m,
General-16-20260516-23:37:52-3679,config,,,**.loRaGW[0].**.initialY,544.00m,
General-16-20260516-23:37:52-3679,config,,,output-scalar-file,../results/n100-gw1-s16.ini.sca,
General-16-20260516-23:37:52-3679,config,,,**.loRaNodes[0..1].app[0].sendInterval,1h,
General-16-20260516-23:37:52-3679,config,,,**.loRaNodes[0].**.initialX,510.63m,
General-16-20260516-23:37:52-3679,config,,,**.loRaNodes[0].**.initialY,500.08m,
General-16-20260516-23:37:52-3679,config,,,**.loRaNodes[1].**.initialX,470.29m,
General-16-20260516-23:37:52-3679,config,,,**.loRaNodes[1].**.initialY,520.24m,
General-16-20260516-23:37:52-3679,config,,,**.loRaNodes[2].**.initialX,500.60m,
General-16-20260516-23:37:52-3679,config,,,**.loRaNodes[2].**.initialY,590.25m,
General-16-20260516-23:37:52-3679,config,,,**.loRaNodes[3].**.initialX,535.86m,
General-16-20260516-23:37:52-3679,config,,,**.loRaNodes[3].**.initialY,590.63m,
General-16-20260516-23:37:52-3679,config,,,**.loRaNodes[2..3].app[0].sendInterval,exponential(8760h),
General-16-20260516-23:37:52-3679,config,,,**.loRaNodes[4..5].app[0].sendInterval,exponential(4h),
General-16-20260516-23:37:52-3679,config,,,**.loRaNodes[4].**.initialX,650.85m,
General-16-20260516-23:37:52-3679,config,,,**.loRaNodes[4].**.initialY,510.11m,
General-16-20260516-23:37:52-3679,config,,,**.loRaNodes[5].**.initialX,680.27m,
General-16-20260516-23:37:52-3679,config,,,**.loRaNodes[5].**.initialY,520.84m,
General-16-20260516-23:37:52-3679,config,,,**.loRaNodes[0].**initialLoRaSF,8,
General-16-20260516-23:37:52-3679,config,,,**.loRaNodes[0].**initialLoRaTP,8dBm,
General-16-20260516-23:37:52-3679,config,,,**.loRaNodes[1].**initialLoRaSF,9,
General-16-20260516-23:37:52-3679,config,,,**.loRaNodes[1].**initialLoRaTP,8dBm,
General-16-20260516-23:37:52-3679,config,,,**.loRaNodes[2].**initialLoRaSF,7,
General-16-20260516-23:37:52-3679,config,,,**.loRaNodes[2].**initialLoRaTP,8dBm,
General-16-20260516-23:37:52-3679,config,,,**.loRaNodes[3].**initialLoRaSF,7,
General-16-20260516-23:37:52-3679,config,,,**.loRaNodes[3].**initialLoRaTP,2dBm,
General-16-20260516-23:37:52-3679,config,,,**.loRaNodes[4].**initialLoRaSF,8,
General-16-20260516-23:37:52-3679,config,,,**.loRaNodes[4].**initialLoRaTP,8dBm,
General-16-20260516-23:37:52-3679,config,,,**.loRaNodes[5].**initialLoRaSF,7,
General-16-20260516-23:37:52-3679,config,,,**.loRaNodes[5].**initialLoRaTP,2dBm,
General-16-20260516-23:37:52-3679,config,,,**.vector-recording,false,
General-16-20260516-23:37:52-3679,config,,,**.loRaGW[*].packetForwarder.highQueueLength.vector-recording,true,
General-16-20260516-23:37:52-3679,config,,,**.loRaGW[*].packetForwarder.lowQueueLength.vector-recording,true,
General-16-20260516-23:37:52-3679,config,,,**.networkServer.app[0].delaySignal.vector-recording,true,
General-16-20260516-23:37:52-3679,config,,,**.loRaNodes[*].app[0].packetsSent:scalar,true,
General-16-20260516-23:37:52-3679,config,,,**.networkServer.app[0].totalReceivedPackets:scalar,true,
General-16-20260516-23:37:52-3679,config,,,**.loRaGW[*].**.packetDropRate:scalar,true,
General-2-20260516-22:43:06-3569,runattr,,,configname,General,
General-2-20260516-22:43:06-3569,runattr,,,datetime,20260516-22:43:06,
General-2-20260516-22:43:06-3569,runattr,,,datetimef,20260516-224306,
General-2-20260516-22:43:06-3569,runattr,,,experiment,General,
General-2-20260516-22:43:06-3569,runattr,,,inifile,n100-gw1.ini,
General-2-20260516-22:43:06-3569,runattr,,,iterationvars,"$0=""avg""",
General-2-20260516-22:43:06-3569,runattr,,,iterationvarsd,avg,
General-2-20260516-22:43:06-3569,runattr,,,iterationvarsf,avg-,
General-2-20260516-22:43:06-3569,runattr,,,measurement,"$0=""avg""",
General-2-20260516-22:43:06-3569,runattr,,,network,flora.simulations.LoRaNetworkTest,
General-2-20260516-22:43:06-3569,runattr,,,processid,3569,
General-2-20260516-22:43:06-3569,runattr,,,repetition,2,
General-2-20260516-22:43:06-3569,runattr,,,replication,#2,
General-2-20260516-22:43:06-3569,runattr,,,resultdir,results,
General-2-20260516-22:43:06-3569,runattr,,,runnumber,2,
General-2-20260516-22:43:06-3569,runattr,,,seedset,2,
General-2-20260516-22:43:06-3569,config,,,image-path,../../../inet4.4/images,
General-2-20260516-22:43:06-3569,config,,,network,flora.simulations.LoRaNetworkTest,
General-2-20260516-22:43:06-3569,config,,,output-vector-file,../results/n100-gw1-s2.ini.vec,
General-2-20260516-22:43:06-3569,config,,,**.maxTransmissionDuration,4s,
General-2-20260516-22:43:06-3569,config,,,**.energyDetection,-110dBm,
General-2-20260516-22:43:06-3569,config,,,**.vector-recording,true,
General-2-20260516-22:43:06-3569,config,,,rng-class,cMersenneTwister,
General-2-20260516-22:43:06-3569,config,,,**.loRaGW[*].numUdpApps,1,
General-2-20260516-22:43:06-3569,config,,,**.loRaGW[0].packetForwarder.localPort,2000,
General-2-20260516-22:43:06-3569,config,,,**.loRaGW[0].packetForwarder.destPort,1000,
General-2-20260516-22:43:06-3569,config,,,**.loRaGW[0].packetForwarder.destAddresses,"""networkServer""",
General-2-20260516-22:43:06-3569,config,,,**.loRaGW[0].packetForwarder.indexNumber,0,
General-2-20260516-22:43:06-3569,config,,,**.networkServer.numApps,1,
General-2-20260516-22:43:06-3569,config,,,**.networkServer.**.evaluateADRinServer,true,
General-2-20260516-22:43:06-3569,config,,,**.networkServer.app[0].typename,NetworkServerApp,
General-2-20260516-22:43:06-3569,config,,,**.networkServer.app[0].destAddresses,"""loRaGW[0]""",
General-2-20260516-22:43:06-3569,config,,,**.networkServer.app[0].destPort,2000,
General-2-20260516-22:43:06-3569,config,,,**.networkServer.app[0].localPort,1000,
General-2-20260516-22:43:06-3569,config,,,**.networkServer.app[0].adrMethod,"""avg""",
General-2-20260516-22:43:06-3569,config,,,**.numberOfPacketsToSend,0,
General-2-20260516-22:43:06-3569,config,,,sim-time-limit,3d,
General-2-20260516-22:43:06-3569,config,,,warmup-period,2h,
General-2-20260516-22:43:06-3569,config,,,simtime-resolution,-11,
General-2-20260516-22:43:06-3569,config,,,repeat,20,
General-2-20260516-22:43:06-3569,config,,,**.loRaNodes[{0..1}].app[0].timeToFirstPacket,"uniform(0h, 1h)",
General-2-20260516-22:43:06-3569,config,,,**.loRaNodes[{0..1}].app[0].timeToNextPacket,1h,
General-2-20260516-22:43:06-3569,config,,,**.loRaNodes[{2..3}].app[0].timeToFirstPacket,exponential(24h),
General-2-20260516-22:43:06-3569,config,,,**.loRaNodes[{2..3}].app[0].timeToNextPacket,exponential(24h),
General-2-20260516-22:43:06-3569,config,,,**.loRaNodes[{4..5}].app[0].timeToFirstPacket,exponential(4h),
General-2-20260516-22:43:06-3569,config,,,**.loRaNodes[{4..5}].app[0].timeToNextPacket,exponential(4h),
General-2-20260516-22:43:06-3569,config,,,**.alohaChannelModel,false,
General-2-20260516-22:43:06-3569,config,,,**.loRaNodes[*].**.initFromDisplayString,false,
General-2-20260516-22:43:06-3569,config,,,**.loRaNodes[*].**.evaluateADRinNode,true,
General-2-20260516-22:43:06-3569,config,,,**.loRaNodes[*].**initialLoRaBW,125 kHz,
General-2-20260516-22:43:06-3569,config,,,**.loRaNodes[*].**initialLoRaCR,4,
General-2-20260516-22:43:06-3569,config,,,**.loRaNodes[*].numApps,1,
General-2-20260516-22:43:06-3569,config,,,**.loRaNodes[*].app[0].typename,SimpleLoRaApp,
General-2-20260516-22:43:06-3569,config,,,**.LoRaGWNic.radio.iAmGateway,true,
General-2-20260516-22:43:06-3569,config,,,**.loRaGW[*].**.initFromDisplayString,false,
General-2-20260516-22:43:06-3569,config,,,**.loRaNodes[*].LoRaNic.radio.energyConsumer.typename,LoRaEnergyConsumer,
General-2-20260516-22:43:06-3569,config,,,**.loRaNodes[*].**.energySourceModule,"""^.IdealEpEnergyStorage""",
General-2-20260516-22:43:06-3569,config,,,**.loRaNodes[*].LoRaNic.radio.energyConsumer.configFile,"xmldoc(""../energyConsumptionParameters.xml"")",
General-2-20260516-22:43:06-3569,config,,,**.sigma,3.57,
General-2-20260516-22:43:06-3569,config,,,**.constraintAreaMinX,0m,
General-2-20260516-22:43:06-3569,config,,,**.constraintAreaMinY,0m,
General-2-20260516-22:43:06-3569,config,,,**.constraintAreaMinZ,0m,
General-2-20260516-22:43:06-3569,config,,,**.constraintAreaMaxZ,0m,
General-2-20260516-22:43:06-3569,config,,,LoRaNetworkTest.**.radio.separateTransmissionParts,false,
General-2-20260516-22:43:06-3569,config,,,LoRaNetworkTest.**.radio.separateReceptionParts,false,
General-2-20260516-22:43:06-3569,config,,,**.ipv4Delayer.config,"xmldoc(""../cloudDelays.xml"")",
General-2-20260516-22:43:06-3569,config,,,**.radio.radioMediumModule,"""LoRaMedium""",
General-2-20260516-22:43:06-3569,config,,,**.LoRaMedium.pathLossType,"""LoRaLogNormalShadowing""",
General-2-20260516-22:43:06-3569,config,,,**.minInterferenceTime,0s,
General-2-20260516-22:43:06-3569,config,,,**.displayAddresses,false,
General-2-20260516-22:43:06-3569,config,,,**.numberOfNodes,6,
General-2-20260516-22:43:06-3569,config,,,**.numberOfGateways,1,
General-2-20260516-22:43:06-3569,config,,,**.constraintAreaMaxX,2376.0m,
General-2-20260516-22:43:06-3569,config,,,**.constraintAreaMaxY,1090.0m,
General-2-20260516-22:43:06-3569,config,,,**.loRaGW[0].**.initialX,544.00m,
General-2-20260516-22:43:06-3569,config,,,**.loRaGW[0].**.initialY,544.00m,
General-2-20260516-22:43:06-3569,config,,,output-scalar-file,../results/n100-gw1-s2.ini.sca,
General-2-20260516-22:43:06-3569,config,,,**.loRaNodes[0..1].app[0].sendInterval,1h,
General-2-20260516-22:43:06-3569,config,,,**.loRaNodes[0].**.initialX,510.63m,
General-2-20260516-22:43:06-3569,config,,,**.loRaNodes[0].**.initialY,500.08m,
General-2-20260516-22:43:06-3569,config,,,**.loRaNodes[1].**.initialX,470.29m,
General-2-20260516-22:43:06-3569,config,,,**.loRaNodes[1].**.initialY,520.24m,
General-2-20260516-22:43:06-3569,config,,,**.loRaNodes[2].**.initialX,500.60m,
General-2-20260516-22:43:06-3569,config,,,**.loRaNodes[2].**.initialY,590.25m,
General-2-20260516-22:43:06-3569,config,,,**.loRaNodes[3].**.initialX,535.86m,
General-2-20260516-22:43:06-3569,config,,,**.loRaNodes[3].**.initialY,590.63m,
General-2-20260516-22:43:06-3569,config,,,**.loRaNodes[2..3].app[0].sendInterval,exponential(8760h),
General-2-20260516-22:43:06-3569,config,,,**.loRaNodes[4..5].app[0].sendInterval,exponential(4h),
General-2-20260516-22:43:06-3569,config,,,**.loRaNodes[4].**.initialX,650.85m,
General-2-20260516-22:43:06-3569,config,,,**.loRaNodes[4].**.initialY,510.11m,
General-2-20260516-22:43:06-3569,config,,,**.loRaNodes[5].**.initialX,680.27m,
General-2-20260516-22:43:06-3569,config,,,**.loRaNodes[5].**.initialY,520.84m,
General-2-20260516-22:43:06-3569,config,,,**.loRaNodes[0].**initialLoRaSF,8,
General-2-20260516-22:43:06-3569,config,,,**.loRaNodes[0].**initialLoRaTP,8dBm,
General-2-20260516-22:43:06-3569,config,,,**.loRaNodes[1].**initialLoRaSF,9,
General-2-20260516-22:43:06-3569,config,,,**.loRaNodes[1].**initialLoRaTP,8dBm,
General-2-20260516-22:43:06-3569,config,,,**.loRaNodes[2].**initialLoRaSF,7,
General-2-20260516-22:43:06-3569,config,,,**.loRaNodes[2].**initialLoRaTP,8dBm,
General-2-20260516-22:43:06-3569,config,,,**.loRaNodes[3].**initialLoRaSF,7,
General-2-20260516-22:43:06-3569,config,,,**.loRaNodes[3].**initialLoRaTP,2dBm,
General-2-20260516-22:43:06-3569,config,,,**.loRaNodes[4].**initialLoRaSF,8,
General-2-20260516-22:43:06-3569,config,,,**.loRaNodes[4].**initialLoRaTP,8dBm,
General-2-20260516-22:43:06-3569,config,,,**.loRaNodes[5].**initialLoRaSF,7,
General-2-20260516-22:43:06-3569,config,,,**.loRaNodes[5].**initialLoRaTP,2dBm,
General-2-20260516-22:43:06-3569,config,,,**.vector-recording,false,
General-2-20260516-22:43:06-3569,config,,,**.loRaGW[*].packetForwarder.highQueueLength.vector-recording,true,
General-2-20260516-22:43:06-3569,config,,,**.loRaGW[*].packetForwarder.lowQueueLength.vector-recording,true,
General-2-20260516-22:43:06-3569,config,,,**.networkServer.app[0].delaySignal.vector-recording,true,
General-2-20260516-22:43:06-3569,config,,,**.loRaNodes[*].app[0].packetsSent:scalar,true,
General-2-20260516-22:43:06-3569,config,,,**.networkServer.app[0].totalReceivedPackets:scalar,true,
General-2-20260516-22:43:06-3569,config,,,**.loRaGW[*].**.packetDropRate:scalar,true,
General-14-20260516-23:30:15-3665,runattr,,,configname,General,
General-14-20260516-23:30:15-3665,runattr,,,datetime,20260516-23:30:15,
General-14-20260516-23:30:15-3665,runattr,,,datetimef,20260516-233015,
General-14-20260516-23:30:15-3665,runattr,,,experiment,General,
General-14-20260516-23:30:15-3665,runattr,,,inifile,n100-gw1.ini,
General-14-20260516-23:30:15-3665,runattr,,,iterationvars,"$0=""avg""",
General-14-20260516-23:30:15-3665,runattr,,,iterationvarsd,avg,
General-14-20260516-23:30:15-3665,runattr,,,iterationvarsf,avg-,
General-14-20260516-23:30:15-3665,runattr,,,measurement,"$0=""avg""",
General-14-20260516-23:30:15-3665,runattr,,,network,flora.simulations.LoRaNetworkTest,
General-14-20260516-23:30:15-3665,runattr,,,processid,3665,
General-14-20260516-23:30:15-3665,runattr,,,repetition,14,
General-14-20260516-23:30:15-3665,runattr,,,replication,#14,
General-14-20260516-23:30:15-3665,runattr,,,resultdir,results,
General-14-20260516-23:30:15-3665,runattr,,,runnumber,14,
General-14-20260516-23:30:15-3665,runattr,,,seedset,14,
General-14-20260516-23:30:15-3665,config,,,image-path,../../../inet4.4/images,
General-14-20260516-23:30:15-3665,config,,,network,flora.simulations.LoRaNetworkTest,
General-14-20260516-23:30:15-3665,config,,,output-vector-file,../results/n100-gw1-s14.ini.vec,
General-14-20260516-23:30:15-3665,config,,,**.maxTransmissionDuration,4s,
General-14-20260516-23:30:15-3665,config,,,**.energyDetection,-110dBm,
General-14-20260516-23:30:15-3665,config,,,**.vector-recording,true,
General-14-20260516-23:30:15-3665,config,,,rng-class,cMersenneTwister,
General-14-20260516-23:30:15-3665,config,,,**.loRaGW[*].numUdpApps,1,
General-14-20260516-23:30:15-3665,config,,,**.loRaGW[0].packetForwarder.localPort,2000,
General-14-20260516-23:30:15-3665,config,,,**.loRaGW[0].packetForwarder.destPort,1000,
General-14-20260516-23:30:15-3665,config,,,**.loRaGW[0].packetForwarder.destAddresses,"""networkServer""",
General-14-20260516-23:30:15-3665,config,,,**.loRaGW[0].packetForwarder.indexNumber,0,
General-14-20260516-23:30:15-3665,config,,,**.networkServer.numApps,1,
General-14-20260516-23:30:15-3665,config,,,**.networkServer.**.evaluateADRinServer,true,
General-14-20260516-23:30:15-3665,config,,,**.networkServer.app[0].typename,NetworkServerApp,
General-14-20260516-23:30:15-3665,config,,,**.networkServer.app[0].destAddresses,"""loRaGW[0]""",
General-14-20260516-23:30:15-3665,config,,,**.networkServer.app[0].destPort,2000,
General-14-20260516-23:30:15-3665,config,,,**.networkServer.app[0].localPort,1000,
General-14-20260516-23:30:15-3665,config,,,**.networkServer.app[0].adrMethod,"""avg""",
General-14-20260516-23:30:15-3665,config,,,**.numberOfPacketsToSend,0,
General-14-20260516-23:30:15-3665,config,,,sim-time-limit,3d,
General-14-20260516-23:30:15-3665,config,,,warmup-period,2h,
General-14-20260516-23:30:15-3665,config,,,simtime-resolution,-11,
General-14-20260516-23:30:15-3665,config,,,repeat,20,
General-14-20260516-23:30:15-3665,config,,,**.loRaNodes[{0..1}].app[0].timeToFirstPacket,"uniform(0h, 1h)",
General-14-20260516-23:30:15-3665,config,,,**.loRaNodes[{0..1}].app[0].timeToNextPacket,1h,
General-14-20260516-23:30:15-3665,config,,,**.loRaNodes[{2..3}].app[0].timeToFirstPacket,exponential(24h),
General-14-20260516-23:30:15-3665,config,,,**.loRaNodes[{2..3}].app[0].timeToNextPacket,exponential(24h),
General-14-20260516-23:30:15-3665,config,,,**.loRaNodes[{4..5}].app[0].timeToFirstPacket,exponential(4h),
General-14-20260516-23:30:15-3665,config,,,**.loRaNodes[{4..5}].app[0].timeToNextPacket,exponential(4h),
General-14-20260516-23:30:15-3665,config,,,**.alohaChannelModel,false,
General-14-20260516-23:30:15-3665,config,,,**.loRaNodes[*].**.initFromDisplayString,false,
General-14-20260516-23:30:15-3665,config,,,**.loRaNodes[*].**.evaluateADRinNode,true,
General-14-20260516-23:30:15-3665,config,,,**.loRaNodes[*].**initialLoRaBW,125 kHz,
General-14-20260516-23:30:15-3665,config,,,**.loRaNodes[*].**initialLoRaCR,4,
General-14-20260516-23:30:15-3665,config,,,**.loRaNodes[*].numApps,1,
General-14-20260516-23:30:15-3665,config,,,**.loRaNodes[*].app[0].typename,SimpleLoRaApp,
General-14-20260516-23:30:15-3665,config,,,**.LoRaGWNic.radio.iAmGateway,true,
General-14-20260516-23:30:15-3665,config,,,**.loRaGW[*].**.initFromDisplayString,false,
General-14-20260516-23:30:15-3665,config,,,**.loRaNodes[*].LoRaNic.radio.energyConsumer.typename,LoRaEnergyConsumer,
General-14-20260516-23:30:15-3665,config,,,**.loRaNodes[*].**.energySourceModule,"""^.IdealEpEnergyStorage""",
General-14-20260516-23:30:15-3665,config,,,**.loRaNodes[*].LoRaNic.radio.energyConsumer.configFile,"xmldoc(""../energyConsumptionParameters.xml"")",
General-14-20260516-23:30:15-3665,config,,,**.sigma,3.57,
General-14-20260516-23:30:15-3665,config,,,**.constraintAreaMinX,0m,
General-14-20260516-23:30:15-3665,config,,,**.constraintAreaMinY,0m,
General-14-20260516-23:30:15-3665,config,,,**.constraintAreaMinZ,0m,
General-14-20260516-23:30:15-3665,config,,,**.constraintAreaMaxZ,0m,
General-14-20260516-23:30:15-3665,config,,,LoRaNetworkTest.**.radio.separateTransmissionParts,false,
General-14-20260516-23:30:15-3665,config,,,LoRaNetworkTest.**.radio.separateReceptionParts,false,
General-14-20260516-23:30:15-3665,config,,,**.ipv4Delayer.config,"xmldoc(""../cloudDelays.xml"")",
General-14-20260516-23:30:15-3665,config,,,**.radio.radioMediumModule,"""LoRaMedium""",
General-14-20260516-23:30:15-3665,config,,,**.LoRaMedium.pathLossType,"""LoRaLogNormalShadowing""",
General-14-20260516-23:30:15-3665,config,,,**.minInterferenceTime,0s,
General-14-20260516-23:30:15-3665,config,,,**.displayAddresses,false,
General-14-20260516-23:30:15-3665,config,,,**.numberOfNodes,6,
General-14-20260516-23:30:15-3665,config,,,**.numberOfGateways,1,
General-14-20260516-23:30:15-3665,config,,,**.constraintAreaMaxX,2376.0m,
General-14-20260516-23:30:15-3665,config,,,**.constraintAreaMaxY,1090.0m,
General-14-20260516-23:30:15-3665,config,,,**.loRaGW[0].**.initialX,544.00m,
General-14-20260516-23:30:15-3665,config,,,**.loRaGW[0].**.initialY,544.00m,
General-14-20260516-23:30:15-3665,config,,,output-scalar-file,../results/n100-gw1-s14.ini.sca,
General-14-20260516-23:30:15-3665,config,,,**.loRaNodes[0..1].app[0].sendInterval,1h,
General-14-20260516-23:30:15-3665,config,,,**.loRaNodes[0].**.initialX,510.63m,
General-14-20260516-23:30:15-3665,config,,,**.loRaNodes[0].**.initialY,500.08m,
General-14-20260516-23:30:15-3665,config,,,**.loRaNodes[1].**.initialX,470.29m,
General-14-20260516-23:30:15-3665,config,,,**.loRaNodes[1].**.initialY,520.24m,
General-14-20260516-23:30:15-3665,config,,,**.loRaNodes[2].**.initialX,500.60m,
General-14-20260516-23:30:15-3665,config,,,**.loRaNodes[2].**.initialY,590.25m,
General-14-20260516-23:30:15-3665,config,,,**.loRaNodes[3].**.initialX,535.86m,
General-14-20260516-23:30:15-3665,config,,,**.loRaNodes[3].**.initialY,590.63m,
General-14-20260516-23:30:15-3665,config,,,**.loRaNodes[2..3].app[0].sendInterval,exponential(8760h),
General-14-20260516-23:30:15-3665,config,,,**.loRaNodes[4..5].app[0].sendInterval,exponential(4h),
General-14-20260516-23:30:15-3665,config,,,**.loRaNodes[4].**.initialX,650.85m,
General-14-20260516-23:30:15-3665,config,,,**.loRaNodes[4].**.initialY,510.11m,
General-14-20260516-23:30:15-3665,config,,,**.loRaNodes[5].**.initialX,680.27m,
General-14-20260516-23:30:15-3665,config,,,**.loRaNodes[5].**.initialY,520.84m,
General-14-20260516-23:30:15-3665,config,,,**.loRaNodes[0].**initialLoRaSF,8,
General-14-20260516-23:30:15-3665,config,,,**.loRaNodes[0].**initialLoRaTP,8dBm,
General-14-20260516-23:30:15-3665,config,,,**.loRaNodes[1].**initialLoRaSF,9,
General-14-20260516-23:30:15-3665,config,,,**.loRaNodes[1].**initialLoRaTP,8dBm,
General-14-20260516-23:30:15-3665,config,,,**.loRaNodes[2].**initialLoRaSF,7,
General-14-20260516-23:30:15-3665,config,,,**.loRaNodes[2].**initialLoRaTP,8dBm,
General-14-20260516-23:30:15-3665,config,,,**.loRaNodes[3].**initialLoRaSF,7,
General-14-20260516-23:30:15-3665,config,,,**.loRaNodes[3].**initialLoRaTP,2dBm,
General-14-20260516-23:30:15-3665,config,,,**.loRaNodes[4].**initialLoRaSF,8,
General-14-20260516-23:30:15-3665,config,,,**.loRaNodes[4].**initialLoRaTP,8dBm,
General-14-20260516-23:30:15-3665,config,,,**.loRaNodes[5].**initialLoRaSF,7,
General-14-20260516-23:30:15-3665,config,,,**.loRaNodes[5].**initialLoRaTP,2dBm,
General-14-20260516-23:30:15-3665,config,,,**.vector-recording,false,
General-14-20260516-23:30:15-3665,config,,,**.loRaGW[*].packetForwarder.highQueueLength.vector-recording,true,
General-14-20260516-23:30:15-3665,config,,,**.loRaGW[*].packetForwarder.lowQueueLength.vector-recording,true,
General-14-20260516-23:30:15-3665,config,,,**.networkServer.app[0].delaySignal.vector-recording,true,
General-14-20260516-23:30:15-3665,config,,,**.loRaNodes[*].app[0].packetsSent:scalar,true,
General-14-20260516-23:30:15-3665,config,,,**.networkServer.app[0].totalReceivedPackets:scalar,true,
General-14-20260516-23:30:15-3665,config,,,**.loRaGW[*].**.packetDropRate:scalar,true,
General-0-20260516-22:34:32-3550,scalar,LoRaNetworkTest.networkServer.app[0],totalReceivedPackets,,,124
General-10-20260516-23:14:20-3622,scalar,LoRaNetworkTest.networkServer.app[0],totalReceivedPackets,,,124
General-11-20260516-23:18:24-3631,scalar,LoRaNetworkTest.networkServer.app[0],totalReceivedPackets,,,132
General-12-20260516-23:22:30-3649,scalar,LoRaNetworkTest.networkServer.app[0],totalReceivedPackets,,,131
General-13-20260516-23:26:30-3656,scalar,LoRaNetworkTest.networkServer.app[0],totalReceivedPackets,,,131
General-14-20260516-23:30:15-3665,scalar,LoRaNetworkTest.networkServer.app[0],totalReceivedPackets,,,127
General-15-20260516-23:33:57-3673,scalar,LoRaNetworkTest.networkServer.app[0],totalReceivedPackets,,,130
General-16-20260516-23:37:52-3679,scalar,LoRaNetworkTest.networkServer.app[0],totalReceivedPackets,,,140
General-17-20260516-23:41:35-3686,scalar,LoRaNetworkTest.networkServer.app[0],totalReceivedPackets,,,129
General-18-20260516-23:45:29-3691,scalar,LoRaNetworkTest.networkServer.app[0],totalReceivedPackets,,,126
General-19-20260516-23:49:23-3698,scalar,LoRaNetworkTest.networkServer.app[0],totalReceivedPackets,,,120
General-1-20260516-22:39:03-3562,scalar,LoRaNetworkTest.networkServer.app[0],totalReceivedPackets,,,134
General-2-20260516-22:43:06-3569,scalar,LoRaNetworkTest.networkServer.app[0],totalReceivedPackets,,,112
General-3-20260516-22:46:51-3574,scalar,LoRaNetworkTest.networkServer.app[0],totalReceivedPackets,,,125
General-4-20260516-22:50:49-3580,scalar,LoRaNetworkTest.networkServer.app[0],totalReceivedPackets,,,130
General-5-20260516-22:54:41-3586,scalar,LoRaNetworkTest.networkServer.app[0],totalReceivedPackets,,,135
General-6-20260516-22:58:45-3592,scalar,LoRaNetworkTest.networkServer.app[0],totalReceivedPackets,,,120
General-7-20260516-23:02:29-3599,scalar,LoRaNetworkTest.networkServer.app[0],totalReceivedPackets,,,134
General-8-20260516-23:06:30-3608,scalar,LoRaNetworkTest.networkServer.app[0],totalReceivedPackets,,,126
General-9-20260516-23:10:21-3615,scalar,LoRaNetworkTest.networkServer.app[0],totalReceivedPackets,,,131
