run,type,module,name,attrname,attrvalue,vectime,vecvalue
General-13-20260516-23:26:30-3656,runattr,,,configname,General,,
General-13-20260516-23:26:30-3656,runattr,,,datetime,20260516-23:26:30,,
General-13-20260516-23:26:30-3656,runattr,,,datetimef,20260516-232630,,
General-13-20260516-23:26:30-3656,runattr,,,experiment,General,,
General-13-20260516-23:26:30-3656,runattr,,,inifile,n100-gw1.ini,,
General-13-20260516-23:26:30-3656,runattr,,,iterationvars,"$0=""avg""",,
General-13-20260516-23:26:30-3656,runattr,,,iterationvarsd,avg,,
General-13-20260516-23:26:30-3656,runattr,,,iterationvarsf,avg-,,
General-13-20260516-23:26:30-3656,runattr,,,measurement,"$0=""avg""",,
General-13-20260516-23:26:30-3656,runattr,,,network,flora.simulations.LoRaNetworkTest,,
General-13-20260516-23:26:30-3656,runattr,,,processid,3656,,
General-13-20260516-23:26:30-3656,runattr,,,repetition,13,,
General-13-20260516-23:26:30-3656,runattr,,,replication,#13,,
General-13-20260516-23:26:30-3656,runattr,,,resultdir,results,,
General-13-20260516-23:26:30-3656,runattr,,,runnumber,13,,
General-13-20260516-23:26:30-3656,runattr,,,seedset,13,,
General-13-20260516-23:26:30-3656,config,,,image-path,../../../inet4.4/images,,
General-13-20260516-23:26:30-3656,config,,,network,flora.simulations.LoRaNetworkTest,,
General-13-20260516-23:26:30-3656,config,,,output-vector-file,../results/n100-gw1-s13.ini.vec,,
General-13-20260516-23:26:30-3656,config,,,**.maxTransmissionDuration,4s,,
General-13-20260516-23:26:30-3656,config,,,**.energyDetection,-110dBm,,
General-13-20260516-23:26:30-3656,config,,,**.vector-recording,true,,
General-13-20260516-23:26:30-3656,config,,,rng-class,cMersenneTwister,,
General-13-20260516-23:26:30-3656,config,,,**.loRaGW[*].numUdpApps,1,,
General-13-20260516-23:26:30-3656,config,,,**.loRaGW[0].packetForwarder.localPort,2000,,
General-13-20260516-23:26:30-3656,config,,,**.loRaGW[0].packetForwarder.destPort,1000,,
General-13-20260516-23:26:30-3656,config,,,**.loRaGW[0].packetForwarder.destAddresses,"""networkServer""",,
General-13-20260516-23:26:30-3656,config,,,**.loRaGW[0].packetForwarder.indexNumber,0,,
General-13-20260516-23:26:30-3656,config,,,**.networkServer.numApps,1,,
General-13-20260516-23:26:30-3656,config,,,**.networkServer.**.evaluateADRinServer,true,,
General-13-20260516-23:26:30-3656,config,,,**.networkServer.app[0].typename,NetworkServerApp,,
General-13-20260516-23:26:30-3656,config,,,**.networkServer.app[0].destAddresses,"""loRaGW[0]""",,
General-13-20260516-23:26:30-3656,config,,,**.networkServer.app[0].destPort,2000,,
General-13-20260516-23:26:30-3656,config,,,**.networkServer.app[0].localPort,1000,,
General-13-20260516-23:26:30-3656,config,,,**.networkServer.app[0].adrMethod,"""avg""",,
General-13-20260516-23:26:30-3656,config,,,**.numberOfPacketsToSend,0,,
General-13-20260516-23:26:30-3656,config,,,sim-time-limit,3d,,
General-13-20260516-23:26:30-3656,config,,,warmup-period,2h,,
General-13-20260516-23:26:30-3656,config,,,simtime-resolution,-11,,
General-13-20260516-23:26:30-3656,config,,,repeat,20,,
General-13-20260516-23:26:30-3656,config,,,**.loRaNodes[{0..1}].app[0].timeToFirstPacket,"uniform(0h, 1h)",,
General-13-20260516-23:26:30-3656,config,,,**.loRaNodes[{0..1}].app[0].timeToNextPacket,1h,,
General-13-20260516-23:26:30-3656,config,,,**.loRaNodes[{2..3}].app[0].timeToFirstPacket,exponential(24h),,
General-13-20260516-23:26:30-3656,config,,,**.loRaNodes[{2..3}].app[0].timeToNextPacket,exponential(24h),,
General-13-20260516-23:26:30-3656,config,,,**.loRaNodes[{4..5}].app[0].timeToFirstPacket,exponential(4h),,
General-13-20260516-23:26:30-3656,config,,,**.loRaNodes[{4..5}].app[0].timeToNextPacket,exponential(4h),,
General-13-20260516-23:26:30-3656,config,,,**.alohaChannelModel,false,,
General-13-20260516-23:26:30-3656,config,,,**.loRaNodes[*].**.initFromDisplayString,false,,
General-13-20260516-23:26:30-3656,config,,,**.loRaNodes[*].**.evaluateADRinNode,true,,
General-13-20260516-23:26:30-3656,config,,,**.loRaNodes[*].**initialLoRaBW,125 kHz,,
General-13-20260516-23:26:30-3656,config,,,**.loRaNodes[*].**initialLoRaCR,4,,
General-13-20260516-23:26:30-3656,config,,,**.loRaNodes[*].numApps,1,,
General-13-20260516-23:26:30-3656,config,,,**.loRaNodes[*].app[0].typename,SimpleLoRaApp,,
General-13-20260516-23:26:30-3656,config,,,**.LoRaGWNic.radio.iAmGateway,true,,
General-13-20260516-23:26:30-3656,config,,,**.loRaGW[*].**.initFromDisplayString,false,,
General-13-20260516-23:26:30-3656,config,,,**.loRaNodes[*].LoRaNic.radio.energyConsumer.typename,LoRaEnergyConsumer,,
General-13-20260516-23:26:30-3656,config,,,**.loRaNodes[*].**.energySourceModule,"""^.IdealEpEnergyStorage""",,
General-13-20260516-23:26:30-3656,config,,,**.loRaNodes[*].LoRaNic.radio.energyConsumer.configFile,"xmldoc(""../energyConsumptionParameters.xml"")",,
General-13-20260516-23:26:30-3656,config,,,**.sigma,3.57,,
General-13-20260516-23:26:30-3656,config,,,**.constraintAreaMinX,0m,,
General-13-20260516-23:26:30-3656,config,,,**.constraintAreaMinY,0m,,
General-13-20260516-23:26:30-3656,config,,,**.constraintAreaMinZ,0m,,
General-13-20260516-23:26:30-3656,config,,,**.constraintAreaMaxZ,0m,,
General-13-20260516-23:26:30-3656,config,,,LoRaNetworkTest.**.radio.separateTransmissionParts,false,,
General-13-20260516-23:26:30-3656,config,,,LoRaNetworkTest.**.radio.separateReceptionParts,false,,
General-13-20260516-23:26:30-3656,config,,,**.ipv4Delayer.config,"xmldoc(""../cloudDelays.xml"")",,
General-13-20260516-23:26:30-3656,config,,,**.radio.radioMediumModule,"""LoRaMedium""",,
General-13-20260516-23:26:30-3656,config,,,**.LoRaMedium.pathLossType,"""LoRaLogNormalShadowing""",,
General-13-20260516-23:26:30-3656,config,,,**.minInterferenceTime,0s,,
General-13-20260516-23:26:30-3656,config,,,**.displayAddresses,false,,
General-13-20260516-23:26:30-3656,config,,,**.numberOfNodes,6,,
General-13-20260516-23:26:30-3656,config,,,**.numberOfGateways,1,,
General-13-20260516-23:26:30-3656,config,,,**.constraintAreaMaxX,2376.0m,,
General-13-20260516-23:26:30-3656,config,,,**.constraintAreaMaxY,1090.0m,,
General-13-20260516-23:26:30-3656,config,,,**.loRaGW[0].**.initialX,544.00m,,
General-13-20260516-23:26:30-3656,config,,,**.loRaGW[0].**.initialY,544.00m,,
General-13-20260516-23:26:30-3656,config,,,output-scalar-file,../results/n100-gw1-s13.ini.sca,,
General-13-20260516-23:26:30-3656,config,,,**.loRaNodes[0..1].app[0].sendInterval,1h,,
General-13-20260516-23:26:30-3656,config,,,**.loRaNodes[0].**.initialX,510.63m,,
General-13-20260516-23:26:30-3656,config,,,**.loRaNodes[0].**.initialY,500.08m,,
General-13-20260516-23:26:30-3656,config,,,**.loRaNodes[1].**.initialX,470.29m,,
General-13-20260516-23:26:30-3656,config,,,**.loRaNodes[1].**.initialY,520.24m,,
General-13-20260516-23:26:30-3656,config,,,**.loRaNodes[2].**.initialX,500.60m,,
General-13-20260516-23:26:30-3656,config,,,**.loRaNodes[2].**.initialY,590.25m,,
General-13-20260516-23:26:30-3656,config,,,**.loRaNodes[3].**.initialX,535.86m,,
General-13-20260516-23:26:30-3656,config,,,**.loRaNodes[3].**.initialY,590.63m,,
General-13-20260516-23:26:30-3656,config,,,**.loRaNodes[2..3].app[0].sendInterval,exponential(8760h),,
General-13-20260516-23:26:30-3656,config,,,**.loRaNodes[4..5].app[0].sendInterval,exponential(4h),,
General-13-20260516-23:26:30-3656,config,,,**.loRaNodes[4].**.initialX,650.85m,,
General-13-20260516-23:26:30-3656,config,,,**.loRaNodes[4].**.initialY,510.11m,,
General-13-20260516-23:26:30-3656,config,,,**.loRaNodes[5].**.initialX,680.27m,,
General-13-20260516-23:26:30-3656,config,,,**.loRaNodes[5].**.initialY,520.84m,,
General-13-20260516-23:26:30-3656,config,,,**.loRaNodes[0].**initialLoRaSF,8,,
General-13-20260516-23:26:30-3656,config,,,**.loRaNodes[0].**initialLoRaTP,8dBm,,
General-13-20260516-23:26:30-3656,config,,,**.loRaNodes[1].**initialLoRaSF,9,,
General-13-20260516-23:26:30-3656,config,,,**.loRaNodes[1].**initialLoRaTP,8dBm,,
General-13-20260516-23:26:30-3656,config,,,**.loRaNodes[2].**initialLoRaSF,7,,
General-13-20260516-23:26:30-3656,config,,,**.loRaNodes[2].**initialLoRaTP,8dBm,,
General-13-20260516-23:26:30-3656,config,,,**.loRaNodes[3].**initialLoRaSF,7,,
General-13-20260516-23:26:30-3656,config,,,**.loRaNodes[3].**initialLoRaTP,2dBm,,
General-13-20260516-23:26:30-3656,config,,,**.loRaNodes[4].**initialLoRaSF,8,,
General-13-20260516-23:26:30-3656,config,,,**.loRaNodes[4].**initialLoRaTP,8dBm,,
General-13-20260516-23:26:30-3656,config,,,**.loRaNodes[5].**initialLoRaSF,7,,
General-13-20260516-23:26:30-3656,config,,,**.loRaNodes[5].**initialLoRaTP,2dBm,,
General-13-20260516-23:26:30-3656,config,,,**.vector-recording,false,,
General-13-20260516-23:26:30-3656,config,,,**.loRaGW[*].packetForwarder.highQueueLength.vector-recording,true,,
General-13-20260516-23:26:30-3656,config,,,**.loRaGW[*].packetForwarder.lowQueueLength.vector-recording,true,,
General-13-20260516-23:26:30-3656,config,,,**.networkServer.app[0].delaySignal.vector-recording,true,,
General-13-20260516-23:26:30-3656,config,,,**.loRaNodes[*].app[0].packetsSent:scalar,true,,
General-13-20260516-23:26:30-3656,config,,,**.networkServer.app[0].totalReceivedPackets:scalar,true,,
General-13-20260516-23:26:30-3656,config,,,**.loRaGW[*].**.packetDropRate:scalar,true,,
General-8-20260516-23:06:30-3608,runattr,,,configname,General,,
General-8-20260516-23:06:30-3608,runattr,,,datetime,20260516-23:06:30,,
General-8-20260516-23:06:30-3608,runattr,,,datetimef,20260516-230630,,
General-8-20260516-23:06:30-3608,runattr,,,experiment,General,,
General-8-20260516-23:06:30-3608,runattr,,,inifile,n100-gw1.ini,,
General-8-20260516-23:06:30-3608,runattr,,,iterationvars,"$0=""avg""",,
General-8-20260516-23:06:30-3608,runattr,,,iterationvarsd,avg,,
General-8-20260516-23:06:30-3608,runattr,,,iterationvarsf,avg-,,
General-8-20260516-23:06:30-3608,runattr,,,measurement,"$0=""avg""",,
General-8-20260516-23:06:30-3608,runattr,,,network,flora.simulations.LoRaNetworkTest,,
General-8-20260516-23:06:30-3608,runattr,,,processid,3608,,
General-8-20260516-23:06:30-3608,runattr,,,repetition,8,,
General-8-20260516-23:06:30-3608,runattr,,,replication,#8,,
General-8-20260516-23:06:30-3608,runattr,,,resultdir,results,,
General-8-20260516-23:06:30-3608,runattr,,,runnumber,8,,
General-8-20260516-23:06:30-3608,runattr,,,seedset,8,,
General-8-20260516-23:06:30-3608,config,,,image-path,../../../inet4.4/images,,
General-8-20260516-23:06:30-3608,config,,,network,flora.simulations.LoRaNetworkTest,,
General-8-20260516-23:06:30-3608,config,,,output-vector-file,../results/n100-gw1-s8.ini.vec,,
General-8-20260516-23:06:30-3608,config,,,**.maxTransmissionDuration,4s,,
General-8-20260516-23:06:30-3608,config,,,**.energyDetection,-110dBm,,
General-8-20260516-23:06:30-3608,config,,,**.vector-recording,true,,
General-8-20260516-23:06:30-3608,config,,,rng-class,cMersenneTwister,,
General-8-20260516-23:06:30-3608,config,,,**.loRaGW[*].numUdpApps,1,,
General-8-20260516-23:06:30-3608,config,,,**.loRaGW[0].packetForwarder.localPort,2000,,
General-8-20260516-23:06:30-3608,config,,,**.loRaGW[0].packetForwarder.destPort,1000,,
General-8-20260516-23:06:30-3608,config,,,**.loRaGW[0].packetForwarder.destAddresses,"""networkServer""",,
General-8-20260516-23:06:30-3608,config,,,**.loRaGW[0].packetForwarder.indexNumber,0,,
General-8-20260516-23:06:30-3608,config,,,**.networkServer.numApps,1,,
General-8-20260516-23:06:30-3608,config,,,**.networkServer.**.evaluateADRinServer,true,,
General-8-20260516-23:06:30-3608,config,,,**.networkServer.app[0].typename,NetworkServerApp,,
General-8-20260516-23:06:30-3608,config,,,**.networkServer.app[0].destAddresses,"""loRaGW[0]""",,
General-8-20260516-23:06:30-3608,config,,,**.networkServer.app[0].destPort,2000,,
General-8-20260516-23:06:30-3608,config,,,**.networkServer.app[0].localPort,1000,,
General-8-20260516-23:06:30-3608,config,,,**.networkServer.app[0].adrMethod,"""avg""",,
General-8-20260516-23:06:30-3608,config,,,**.numberOfPacketsToSend,0,,
General-8-20260516-23:06:30-3608,config,,,sim-time-limit,3d,,
General-8-20260516-23:06:30-3608,config,,,warmup-period,2h,,
General-8-20260516-23:06:30-3608,config,,,simtime-resolution,-11,,
General-8-20260516-23:06:30-3608,config,,,repeat,20,,
General-8-20260516-23:06:30-3608,config,,,**.loRaNodes[{0..1}].app[0].timeToFirstPacket,"uniform(0h, 1h)",,
General-8-20260516-23:06:30-3608,config,,,**.loRaNodes[{0..1}].app[0].timeToNextPacket,1h,,
General-8-20260516-23:06:30-3608,config,,,**.loRaNodes[{2..3}].app[0].timeToFirstPacket,exponential(24h),,
General-8-20260516-23:06:30-3608,config,,,**.loRaNodes[{2..3}].app[0].timeToNextPacket,exponential(24h),,
General-8-20260516-23:06:30-3608,config,,,**.loRaNodes[{4..5}].app[0].timeToFirstPacket,exponential(4h),,
General-8-20260516-23:06:30-3608,config,,,**.loRaNodes[{4..5}].app[0].timeToNextPacket,exponential(4h),,
General-8-20260516-23:06:30-3608,config,,,**.alohaChannelModel,false,,
General-8-20260516-23:06:30-3608,config,,,**.loRaNodes[*].**.initFromDisplayString,false,,
General-8-20260516-23:06:30-3608,config,,,**.loRaNodes[*].**.evaluateADRinNode,true,,
General-8-20260516-23:06:30-3608,config,,,**.loRaNodes[*].**initialLoRaBW,125 kHz,,
General-8-20260516-23:06:30-3608,config,,,**.loRaNodes[*].**initialLoRaCR,4,,
General-8-20260516-23:06:30-3608,config,,,**.loRaNodes[*].numApps,1,,
General-8-20260516-23:06:30-3608,config,,,**.loRaNodes[*].app[0].typename,SimpleLoRaApp,,
General-8-20260516-23:06:30-3608,config,,,**.LoRaGWNic.radio.iAmGateway,true,,
General-8-20260516-23:06:30-3608,config,,,**.loRaGW[*].**.initFromDisplayString,false,,
General-8-20260516-23:06:30-3608,config,,,**.loRaNodes[*].LoRaNic.radio.energyConsumer.typename,LoRaEnergyConsumer,,
General-8-20260516-23:06:30-3608,config,,,**.loRaNodes[*].**.energySourceModule,"""^.IdealEpEnergyStorage""",,
General-8-20260516-23:06:30-3608,config,,,**.loRaNodes[*].LoRaNic.radio.energyConsumer.configFile,"xmldoc(""../energyConsumptionParameters.xml"")",,
General-8-20260516-23:06:30-3608,config,,,**.sigma,3.57,,
General-8-20260516-23:06:30-3608,config,,,**.constraintAreaMinX,0m,,
General-8-20260516-23:06:30-3608,config,,,**.constraintAreaMinY,0m,,
General-8-20260516-23:06:30-3608,config,,,**.constraintAreaMinZ,0m,,
General-8-20260516-23:06:30-3608,config,,,**.constraintAreaMaxZ,0m,,
General-8-20260516-23:06:30-3608,config,,,LoRaNetworkTest.**.radio.separateTransmissionParts,false,,
General-8-20260516-23:06:30-3608,config,,,LoRaNetworkTest.**.radio.separateReceptionParts,false,,
General-8-20260516-23:06:30-3608,config,,,**.ipv4Delayer.config,"xmldoc(""../cloudDelays.xml"")",,
General-8-20260516-23:06:30-3608,config,,,**.radio.radioMediumModule,"""LoRaMedium""",,
General-8-20260516-23:06:30-3608,config,,,**.LoRaMedium.pathLossType,"""LoRaLogNormalShadowing""",,
General-8-20260516-23:06:30-3608,config,,,**.minInterferenceTime,0s,,
General-8-20260516-23:06:30-3608,config,,,**.displayAddresses,false,,
General-8-20260516-23:06:30-3608,config,,,**.numberOfNodes,6,,
General-8-20260516-23:06:30-3608,config,,,**.numberOfGateways,1,,
General-8-20260516-23:06:30-3608,config,,,**.constraintAreaMaxX,2376.0m,,
General-8-20260516-23:06:30-3608,config,,,**.constraintAreaMaxY,1090.0m,,
General-8-20260516-23:06:30-3608,config,,,**.loRaGW[0].**.initialX,544.00m,,
General-8-20260516-23:06:30-3608,config,,,**.loRaGW[0].**.initialY,544.00m,,
General-8-20260516-23:06:30-3608,config,,,output-scalar-file,../results/n100-gw1-s8.ini.sca,,
General-8-20260516-23:06:30-3608,config,,,**.loRaNodes[0..1].app[0].sendInterval,1h,,
General-8-20260516-23:06:30-3608,config,,,**.loRaNodes[0].**.initialX,510.63m,,
General-8-20260516-23:06:30-3608,config,,,**.loRaNodes[0].**.initialY,500.08m,,
General-8-20260516-23:06:30-3608,config,,,**.loRaNodes[1].**.initialX,470.29m,,
General-8-20260516-23:06:30-3608,config,,,**.loRaNodes[1].**.initialY,520.24m,,
General-8-20260516-23:06:30-3608,config,,,**.loRaNodes[2].**.initialX,500.60m,,
General-8-20260516-23:06:30-3608,config,,,**.loRaNodes[2].**.initialY,590.25m,,
General-8-20260516-23:06:30-3608,config,,,**.loRaNodes[3].**.initialX,535.86m,,
General-8-20260516-23:06:30-3608,config,,,**.loRaNodes[3].**.initialY,590.63m,,
General-8-20260516-23:06:30-3608,config,,,**.loRaNodes[2..3].app[0].sendInterval,exponential(8760h),,
General-8-20260516-23:06:30-3608,config,,,**.loRaNodes[4..5].app[0].sendInterval,exponential(4h),,
General-8-20260516-23:06:30-3608,config,,,**.loRaNodes[4].**.initialX,650.85m,,
General-8-20260516-23:06:30-3608,config,,,**.loRaNodes[4].**.initialY,510.11m,,
General-8-20260516-23:06:30-3608,config,,,**.loRaNodes[5].**.initialX,680.27m,,
General-8-20260516-23:06:30-3608,config,,,**.loRaNodes[5].**.initialY,520.84m,,
General-8-20260516-23:06:30-3608,config,,,**.loRaNodes[0].**initialLoRaSF,8,,
General-8-20260516-23:06:30-3608,config,,,**.loRaNodes[0].**initialLoRaTP,8dBm,,
General-8-20260516-23:06:30-3608,config,,,**.loRaNodes[1].**initialLoRaSF,9,,
General-8-20260516-23:06:30-3608,config,,,**.loRaNodes[1].**initialLoRaTP,8dBm,,
General-8-20260516-23:06:30-3608,config,,,**.loRaNodes[2].**initialLoRaSF,7,,
General-8-20260516-23:06:30-3608,config,,,**.loRaNodes[2].**initialLoRaTP,8dBm,,
General-8-20260516-23:06:30-3608,config,,,**.loRaNodes[3].**initialLoRaSF,7,,
General-8-20260516-23:06:30-3608,config,,,**.loRaNodes[3].**initialLoRaTP,2dBm,,
General-8-20260516-23:06:30-3608,config,,,**.loRaNodes[4].**initialLoRaSF,8,,
General-8-20260516-23:06:30-3608,config,,,**.loRaNodes[4].**initialLoRaTP,8dBm,,
General-8-20260516-23:06:30-3608,config,,,**.loRaNodes[5].**initialLoRaSF,7,,
General-8-20260516-23:06:30-3608,config,,,**.loRaNodes[5].**initialLoRaTP,2dBm,,
General-8-20260516-23:06:30-3608,config,,,**.vector-recording,false,,
General-8-20260516-23:06:30-3608,config,,,**.loRaGW[*].packetForwarder.highQueueLength.vector-recording,true,,
General-8-20260516-23:06:30-3608,config,,,**.loRaGW[*].packetForwarder.lowQueueLength.vector-recording,true,,
General-8-20260516-23:06:30-3608,config,,,**.networkServer.app[0].delaySignal.vector-recording,true,,
General-8-20260516-23:06:30-3608,config,,,**.loRaNodes[*].app[0].packetsSent:scalar,true,,
General-8-20260516-23:06:30-3608,config,,,**.networkServer.app[0].totalReceivedPackets:scalar,true,,
General-8-20260516-23:06:30-3608,config,,,**.loRaGW[*].**.packetDropRate:scalar,true,,
General-19-20260516-23:49:23-3698,runattr,,,configname,General,,
General-19-20260516-23:49:23-3698,runattr,,,datetime,20260516-23:49:23,,
General-19-20260516-23:49:23-3698,runattr,,,datetimef,20260516-234923,,
General-19-20260516-23:49:23-3698,runattr,,,experiment,General,,
General-19-20260516-23:49:23-3698,runattr,,,inifile,n100-gw1.ini,,
General-19-20260516-23:49:23-3698,runattr,,,iterationvars,"$0=""avg""",,
General-19-20260516-23:49:23-3698,runattr,,,iterationvarsd,avg,,
General-19-20260516-23:49:23-3698,runattr,,,iterationvarsf,avg-,,
General-19-20260516-23:49:23-3698,runattr,,,measurement,"$0=""avg""",,
General-19-20260516-23:49:23-3698,runattr,,,network,flora.simulations.LoRaNetworkTest,,
General-19-20260516-23:49:23-3698,runattr,,,processid,3698,,
General-19-20260516-23:49:23-3698,runattr,,,repetition,19,,
General-19-20260516-23:49:23-3698,runattr,,,replication,#19,,
General-19-20260516-23:49:23-3698,runattr,,,resultdir,results,,
General-19-20260516-23:49:23-3698,runattr,,,runnumber,19,,
General-19-20260516-23:49:23-3698,runattr,,,seedset,19,,
General-19-20260516-23:49:23-3698,config,,,image-path,../../../inet4.4/images,,
General-19-20260516-23:49:23-3698,config,,,network,flora.simulations.LoRaNetworkTest,,
General-19-20260516-23:49:23-3698,config,,,output-vector-file,../results/n100-gw1-s19.ini.vec,,
General-19-20260516-23:49:23-3698,config,,,**.maxTransmissionDuration,4s,,
General-19-20260516-23:49:23-3698,config,,,**.energyDetection,-110dBm,,
General-19-20260516-23:49:23-3698,config,,,**.vector-recording,true,,
General-19-20260516-23:49:23-3698,config,,,rng-class,cMersenneTwister,,
General-19-20260516-23:49:23-3698,config,,,**.loRaGW[*].numUdpApps,1,,
General-19-20260516-23:49:23-3698,config,,,**.loRaGW[0].packetForwarder.localPort,2000,,
General-19-20260516-23:49:23-3698,config,,,**.loRaGW[0].packetForwarder.destPort,1000,,
General-19-20260516-23:49:23-3698,config,,,**.loRaGW[0].packetForwarder.destAddresses,"""networkServer""",,
General-19-20260516-23:49:23-3698,config,,,**.loRaGW[0].packetForwarder.indexNumber,0,,
General-19-20260516-23:49:23-3698,config,,,**.networkServer.numApps,1,,
General-19-20260516-23:49:23-3698,config,,,**.networkServer.**.evaluateADRinServer,true,,
General-19-20260516-23:49:23-3698,config,,,**.networkServer.app[0].typename,NetworkServerApp,,
General-19-20260516-23:49:23-3698,config,,,**.networkServer.app[0].destAddresses,"""loRaGW[0]""",,
General-19-20260516-23:49:23-3698,config,,,**.networkServer.app[0].destPort,2000,,
General-19-20260516-23:49:23-3698,config,,,**.networkServer.app[0].localPort,1000,,
General-19-20260516-23:49:23-3698,config,,,**.networkServer.app[0].adrMethod,"""avg""",,
General-19-20260516-23:49:23-3698,config,,,**.numberOfPacketsToSend,0,,
General-19-20260516-23:49:23-3698,config,,,sim-time-limit,3d,,
General-19-20260516-23:49:23-3698,config,,,warmup-period,2h,,
General-19-20260516-23:49:23-3698,config,,,simtime-resolution,-11,,
General-19-20260516-23:49:23-3698,config,,,repeat,20,,
General-19-20260516-23:49:23-3698,config,,,**.loRaNodes[{0..1}].app[0].timeToFirstPacket,"uniform(0h, 1h)",,
General-19-20260516-23:49:23-3698,config,,,**.loRaNodes[{0..1}].app[0].timeToNextPacket,1h,,
General-19-20260516-23:49:23-3698,config,,,**.loRaNodes[{2..3}].app[0].timeToFirstPacket,exponential(24h),,
General-19-20260516-23:49:23-3698,config,,,**.loRaNodes[{2..3}].app[0].timeToNextPacket,exponential(24h),,
General-19-20260516-23:49:23-3698,config,,,**.loRaNodes[{4..5}].app[0].timeToFirstPacket,exponential(4h),,
General-19-20260516-23:49:23-3698,config,,,**.loRaNodes[{4..5}].app[0].timeToNextPacket,exponential(4h),,
General-19-20260516-23:49:23-3698,config,,,**.alohaChannelModel,false,,
General-19-20260516-23:49:23-3698,config,,,**.loRaNodes[*].**.initFromDisplayString,false,,
General-19-20260516-23:49:23-3698,config,,,**.loRaNodes[*].**.evaluateADRinNode,true,,
General-19-20260516-23:49:23-3698,config,,,**.loRaNodes[*].**initialLoRaBW,125 kHz,,
General-19-20260516-23:49:23-3698,config,,,**.loRaNodes[*].**initialLoRaCR,4,,
General-19-20260516-23:49:23-3698,config,,,**.loRaNodes[*].numApps,1,,
General-19-20260516-23:49:23-3698,config,,,**.loRaNodes[*].app[0].typename,SimpleLoRaApp,,
General-19-20260516-23:49:23-3698,config,,,**.LoRaGWNic.radio.iAmGateway,true,,
General-19-20260516-23:49:23-3698,config,,,**.loRaGW[*].**.initFromDisplayString,false,,
General-19-20260516-23:49:23-3698,config,,,**.loRaNodes[*].LoRaNic.radio.energyConsumer.typename,LoRaEnergyConsumer,,
General-19-20260516-23:49:23-3698,config,,,**.loRaNodes[*].**.energySourceModule,"""^.IdealEpEnergyStorage""",,
General-19-20260516-23:49:23-3698,config,,,**.loRaNodes[*].LoRaNic.radio.energyConsumer.configFile,"xmldoc(""../energyConsumptionParameters.xml"")",,
General-19-20260516-23:49:23-3698,config,,,**.sigma,3.57,,
General-19-20260516-23:49:23-3698,config,,,**.constraintAreaMinX,0m,,
General-19-20260516-23:49:23-3698,config,,,**.constraintAreaMinY,0m,,
General-19-20260516-23:49:23-3698,config,,,**.constraintAreaMinZ,0m,,
General-19-20260516-23:49:23-3698,config,,,**.constraintAreaMaxZ,0m,,
General-19-20260516-23:49:23-3698,config,,,LoRaNetworkTest.**.radio.separateTransmissionParts,false,,
General-19-20260516-23:49:23-3698,config,,,LoRaNetworkTest.**.radio.separateReceptionParts,false,,
General-19-20260516-23:49:23-3698,config,,,**.ipv4Delayer.config,"xmldoc(""../cloudDelays.xml"")",,
General-19-20260516-23:49:23-3698,config,,,**.radio.radioMediumModule,"""LoRaMedium""",,
General-19-20260516-23:49:23-3698,config,,,**.LoRaMedium.pathLossType,"""LoRaLogNormalShadowing""",,
General-19-20260516-23:49:23-3698,config,,,**.minInterferenceTime,0s,,
General-19-20260516-23:49:23-3698,config,,,**.displayAddresses,false,,
General-19-20260516-23:49:23-3698,config,,,**.numberOfNodes,6,,
General-19-20260516-23:49:23-3698,config,,,**.numberOfGateways,1,,
General-19-20260516-23:49:23-3698,config,,,**.constraintAreaMaxX,2376.0m,,
General-19-20260516-23:49:23-3698,config,,,**.constraintAreaMaxY,1090.0m,,
General-19-20260516-23:49:23-3698,config,,,**.loRaGW[0].**.initialX,544.00m,,
General-19-20260516-23:49:23-3698,config,,,**.loRaGW[0].**.initialY,544.00m,,
General-19-20260516-23:49:23-3698,config,,,output-scalar-file,../results/n100-gw1-s19.ini.sca,,
General-19-20260516-23:49:23-3698,config,,,**.loRaNodes[0..1].app[0].sendInterval,1h,,
General-19-20260516-23:49:23-3698,config,,,**.loRaNodes[0].**.initialX,510.63m,,
General-19-20260516-23:49:23-3698,config,,,**.loRaNodes[0].**.initialY,500.08m,,
General-19-20260516-23:49:23-3698,config,,,**.loRaNodes[1].**.initialX,470.29m,,
General-19-20260516-23:49:23-3698,config,,,**.loRaNodes[1].**.initialY,520.24m,,
General-19-20260516-23:49:23-3698,config,,,**.loRaNodes[2].**.initialX,500.60m,,
General-19-20260516-23:49:23-3698,config,,,**.loRaNodes[2].**.initialY,590.25m,,
General-19-20260516-23:49:23-3698,config,,,**.loRaNodes[3].**.initialX,535.86m,,
General-19-20260516-23:49:23-3698,config,,,**.loRaNodes[3].**.initialY,590.63m,,
General-19-20260516-23:49:23-3698,config,,,**.loRaNodes[2..3].app[0].sendInterval,exponential(8760h),,
General-19-20260516-23:49:23-3698,config,,,**.loRaNodes[4..5].app[0].sendInterval,exponential(4h),,
General-19-20260516-23:49:23-3698,config,,,**.loRaNodes[4].**.initialX,650.85m,,
General-19-20260516-23:49:23-3698,config,,,**.loRaNodes[4].**.initialY,510.11m,,
General-19-20260516-23:49:23-3698,config,,,**.loRaNodes[5].**.initialX,680.27m,,
General-19-20260516-23:49:23-3698,config,,,**.loRaNodes[5].**.initialY,520.84m,,
General-19-20260516-23:49:23-3698,config,,,**.loRaNodes[0].**initialLoRaSF,8,,
General-19-20260516-23:49:23-3698,config,,,**.loRaNodes[0].**initialLoRaTP,8dBm,,
General-19-20260516-23:49:23-3698,config,,,**.loRaNodes[1].**initialLoRaSF,9,,
General-19-20260516-23:49:23-3698,config,,,**.loRaNodes[1].**initialLoRaTP,8dBm,,
General-19-20260516-23:49:23-3698,config,,,**.loRaNodes[2].**initialLoRaSF,7,,
General-19-20260516-23:49:23-3698,config,,,**.loRaNodes[2].**initialLoRaTP,8dBm,,
General-19-20260516-23:49:23-3698,config,,,**.loRaNodes[3].**initialLoRaSF,7,,
General-19-20260516-23:49:23-3698,config,,,**.loRaNodes[3].**initialLoRaTP,2dBm,,
General-19-20260516-23:49:23-3698,config,,,**.loRaNodes[4].**initialLoRaSF,8,,
General-19-20260516-23:49:23-3698,config,,,**.loRaNodes[4].**initialLoRaTP,8dBm,,
General-19-20260516-23:49:23-3698,config,,,**.loRaNodes[5].**initialLoRaSF,7,,
General-19-20260516-23:49:23-3698,config,,,**.loRaNodes[5].**initialLoRaTP,2dBm,,
General-19-20260516-23:49:23-3698,config,,,**.vector-recording,false,,
General-19-20260516-23:49:23-3698,config,,,**.loRaGW[*].packetForwarder.highQueueLength.vector-recording,true,,
General-19-20260516-23:49:23-3698,config,,,**.loRaGW[*].packetForwarder.lowQueueLength.vector-recording,true,,
General-19-20260516-23:49:23-3698,config,,,**.networkServer.app[0].delaySignal.vector-recording,true,,
General-19-20260516-23:49:23-3698,config,,,**.loRaNodes[*].app[0].packetsSent:scalar,true,,
General-19-20260516-23:49:23-3698,config,,,**.networkServer.app[0].totalReceivedPackets:scalar,true,,
General-19-20260516-23:49:23-3698,config,,,**.loRaGW[*].**.packetDropRate:scalar,true,,
General-12-20260516-23:22:30-3649,runattr,,,configname,General,,
General-12-20260516-23:22:30-3649,runattr,,,datetime,20260516-23:22:30,,
General-12-20260516-23:22:30-3649,runattr,,,datetimef,20260516-232230,,
General-12-20260516-23:22:30-3649,runattr,,,experiment,General,,
General-12-20260516-23:22:30-3649,runattr,,,inifile,n100-gw1.ini,,
General-12-20260516-23:22:30-3649,runattr,,,iterationvars,"$0=""avg""",,
General-12-20260516-23:22:30-3649,runattr,,,iterationvarsd,avg,,
General-12-20260516-23:22:30-3649,runattr,,,iterationvarsf,avg-,,
General-12-20260516-23:22:30-3649,runattr,,,measurement,"$0=""avg""",,
General-12-20260516-23:22:30-3649,runattr,,,network,flora.simulations.LoRaNetworkTest,,
General-12-20260516-23:22:30-3649,runattr,,,processid,3649,,
General-12-20260516-23:22:30-3649,runattr,,,repetition,12,,
General-12-20260516-23:22:30-3649,runattr,,,replication,#12,,
General-12-20260516-23:22:30-3649,runattr,,,resultdir,results,,
General-12-20260516-23:22:30-3649,runattr,,,runnumber,12,,
General-12-20260516-23:22:30-3649,runattr,,,seedset,12,,
General-12-20260516-23:22:30-3649,config,,,image-path,../../../inet4.4/images,,
General-12-20260516-23:22:30-3649,config,,,network,flora.simulations.LoRaNetworkTest,,
General-12-20260516-23:22:30-3649,config,,,output-vector-file,../results/n100-gw1-s12.ini.vec,,
General-12-20260516-23:22:30-3649,config,,,**.maxTransmissionDuration,4s,,
General-12-20260516-23:22:30-3649,config,,,**.energyDetection,-110dBm,,
General-12-20260516-23:22:30-3649,config,,,**.vector-recording,true,,
General-12-20260516-23:22:30-3649,config,,,rng-class,cMersenneTwister,,
General-12-20260516-23:22:30-3649,config,,,**.loRaGW[*].numUdpApps,1,,
General-12-20260516-23:22:30-3649,config,,,**.loRaGW[0].packetForwarder.localPort,2000,,
General-12-20260516-23:22:30-3649,config,,,**.loRaGW[0].packetForwarder.destPort,1000,,
General-12-20260516-23:22:30-3649,config,,,**.loRaGW[0].packetForwarder.destAddresses,"""networkServer""",,
General-12-20260516-23:22:30-3649,config,,,**.loRaGW[0].packetForwarder.indexNumber,0,,
General-12-20260516-23:22:30-3649,config,,,**.networkServer.numApps,1,,
General-12-20260516-23:22:30-3649,config,,,**.networkServer.**.evaluateADRinServer,true,,
General-12-20260516-23:22:30-3649,config,,,**.networkServer.app[0].typename,NetworkServerApp,,
General-12-20260516-23:22:30-3649,config,,,**.networkServer.app[0].destAddresses,"""loRaGW[0]""",,
General-12-20260516-23:22:30-3649,config,,,**.networkServer.app[0].destPort,2000,,
General-12-20260516-23:22:30-3649,config,,,**.networkServer.app[0].localPort,1000,,
General-12-20260516-23:22:30-3649,config,,,**.networkServer.app[0].adrMethod,"""avg""",,
General-12-20260516-23:22:30-3649,config,,,**.numberOfPacketsToSend,0,,
General-12-20260516-23:22:30-3649,config,,,sim-time-limit,3d,,
General-12-20260516-23:22:30-3649,config,,,warmup-period,2h,,
General-12-20260516-23:22:30-3649,config,,,simtime-resolution,-11,,
General-12-20260516-23:22:30-3649,config,,,repeat,20,,
General-12-20260516-23:22:30-3649,config,,,**.loRaNodes[{0..1}].app[0].timeToFirstPacket,"uniform(0h, 1h)",,
General-12-20260516-23:22:30-3649,config,,,**.loRaNodes[{0..1}].app[0].timeToNextPacket,1h,,
General-12-20260516-23:22:30-3649,config,,,**.loRaNodes[{2..3}].app[0].timeToFirstPacket,exponential(24h),,
General-12-20260516-23:22:30-3649,config,,,**.loRaNodes[{2..3}].app[0].timeToNextPacket,exponential(24h),,
General-12-20260516-23:22:30-3649,config,,,**.loRaNodes[{4..5}].app[0].timeToFirstPacket,exponential(4h),,
General-12-20260516-23:22:30-3649,config,,,**.loRaNodes[{4..5}].app[0].timeToNextPacket,exponential(4h),,
General-12-20260516-23:22:30-3649,config,,,**.alohaChannelModel,false,,
General-12-20260516-23:22:30-3649,config,,,**.loRaNodes[*].**.initFromDisplayString,false,,
General-12-20260516-23:22:30-3649,config,,,**.loRaNodes[*].**.evaluateADRinNode,true,,
General-12-20260516-23:22:30-3649,config,,,**.loRaNodes[*].**initialLoRaBW,125 kHz,,
General-12-20260516-23:22:30-3649,config,,,**.loRaNodes[*].**initialLoRaCR,4,,
General-12-20260516-23:22:30-3649,config,,,**.loRaNodes[*].numApps,1,,
General-12-20260516-23:22:30-3649,config,,,**.loRaNodes[*].app[0].typename,SimpleLoRaApp,,
General-12-20260516-23:22:30-3649,config,,,**.LoRaGWNic.radio.iAmGateway,true,,
General-12-20260516-23:22:30-3649,config,,,**.loRaGW[*].**.initFromDisplayString,false,,
General-12-20260516-23:22:30-3649,config,,,**.loRaNodes[*].LoRaNic.radio.energyConsumer.typename,LoRaEnergyConsumer,,
General-12-20260516-23:22:30-3649,config,,,**.loRaNodes[*].**.energySourceModule,"""^.IdealEpEnergyStorage""",,
General-12-20260516-23:22:30-3649,config,,,**.loRaNodes[*].LoRaNic.radio.energyConsumer.configFile,"xmldoc(""../energyConsumptionParameters.xml"")",,
General-12-20260516-23:22:30-3649,config,,,**.sigma,3.57,,
General-12-20260516-23:22:30-3649,config,,,**.constraintAreaMinX,0m,,
General-12-20260516-23:22:30-3649,config,,,**.constraintAreaMinY,0m,,
General-12-20260516-23:22:30-3649,config,,,**.constraintAreaMinZ,0m,,
General-12-20260516-23:22:30-3649,config,,,**.constraintAreaMaxZ,0m,,
General-12-20260516-23:22:30-3649,config,,,LoRaNetworkTest.**.radio.separateTransmissionParts,false,,
General-12-20260516-23:22:30-3649,config,,,LoRaNetworkTest.**.radio.separateReceptionParts,false,,
General-12-20260516-23:22:30-3649,config,,,**.ipv4Delayer.config,"xmldoc(""../cloudDelays.xml"")",,
General-12-20260516-23:22:30-3649,config,,,**.radio.radioMediumModule,"""LoRaMedium""",,
General-12-20260516-23:22:30-3649,config,,,**.LoRaMedium.pathLossType,"""LoRaLogNormalShadowing""",,
General-12-20260516-23:22:30-3649,config,,,**.minInterferenceTime,0s,,
General-12-20260516-23:22:30-3649,config,,,**.displayAddresses,false,,
General-12-20260516-23:22:30-3649,config,,,**.numberOfNodes,6,,
General-12-20260516-23:22:30-3649,config,,,**.numberOfGateways,1,,
General-12-20260516-23:22:30-3649,config,,,**.constraintAreaMaxX,2376.0m,,
General-12-20260516-23:22:30-3649,config,,,**.constraintAreaMaxY,1090.0m,,
General-12-20260516-23:22:30-3649,config,,,**.loRaGW[0].**.initialX,544.00m,,
General-12-20260516-23:22:30-3649,config,,,**.loRaGW[0].**.initialY,544.00m,,
General-12-20260516-23:22:30-3649,config,,,output-scalar-file,../results/n100-gw1-s12.ini.sca,,
General-12-20260516-23:22:30-3649,config,,,**.loRaNodes[0..1].app[0].sendInterval,1h,,
General-12-20260516-23:22:30-3649,config,,,**.loRaNodes[0].**.initialX,510.63m,,
General-12-20260516-23:22:30-3649,config,,,**.loRaNodes[0].**.initialY,500.08m,,
General-12-20260516-23:22:30-3649,config,,,**.loRaNodes[1].**.initialX,470.29m,,
General-12-20260516-23:22:30-3649,config,,,**.loRaNodes[1].**.initialY,520.24m,,
General-12-20260516-23:22:30-3649,config,,,**.loRaNodes[2].**.initialX,500.60m,,
General-12-20260516-23:22:30-3649,config,,,**.loRaNodes[2].**.initialY,590.25m,,
General-12-20260516-23:22:30-3649,config,,,**.loRaNodes[3].**.initialX,535.86m,,
General-12-20260516-23:22:30-3649,config,,,**.loRaNodes[3].**.initialY,590.63m,,
General-12-20260516-23:22:30-3649,config,,,**.loRaNodes[2..3].app[0].sendInterval,exponential(8760h),,
General-12-20260516-23:22:30-3649,config,,,**.loRaNodes[4..5].app[0].sendInterval,exponential(4h),,
General-12-20260516-23:22:30-3649,config,,,**.loRaNodes[4].**.initialX,650.85m,,
General-12-20260516-23:22:30-3649,config,,,**.loRaNodes[4].**.initialY,510.11m,,
General-12-20260516-23:22:30-3649,config,,,**.loRaNodes[5].**.initialX,680.27m,,
General-12-20260516-23:22:30-3649,config,,,**.loRaNodes[5].**.initialY,520.84m,,
General-12-20260516-23:22:30-3649,config,,,**.loRaNodes[0].**initialLoRaSF,8,,
General-12-20260516-23:22:30-3649,config,,,**.loRaNodes[0].**initialLoRaTP,8dBm,,
General-12-20260516-23:22:30-3649,config,,,**.loRaNodes[1].**initialLoRaSF,9,,
General-12-20260516-23:22:30-3649,config,,,**.loRaNodes[1].**initialLoRaTP,8dBm,,
General-12-20260516-23:22:30-3649,config,,,**.loRaNodes[2].**initialLoRaSF,7,,
General-12-20260516-23:22:30-3649,config,,,**.loRaNodes[2].**initialLoRaTP,8dBm,,
General-12-20260516-23:22:30-3649,config,,,**.loRaNodes[3].**initialLoRaSF,7,,
General-12-20260516-23:22:30-3649,config,,,**.loRaNodes[3].**initialLoRaTP,2dBm,,
General-12-20260516-23:22:30-3649,config,,,**.loRaNodes[4].**initialLoRaSF,8,,
General-12-20260516-23:22:30-3649,config,,,**.loRaNodes[4].**initialLoRaTP,8dBm,,
General-12-20260516-23:22:30-3649,config,,,**.loRaNodes[5].**initialLoRaSF,7,,
General-12-20260516-23:22:30-3649,config,,,**.loRaNodes[5].**initialLoRaTP,2dBm,,
General-12-20260516-23:22:30-3649,config,,,**.vector-recording,false,,
General-12-20260516-23:22:30-3649,config,,,**.loRaGW[*].packetForwarder.highQueueLength.vector-recording,true,,
General-12-20260516-23:22:30-3649,config,,,**.loRaGW[*].packetForwarder.lowQueueLength.vector-recording,true,,
General-12-20260516-23:22:30-3649,config,,,**.networkServer.app[0].delaySignal.vector-recording,true,,
General-12-20260516-23:22:30-3649,config,,,**.loRaNodes[*].app[0].packetsSent:scalar,true,,
General-12-20260516-23:22:30-3649,config,,,**.networkServer.app[0].totalReceivedPackets:scalar,true,,
General-12-20260516-23:22:30-3649,config,,,**.loRaGW[*].**.packetDropRate:scalar,true,,
General-3-20260516-22:46:51-3574,runattr,,,configname,General,,
General-3-20260516-22:46:51-3574,runattr,,,datetime,20260516-22:46:51,,
General-3-20260516-22:46:51-3574,runattr,,,datetimef,20260516-224651,,
General-3-20260516-22:46:51-3574,runattr,,,experiment,General,,
General-3-20260516-22:46:51-3574,runattr,,,inifile,n100-gw1.ini,,
General-3-20260516-22:46:51-3574,runattr,,,iterationvars,"$0=""avg""",,
General-3-20260516-22:46:51-3574,runattr,,,iterationvarsd,avg,,
General-3-20260516-22:46:51-3574,runattr,,,iterationvarsf,avg-,,
General-3-20260516-22:46:51-3574,runattr,,,measurement,"$0=""avg""",,
General-3-20260516-22:46:51-3574,runattr,,,network,flora.simulations.LoRaNetworkTest,,
General-3-20260516-22:46:51-3574,runattr,,,processid,3574,,
General-3-20260516-22:46:51-3574,runattr,,,repetition,3,,
General-3-20260516-22:46:51-3574,runattr,,,replication,#3,,
General-3-20260516-22:46:51-3574,runattr,,,resultdir,results,,
General-3-20260516-22:46:51-3574,runattr,,,runnumber,3,,
General-3-20260516-22:46:51-3574,runattr,,,seedset,3,,
General-3-20260516-22:46:51-3574,config,,,image-path,../../../inet4.4/images,,
General-3-20260516-22:46:51-3574,config,,,network,flora.simulations.LoRaNetworkTest,,
General-3-20260516-22:46:51-3574,config,,,output-vector-file,../results/n100-gw1-s3.ini.vec,,
General-3-20260516-22:46:51-3574,config,,,**.maxTransmissionDuration,4s,,
General-3-20260516-22:46:51-3574,config,,,**.energyDetection,-110dBm,,
General-3-20260516-22:46:51-3574,config,,,**.vector-recording,true,,
General-3-20260516-22:46:51-3574,config,,,rng-class,cMersenneTwister,,
General-3-20260516-22:46:51-3574,config,,,**.loRaGW[*].numUdpApps,1,,
General-3-20260516-22:46:51-3574,config,,,**.loRaGW[0].packetForwarder.localPort,2000,,
General-3-20260516-22:46:51-3574,config,,,**.loRaGW[0].packetForwarder.destPort,1000,,
General-3-20260516-22:46:51-3574,config,,,**.loRaGW[0].packetForwarder.destAddresses,"""networkServer""",,
General-3-20260516-22:46:51-3574,config,,,**.loRaGW[0].packetForwarder.indexNumber,0,,
General-3-20260516-22:46:51-3574,config,,,**.networkServer.numApps,1,,
General-3-20260516-22:46:51-3574,config,,,**.networkServer.**.evaluateADRinServer,true,,
General-3-20260516-22:46:51-3574,config,,,**.networkServer.app[0].typename,NetworkServerApp,,
General-3-20260516-22:46:51-3574,config,,,**.networkServer.app[0].destAddresses,"""loRaGW[0]""",,
General-3-20260516-22:46:51-3574,config,,,**.networkServer.app[0].destPort,2000,,
General-3-20260516-22:46:51-3574,config,,,**.networkServer.app[0].localPort,1000,,
General-3-20260516-22:46:51-3574,config,,,**.networkServer.app[0].adrMethod,"""avg""",,
General-3-20260516-22:46:51-3574,config,,,**.numberOfPacketsToSend,0,,
General-3-20260516-22:46:51-3574,config,,,sim-time-limit,3d,,
General-3-20260516-22:46:51-3574,config,,,warmup-period,2h,,
General-3-20260516-22:46:51-3574,config,,,simtime-resolution,-11,,
General-3-20260516-22:46:51-3574,config,,,repeat,20,,
General-3-20260516-22:46:51-3574,config,,,**.loRaNodes[{0..1}].app[0].timeToFirstPacket,"uniform(0h, 1h)",,
General-3-20260516-22:46:51-3574,config,,,**.loRaNodes[{0..1}].app[0].timeToNextPacket,1h,,
General-3-20260516-22:46:51-3574,config,,,**.loRaNodes[{2..3}].app[0].timeToFirstPacket,exponential(24h),,
General-3-20260516-22:46:51-3574,config,,,**.loRaNodes[{2..3}].app[0].timeToNextPacket,exponential(24h),,
General-3-20260516-22:46:51-3574,config,,,**.loRaNodes[{4..5}].app[0].timeToFirstPacket,exponential(4h),,
General-3-20260516-22:46:51-3574,config,,,**.loRaNodes[{4..5}].app[0].timeToNextPacket,exponential(4h),,
General-3-20260516-22:46:51-3574,config,,,**.alohaChannelModel,false,,
General-3-20260516-22:46:51-3574,config,,,**.loRaNodes[*].**.initFromDisplayString,false,,
General-3-20260516-22:46:51-3574,config,,,**.loRaNodes[*].**.evaluateADRinNode,true,,
General-3-20260516-22:46:51-3574,config,,,**.loRaNodes[*].**initialLoRaBW,125 kHz,,
General-3-20260516-22:46:51-3574,config,,,**.loRaNodes[*].**initialLoRaCR,4,,
General-3-20260516-22:46:51-3574,config,,,**.loRaNodes[*].numApps,1,,
General-3-20260516-22:46:51-3574,config,,,**.loRaNodes[*].app[0].typename,SimpleLoRaApp,,
General-3-20260516-22:46:51-3574,config,,,**.LoRaGWNic.radio.iAmGateway,true,,
General-3-20260516-22:46:51-3574,config,,,**.loRaGW[*].**.initFromDisplayString,false,,
General-3-20260516-22:46:51-3574,config,,,**.loRaNodes[*].LoRaNic.radio.energyConsumer.typename,LoRaEnergyConsumer,,
General-3-20260516-22:46:51-3574,config,,,**.loRaNodes[*].**.energySourceModule,"""^.IdealEpEnergyStorage""",,
General-3-20260516-22:46:51-3574,config,,,**.loRaNodes[*].LoRaNic.radio.energyConsumer.configFile,"xmldoc(""../energyConsumptionParameters.xml"")",,
General-3-20260516-22:46:51-3574,config,,,**.sigma,3.57,,
General-3-20260516-22:46:51-3574,config,,,**.constraintAreaMinX,0m,,
General-3-20260516-22:46:51-3574,config,,,**.constraintAreaMinY,0m,,
General-3-20260516-22:46:51-3574,config,,,**.constraintAreaMinZ,0m,,
General-3-20260516-22:46:51-3574,config,,,**.constraintAreaMaxZ,0m,,
General-3-20260516-22:46:51-3574,config,,,LoRaNetworkTest.**.radio.separateTransmissionParts,false,,
General-3-20260516-22:46:51-3574,config,,,LoRaNetworkTest.**.radio.separateReceptionParts,false,,
General-3-20260516-22:46:51-3574,config,,,**.ipv4Delayer.config,"xmldoc(""../cloudDelays.xml"")",,
General-3-20260516-22:46:51-3574,config,,,**.radio.radioMediumModule,"""LoRaMedium""",,
General-3-20260516-22:46:51-3574,config,,,**.LoRaMedium.pathLossType,"""LoRaLogNormalShadowing""",,
General-3-20260516-22:46:51-3574,config,,,**.minInterferenceTime,0s,,
General-3-20260516-22:46:51-3574,config,,,**.displayAddresses,false,,
General-3-20260516-22:46:51-3574,config,,,**.numberOfNodes,6,,
General-3-20260516-22:46:51-3574,config,,,**.numberOfGateways,1,,
General-3-20260516-22:46:51-3574,config,,,**.constraintAreaMaxX,2376.0m,,
General-3-20260516-22:46:51-3574,config,,,**.constraintAreaMaxY,1090.0m,,
General-3-20260516-22:46:51-3574,config,,,**.loRaGW[0].**.initialX,544.00m,,
General-3-20260516-22:46:51-3574,config,,,**.loRaGW[0].**.initialY,544.00m,,
General-3-20260516-22:46:51-3574,config,,,output-scalar-file,../results/n100-gw1-s3.ini.sca,,
General-3-20260516-22:46:51-3574,config,,,**.loRaNodes[0..1].app[0].sendInterval,1h,,
General-3-20260516-22:46:51-3574,config,,,**.loRaNodes[0].**.initialX,510.63m,,
General-3-20260516-22:46:51-3574,config,,,**.loRaNodes[0].**.initialY,500.08m,,
General-3-20260516-22:46:51-3574,config,,,**.loRaNodes[1].**.initialX,470.29m,,
General-3-20260516-22:46:51-3574,config,,,**.loRaNodes[1].**.initialY,520.24m,,
General-3-20260516-22:46:51-3574,config,,,**.loRaNodes[2].**.initialX,500.60m,,
General-3-20260516-22:46:51-3574,config,,,**.loRaNodes[2].**.initialY,590.25m,,
General-3-20260516-22:46:51-3574,config,,,**.loRaNodes[3].**.initialX,535.86m,,
General-3-20260516-22:46:51-3574,config,,,**.loRaNodes[3].**.initialY,590.63m,,
General-3-20260516-22:46:51-3574,config,,,**.loRaNodes[2..3].app[0].sendInterval,exponential(8760h),,
General-3-20260516-22:46:51-3574,config,,,**.loRaNodes[4..5].app[0].sendInterval,exponential(4h),,
General-3-20260516-22:46:51-3574,config,,,**.loRaNodes[4].**.initialX,650.85m,,
General-3-20260516-22:46:51-3574,config,,,**.loRaNodes[4].**.initialY,510.11m,,
General-3-20260516-22:46:51-3574,config,,,**.loRaNodes[5].**.initialX,680.27m,,
General-3-20260516-22:46:51-3574,config,,,**.loRaNodes[5].**.initialY,520.84m,,
General-3-20260516-22:46:51-3574,config,,,**.loRaNodes[0].**initialLoRaSF,8,,
General-3-20260516-22:46:51-3574,config,,,**.loRaNodes[0].**initialLoRaTP,8dBm,,
General-3-20260516-22:46:51-3574,config,,,**.loRaNodes[1].**initialLoRaSF,9,,
General-3-20260516-22:46:51-3574,config,,,**.loRaNodes[1].**initialLoRaTP,8dBm,,
General-3-20260516-22:46:51-3574,config,,,**.loRaNodes[2].**initialLoRaSF,7,,
General-3-20260516-22:46:51-3574,config,,,**.loRaNodes[2].**initialLoRaTP,8dBm,,
General-3-20260516-22:46:51-3574,config,,,**.loRaNodes[3].**initialLoRaSF,7,,
General-3-20260516-22:46:51-3574,config,,,**.loRaNodes[3].**initialLoRaTP,2dBm,,
General-3-20260516-22:46:51-3574,config,,,**.loRaNodes[4].**initialLoRaSF,8,,
General-3-20260516-22:46:51-3574,config,,,**.loRaNodes[4].**initialLoRaTP,8dBm,,
General-3-20260516-22:46:51-3574,config,,,**.loRaNodes[5].**initialLoRaSF,7,,
General-3-20260516-22:46:51-3574,config,,,**.loRaNodes[5].**initialLoRaTP,2dBm,,
General-3-20260516-22:46:51-3574,config,,,**.vector-recording,false,,
General-3-20260516-22:46:51-3574,config,,,**.loRaGW[*].packetForwarder.highQueueLength.vector-recording,true,,
General-3-20260516-22:46:51-3574,config,,,**.loRaGW[*].packetForwarder.lowQueueLength.vector-recording,true,,
General-3-20260516-22:46:51-3574,config,,,**.networkServer.app[0].delaySignal.vector-recording,true,,
General-3-20260516-22:46:51-3574,config,,,**.loRaNodes[*].app[0].packetsSent:scalar,true,,
General-3-20260516-22:46:51-3574,config,,,**.networkServer.app[0].totalReceivedPackets:scalar,true,,
General-3-20260516-22:46:51-3574,config,,,**.loRaGW[*].**.packetDropRate:scalar,true,,
General-7-20260516-23:02:29-3599,runattr,,,configname,General,,
General-7-20260516-23:02:29-3599,runattr,,,datetime,20260516-23:02:29,,
General-7-20260516-23:02:29-3599,runattr,,,datetimef,20260516-230229,,
General-7-20260516-23:02:29-3599,runattr,,,experiment,General,,
General-7-20260516-23:02:29-3599,runattr,,,inifile,n100-gw1.ini,,
General-7-20260516-23:02:29-3599,runattr,,,iterationvars,"$0=""avg""",,
General-7-20260516-23:02:29-3599,runattr,,,iterationvarsd,avg,,
General-7-20260516-23:02:29-3599,runattr,,,iterationvarsf,avg-,,
General-7-20260516-23:02:29-3599,runattr,,,measurement,"$0=""avg""",,
General-7-20260516-23:02:29-3599,runattr,,,network,flora.simulations.LoRaNetworkTest,,
General-7-20260516-23:02:29-3599,runattr,,,processid,3599,,
General-7-20260516-23:02:29-3599,runattr,,,repetition,7,,
General-7-20260516-23:02:29-3599,runattr,,,replication,#7,,
General-7-20260516-23:02:29-3599,runattr,,,resultdir,results,,
General-7-20260516-23:02:29-3599,runattr,,,runnumber,7,,
General-7-20260516-23:02:29-3599,runattr,,,seedset,7,,
General-7-20260516-23:02:29-3599,config,,,image-path,../../../inet4.4/images,,
General-7-20260516-23:02:29-3599,config,,,network,flora.simulations.LoRaNetworkTest,,
General-7-20260516-23:02:29-3599,config,,,output-vector-file,../results/n100-gw1-s7.ini.vec,,
General-7-20260516-23:02:29-3599,config,,,**.maxTransmissionDuration,4s,,
General-7-20260516-23:02:29-3599,config,,,**.energyDetection,-110dBm,,
General-7-20260516-23:02:29-3599,config,,,**.vector-recording,true,,
General-7-20260516-23:02:29-3599,config,,,rng-class,cMersenneTwister,,
General-7-20260516-23:02:29-3599,config,,,**.loRaGW[*].numUdpApps,1,,
General-7-20260516-23:02:29-3599,config,,,**.loRaGW[0].packetForwarder.localPort,2000,,
General-7-20260516-23:02:29-3599,config,,,**.loRaGW[0].packetForwarder.destPort,1000,,
General-7-20260516-23:02:29-3599,config,,,**.loRaGW[0].packetForwarder.destAddresses,"""networkServer""",,
General-7-20260516-23:02:29-3599,config,,,**.loRaGW[0].packetForwarder.indexNumber,0,,
General-7-20260516-23:02:29-3599,config,,,**.networkServer.numApps,1,,
General-7-20260516-23:02:29-3599,config,,,**.networkServer.**.evaluateADRinServer,true,,
General-7-20260516-23:02:29-3599,config,,,**.networkServer.app[0].typename,NetworkServerApp,,
General-7-20260516-23:02:29-3599,config,,,**.networkServer.app[0].destAddresses,"""loRaGW[0]""",,
General-7-20260516-23:02:29-3599,config,,,**.networkServer.app[0].destPort,2000,,
General-7-20260516-23:02:29-3599,config,,,**.networkServer.app[0].localPort,1000,,
General-7-20260516-23:02:29-3599,config,,,**.networkServer.app[0].adrMethod,"""avg""",,
General-7-20260516-23:02:29-3599,config,,,**.numberOfPacketsToSend,0,,
General-7-20260516-23:02:29-3599,config,,,sim-time-limit,3d,,
General-7-20260516-23:02:29-3599,config,,,warmup-period,2h,,
General-7-20260516-23:02:29-3599,config,,,simtime-resolution,-11,,
General-7-20260516-23:02:29-3599,config,,,repeat,20,,
General-7-20260516-23:02:29-3599,config,,,**.loRaNodes[{0..1}].app[0].timeToFirstPacket,"uniform(0h, 1h)",,
General-7-20260516-23:02:29-3599,config,,,**.loRaNodes[{0..1}].app[0].timeToNextPacket,1h,,
General-7-20260516-23:02:29-3599,config,,,**.loRaNodes[{2..3}].app[0].timeToFirstPacket,exponential(24h),,
General-7-20260516-23:02:29-3599,config,,,**.loRaNodes[{2..3}].app[0].timeToNextPacket,exponential(24h),,
General-7-20260516-23:02:29-3599,config,,,**.loRaNodes[{4..5}].app[0].timeToFirstPacket,exponential(4h),,
General-7-20260516-23:02:29-3599,config,,,**.loRaNodes[{4..5}].app[0].timeToNextPacket,exponential(4h),,
General-7-20260516-23:02:29-3599,config,,,**.alohaChannelModel,false,,
General-7-20260516-23:02:29-3599,config,,,**.loRaNodes[*].**.initFromDisplayString,false,,
General-7-20260516-23:02:29-3599,config,,,**.loRaNodes[*].**.evaluateADRinNode,true,,
General-7-20260516-23:02:29-3599,config,,,**.loRaNodes[*].**initialLoRaBW,125 kHz,,
General-7-20260516-23:02:29-3599,config,,,**.loRaNodes[*].**initialLoRaCR,4,,
General-7-20260516-23:02:29-3599,config,,,**.loRaNodes[*].numApps,1,,
General-7-20260516-23:02:29-3599,config,,,**.loRaNodes[*].app[0].typename,SimpleLoRaApp,,
General-7-20260516-23:02:29-3599,config,,,**.LoRaGWNic.radio.iAmGateway,true,,
General-7-20260516-23:02:29-3599,config,,,**.loRaGW[*].**.initFromDisplayString,false,,
General-7-20260516-23:02:29-3599,config,,,**.loRaNodes[*].LoRaNic.radio.energyConsumer.typename,LoRaEnergyConsumer,,
General-7-20260516-23:02:29-3599,config,,,**.loRaNodes[*].**.energySourceModule,"""^.IdealEpEnergyStorage""",,
General-7-20260516-23:02:29-3599,config,,,**.loRaNodes[*].LoRaNic.radio.energyConsumer.configFile,"xmldoc(""../energyConsumptionParameters.xml"")",,
General-7-20260516-23:02:29-3599,config,,,**.sigma,3.57,,
General-7-20260516-23:02:29-3599,config,,,**.constraintAreaMinX,0m,,
General-7-20260516-23:02:29-3599,config,,,**.constraintAreaMinY,0m,,
General-7-20260516-23:02:29-3599,config,,,**.constraintAreaMinZ,0m,,
General-7-20260516-23:02:29-3599,config,,,**.constraintAreaMaxZ,0m,,
General-7-20260516-23:02:29-3599,config,,,LoRaNetworkTest.**.radio.separateTransmissionParts,false,,
General-7-20260516-23:02:29-3599,config,,,LoRaNetworkTest.**.radio.separateReceptionParts,false,,
General-7-20260516-23:02:29-3599,config,,,**.ipv4Delayer.config,"xmldoc(""../cloudDelays.xml"")",,
General-7-20260516-23:02:29-3599,config,,,**.radio.radioMediumModule,"""LoRaMedium""",,
General-7-20260516-23:02:29-3599,config,,,**.LoRaMedium.pathLossType,"""LoRaLogNormalShadowing""",,
General-7-20260516-23:02:29-3599,config,,,**.minInterferenceTime,0s,,
General-7-20260516-23:02:29-3599,config,,,**.displayAddresses,false,,
General-7-20260516-23:02:29-3599,config,,,**.numberOfNodes,6,,
General-7-20260516-23:02:29-3599,config,,,**.numberOfGateways,1,,
General-7-20260516-23:02:29-3599,config,,,**.constraintAreaMaxX,2376.0m,,
General-7-20260516-23:02:29-3599,config,,,**.constraintAreaMaxY,1090.0m,,
General-7-20260516-23:02:29-3599,config,,,**.loRaGW[0].**.initialX,544.00m,,
General-7-20260516-23:02:29-3599,config,,,**.loRaGW[0].**.initialY,544.00m,,
General-7-20260516-23:02:29-3599,config,,,output-scalar-file,../results/n100-gw1-s7.ini.sca,,
General-7-20260516-23:02:29-3599,config,,,**.loRaNodes[0..1].app[0].sendInterval,1h,,
General-7-20260516-23:02:29-3599,config,,,**.loRaNodes[0].**.initialX,510.63m,,
General-7-20260516-23:02:29-3599,config,,,**.loRaNodes[0].**.initialY,500.08m,,
General-7-20260516-23:02:29-3599,config,,,**.loRaNodes[1].**.initialX,470.29m,,
General-7-20260516-23:02:29-3599,config,,,**.loRaNodes[1].**.initialY,520.24m,,
General-7-20260516-23:02:29-3599,config,,,**.loRaNodes[2].**.initialX,500.60m,,
General-7-20260516-23:02:29-3599,config,,,**.loRaNodes[2].**.initialY,590.25m,,
General-7-20260516-23:02:29-3599,config,,,**.loRaNodes[3].**.initialX,535.86m,,
General-7-20260516-23:02:29-3599,config,,,**.loRaNodes[3].**.initialY,590.63m,,
General-7-20260516-23:02:29-3599,config,,,**.loRaNodes[2..3].app[0].sendInterval,exponential(8760h),,
General-7-20260516-23:02:29-3599,config,,,**.loRaNodes[4..5].app[0].sendInterval,exponential(4h),,
General-7-20260516-23:02:29-3599,config,,,**.loRaNodes[4].**.initialX,650.85m,,
General-7-20260516-23:02:29-3599,config,,,**.loRaNodes[4].**.initialY,510.11m,,
General-7-20260516-23:02:29-3599,config,,,**.loRaNodes[5].**.initialX,680.27m,,
General-7-20260516-23:02:29-3599,config,,,**.loRaNodes[5].**.initialY,520.84m,,
General-7-20260516-23:02:29-3599,config,,,**.loRaNodes[0].**initialLoRaSF,8,,
General-7-20260516-23:02:29-3599,config,,,**.loRaNodes[0].**initialLoRaTP,8dBm,,
General-7-20260516-23:02:29-3599,config,,,**.loRaNodes[1].**initialLoRaSF,9,,
General-7-20260516-23:02:29-3599,config,,,**.loRaNodes[1].**initialLoRaTP,8dBm,,
General-7-20260516-23:02:29-3599,config,,,**.loRaNodes[2].**initialLoRaSF,7,,
General-7-20260516-23:02:29-3599,config,,,**.loRaNodes[2].**initialLoRaTP,8dBm,,
General-7-20260516-23:02:29-3599,config,,,**.loRaNodes[3].**initialLoRaSF,7,,
General-7-20260516-23:02:29-3599,config,,,**.loRaNodes[3].**initialLoRaTP,2dBm,,
General-7-20260516-23:02:29-3599,config,,,**.loRaNodes[4].**initialLoRaSF,8,,
General-7-20260516-23:02:29-3599,config,,,**.loRaNodes[4].**initialLoRaTP,8dBm,,
General-7-20260516-23:02:29-3599,config,,,**.loRaNodes[5].**initialLoRaSF,7,,
General-7-20260516-23:02:29-3599,config,,,**.loRaNodes[5].**initialLoRaTP,2dBm,,
General-7-20260516-23:02:29-3599,config,,,**.vector-recording,false,,
General-7-20260516-23:02:29-3599,config,,,**.loRaGW[*].packetForwarder.highQueueLength.vector-recording,true,,
General-7-20260516-23:02:29-3599,config,,,**.loRaGW[*].packetForwarder.lowQueueLength.vector-recording,true,,
General-7-20260516-23:02:29-3599,config,,,**.networkServer.app[0].delaySignal.vector-recording,true,,
General-7-20260516-23:02:29-3599,config,,,**.loRaNodes[*].app[0].packetsSent:scalar,true,,
General-7-20260516-23:02:29-3599,config,,,**.networkServer.app[0].totalReceivedPackets:scalar,true,,
General-7-20260516-23:02:29-3599,config,,,**.loRaGW[*].**.packetDropRate:scalar,true,,
General-6-20260516-22:58:45-3592,runattr,,,configname,General,,
General-6-20260516-22:58:45-3592,runattr,,,datetime,20260516-22:58:45,,
General-6-20260516-22:58:45-3592,runattr,,,datetimef,20260516-225845,,
General-6-20260516-22:58:45-3592,runattr,,,experiment,General,,
General-6-20260516-22:58:45-3592,runattr,,,inifile,n100-gw1.ini,,
General-6-20260516-22:58:45-3592,runattr,,,iterationvars,"$0=""avg""",,
General-6-20260516-22:58:45-3592,runattr,,,iterationvarsd,avg,,
General-6-20260516-22:58:45-3592,runattr,,,iterationvarsf,avg-,,
General-6-20260516-22:58:45-3592,runattr,,,measurement,"$0=""avg""",,
General-6-20260516-22:58:45-3592,runattr,,,network,flora.simulations.LoRaNetworkTest,,
General-6-20260516-22:58:45-3592,runattr,,,processid,3592,,
General-6-20260516-22:58:45-3592,runattr,,,repetition,6,,
General-6-20260516-22:58:45-3592,runattr,,,replication,#6,,
General-6-20260516-22:58:45-3592,runattr,,,resultdir,results,,
General-6-20260516-22:58:45-3592,runattr,,,runnumber,6,,
General-6-20260516-22:58:45-3592,runattr,,,seedset,6,,
General-6-20260516-22:58:45-3592,config,,,image-path,../../../inet4.4/images,,
General-6-20260516-22:58:45-3592,config,,,network,flora.simulations.LoRaNetworkTest,,
General-6-20260516-22:58:45-3592,config,,,output-vector-file,../results/n100-gw1-s6.ini.vec,,
General-6-20260516-22:58:45-3592,config,,,**.maxTransmissionDuration,4s,,
General-6-20260516-22:58:45-3592,config,,,**.energyDetection,-110dBm,,
General-6-20260516-22:58:45-3592,config,,,**.vector-recording,true,,
General-6-20260516-22:58:45-3592,config,,,rng-class,cMersenneTwister,,
General-6-20260516-22:58:45-3592,config,,,**.loRaGW[*].numUdpApps,1,,
General-6-20260516-22:58:45-3592,config,,,**.loRaGW[0].packetForwarder.localPort,2000,,
General-6-20260516-22:58:45-3592,config,,,**.loRaGW[0].packetForwarder.destPort,1000,,
General-6-20260516-22:58:45-3592,config,,,**.loRaGW[0].packetForwarder.destAddresses,"""networkServer""",,
General-6-20260516-22:58:45-3592,config,,,**.loRaGW[0].packetForwarder.indexNumber,0,,
General-6-20260516-22:58:45-3592,config,,,**.networkServer.numApps,1,,
General-6-20260516-22:58:45-3592,config,,,**.networkServer.**.evaluateADRinServer,true,,
General-6-20260516-22:58:45-3592,config,,,**.networkServer.app[0].typename,NetworkServerApp,,
General-6-20260516-22:58:45-3592,config,,,**.networkServer.app[0].destAddresses,"""loRaGW[0]""",,
General-6-20260516-22:58:45-3592,config,,,**.networkServer.app[0].destPort,2000,,
General-6-20260516-22:58:45-3592,config,,,**.networkServer.app[0].localPort,1000,,
General-6-20260516-22:58:45-3592,config,,,**.networkServer.app[0].adrMethod,"""avg""",,
General-6-20260516-22:58:45-3592,config,,,**.numberOfPacketsToSend,0,,
General-6-20260516-22:58:45-3592,config,,,sim-time-limit,3d,,
General-6-20260516-22:58:45-3592,config,,,warmup-period,2h,,
General-6-20260516-22:58:45-3592,config,,,simtime-resolution,-11,,
General-6-20260516-22:58:45-3592,config,,,repeat,20,,
General-6-20260516-22:58:45-3592,config,,,**.loRaNodes[{0..1}].app[0].timeToFirstPacket,"uniform(0h, 1h)",,
General-6-20260516-22:58:45-3592,config,,,**.loRaNodes[{0..1}].app[0].timeToNextPacket,1h,,
General-6-20260516-22:58:45-3592,config,,,**.loRaNodes[{2..3}].app[0].timeToFirstPacket,exponential(24h),,
General-6-20260516-22:58:45-3592,config,,,**.loRaNodes[{2..3}].app[0].timeToNextPacket,exponential(24h),,
General-6-20260516-22:58:45-3592,config,,,**.loRaNodes[{4..5}].app[0].timeToFirstPacket,exponential(4h),,
General-6-20260516-22:58:45-3592,config,,,**.loRaNodes[{4..5}].app[0].timeToNextPacket,exponential(4h),,
General-6-20260516-22:58:45-3592,config,,,**.alohaChannelModel,false,,
General-6-20260516-22:58:45-3592,config,,,**.loRaNodes[*].**.initFromDisplayString,false,,
General-6-20260516-22:58:45-3592,config,,,**.loRaNodes[*].**.evaluateADRinNode,true,,
General-6-20260516-22:58:45-3592,config,,,**.loRaNodes[*].**initialLoRaBW,125 kHz,,
General-6-20260516-22:58:45-3592,config,,,**.loRaNodes[*].**initialLoRaCR,4,,
General-6-20260516-22:58:45-3592,config,,,**.loRaNodes[*].numApps,1,,
General-6-20260516-22:58:45-3592,config,,,**.loRaNodes[*].app[0].typename,SimpleLoRaApp,,
General-6-20260516-22:58:45-3592,config,,,**.LoRaGWNic.radio.iAmGateway,true,,
General-6-20260516-22:58:45-3592,config,,,**.loRaGW[*].**.initFromDisplayString,false,,
General-6-20260516-22:58:45-3592,config,,,**.loRaNodes[*].LoRaNic.radio.energyConsumer.typename,LoRaEnergyConsumer,,
General-6-20260516-22:58:45-3592,config,,,**.loRaNodes[*].**.energySourceModule,"""^.IdealEpEnergyStorage""",,
General-6-20260516-22:58:45-3592,config,,,**.loRaNodes[*].LoRaNic.radio.energyConsumer.configFile,"xmldoc(""../energyConsumptionParameters.xml"")",,
General-6-20260516-22:58:45-3592,config,,,**.sigma,3.57,,
General-6-20260516-22:58:45-3592,config,,,**.constraintAreaMinX,0m,,
General-6-20260516-22:58:45-3592,config,,,**.constraintAreaMinY,0m,,
General-6-20260516-22:58:45-3592,config,,,**.constraintAreaMinZ,0m,,
General-6-20260516-22:58:45-3592,config,,,**.constraintAreaMaxZ,0m,,
General-6-20260516-22:58:45-3592,config,,,LoRaNetworkTest.**.radio.separateTransmissionParts,false,,
General-6-20260516-22:58:45-3592,config,,,LoRaNetworkTest.**.radio.separateReceptionParts,false,,
General-6-20260516-22:58:45-3592,config,,,**.ipv4Delayer.config,"xmldoc(""../cloudDelays.xml"")",,
General-6-20260516-22:58:45-3592,config,,,**.radio.radioMediumModule,"""LoRaMedium""",,
General-6-20260516-22:58:45-3592,config,,,**.LoRaMedium.pathLossType,"""LoRaLogNormalShadowing""",,
General-6-20260516-22:58:45-3592,config,,,**.minInterferenceTime,0s,,
General-6-20260516-22:58:45-3592,config,,,**.displayAddresses,false,,
General-6-20260516-22:58:45-3592,config,,,**.numberOfNodes,6,,
General-6-20260516-22:58:45-3592,config,,,**.numberOfGateways,1,,
General-6-20260516-22:58:45-3592,config,,,**.constraintAreaMaxX,2376.0m,,
General-6-20260516-22:58:45-3592,config,,,**.constraintAreaMaxY,1090.0m,,
General-6-20260516-22:58:45-3592,config,,,**.loRaGW[0].**.initialX,544.00m,,
General-6-20260516-22:58:45-3592,config,,,**.loRaGW[0].**.initialY,544.00m,,
General-6-20260516-22:58:45-3592,config,,,output-scalar-file,../results/n100-gw1-s6.ini.sca,,
General-6-20260516-22:58:45-3592,config,,,**.loRaNodes[0..1].app[0].sendInterval,1h,,
General-6-20260516-22:58:45-3592,config,,,**.loRaNodes[0].**.initialX,510.63m,,
General-6-20260516-22:58:45-3592,config,,,**.loRaNodes[0].**.initialY,500.08m,,
General-6-20260516-22:58:45-3592,config,,,**.loRaNodes[1].**.initialX,470.29m,,
General-6-20260516-22:58:45-3592,config,,,**.loRaNodes[1].**.initialY,520.24m,,
General-6-20260516-22:58:45-3592,config,,,**.loRaNodes[2].**.initialX,500.60m,,
General-6-20260516-22:58:45-3592,config,,,**.loRaNodes[2].**.initialY,590.25m,,
General-6-20260516-22:58:45-3592,config,,,**.loRaNodes[3].**.initialX,535.86m,,
General-6-20260516-22:58:45-3592,config,,,**.loRaNodes[3].**.initialY,590.63m,,
General-6-20260516-22:58:45-3592,config,,,**.loRaNodes[2..3].app[0].sendInterval,exponential(8760h),,
General-6-20260516-22:58:45-3592,config,,,**.loRaNodes[4..5].app[0].sendInterval,exponential(4h),,
General-6-20260516-22:58:45-3592,config,,,**.loRaNodes[4].**.initialX,650.85m,,
General-6-20260516-22:58:45-3592,config,,,**.loRaNodes[4].**.initialY,510.11m,,
General-6-20260516-22:58:45-3592,config,,,**.loRaNodes[5].**.initialX,680.27m,,
General-6-20260516-22:58:45-3592,config,,,**.loRaNodes[5].**.initialY,520.84m,,
General-6-20260516-22:58:45-3592,config,,,**.loRaNodes[0].**initialLoRaSF,8,,
General-6-20260516-22:58:45-3592,config,,,**.loRaNodes[0].**initialLoRaTP,8dBm,,
General-6-20260516-22:58:45-3592,config,,,**.loRaNodes[1].**initialLoRaSF,9,,
General-6-20260516-22:58:45-3592,config,,,**.loRaNodes[1].**initialLoRaTP,8dBm,,
General-6-20260516-22:58:45-3592,config,,,**.loRaNodes[2].**initialLoRaSF,7,,
General-6-20260516-22:58:45-3592,config,,,**.loRaNodes[2].**initialLoRaTP,8dBm,,
General-6-20260516-22:58:45-3592,config,,,**.loRaNodes[3].**initialLoRaSF,7,,
General-6-20260516-22:58:45-3592,config,,,**.loRaNodes[3].**initialLoRaTP,2dBm,,
General-6-20260516-22:58:45-3592,config,,,**.loRaNodes[4].**initialLoRaSF,8,,
General-6-20260516-22:58:45-3592,config,,,**.loRaNodes[4].**initialLoRaTP,8dBm,,
General-6-20260516-22:58:45-3592,config,,,**.loRaNodes[5].**initialLoRaSF,7,,
General-6-20260516-22:58:45-3592,config,,,**.loRaNodes[5].**initialLoRaTP,2dBm,,
General-6-20260516-22:58:45-3592,config,,,**.vector-recording,false,,
General-6-20260516-22:58:45-3592,config,,,**.loRaGW[*].packetForwarder.highQueueLength.vector-recording,true,,
General-6-20260516-22:58:45-3592,config,,,**.loRaGW[*].packetForwarder.lowQueueLength.vector-recording,true,,
General-6-20260516-22:58:45-3592,config,,,**.networkServer.app[0].delaySignal.vector-recording,true,,
General-6-20260516-22:58:45-3592,config,,,**.loRaNodes[*].app[0].packetsSent:scalar,true,,
General-6-20260516-22:58:45-3592,config,,,**.networkServer.app[0].totalReceivedPackets:scalar,true,,
General-6-20260516-22:58:45-3592,config,,,**.loRaGW[*].**.packetDropRate:scalar,true,,
General-11-20260516-23:18:24-3631,runattr,,,configname,General,,
General-11-20260516-23:18:24-3631,runattr,,,datetime,20260516-23:18:24,,
General-11-20260516-23:18:24-3631,runattr,,,datetimef,20260516-231824,,
General-11-20260516-23:18:24-3631,runattr,,,experiment,General,,
General-11-20260516-23:18:24-3631,runattr,,,inifile,n100-gw1.ini,,
General-11-20260516-23:18:24-3631,runattr,,,iterationvars,"$0=""avg""",,
General-11-20260516-23:18:24-3631,runattr,,,iterationvarsd,avg,,
General-11-20260516-23:18:24-3631,runattr,,,iterationvarsf,avg-,,
General-11-20260516-23:18:24-3631,runattr,,,measurement,"$0=""avg""",,
General-11-20260516-23:18:24-3631,runattr,,,network,flora.simulations.LoRaNetworkTest,,
General-11-20260516-23:18:24-3631,runattr,,,processid,3631,,
General-11-20260516-23:18:24-3631,runattr,,,repetition,11,,
General-11-20260516-23:18:24-3631,runattr,,,replication,#11,,
General-11-20260516-23:18:24-3631,runattr,,,resultdir,results,,
General-11-20260516-23:18:24-3631,runattr,,,runnumber,11,,
General-11-20260516-23:18:24-3631,runattr,,,seedset,11,,
General-11-20260516-23:18:24-3631,config,,,image-path,../../../inet4.4/images,,
General-11-20260516-23:18:24-3631,config,,,network,flora.simulations.LoRaNetworkTest,,
General-11-20260516-23:18:24-3631,config,,,output-vector-file,../results/n100-gw1-s11.ini.vec,,
General-11-20260516-23:18:24-3631,config,,,**.maxTransmissionDuration,4s,,
General-11-20260516-23:18:24-3631,config,,,**.energyDetection,-110dBm,,
General-11-20260516-23:18:24-3631,config,,,**.vector-recording,true,,
General-11-20260516-23:18:24-3631,config,,,rng-class,cMersenneTwister,,
General-11-20260516-23:18:24-3631,config,,,**.loRaGW[*].numUdpApps,1,,
General-11-20260516-23:18:24-3631,config,,,**.loRaGW[0].packetForwarder.localPort,2000,,
General-11-20260516-23:18:24-3631,config,,,**.loRaGW[0].packetForwarder.destPort,1000,,
General-11-20260516-23:18:24-3631,config,,,**.loRaGW[0].packetForwarder.destAddresses,"""networkServer""",,
General-11-20260516-23:18:24-3631,config,,,**.loRaGW[0].packetForwarder.indexNumber,0,,
General-11-20260516-23:18:24-3631,config,,,**.networkServer.numApps,1,,
General-11-20260516-23:18:24-3631,config,,,**.networkServer.**.evaluateADRinServer,true,,
General-11-20260516-23:18:24-3631,config,,,**.networkServer.app[0].typename,NetworkServerApp,,
General-11-20260516-23:18:24-3631,config,,,**.networkServer.app[0].destAddresses,"""loRaGW[0]""",,
General-11-20260516-23:18:24-3631,config,,,**.networkServer.app[0].destPort,2000,,
General-11-20260516-23:18:24-3631,config,,,**.networkServer.app[0].localPort,1000,,
General-11-20260516-23:18:24-3631,config,,,**.networkServer.app[0].adrMethod,"""avg""",,
General-11-20260516-23:18:24-3631,config,,,**.numberOfPacketsToSend,0,,
General-11-20260516-23:18:24-3631,config,,,sim-time-limit,3d,,
General-11-20260516-23:18:24-3631,config,,,warmup-period,2h,,
General-11-20260516-23:18:24-3631,config,,,simtime-resolution,-11,,
General-11-20260516-23:18:24-3631,config,,,repeat,20,,
General-11-20260516-23:18:24-3631,config,,,**.loRaNodes[{0..1}].app[0].timeToFirstPacket,"uniform(0h, 1h)",,
General-11-20260516-23:18:24-3631,config,,,**.loRaNodes[{0..1}].app[0].timeToNextPacket,1h,,
General-11-20260516-23:18:24-3631,config,,,**.loRaNodes[{2..3}].app[0].timeToFirstPacket,exponential(24h),,
General-11-20260516-23:18:24-3631,config,,,**.loRaNodes[{2..3}].app[0].timeToNextPacket,exponential(24h),,
General-11-20260516-23:18:24-3631,config,,,**.loRaNodes[{4..5}].app[0].timeToFirstPacket,exponential(4h),,
General-11-20260516-23:18:24-3631,config,,,**.loRaNodes[{4..5}].app[0].timeToNextPacket,exponential(4h),,
General-11-20260516-23:18:24-3631,config,,,**.alohaChannelModel,false,,
General-11-20260516-23:18:24-3631,config,,,**.loRaNodes[*].**.initFromDisplayString,false,,
General-11-20260516-23:18:24-3631,config,,,**.loRaNodes[*].**.evaluateADRinNode,true,,
General-11-20260516-23:18:24-3631,config,,,**.loRaNodes[*].**initialLoRaBW,125 kHz,,
General-11-20260516-23:18:24-3631,config,,,**.loRaNodes[*].**initialLoRaCR,4,,
General-11-20260516-23:18:24-3631,config,,,**.loRaNodes[*].numApps,1,,
General-11-20260516-23:18:24-3631,config,,,**.loRaNodes[*].app[0].typename,SimpleLoRaApp,,
General-11-20260516-23:18:24-3631,config,,,**.LoRaGWNic.radio.iAmGateway,true,,
General-11-20260516-23:18:24-3631,config,,,**.loRaGW[*].**.initFromDisplayString,false,,
General-11-20260516-23:18:24-3631,config,,,**.loRaNodes[*].LoRaNic.radio.energyConsumer.typename,LoRaEnergyConsumer,,
General-11-20260516-23:18:24-3631,config,,,**.loRaNodes[*].**.energySourceModule,"""^.IdealEpEnergyStorage""",,
General-11-20260516-23:18:24-3631,config,,,**.loRaNodes[*].LoRaNic.radio.energyConsumer.configFile,"xmldoc(""../energyConsumptionParameters.xml"")",,
General-11-20260516-23:18:24-3631,config,,,**.sigma,3.57,,
General-11-20260516-23:18:24-3631,config,,,**.constraintAreaMinX,0m,,
General-11-20260516-23:18:24-3631,config,,,**.constraintAreaMinY,0m,,
General-11-20260516-23:18:24-3631,config,,,**.constraintAreaMinZ,0m,,
General-11-20260516-23:18:24-3631,config,,,**.constraintAreaMaxZ,0m,,
General-11-20260516-23:18:24-3631,config,,,LoRaNetworkTest.**.radio.separateTransmissionParts,false,,
General-11-20260516-23:18:24-3631,config,,,LoRaNetworkTest.**.radio.separateReceptionParts,false,,
General-11-20260516-23:18:24-3631,config,,,**.ipv4Delayer.config,"xmldoc(""../cloudDelays.xml"")",,
General-11-20260516-23:18:24-3631,config,,,**.radio.radioMediumModule,"""LoRaMedium""",,
General-11-20260516-23:18:24-3631,config,,,**.LoRaMedium.pathLossType,"""LoRaLogNormalShadowing""",,
General-11-20260516-23:18:24-3631,config,,,**.minInterferenceTime,0s,,
General-11-20260516-23:18:24-3631,config,,,**.displayAddresses,false,,
General-11-20260516-23:18:24-3631,config,,,**.numberOfNodes,6,,
General-11-20260516-23:18:24-3631,config,,,**.numberOfGateways,1,,
General-11-20260516-23:18:24-3631,config,,,**.constraintAreaMaxX,2376.0m,,
General-11-20260516-23:18:24-3631,config,,,**.constraintAreaMaxY,1090.0m,,
General-11-20260516-23:18:24-3631,config,,,**.loRaGW[0].**.initialX,544.00m,,
General-11-20260516-23:18:24-3631,config,,,**.loRaGW[0].**.initialY,544.00m,,
General-11-20260516-23:18:24-3631,config,,,output-scalar-file,../results/n100-gw1-s11.ini.sca,,
General-11-20260516-23:18:24-3631,config,,,**.loRaNodes[0..1].app[0].sendInterval,1h,,
General-11-20260516-23:18:24-3631,config,,,**.loRaNodes[0].**.initialX,510.63m,,
General-11-20260516-23:18:24-3631,config,,,**.loRaNodes[0].**.initialY,500.08m,,
General-11-20260516-23:18:24-3631,config,,,**.loRaNodes[1].**.initialX,470.29m,,
General-11-20260516-23:18:24-3631,config,,,**.loRaNodes[1].**.initialY,520.24m,,
General-11-20260516-23:18:24-3631,config,,,**.loRaNodes[2].**.initialX,500.60m,,
General-11-20260516-23:18:24-3631,config,,,**.loRaNodes[2].**.initialY,590.25m,,
General-11-20260516-23:18:24-3631,config,,,**.loRaNodes[3].**.initialX,535.86m,,
General-11-20260516-23:18:24-3631,config,,,**.loRaNodes[3].**.initialY,590.63m,,
General-11-20260516-23:18:24-3631,config,,,**.loRaNodes[2..3].app[0].sendInterval,exponential(8760h),,
General-11-20260516-23:18:24-3631,config,,,**.loRaNodes[4..5].app[0].sendInterval,exponential(4h),,
General-11-20260516-23:18:24-3631,config,,,**.loRaNodes[4].**.initialX,650.85m,,
General-11-20260516-23:18:24-3631,config,,,**.loRaNodes[4].**.initialY,510.11m,,
General-11-20260516-23:18:24-3631,config,,,**.loRaNodes[5].**.initialX,680.27m,,
General-11-20260516-23:18:24-3631,config,,,**.loRaNodes[5].**.initialY,520.84m,,
General-11-20260516-23:18:24-3631,config,,,**.loRaNodes[0].**initialLoRaSF,8,,
General-11-20260516-23:18:24-3631,config,,,**.loRaNodes[0].**initialLoRaTP,8dBm,,
General-11-20260516-23:18:24-3631,config,,,**.loRaNodes[1].**initialLoRaSF,9,,
General-11-20260516-23:18:24-3631,config,,,**.loRaNodes[1].**initialLoRaTP,8dBm,,
General-11-20260516-23:18:24-3631,config,,,**.loRaNodes[2].**initialLoRaSF,7,,
General-11-20260516-23:18:24-3631,config,,,**.loRaNodes[2].**initialLoRaTP,8dBm,,
General-11-20260516-23:18:24-3631,config,,,**.loRaNodes[3].**initialLoRaSF,7,,
General-11-20260516-23:18:24-3631,config,,,**.loRaNodes[3].**initialLoRaTP,2dBm,,
General-11-20260516-23:18:24-3631,config,,,**.loRaNodes[4].**initialLoRaSF,8,,
General-11-20260516-23:18:24-3631,config,,,**.loRaNodes[4].**initialLoRaTP,8dBm,,
General-11-20260516-23:18:24-3631,config,,,**.loRaNodes[5].**initialLoRaSF,7,,
General-11-20260516-23:18:24-3631,config,,,**.loRaNodes[5].**initialLoRaTP,2dBm,,
General-11-20260516-23:18:24-3631,config,,,**.vector-recording,false,,
General-11-20260516-23:18:24-3631,config,,,**.loRaGW[*].packetForwarder.highQueueLength.vector-recording,true,,
General-11-20260516-23:18:24-3631,config,,,**.loRaGW[*].packetForwarder.lowQueueLength.vector-recording,true,,
General-11-20260516-23:18:24-3631,config,,,**.networkServer.app[0].delaySignal.vector-recording,true,,
General-11-20260516-23:18:24-3631,config,,,**.loRaNodes[*].app[0].packetsSent:scalar,true,,
General-11-20260516-23:18:24-3631,config,,,**.networkServer.app[0].totalReceivedPackets:scalar,true,,
General-11-20260516-23:18:24-3631,config,,,**.loRaGW[*].**.packetDropRate:scalar,true,,
General-5-20260516-22:54:41-3586,runattr,,,configname,General,,
General-5-20260516-22:54:41-3586,runattr,,,datetime,20260516-22:54:41,,
General-5-20260516-22:54:41-3586,runattr,,,datetimef,20260516-225441,,
General-5-20260516-22:54:41-3586,runattr,,,experiment,General,,
General-5-20260516-22:54:41-3586,runattr,,,inifile,n100-gw1.ini,,
General-5-20260516-22:54:41-3586,runattr,,,iterationvars,"$0=""avg""",,
General-5-20260516-22:54:41-3586,runattr,,,iterationvarsd,avg,,
General-5-20260516-22:54:41-3586,runattr,,,iterationvarsf,avg-,,
General-5-20260516-22:54:41-3586,runattr,,,measurement,"$0=""avg""",,
General-5-20260516-22:54:41-3586,runattr,,,network,flora.simulations.LoRaNetworkTest,,
General-5-20260516-22:54:41-3586,runattr,,,processid,3586,,
General-5-20260516-22:54:41-3586,runattr,,,repetition,5,,
General-5-20260516-22:54:41-3586,runattr,,,replication,#5,,
General-5-20260516-22:54:41-3586,runattr,,,resultdir,results,,
General-5-20260516-22:54:41-3586,runattr,,,runnumber,5,,
General-5-20260516-22:54:41-3586,runattr,,,seedset,5,,
General-5-20260516-22:54:41-3586,config,,,image-path,../../../inet4.4/images,,
General-5-20260516-22:54:41-3586,config,,,network,flora.simulations.LoRaNetworkTest,,
General-5-20260516-22:54:41-3586,config,,,output-vector-file,../results/n100-gw1-s5.ini.vec,,
General-5-20260516-22:54:41-3586,config,,,**.maxTransmissionDuration,4s,,
General-5-20260516-22:54:41-3586,config,,,**.energyDetection,-110dBm,,
General-5-20260516-22:54:41-3586,config,,,**.vector-recording,true,,
General-5-20260516-22:54:41-3586,config,,,rng-class,cMersenneTwister,,
General-5-20260516-22:54:41-3586,config,,,**.loRaGW[*].numUdpApps,1,,
General-5-20260516-22:54:41-3586,config,,,**.loRaGW[0].packetForwarder.localPort,2000,,
General-5-20260516-22:54:41-3586,config,,,**.loRaGW[0].packetForwarder.destPort,1000,,
General-5-20260516-22:54:41-3586,config,,,**.loRaGW[0].packetForwarder.destAddresses,"""networkServer""",,
General-5-20260516-22:54:41-3586,config,,,**.loRaGW[0].packetForwarder.indexNumber,0,,
General-5-20260516-22:54:41-3586,config,,,**.networkServer.numApps,1,,
General-5-20260516-22:54:41-3586,config,,,**.networkServer.**.evaluateADRinServer,true,,
General-5-20260516-22:54:41-3586,config,,,**.networkServer.app[0].typename,NetworkServerApp,,
General-5-20260516-22:54:41-3586,config,,,**.networkServer.app[0].destAddresses,"""loRaGW[0]""",,
General-5-20260516-22:54:41-3586,config,,,**.networkServer.app[0].destPort,2000,,
General-5-20260516-22:54:41-3586,config,,,**.networkServer.app[0].localPort,1000,,
General-5-20260516-22:54:41-3586,config,,,**.networkServer.app[0].adrMethod,"""avg""",,
General-5-20260516-22:54:41-3586,config,,,**.numberOfPacketsToSend,0,,
General-5-20260516-22:54:41-3586,config,,,sim-time-limit,3d,,
General-5-20260516-22:54:41-3586,config,,,warmup-period,2h,,
General-5-20260516-22:54:41-3586,config,,,simtime-resolution,-11,,
General-5-20260516-22:54:41-3586,config,,,repeat,20,,
General-5-20260516-22:54:41-3586,config,,,**.loRaNodes[{0..1}].app[0].timeToFirstPacket,"uniform(0h, 1h)",,
General-5-20260516-22:54:41-3586,config,,,**.loRaNodes[{0..1}].app[0].timeToNextPacket,1h,,
General-5-20260516-22:54:41-3586,config,,,**.loRaNodes[{2..3}].app[0].timeToFirstPacket,exponential(24h),,
General-5-20260516-22:54:41-3586,config,,,**.loRaNodes[{2..3}].app[0].timeToNextPacket,exponential(24h),,
General-5-20260516-22:54:41-3586,config,,,**.loRaNodes[{4..5}].app[0].timeToFirstPacket,exponential(4h),,
General-5-20260516-22:54:41-3586,config,,,**.loRaNodes[{4..5}].app[0].timeToNextPacket,exponential(4h),,
General-5-20260516-22:54:41-3586,config,,,**.alohaChannelModel,false,,
General-5-20260516-22:54:41-3586,config,,,**.loRaNodes[*].**.initFromDisplayString,false,,
General-5-20260516-22:54:41-3586,config,,,**.loRaNodes[*].**.evaluateADRinNode,true,,
General-5-20260516-22:54:41-3586,config,,,**.loRaNodes[*].**initialLoRaBW,125 kHz,,
General-5-20260516-22:54:41-3586,config,,,**.loRaNodes[*].**initialLoRaCR,4,,
General-5-20260516-22:54:41-3586,config,,,**.loRaNodes[*].numApps,1,,
General-5-20260516-22:54:41-3586,config,,,**.loRaNodes[*].app[0].typename,SimpleLoRaApp,,
General-5-20260516-22:54:41-3586,config,,,**.LoRaGWNic.radio.iAmGateway,true,,
General-5-20260516-22:54:41-3586,config,,,**.loRaGW[*].**.initFromDisplayString,false,,
General-5-20260516-22:54:41-3586,config,,,**.loRaNodes[*].LoRaNic.radio.energyConsumer.typename,LoRaEnergyConsumer,,
General-5-20260516-22:54:41-3586,config,,,**.loRaNodes[*].**.energySourceModule,"""^.IdealEpEnergyStorage""",,
General-5-20260516-22:54:41-3586,config,,,**.loRaNodes[*].LoRaNic.radio.energyConsumer.configFile,"xmldoc(""../energyConsumptionParameters.xml"")",,
General-5-20260516-22:54:41-3586,config,,,**.sigma,3.57,,
General-5-20260516-22:54:41-3586,config,,,**.constraintAreaMinX,0m,,
General-5-20260516-22:54:41-3586,config,,,**.constraintAreaMinY,0m,,
General-5-20260516-22:54:41-3586,config,,,**.constraintAreaMinZ,0m,,
General-5-20260516-22:54:41-3586,config,,,**.constraintAreaMaxZ,0m,,
General-5-20260516-22:54:41-3586,config,,,LoRaNetworkTest.**.radio.separateTransmissionParts,false,,
General-5-20260516-22:54:41-3586,config,,,LoRaNetworkTest.**.radio.separateReceptionParts,false,,
General-5-20260516-22:54:41-3586,config,,,**.ipv4Delayer.config,"xmldoc(""../cloudDelays.xml"")",,
General-5-20260516-22:54:41-3586,config,,,**.radio.radioMediumModule,"""LoRaMedium""",,
General-5-20260516-22:54:41-3586,config,,,**.LoRaMedium.pathLossType,"""LoRaLogNormalShadowing""",,
General-5-20260516-22:54:41-3586,config,,,**.minInterferenceTime,0s,,
General-5-20260516-22:54:41-3586,config,,,**.displayAddresses,false,,
General-5-20260516-22:54:41-3586,config,,,**.numberOfNodes,6,,
General-5-20260516-22:54:41-3586,config,,,**.numberOfGateways,1,,
General-5-20260516-22:54:41-3586,config,,,**.constraintAreaMaxX,2376.0m,,
General-5-20260516-22:54:41-3586,config,,,**.constraintAreaMaxY,1090.0m,,
General-5-20260516-22:54:41-3586,config,,,**.loRaGW[0].**.initialX,544.00m,,
General-5-20260516-22:54:41-3586,config,,,**.loRaGW[0].**.initialY,544.00m,,
General-5-20260516-22:54:41-3586,config,,,output-scalar-file,../results/n100-gw1-s5.ini.sca,,
General-5-20260516-22:54:41-3586,config,,,**.loRaNodes[0..1].app[0].sendInterval,1h,,
General-5-20260516-22:54:41-3586,config,,,**.loRaNodes[0].**.initialX,510.63m,,
General-5-20260516-22:54:41-3586,config,,,**.loRaNodes[0].**.initialY,500.08m,,
General-5-20260516-22:54:41-3586,config,,,**.loRaNodes[1].**.initialX,470.29m,,
General-5-20260516-22:54:41-3586,config,,,**.loRaNodes[1].**.initialY,520.24m,,
General-5-20260516-22:54:41-3586,config,,,**.loRaNodes[2].**.initialX,500.60m,,
General-5-20260516-22:54:41-3586,config,,,**.loRaNodes[2].**.initialY,590.25m,,
General-5-20260516-22:54:41-3586,config,,,**.loRaNodes[3].**.initialX,535.86m,,
General-5-20260516-22:54:41-3586,config,,,**.loRaNodes[3].**.initialY,590.63m,,
General-5-20260516-22:54:41-3586,config,,,**.loRaNodes[2..3].app[0].sendInterval,exponential(8760h),,
General-5-20260516-22:54:41-3586,config,,,**.loRaNodes[4..5].app[0].sendInterval,exponential(4h),,
General-5-20260516-22:54:41-3586,config,,,**.loRaNodes[4].**.initialX,650.85m,,
General-5-20260516-22:54:41-3586,config,,,**.loRaNodes[4].**.initialY,510.11m,,
General-5-20260516-22:54:41-3586,config,,,**.loRaNodes[5].**.initialX,680.27m,,
General-5-20260516-22:54:41-3586,config,,,**.loRaNodes[5].**.initialY,520.84m,,
General-5-20260516-22:54:41-3586,config,,,**.loRaNodes[0].**initialLoRaSF,8,,
General-5-20260516-22:54:41-3586,config,,,**.loRaNodes[0].**initialLoRaTP,8dBm,,
General-5-20260516-22:54:41-3586,config,,,**.loRaNodes[1].**initialLoRaSF,9,,
General-5-20260516-22:54:41-3586,config,,,**.loRaNodes[1].**initialLoRaTP,8dBm,,
General-5-20260516-22:54:41-3586,config,,,**.loRaNodes[2].**initialLoRaSF,7,,
General-5-20260516-22:54:41-3586,config,,,**.loRaNodes[2].**initialLoRaTP,8dBm,,
General-5-20260516-22:54:41-3586,config,,,**.loRaNodes[3].**initialLoRaSF,7,,
General-5-20260516-22:54:41-3586,config,,,**.loRaNodes[3].**initialLoRaTP,2dBm,,
General-5-20260516-22:54:41-3586,config,,,**.loRaNodes[4].**initialLoRaSF,8,,
General-5-20260516-22:54:41-3586,config,,,**.loRaNodes[4].**initialLoRaTP,8dBm,,
General-5-20260516-22:54:41-3586,config,,,**.loRaNodes[5].**initialLoRaSF,7,,
General-5-20260516-22:54:41-3586,config,,,**.loRaNodes[5].**initialLoRaTP,2dBm,,
General-5-20260516-22:54:41-3586,config,,,**.vector-recording,false,,
General-5-20260516-22:54:41-3586,config,,,**.loRaGW[*].packetForwarder.highQueueLength.vector-recording,true,,
General-5-20260516-22:54:41-3586,config,,,**.loRaGW[*].packetForwarder.lowQueueLength.vector-recording,true,,
General-5-20260516-22:54:41-3586,config,,,**.networkServer.app[0].delaySignal.vector-recording,true,,
General-5-20260516-22:54:41-3586,config,,,**.loRaNodes[*].app[0].packetsSent:scalar,true,,
General-5-20260516-22:54:41-3586,config,,,**.networkServer.app[0].totalReceivedPackets:scalar,true,,
General-5-20260516-22:54:41-3586,config,,,**.loRaGW[*].**.packetDropRate:scalar,true,,
General-1-20260516-22:39:03-3562,runattr,,,configname,General,,
General-1-20260516-22:39:03-3562,runattr,,,datetime,20260516-22:39:03,,
General-1-20260516-22:39:03-3562,runattr,,,datetimef,20260516-223903,,
General-1-20260516-22:39:03-3562,runattr,,,experiment,General,,
General-1-20260516-22:39:03-3562,runattr,,,inifile,n100-gw1.ini,,
General-1-20260516-22:39:03-3562,runattr,,,iterationvars,"$0=""avg""",,
General-1-20260516-22:39:03-3562,runattr,,,iterationvarsd,avg,,
General-1-20260516-22:39:03-3562,runattr,,,iterationvarsf,avg-,,
General-1-20260516-22:39:03-3562,runattr,,,measurement,"$0=""avg""",,
General-1-20260516-22:39:03-3562,runattr,,,network,flora.simulations.LoRaNetworkTest,,
General-1-20260516-22:39:03-3562,runattr,,,processid,3562,,
General-1-20260516-22:39:03-3562,runattr,,,repetition,1,,
General-1-20260516-22:39:03-3562,runattr,,,replication,#1,,
General-1-20260516-22:39:03-3562,runattr,,,resultdir,results,,
General-1-20260516-22:39:03-3562,runattr,,,runnumber,1,,
General-1-20260516-22:39:03-3562,runattr,,,seedset,1,,
General-1-20260516-22:39:03-3562,config,,,image-path,../../../inet4.4/images,,
General-1-20260516-22:39:03-3562,config,,,network,flora.simulations.LoRaNetworkTest,,
General-1-20260516-22:39:03-3562,config,,,output-vector-file,../results/n100-gw1-s1.ini.vec,,
General-1-20260516-22:39:03-3562,config,,,**.maxTransmissionDuration,4s,,
General-1-20260516-22:39:03-3562,config,,,**.energyDetection,-110dBm,,
General-1-20260516-22:39:03-3562,config,,,**.vector-recording,true,,
General-1-20260516-22:39:03-3562,config,,,rng-class,cMersenneTwister,,
General-1-20260516-22:39:03-3562,config,,,**.loRaGW[*].numUdpApps,1,,
General-1-20260516-22:39:03-3562,config,,,**.loRaGW[0].packetForwarder.localPort,2000,,
General-1-20260516-22:39:03-3562,config,,,**.loRaGW[0].packetForwarder.destPort,1000,,
General-1-20260516-22:39:03-3562,config,,,**.loRaGW[0].packetForwarder.destAddresses,"""networkServer""",,
General-1-20260516-22:39:03-3562,config,,,**.loRaGW[0].packetForwarder.indexNumber,0,,
General-1-20260516-22:39:03-3562,config,,,**.networkServer.numApps,1,,
General-1-20260516-22:39:03-3562,config,,,**.networkServer.**.evaluateADRinServer,true,,
General-1-20260516-22:39:03-3562,config,,,**.networkServer.app[0].typename,NetworkServerApp,,
General-1-20260516-22:39:03-3562,config,,,**.networkServer.app[0].destAddresses,"""loRaGW[0]""",,
General-1-20260516-22:39:03-3562,config,,,**.networkServer.app[0].destPort,2000,,
General-1-20260516-22:39:03-3562,config,,,**.networkServer.app[0].localPort,1000,,
General-1-20260516-22:39:03-3562,config,,,**.networkServer.app[0].adrMethod,"""avg""",,
General-1-20260516-22:39:03-3562,config,,,**.numberOfPacketsToSend,0,,
General-1-20260516-22:39:03-3562,config,,,sim-time-limit,3d,,
General-1-20260516-22:39:03-3562,config,,,warmup-period,2h,,
General-1-20260516-22:39:03-3562,config,,,simtime-resolution,-11,,
General-1-20260516-22:39:03-3562,config,,,repeat,20,,
General-1-20260516-22:39:03-3562,config,,,**.loRaNodes[{0..1}].app[0].timeToFirstPacket,"uniform(0h, 1h)",,
General-1-20260516-22:39:03-3562,config,,,**.loRaNodes[{0..1}].app[0].timeToNextPacket,1h,,
General-1-20260516-22:39:03-3562,config,,,**.loRaNodes[{2..3}].app[0].timeToFirstPacket,exponential(24h),,
General-1-20260516-22:39:03-3562,config,,,**.loRaNodes[{2..3}].app[0].timeToNextPacket,exponential(24h),,
General-1-20260516-22:39:03-3562,config,,,**.loRaNodes[{4..5}].app[0].timeToFirstPacket,exponential(4h),,
General-1-20260516-22:39:03-3562,config,,,**.loRaNodes[{4..5}].app[0].timeToNextPacket,exponential(4h),,
General-1-20260516-22:39:03-3562,config,,,**.alohaChannelModel,false,,
General-1-20260516-22:39:03-3562,config,,,**.loRaNodes[*].**.initFromDisplayString,false,,
General-1-20260516-22:39:03-3562,config,,,**.loRaNodes[*].**.evaluateADRinNode,true,,
General-1-20260516-22:39:03-3562,config,,,**.loRaNodes[*].**initialLoRaBW,125 kHz,,
General-1-20260516-22:39:03-3562,config,,,**.loRaNodes[*].**initialLoRaCR,4,,
General-1-20260516-22:39:03-3562,config,,,**.loRaNodes[*].numApps,1,,
General-1-20260516-22:39:03-3562,config,,,**.loRaNodes[*].app[0].typename,SimpleLoRaApp,,
General-1-20260516-22:39:03-3562,config,,,**.LoRaGWNic.radio.iAmGateway,true,,
General-1-20260516-22:39:03-3562,config,,,**.loRaGW[*].**.initFromDisplayString,false,,
General-1-20260516-22:39:03-3562,config,,,**.loRaNodes[*].LoRaNic.radio.energyConsumer.typename,LoRaEnergyConsumer,,
General-1-20260516-22:39:03-3562,config,,,**.loRaNodes[*].**.energySourceModule,"""^.IdealEpEnergyStorage""",,
General-1-20260516-22:39:03-3562,config,,,**.loRaNodes[*].LoRaNic.radio.energyConsumer.configFile,"xmldoc(""../energyConsumptionParameters.xml"")",,
General-1-20260516-22:39:03-3562,config,,,**.sigma,3.57,,
General-1-20260516-22:39:03-3562,config,,,**.constraintAreaMinX,0m,,
General-1-20260516-22:39:03-3562,config,,,**.constraintAreaMinY,0m,,
General-1-20260516-22:39:03-3562,config,,,**.constraintAreaMinZ,0m,,
General-1-20260516-22:39:03-3562,config,,,**.constraintAreaMaxZ,0m,,
General-1-20260516-22:39:03-3562,config,,,LoRaNetworkTest.**.radio.separateTransmissionParts,false,,
General-1-20260516-22:39:03-3562,config,,,LoRaNetworkTest.**.radio.separateReceptionParts,false,,
General-1-20260516-22:39:03-3562,config,,,**.ipv4Delayer.config,"xmldoc(""../cloudDelays.xml"")",,
General-1-20260516-22:39:03-3562,config,,,**.radio.radioMediumModule,"""LoRaMedium""",,
General-1-20260516-22:39:03-3562,config,,,**.LoRaMedium.pathLossType,"""LoRaLogNormalShadowing""",,
General-1-20260516-22:39:03-3562,config,,,**.minInterferenceTime,0s,,
General-1-20260516-22:39:03-3562,config,,,**.displayAddresses,false,,
General-1-20260516-22:39:03-3562,config,,,**.numberOfNodes,6,,
General-1-20260516-22:39:03-3562,config,,,**.numberOfGateways,1,,
General-1-20260516-22:39:03-3562,config,,,**.constraintAreaMaxX,2376.0m,,
General-1-20260516-22:39:03-3562,config,,,**.constraintAreaMaxY,1090.0m,,
General-1-20260516-22:39:03-3562,config,,,**.loRaGW[0].**.initialX,544.00m,,
General-1-20260516-22:39:03-3562,config,,,**.loRaGW[0].**.initialY,544.00m,,
General-1-20260516-22:39:03-3562,config,,,output-scalar-file,../results/n100-gw1-s1.ini.sca,,
General-1-20260516-22:39:03-3562,config,,,**.loRaNodes[0..1].app[0].sendInterval,1h,,
General-1-20260516-22:39:03-3562,config,,,**.loRaNodes[0].**.initialX,510.63m,,
General-1-20260516-22:39:03-3562,config,,,**.loRaNodes[0].**.initialY,500.08m,,
General-1-20260516-22:39:03-3562,config,,,**.loRaNodes[1].**.initialX,470.29m,,
General-1-20260516-22:39:03-3562,config,,,**.loRaNodes[1].**.initialY,520.24m,,
General-1-20260516-22:39:03-3562,config,,,**.loRaNodes[2].**.initialX,500.60m,,
General-1-20260516-22:39:03-3562,config,,,**.loRaNodes[2].**.initialY,590.25m,,
General-1-20260516-22:39:03-3562,config,,,**.loRaNodes[3].**.initialX,535.86m,,
General-1-20260516-22:39:03-3562,config,,,**.loRaNodes[3].**.initialY,590.63m,,
General-1-20260516-22:39:03-3562,config,,,**.loRaNodes[2..3].app[0].sendInterval,exponential(8760h),,
General-1-20260516-22:39:03-3562,config,,,**.loRaNodes[4..5].app[0].sendInterval,exponential(4h),,
General-1-20260516-22:39:03-3562,config,,,**.loRaNodes[4].**.initialX,650.85m,,
General-1-20260516-22:39:03-3562,config,,,**.loRaNodes[4].**.initialY,510.11m,,
General-1-20260516-22:39:03-3562,config,,,**.loRaNodes[5].**.initialX,680.27m,,
General-1-20260516-22:39:03-3562,config,,,**.loRaNodes[5].**.initialY,520.84m,,
General-1-20260516-22:39:03-3562,config,,,**.loRaNodes[0].**initialLoRaSF,8,,
General-1-20260516-22:39:03-3562,config,,,**.loRaNodes[0].**initialLoRaTP,8dBm,,
General-1-20260516-22:39:03-3562,config,,,**.loRaNodes[1].**initialLoRaSF,9,,
General-1-20260516-22:39:03-3562,config,,,**.loRaNodes[1].**initialLoRaTP,8dBm,,
General-1-20260516-22:39:03-3562,config,,,**.loRaNodes[2].**initialLoRaSF,7,,
General-1-20260516-22:39:03-3562,config,,,**.loRaNodes[2].**initialLoRaTP,8dBm,,
General-1-20260516-22:39:03-3562,config,,,**.loRaNodes[3].**initialLoRaSF,7,,
General-1-20260516-22:39:03-3562,config,,,**.loRaNodes[3].**initialLoRaTP,2dBm,,
General-1-20260516-22:39:03-3562,config,,,**.loRaNodes[4].**initialLoRaSF,8,,
General-1-20260516-22:39:03-3562,config,,,**.loRaNodes[4].**initialLoRaTP,8dBm,,
General-1-20260516-22:39:03-3562,config,,,**.loRaNodes[5].**initialLoRaSF,7,,
General-1-20260516-22:39:03-3562,config,,,**.loRaNodes[5].**initialLoRaTP,2dBm,,
General-1-20260516-22:39:03-3562,config,,,**.vector-recording,false,,
General-1-20260516-22:39:03-3562,config,,,**.loRaGW[*].packetForwarder.highQueueLength.vector-recording,true,,
General-1-20260516-22:39:03-3562,config,,,**.loRaGW[*].packetForwarder.lowQueueLength.vector-recording,true,,
General-1-20260516-22:39:03-3562,config,,,**.networkServer.app[0].delaySignal.vector-recording,true,,
General-1-20260516-22:39:03-3562,config,,,**.loRaNodes[*].app[0].packetsSent:scalar,true,,
General-1-20260516-22:39:03-3562,config,,,**.networkServer.app[0].totalReceivedPackets:scalar,true,,
General-1-20260516-22:39:03-3562,config,,,**.loRaGW[*].**.packetDropRate:scalar,true,,
General-0-20260516-22:34:32-3550,runattr,,,configname,General,,
General-0-20260516-22:34:32-3550,runattr,,,datetime,20260516-22:34:32,,
General-0-20260516-22:34:32-3550,runattr,,,datetimef,20260516-223432,,
General-0-20260516-22:34:32-3550,runattr,,,experiment,General,,
General-0-20260516-22:34:32-3550,runattr,,,inifile,n100-gw1.ini,,
General-0-20260516-22:34:32-3550,runattr,,,iterationvars,"$0=""avg""",,
General-0-20260516-22:34:32-3550,runattr,,,iterationvarsd,avg,,
General-0-20260516-22:34:32-3550,runattr,,,iterationvarsf,avg-,,
General-0-20260516-22:34:32-3550,runattr,,,measurement,"$0=""avg""",,
General-0-20260516-22:34:32-3550,runattr,,,network,flora.simulations.LoRaNetworkTest,,
General-0-20260516-22:34:32-3550,runattr,,,processid,3550,,
General-0-20260516-22:34:32-3550,runattr,,,repetition,0,,
General-0-20260516-22:34:32-3550,runattr,,,replication,#0,,
General-0-20260516-22:34:32-3550,runattr,,,resultdir,results,,
General-0-20260516-22:34:32-3550,runattr,,,runnumber,0,,
General-0-20260516-22:34:32-3550,runattr,,,seedset,0,,
General-0-20260516-22:34:32-3550,config,,,image-path,../../../inet4.4/images,,
General-0-20260516-22:34:32-3550,config,,,network,flora.simulations.LoRaNetworkTest,,
General-0-20260516-22:34:32-3550,config,,,output-vector-file,../results/n100-gw1-s0.ini.vec,,
General-0-20260516-22:34:32-3550,config,,,**.maxTransmissionDuration,4s,,
General-0-20260516-22:34:32-3550,config,,,**.energyDetection,-110dBm,,
General-0-20260516-22:34:32-3550,config,,,**.vector-recording,true,,
General-0-20260516-22:34:32-3550,config,,,rng-class,cMersenneTwister,,
General-0-20260516-22:34:32-3550,config,,,**.loRaGW[*].numUdpApps,1,,
General-0-20260516-22:34:32-3550,config,,,**.loRaGW[0].packetForwarder.localPort,2000,,
General-0-20260516-22:34:32-3550,config,,,**.loRaGW[0].packetForwarder.destPort,1000,,
General-0-20260516-22:34:32-3550,config,,,**.loRaGW[0].packetForwarder.destAddresses,"""networkServer""",,
General-0-20260516-22:34:32-3550,config,,,**.loRaGW[0].packetForwarder.indexNumber,0,,
General-0-20260516-22:34:32-3550,config,,,**.networkServer.numApps,1,,
General-0-20260516-22:34:32-3550,config,,,**.networkServer.**.evaluateADRinServer,true,,
General-0-20260516-22:34:32-3550,config,,,**.networkServer.app[0].typename,NetworkServerApp,,
General-0-20260516-22:34:32-3550,config,,,**.networkServer.app[0].destAddresses,"""loRaGW[0]""",,
General-0-20260516-22:34:32-3550,config,,,**.networkServer.app[0].destPort,2000,,
General-0-20260516-22:34:32-3550,config,,,**.networkServer.app[0].localPort,1000,,
General-0-20260516-22:34:32-3550,config,,,**.networkServer.app[0].adrMethod,"""avg""",,
General-0-20260516-22:34:32-3550,config,,,**.numberOfPacketsToSend,0,,
General-0-20260516-22:34:32-3550,config,,,sim-time-limit,3d,,
General-0-20260516-22:34:32-3550,config,,,warmup-period,2h,,
General-0-20260516-22:34:32-3550,config,,,simtime-resolution,-11,,
General-0-20260516-22:34:32-3550,config,,,repeat,20,,
General-0-20260516-22:34:32-3550,config,,,**.loRaNodes[{0..1}].app[0].timeToFirstPacket,"uniform(0h, 1h)",,
General-0-20260516-22:34:32-3550,config,,,**.loRaNodes[{0..1}].app[0].timeToNextPacket,1h,,
General-0-20260516-22:34:32-3550,config,,,**.loRaNodes[{2..3}].app[0].timeToFirstPacket,exponential(24h),,
General-0-20260516-22:34:32-3550,config,,,**.loRaNodes[{2..3}].app[0].timeToNextPacket,exponential(24h),,
General-0-20260516-22:34:32-3550,config,,,**.loRaNodes[{4..5}].app[0].timeToFirstPacket,exponential(4h),,
General-0-20260516-22:34:32-3550,config,,,**.loRaNodes[{4..5}].app[0].timeToNextPacket,exponential(4h),,
General-0-20260516-22:34:32-3550,config,,,**.alohaChannelModel,false,,
General-0-20260516-22:34:32-3550,config,,,**.loRaNodes[*].**.initFromDisplayString,false,,
General-0-20260516-22:34:32-3550,config,,,**.loRaNodes[*].**.evaluateADRinNode,true,,
General-0-20260516-22:34:32-3550,config,,,**.loRaNodes[*].**initialLoRaBW,125 kHz,,
General-0-20260516-22:34:32-3550,config,,,**.loRaNodes[*].**initialLoRaCR,4,,
General-0-20260516-22:34:32-3550,config,,,**.loRaNodes[*].numApps,1,,
General-0-20260516-22:34:32-3550,config,,,**.loRaNodes[*].app[0].typename,SimpleLoRaApp,,
General-0-20260516-22:34:32-3550,config,,,**.LoRaGWNic.radio.iAmGateway,true,,
General-0-20260516-22:34:32-3550,config,,,**.loRaGW[*].**.initFromDisplayString,false,,
General-0-20260516-22:34:32-3550,config,,,**.loRaNodes[*].LoRaNic.radio.energyConsumer.typename,LoRaEnergyConsumer,,
General-0-20260516-22:34:32-3550,config,,,**.loRaNodes[*].**.energySourceModule,"""^.IdealEpEnergyStorage""",,
General-0-20260516-22:34:32-3550,config,,,**.loRaNodes[*].LoRaNic.radio.energyConsumer.configFile,"xmldoc(""../energyConsumptionParameters.xml"")",,
General-0-20260516-22:34:32-3550,config,,,**.sigma,3.57,,
General-0-20260516-22:34:32-3550,config,,,**.constraintAreaMinX,0m,,
General-0-20260516-22:34:32-3550,config,,,**.constraintAreaMinY,0m,,
General-0-20260516-22:34:32-3550,config,,,**.constraintAreaMinZ,0m,,
General-0-20260516-22:34:32-3550,config,,,**.constraintAreaMaxZ,0m,,
General-0-20260516-22:34:32-3550,config,,,LoRaNetworkTest.**.radio.separateTransmissionParts,false,,
General-0-20260516-22:34:32-3550,config,,,LoRaNetworkTest.**.radio.separateReceptionParts,false,,
General-0-20260516-22:34:32-3550,config,,,**.ipv4Delayer.config,"xmldoc(""../cloudDelays.xml"")",,
General-0-20260516-22:34:32-3550,config,,,**.radio.radioMediumModule,"""LoRaMedium""",,
General-0-20260516-22:34:32-3550,config,,,**.LoRaMedium.pathLossType,"""LoRaLogNormalShadowing""",,
General-0-20260516-22:34:32-3550,config,,,**.minInterferenceTime,0s,,
General-0-20260516-22:34:32-3550,config,,,**.displayAddresses,false,,
General-0-20260516-22:34:32-3550,config,,,**.numberOfNodes,6,,
General-0-20260516-22:34:32-3550,config,,,**.numberOfGateways,1,,
General-0-20260516-22:34:32-3550,config,,,**.constraintAreaMaxX,2376.0m,,
General-0-20260516-22:34:32-3550,config,,,**.constraintAreaMaxY,1090.0m,,
General-0-20260516-22:34:32-3550,config,,,**.loRaGW[0].**.initialX,544.00m,,
General-0-20260516-22:34:32-3550,config,,,**.loRaGW[0].**.initialY,544.00m,,
General-0-20260516-22:34:32-3550,config,,,output-scalar-file,../results/n100-gw1-s0.ini.sca,,
General-0-20260516-22:34:32-3550,config,,,**.loRaNodes[0..1].app[0].sendInterval,1h,,
General-0-20260516-22:34:32-3550,config,,,**.loRaNodes[0].**.initialX,510.63m,,
General-0-20260516-22:34:32-3550,config,,,**.loRaNodes[0].**.initialY,500.08m,,
General-0-20260516-22:34:32-3550,config,,,**.loRaNodes[1].**.initialX,470.29m,,
General-0-20260516-22:34:32-3550,config,,,**.loRaNodes[1].**.initialY,520.24m,,
General-0-20260516-22:34:32-3550,config,,,**.loRaNodes[2].**.initialX,500.60m,,
General-0-20260516-22:34:32-3550,config,,,**.loRaNodes[2].**.initialY,590.25m,,
General-0-20260516-22:34:32-3550,config,,,**.loRaNodes[3].**.initialX,535.86m,,
General-0-20260516-22:34:32-3550,config,,,**.loRaNodes[3].**.initialY,590.63m,,
General-0-20260516-22:34:32-3550,config,,,**.loRaNodes[2..3].app[0].sendInterval,exponential(8760h),,
General-0-20260516-22:34:32-3550,config,,,**.loRaNodes[4..5].app[0].sendInterval,exponential(4h),,
General-0-20260516-22:34:32-3550,config,,,**.loRaNodes[4].**.initialX,650.85m,,
General-0-20260516-22:34:32-3550,config,,,**.loRaNodes[4].**.initialY,510.11m,,
General-0-20260516-22:34:32-3550,config,,,**.loRaNodes[5].**.initialX,680.27m,,
General-0-20260516-22:34:32-3550,config,,,**.loRaNodes[5].**.initialY,520.84m,,
General-0-20260516-22:34:32-3550,config,,,**.loRaNodes[0].**initialLoRaSF,8,,
General-0-20260516-22:34:32-3550,config,,,**.loRaNodes[0].**initialLoRaTP,8dBm,,
General-0-20260516-22:34:32-3550,config,,,**.loRaNodes[1].**initialLoRaSF,9,,
General-0-20260516-22:34:32-3550,config,,,**.loRaNodes[1].**initialLoRaTP,8dBm,,
General-0-20260516-22:34:32-3550,config,,,**.loRaNodes[2].**initialLoRaSF,7,,
General-0-20260516-22:34:32-3550,config,,,**.loRaNodes[2].**initialLoRaTP,8dBm,,
General-0-20260516-22:34:32-3550,config,,,**.loRaNodes[3].**initialLoRaSF,7,,
General-0-20260516-22:34:32-3550,config,,,**.loRaNodes[3].**initialLoRaTP,2dBm,,
General-0-20260516-22:34:32-3550,config,,,**.loRaNodes[4].**initialLoRaSF,8,,
General-0-20260516-22:34:32-3550,config,,,**.loRaNodes[4].**initialLoRaTP,8dBm,,
General-0-20260516-22:34:32-3550,config,,,**.loRaNodes[5].**initialLoRaSF,7,,
General-0-20260516-22:34:32-3550,config,,,**.loRaNodes[5].**initialLoRaTP,2dBm,,
General-0-20260516-22:34:32-3550,config,,,**.vector-recording,false,,
General-0-20260516-22:34:32-3550,config,,,**.loRaGW[*].packetForwarder.highQueueLength.vector-recording,true,,
General-0-20260516-22:34:32-3550,config,,,**.loRaGW[*].packetForwarder.lowQueueLength.vector-recording,true,,
General-0-20260516-22:34:32-3550,config,,,**.networkServer.app[0].delaySignal.vector-recording,true,,
General-0-20260516-22:34:32-3550,config,,,**.loRaNodes[*].app[0].packetsSent:scalar,true,,
General-0-20260516-22:34:32-3550,config,,,**.networkServer.app[0].totalReceivedPackets:scalar,true,,
General-0-20260516-22:34:32-3550,config,,,**.loRaGW[*].**.packetDropRate:scalar,true,,
General-10-20260516-23:14:20-3622,runattr,,,configname,General,,
General-10-20260516-23:14:20-3622,runattr,,,datetime,20260516-23:14:20,,
General-10-20260516-23:14:20-3622,runattr,,,datetimef,20260516-231420,,
General-10-20260516-23:14:20-3622,runattr,,,experiment,General,,
General-10-20260516-23:14:20-3622,runattr,,,inifile,n100-gw1.ini,,
General-10-20260516-23:14:20-3622,runattr,,,iterationvars,"$0=""avg""",,
General-10-20260516-23:14:20-3622,runattr,,,iterationvarsd,avg,,
General-10-20260516-23:14:20-3622,runattr,,,iterationvarsf,avg-,,
General-10-20260516-23:14:20-3622,runattr,,,measurement,"$0=""avg""",,
General-10-20260516-23:14:20-3622,runattr,,,network,flora.simulations.LoRaNetworkTest,,
General-10-20260516-23:14:20-3622,runattr,,,processid,3622,,
General-10-20260516-23:14:20-3622,runattr,,,repetition,10,,
General-10-20260516-23:14:20-3622,runattr,,,replication,#10,,
General-10-20260516-23:14:20-3622,runattr,,,resultdir,results,,
General-10-20260516-23:14:20-3622,runattr,,,runnumber,10,,
General-10-20260516-23:14:20-3622,runattr,,,seedset,10,,
General-10-20260516-23:14:20-3622,config,,,image-path,../../../inet4.4/images,,
General-10-20260516-23:14:20-3622,config,,,network,flora.simulations.LoRaNetworkTest,,
General-10-20260516-23:14:20-3622,config,,,output-vector-file,../results/n100-gw1-s10.ini.vec,,
General-10-20260516-23:14:20-3622,config,,,**.maxTransmissionDuration,4s,,
General-10-20260516-23:14:20-3622,config,,,**.energyDetection,-110dBm,,
General-10-20260516-23:14:20-3622,config,,,**.vector-recording,true,,
General-10-20260516-23:14:20-3622,config,,,rng-class,cMersenneTwister,,
General-10-20260516-23:14:20-3622,config,,,**.loRaGW[*].numUdpApps,1,,
General-10-20260516-23:14:20-3622,config,,,**.loRaGW[0].packetForwarder.localPort,2000,,
General-10-20260516-23:14:20-3622,config,,,**.loRaGW[0].packetForwarder.destPort,1000,,
General-10-20260516-23:14:20-3622,config,,,**.loRaGW[0].packetForwarder.destAddresses,"""networkServer""",,
General-10-20260516-23:14:20-3622,config,,,**.loRaGW[0].packetForwarder.indexNumber,0,,
General-10-20260516-23:14:20-3622,config,,,**.networkServer.numApps,1,,
General-10-20260516-23:14:20-3622,config,,,**.networkServer.**.evaluateADRinServer,true,,
General-10-20260516-23:14:20-3622,config,,,**.networkServer.app[0].typename,NetworkServerApp,,
General-10-20260516-23:14:20-3622,config,,,**.networkServer.app[0].destAddresses,"""loRaGW[0]""",,
General-10-20260516-23:14:20-3622,config,,,**.networkServer.app[0].destPort,2000,,
General-10-20260516-23:14:20-3622,config,,,**.networkServer.app[0].localPort,1000,,
General-10-20260516-23:14:20-3622,config,,,**.networkServer.app[0].adrMethod,"""avg""",,
General-10-20260516-23:14:20-3622,config,,,**.numberOfPacketsToSend,0,,
General-10-20260516-23:14:20-3622,config,,,sim-time-limit,3d,,
General-10-20260516-23:14:20-3622,config,,,warmup-period,2h,,
General-10-20260516-23:14:20-3622,config,,,simtime-resolution,-11,,
General-10-20260516-23:14:20-3622,config,,,repeat,20,,
General-10-20260516-23:14:20-3622,config,,,**.loRaNodes[{0..1}].app[0].timeToFirstPacket,"uniform(0h, 1h)",,
General-10-20260516-23:14:20-3622,config,,,**.loRaNodes[{0..1}].app[0].timeToNextPacket,1h,,
General-10-20260516-23:14:20-3622,config,,,**.loRaNodes[{2..3}].app[0].timeToFirstPacket,exponential(24h),,
General-10-20260516-23:14:20-3622,config,,,**.loRaNodes[{2..3}].app[0].timeToNextPacket,exponential(24h),,
General-10-20260516-23:14:20-3622,config,,,**.loRaNodes[{4..5}].app[0].timeToFirstPacket,exponential(4h),,
General-10-20260516-23:14:20-3622,config,,,**.loRaNodes[{4..5}].app[0].timeToNextPacket,exponential(4h),,
General-10-20260516-23:14:20-3622,config,,,**.alohaChannelModel,false,,
General-10-20260516-23:14:20-3622,config,,,**.loRaNodes[*].**.initFromDisplayString,false,,
General-10-20260516-23:14:20-3622,config,,,**.loRaNodes[*].**.evaluateADRinNode,true,,
General-10-20260516-23:14:20-3622,config,,,**.loRaNodes[*].**initialLoRaBW,125 kHz,,
General-10-20260516-23:14:20-3622,config,,,**.loRaNodes[*].**initialLoRaCR,4,,
General-10-20260516-23:14:20-3622,config,,,**.loRaNodes[*].numApps,1,,
General-10-20260516-23:14:20-3622,config,,,**.loRaNodes[*].app[0].typename,SimpleLoRaApp,,
General-10-20260516-23:14:20-3622,config,,,**.LoRaGWNic.radio.iAmGateway,true,,
General-10-20260516-23:14:20-3622,config,,,**.loRaGW[*].**.initFromDisplayString,false,,
General-10-20260516-23:14:20-3622,config,,,**.loRaNodes[*].LoRaNic.radio.energyConsumer.typename,LoRaEnergyConsumer,,
General-10-20260516-23:14:20-3622,config,,,**.loRaNodes[*].**.energySourceModule,"""^.IdealEpEnergyStorage""",,
General-10-20260516-23:14:20-3622,config,,,**.loRaNodes[*].LoRaNic.radio.energyConsumer.configFile,"xmldoc(""../energyConsumptionParameters.xml"")",,
General-10-20260516-23:14:20-3622,config,,,**.sigma,3.57,,
General-10-20260516-23:14:20-3622,config,,,**.constraintAreaMinX,0m,,
General-10-20260516-23:14:20-3622,config,,,**.constraintAreaMinY,0m,,
General-10-20260516-23:14:20-3622,config,,,**.constraintAreaMinZ,0m,,
General-10-20260516-23:14:20-3622,config,,,**.constraintAreaMaxZ,0m,,
General-10-20260516-23:14:20-3622,config,,,LoRaNetworkTest.**.radio.separateTransmissionParts,false,,
General-10-20260516-23:14:20-3622,config,,,LoRaNetworkTest.**.radio.separateReceptionParts,false,,
General-10-20260516-23:14:20-3622,config,,,**.ipv4Delayer.config,"xmldoc(""../cloudDelays.xml"")",,
General-10-20260516-23:14:20-3622,config,,,**.radio.radioMediumModule,"""LoRaMedium""",,
General-10-20260516-23:14:20-3622,config,,,**.LoRaMedium.pathLossType,"""LoRaLogNormalShadowing""",,
General-10-20260516-23:14:20-3622,config,,,**.minInterferenceTime,0s,,
General-10-20260516-23:14:20-3622,config,,,**.displayAddresses,false,,
General-10-20260516-23:14:20-3622,config,,,**.numberOfNodes,6,,
General-10-20260516-23:14:20-3622,config,,,**.numberOfGateways,1,,
General-10-20260516-23:14:20-3622,config,,,**.constraintAreaMaxX,2376.0m,,
General-10-20260516-23:14:20-3622,config,,,**.constraintAreaMaxY,1090.0m,,
General-10-20260516-23:14:20-3622,config,,,**.loRaGW[0].**.initialX,544.00m,,
General-10-20260516-23:14:20-3622,config,,,**.loRaGW[0].**.initialY,544.00m,,
General-10-20260516-23:14:20-3622,config,,,output-scalar-file,../results/n100-gw1-s10.ini.sca,,
General-10-20260516-23:14:20-3622,config,,,**.loRaNodes[0..1].app[0].sendInterval,1h,,
General-10-20260516-23:14:20-3622,config,,,**.loRaNodes[0].**.initialX,510.63m,,
General-10-20260516-23:14:20-3622,config,,,**.loRaNodes[0].**.initialY,500.08m,,
General-10-20260516-23:14:20-3622,config,,,**.loRaNodes[1].**.initialX,470.29m,,
General-10-20260516-23:14:20-3622,config,,,**.loRaNodes[1].**.initialY,520.24m,,
General-10-20260516-23:14:20-3622,config,,,**.loRaNodes[2].**.initialX,500.60m,,
General-10-20260516-23:14:20-3622,config,,,**.loRaNodes[2].**.initialY,590.25m,,
General-10-20260516-23:14:20-3622,config,,,**.loRaNodes[3].**.initialX,535.86m,,
General-10-20260516-23:14:20-3622,config,,,**.loRaNodes[3].**.initialY,590.63m,,
General-10-20260516-23:14:20-3622,config,,,**.loRaNodes[2..3].app[0].sendInterval,exponential(8760h),,
General-10-20260516-23:14:20-3622,config,,,**.loRaNodes[4..5].app[0].sendInterval,exponential(4h),,
General-10-20260516-23:14:20-3622,config,,,**.loRaNodes[4].**.initialX,650.85m,,
General-10-20260516-23:14:20-3622,config,,,**.loRaNodes[4].**.initialY,510.11m,,
General-10-20260516-23:14:20-3622,config,,,**.loRaNodes[5].**.initialX,680.27m,,
General-10-20260516-23:14:20-3622,config,,,**.loRaNodes[5].**.initialY,520.84m,,
General-10-20260516-23:14:20-3622,config,,,**.loRaNodes[0].**initialLoRaSF,8,,
General-10-20260516-23:14:20-3622,config,,,**.loRaNodes[0].**initialLoRaTP,8dBm,,
General-10-20260516-23:14:20-3622,config,,,**.loRaNodes[1].**initialLoRaSF,9,,
General-10-20260516-23:14:20-3622,config,,,**.loRaNodes[1].**initialLoRaTP,8dBm,,
General-10-20260516-23:14:20-3622,config,,,**.loRaNodes[2].**initialLoRaSF,7,,
General-10-20260516-23:14:20-3622,config,,,**.loRaNodes[2].**initialLoRaTP,8dBm,,
General-10-20260516-23:14:20-3622,config,,,**.loRaNodes[3].**initialLoRaSF,7,,
General-10-20260516-23:14:20-3622,config,,,**.loRaNodes[3].**initialLoRaTP,2dBm,,
General-10-20260516-23:14:20-3622,config,,,**.loRaNodes[4].**initialLoRaSF,8,,
General-10-20260516-23:14:20-3622,config,,,**.loRaNodes[4].**initialLoRaTP,8dBm,,
General-10-20260516-23:14:20-3622,config,,,**.loRaNodes[5].**initialLoRaSF,7,,
General-10-20260516-23:14:20-3622,config,,,**.loRaNodes[5].**initialLoRaTP,2dBm,,
General-10-20260516-23:14:20-3622,config,,,**.vector-recording,false,,
General-10-20260516-23:14:20-3622,config,,,**.loRaGW[*].packetForwarder.highQueueLength.vector-recording,true,,
General-10-20260516-23:14:20-3622,config,,,**.loRaGW[*].packetForwarder.lowQueueLength.vector-recording,true,,
General-10-20260516-23:14:20-3622,config,,,**.networkServer.app[0].delaySignal.vector-recording,true,,
General-10-20260516-23:14:20-3622,config,,,**.loRaNodes[*].app[0].packetsSent:scalar,true,,
General-10-20260516-23:14:20-3622,config,,,**.networkServer.app[0].totalReceivedPackets:scalar,true,,
General-10-20260516-23:14:20-3622,config,,,**.loRaGW[*].**.packetDropRate:scalar,true,,
General-4-20260516-22:50:49-3580,runattr,,,configname,General,,
General-4-20260516-22:50:49-3580,runattr,,,datetime,20260516-22:50:49,,
General-4-20260516-22:50:49-3580,runattr,,,datetimef,20260516-225049,,
General-4-20260516-22:50:49-3580,runattr,,,experiment,General,,
General-4-20260516-22:50:49-3580,runattr,,,inifile,n100-gw1.ini,,
General-4-20260516-22:50:49-3580,runattr,,,iterationvars,"$0=""avg""",,
General-4-20260516-22:50:49-3580,runattr,,,iterationvarsd,avg,,
General-4-20260516-22:50:49-3580,runattr,,,iterationvarsf,avg-,,
General-4-20260516-22:50:49-3580,runattr,,,measurement,"$0=""avg""",,
General-4-20260516-22:50:49-3580,runattr,,,network,flora.simulations.LoRaNetworkTest,,
General-4-20260516-22:50:49-3580,runattr,,,processid,3580,,
General-4-20260516-22:50:49-3580,runattr,,,repetition,4,,
General-4-20260516-22:50:49-3580,runattr,,,replication,#4,,
General-4-20260516-22:50:49-3580,runattr,,,resultdir,results,,
General-4-20260516-22:50:49-3580,runattr,,,runnumber,4,,
General-4-20260516-22:50:49-3580,runattr,,,seedset,4,,
General-4-20260516-22:50:49-3580,config,,,image-path,../../../inet4.4/images,,
General-4-20260516-22:50:49-3580,config,,,network,flora.simulations.LoRaNetworkTest,,
General-4-20260516-22:50:49-3580,config,,,output-vector-file,../results/n100-gw1-s4.ini.vec,,
General-4-20260516-22:50:49-3580,config,,,**.maxTransmissionDuration,4s,,
General-4-20260516-22:50:49-3580,config,,,**.energyDetection,-110dBm,,
General-4-20260516-22:50:49-3580,config,,,**.vector-recording,true,,
General-4-20260516-22:50:49-3580,config,,,rng-class,cMersenneTwister,,
General-4-20260516-22:50:49-3580,config,,,**.loRaGW[*].numUdpApps,1,,
General-4-20260516-22:50:49-3580,config,,,**.loRaGW[0].packetForwarder.localPort,2000,,
General-4-20260516-22:50:49-3580,config,,,**.loRaGW[0].packetForwarder.destPort,1000,,
General-4-20260516-22:50:49-3580,config,,,**.loRaGW[0].packetForwarder.destAddresses,"""networkServer""",,
General-4-20260516-22:50:49-3580,config,,,**.loRaGW[0].packetForwarder.indexNumber,0,,
General-4-20260516-22:50:49-3580,config,,,**.networkServer.numApps,1,,
General-4-20260516-22:50:49-3580,config,,,**.networkServer.**.evaluateADRinServer,true,,
General-4-20260516-22:50:49-3580,config,,,**.networkServer.app[0].typename,NetworkServerApp,,
General-4-20260516-22:50:49-3580,config,,,**.networkServer.app[0].destAddresses,"""loRaGW[0]""",,
General-4-20260516-22:50:49-3580,config,,,**.networkServer.app[0].destPort,2000,,
General-4-20260516-22:50:49-3580,config,,,**.networkServer.app[0].localPort,1000,,
General-4-20260516-22:50:49-3580,config,,,**.networkServer.app[0].adrMethod,"""avg""",,
General-4-20260516-22:50:49-3580,config,,,**.numberOfPacketsToSend,0,,
General-4-20260516-22:50:49-3580,config,,,sim-time-limit,3d,,
General-4-20260516-22:50:49-3580,config,,,warmup-period,2h,,
General-4-20260516-22:50:49-3580,config,,,simtime-resolution,-11,,
General-4-20260516-22:50:49-3580,config,,,repeat,20,,
General-4-20260516-22:50:49-3580,config,,,**.loRaNodes[{0..1}].app[0].timeToFirstPacket,"uniform(0h, 1h)",,
General-4-20260516-22:50:49-3580,config,,,**.loRaNodes[{0..1}].app[0].timeToNextPacket,1h,,
General-4-20260516-22:50:49-3580,config,,,**.loRaNodes[{2..3}].app[0].timeToFirstPacket,exponential(24h),,
General-4-20260516-22:50:49-3580,config,,,**.loRaNodes[{2..3}].app[0].timeToNextPacket,exponential(24h),,
General-4-20260516-22:50:49-3580,config,,,**.loRaNodes[{4..5}].app[0].timeToFirstPacket,exponential(4h),,
General-4-20260516-22:50:49-3580,config,,,**.loRaNodes[{4..5}].app[0].timeToNextPacket,exponential(4h),,
General-4-20260516-22:50:49-3580,config,,,**.alohaChannelModel,false,,
General-4-20260516-22:50:49-3580,config,,,**.loRaNodes[*].**.initFromDisplayString,false,,
General-4-20260516-22:50:49-3580,config,,,**.loRaNodes[*].**.evaluateADRinNode,true,,
General-4-20260516-22:50:49-3580,config,,,**.loRaNodes[*].**initialLoRaBW,125 kHz,,
General-4-20260516-22:50:49-3580,config,,,**.loRaNodes[*].**initialLoRaCR,4,,
General-4-20260516-22:50:49-3580,config,,,**.loRaNodes[*].numApps,1,,
General-4-20260516-22:50:49-3580,config,,,**.loRaNodes[*].app[0].typename,SimpleLoRaApp,,
General-4-20260516-22:50:49-3580,config,,,**.LoRaGWNic.radio.iAmGateway,true,,
General-4-20260516-22:50:49-3580,config,,,**.loRaGW[*].**.initFromDisplayString,false,,
General-4-20260516-22:50:49-3580,config,,,**.loRaNodes[*].LoRaNic.radio.energyConsumer.typename,LoRaEnergyConsumer,,
General-4-20260516-22:50:49-3580,config,,,**.loRaNodes[*].**.energySourceModule,"""^.IdealEpEnergyStorage""",,
General-4-20260516-22:50:49-3580,config,,,**.loRaNodes[*].LoRaNic.radio.energyConsumer.configFile,"xmldoc(""../energyConsumptionParameters.xml"")",,
General-4-20260516-22:50:49-3580,config,,,**.sigma,3.57,,
General-4-20260516-22:50:49-3580,config,,,**.constraintAreaMinX,0m,,
General-4-20260516-22:50:49-3580,config,,,**.constraintAreaMinY,0m,,
General-4-20260516-22:50:49-3580,config,,,**.constraintAreaMinZ,0m,,
General-4-20260516-22:50:49-3580,config,,,**.constraintAreaMaxZ,0m,,
General-4-20260516-22:50:49-3580,config,,,LoRaNetworkTest.**.radio.separateTransmissionParts,false,,
General-4-20260516-22:50:49-3580,config,,,LoRaNetworkTest.**.radio.separateReceptionParts,false,,
General-4-20260516-22:50:49-3580,config,,,**.ipv4Delayer.config,"xmldoc(""../cloudDelays.xml"")",,
General-4-20260516-22:50:49-3580,config,,,**.radio.radioMediumModule,"""LoRaMedium""",,
General-4-20260516-22:50:49-3580,config,,,**.LoRaMedium.pathLossType,"""LoRaLogNormalShadowing""",,
General-4-20260516-22:50:49-3580,config,,,**.minInterferenceTime,0s,,
General-4-20260516-22:50:49-3580,config,,,**.displayAddresses,false,,
General-4-20260516-22:50:49-3580,config,,,**.numberOfNodes,6,,
General-4-20260516-22:50:49-3580,config,,,**.numberOfGateways,1,,
General-4-20260516-22:50:49-3580,config,,,**.constraintAreaMaxX,2376.0m,,
General-4-20260516-22:50:49-3580,config,,,**.constraintAreaMaxY,1090.0m,,
General-4-20260516-22:50:49-3580,config,,,**.loRaGW[0].**.initialX,544.00m,,
General-4-20260516-22:50:49-3580,config,,,**.loRaGW[0].**.initialY,544.00m,,
General-4-20260516-22:50:49-3580,config,,,output-scalar-file,../results/n100-gw1-s4.ini.sca,,
General-4-20260516-22:50:49-3580,config,,,**.loRaNodes[0..1].app[0].sendInterval,1h,,
General-4-20260516-22:50:49-3580,config,,,**.loRaNodes[0].**.initialX,510.63m,,
General-4-20260516-22:50:49-3580,config,,,**.loRaNodes[0].**.initialY,500.08m,,
General-4-20260516-22:50:49-3580,config,,,**.loRaNodes[1].**.initialX,470.29m,,
General-4-20260516-22:50:49-3580,config,,,**.loRaNodes[1].**.initialY,520.24m,,
General-4-20260516-22:50:49-3580,config,,,**.loRaNodes[2].**.initialX,500.60m,,
General-4-20260516-22:50:49-3580,config,,,**.loRaNodes[2].**.initialY,590.25m,,
General-4-20260516-22:50:49-3580,config,,,**.loRaNodes[3].**.initialX,535.86m,,
General-4-20260516-22:50:49-3580,config,,,**.loRaNodes[3].**.initialY,590.63m,,
General-4-20260516-22:50:49-3580,config,,,**.loRaNodes[2..3].app[0].sendInterval,exponential(8760h),,
General-4-20260516-22:50:49-3580,config,,,**.loRaNodes[4..5].app[0].sendInterval,exponential(4h),,
General-4-20260516-22:50:49-3580,config,,,**.loRaNodes[4].**.initialX,650.85m,,
General-4-20260516-22:50:49-3580,config,,,**.loRaNodes[4].**.initialY,510.11m,,
General-4-20260516-22:50:49-3580,config,,,**.loRaNodes[5].**.initialX,680.27m,,
General-4-20260516-22:50:49-3580,config,,,**.loRaNodes[5].**.initialY,520.84m,,
General-4-20260516-22:50:49-3580,config,,,**.loRaNodes[0].**initialLoRaSF,8,,
General-4-20260516-22:50:49-3580,config,,,**.loRaNodes[0].**initialLoRaTP,8dBm,,
General-4-20260516-22:50:49-3580,config,,,**.loRaNodes[1].**initialLoRaSF,9,,
General-4-20260516-22:50:49-3580,config,,,**.loRaNodes[1].**initialLoRaTP,8dBm,,
General-4-20260516-22:50:49-3580,config,,,**.loRaNodes[2].**initialLoRaSF,7,,
General-4-20260516-22:50:49-3580,config,,,**.loRaNodes[2].**initialLoRaTP,8dBm,,
General-4-20260516-22:50:49-3580,config,,,**.loRaNodes[3].**initialLoRaSF,7,,
General-4-20260516-22:50:49-3580,config,,,**.loRaNodes[3].**initialLoRaTP,2dBm,,
General-4-20260516-22:50:49-3580,config,,,**.loRaNodes[4].**initialLoRaSF,8,,
General-4-20260516-22:50:49-3580,config,,,**.loRaNodes[4].**initialLoRaTP,8dBm,,
General-4-20260516-22:50:49-3580,config,,,**.loRaNodes[5].**initialLoRaSF,7,,
General-4-20260516-22:50:49-3580,config,,,**.loRaNodes[5].**initialLoRaTP,2dBm,,
General-4-20260516-22:50:49-3580,config,,,**.vector-recording,false,,
General-4-20260516-22:50:49-3580,config,,,**.loRaGW[*].packetForwarder.highQueueLength.vector-recording,true,,
General-4-20260516-22:50:49-3580,config,,,**.loRaGW[*].packetForwarder.lowQueueLength.vector-recording,true,,
General-4-20260516-22:50:49-3580,config,,,**.networkServer.app[0].delaySignal.vector-recording,true,,
General-4-20260516-22:50:49-3580,config,,,**.loRaNodes[*].app[0].packetsSent:scalar,true,,
General-4-20260516-22:50:49-3580,config,,,**.networkServer.app[0].totalReceivedPackets:scalar,true,,
General-4-20260516-22:50:49-3580,config,,,**.loRaGW[*].**.packetDropRate:scalar,true,,
General-18-20260516-23:45:29-3691,runattr,,,configname,General,,
General-18-20260516-23:45:29-3691,runattr,,,datetime,20260516-23:45:29,,
General-18-20260516-23:45:29-3691,runattr,,,datetimef,20260516-234529,,
General-18-20260516-23:45:29-3691,runattr,,,experiment,General,,
General-18-20260516-23:45:29-3691,runattr,,,inifile,n100-gw1.ini,,
General-18-20260516-23:45:29-3691,runattr,,,iterationvars,"$0=""avg""",,
General-18-20260516-23:45:29-3691,runattr,,,iterationvarsd,avg,,
General-18-20260516-23:45:29-3691,runattr,,,iterationvarsf,avg-,,
General-18-20260516-23:45:29-3691,runattr,,,measurement,"$0=""avg""",,
General-18-20260516-23:45:29-3691,runattr,,,network,flora.simulations.LoRaNetworkTest,,
General-18-20260516-23:45:29-3691,runattr,,,processid,3691,,
General-18-20260516-23:45:29-3691,runattr,,,repetition,18,,
General-18-20260516-23:45:29-3691,runattr,,,replication,#18,,
General-18-20260516-23:45:29-3691,runattr,,,resultdir,results,,
General-18-20260516-23:45:29-3691,runattr,,,runnumber,18,,
General-18-20260516-23:45:29-3691,runattr,,,seedset,18,,
General-18-20260516-23:45:29-3691,config,,,image-path,../../../inet4.4/images,,
General-18-20260516-23:45:29-3691,config,,,network,flora.simulations.LoRaNetworkTest,,
General-18-20260516-23:45:29-3691,config,,,output-vector-file,../results/n100-gw1-s18.ini.vec,,
General-18-20260516-23:45:29-3691,config,,,**.maxTransmissionDuration,4s,,
General-18-20260516-23:45:29-3691,config,,,**.energyDetection,-110dBm,,
General-18-20260516-23:45:29-3691,config,,,**.vector-recording,true,,
General-18-20260516-23:45:29-3691,config,,,rng-class,cMersenneTwister,,
General-18-20260516-23:45:29-3691,config,,,**.loRaGW[*].numUdpApps,1,,
General-18-20260516-23:45:29-3691,config,,,**.loRaGW[0].packetForwarder.localPort,2000,,
General-18-20260516-23:45:29-3691,config,,,**.loRaGW[0].packetForwarder.destPort,1000,,
General-18-20260516-23:45:29-3691,config,,,**.loRaGW[0].packetForwarder.destAddresses,"""networkServer""",,
General-18-20260516-23:45:29-3691,config,,,**.loRaGW[0].packetForwarder.indexNumber,0,,
General-18-20260516-23:45:29-3691,config,,,**.networkServer.numApps,1,,
General-18-20260516-23:45:29-3691,config,,,**.networkServer.**.evaluateADRinServer,true,,
General-18-20260516-23:45:29-3691,config,,,**.networkServer.app[0].typename,NetworkServerApp,,
General-18-20260516-23:45:29-3691,config,,,**.networkServer.app[0].destAddresses,"""loRaGW[0]""",,
General-18-20260516-23:45:29-3691,config,,,**.networkServer.app[0].destPort,2000,,
General-18-20260516-23:45:29-3691,config,,,**.networkServer.app[0].localPort,1000,,
General-18-20260516-23:45:29-3691,config,,,**.networkServer.app[0].adrMethod,"""avg""",,
General-18-20260516-23:45:29-3691,config,,,**.numberOfPacketsToSend,0,,
General-18-20260516-23:45:29-3691,config,,,sim-time-limit,3d,,
General-18-20260516-23:45:29-3691,config,,,warmup-period,2h,,
General-18-20260516-23:45:29-3691,config,,,simtime-resolution,-11,,
General-18-20260516-23:45:29-3691,config,,,repeat,20,,
General-18-20260516-23:45:29-3691,config,,,**.loRaNodes[{0..1}].app[0].timeToFirstPacket,"uniform(0h, 1h)",,
General-18-20260516-23:45:29-3691,config,,,**.loRaNodes[{0..1}].app[0].timeToNextPacket,1h,,
General-18-20260516-23:45:29-3691,config,,,**.loRaNodes[{2..3}].app[0].timeToFirstPacket,exponential(24h),,
General-18-20260516-23:45:29-3691,config,,,**.loRaNodes[{2..3}].app[0].timeToNextPacket,exponential(24h),,
General-18-20260516-23:45:29-3691,config,,,**.loRaNodes[{4..5}].app[0].timeToFirstPacket,exponential(4h),,
General-18-20260516-23:45:29-3691,config,,,**.loRaNodes[{4..5}].app[0].timeToNextPacket,exponential(4h),,
General-18-20260516-23:45:29-3691,config,,,**.alohaChannelModel,false,,
General-18-20260516-23:45:29-3691,config,,,**.loRaNodes[*].**.initFromDisplayString,false,,
General-18-20260516-23:45:29-3691,config,,,**.loRaNodes[*].**.evaluateADRinNode,true,,
General-18-20260516-23:45:29-3691,config,,,**.loRaNodes[*].**initialLoRaBW,125 kHz,,
General-18-20260516-23:45:29-3691,config,,,**.loRaNodes[*].**initialLoRaCR,4,,
General-18-20260516-23:45:29-3691,config,,,**.loRaNodes[*].numApps,1,,
General-18-20260516-23:45:29-3691,config,,,**.loRaNodes[*].app[0].typename,SimpleLoRaApp,,
General-18-20260516-23:45:29-3691,config,,,**.LoRaGWNic.radio.iAmGateway,true,,
General-18-20260516-23:45:29-3691,config,,,**.loRaGW[*].**.initFromDisplayString,false,,
General-18-20260516-23:45:29-3691,config,,,**.loRaNodes[*].LoRaNic.radio.energyConsumer.typename,LoRaEnergyConsumer,,
General-18-20260516-23:45:29-3691,config,,,**.loRaNodes[*].**.energySourceModule,"""^.IdealEpEnergyStorage""",,
General-18-20260516-23:45:29-3691,config,,,**.loRaNodes[*].LoRaNic.radio.energyConsumer.configFile,"xmldoc(""../energyConsumptionParameters.xml"")",,
General-18-20260516-23:45:29-3691,config,,,**.sigma,3.57,,
General-18-20260516-23:45:29-3691,config,,,**.constraintAreaMinX,0m,,
General-18-20260516-23:45:29-3691,config,,,**.constraintAreaMinY,0m,,
General-18-20260516-23:45:29-3691,config,,,**.constraintAreaMinZ,0m,,
General-18-20260516-23:45:29-3691,config,,,**.constraintAreaMaxZ,0m,,
General-18-20260516-23:45:29-3691,config,,,LoRaNetworkTest.**.radio.separateTransmissionParts,false,,
General-18-20260516-23:45:29-3691,config,,,LoRaNetworkTest.**.radio.separateReceptionParts,false,,
General-18-20260516-23:45:29-3691,config,,,**.ipv4Delayer.config,"xmldoc(""../cloudDelays.xml"")",,
General-18-20260516-23:45:29-3691,config,,,**.radio.radioMediumModule,"""LoRaMedium""",,
General-18-20260516-23:45:29-3691,config,,,**.LoRaMedium.pathLossType,"""LoRaLogNormalShadowing""",,
General-18-20260516-23:45:29-3691,config,,,**.minInterferenceTime,0s,,
General-18-20260516-23:45:29-3691,config,,,**.displayAddresses,false,,
General-18-20260516-23:45:29-3691,config,,,**.numberOfNodes,6,,
General-18-20260516-23:45:29-3691,config,,,**.numberOfGateways,1,,
General-18-20260516-23:45:29-3691,config,,,**.constraintAreaMaxX,2376.0m,,
General-18-20260516-23:45:29-3691,config,,,**.constraintAreaMaxY,1090.0m,,
General-18-20260516-23:45:29-3691,config,,,**.loRaGW[0].**.initialX,544.00m,,
General-18-20260516-23:45:29-3691,config,,,**.loRaGW[0].**.initialY,544.00m,,
General-18-20260516-23:45:29-3691,config,,,output-scalar-file,../results/n100-gw1-s18.ini.sca,,
General-18-20260516-23:45:29-3691,config,,,**.loRaNodes[0..1].app[0].sendInterval,1h,,
General-18-20260516-23:45:29-3691,config,,,**.loRaNodes[0].**.initialX,510.63m,,
General-18-20260516-23:45:29-3691,config,,,**.loRaNodes[0].**.initialY,500.08m,,
General-18-20260516-23:45:29-3691,config,,,**.loRaNodes[1].**.initialX,470.29m,,
General-18-20260516-23:45:29-3691,config,,,**.loRaNodes[1].**.initialY,520.24m,,
General-18-20260516-23:45:29-3691,config,,,**.loRaNodes[2].**.initialX,500.60m,,
General-18-20260516-23:45:29-3691,config,,,**.loRaNodes[2].**.initialY,590.25m,,
General-18-20260516-23:45:29-3691,config,,,**.loRaNodes[3].**.initialX,535.86m,,
General-18-20260516-23:45:29-3691,config,,,**.loRaNodes[3].**.initialY,590.63m,,
General-18-20260516-23:45:29-3691,config,,,**.loRaNodes[2..3].app[0].sendInterval,exponential(8760h),,
General-18-20260516-23:45:29-3691,config,,,**.loRaNodes[4..5].app[0].sendInterval,exponential(4h),,
General-18-20260516-23:45:29-3691,config,,,**.loRaNodes[4].**.initialX,650.85m,,
General-18-20260516-23:45:29-3691,config,,,**.loRaNodes[4].**.initialY,510.11m,,
General-18-20260516-23:45:29-3691,config,,,**.loRaNodes[5].**.initialX,680.27m,,
General-18-20260516-23:45:29-3691,config,,,**.loRaNodes[5].**.initialY,520.84m,,
General-18-20260516-23:45:29-3691,config,,,**.loRaNodes[0].**initialLoRaSF,8,,
General-18-20260516-23:45:29-3691,config,,,**.loRaNodes[0].**initialLoRaTP,8dBm,,
General-18-20260516-23:45:29-3691,config,,,**.loRaNodes[1].**initialLoRaSF,9,,
General-18-20260516-23:45:29-3691,config,,,**.loRaNodes[1].**initialLoRaTP,8dBm,,
General-18-20260516-23:45:29-3691,config,,,**.loRaNodes[2].**initialLoRaSF,7,,
General-18-20260516-23:45:29-3691,config,,,**.loRaNodes[2].**initialLoRaTP,8dBm,,
General-18-20260516-23:45:29-3691,config,,,**.loRaNodes[3].**initialLoRaSF,7,,
General-18-20260516-23:45:29-3691,config,,,**.loRaNodes[3].**initialLoRaTP,2dBm,,
General-18-20260516-23:45:29-3691,config,,,**.loRaNodes[4].**initialLoRaSF,8,,
General-18-20260516-23:45:29-3691,config,,,**.loRaNodes[4].**initialLoRaTP,8dBm,,
General-18-20260516-23:45:29-3691,config,,,**.loRaNodes[5].**initialLoRaSF,7,,
General-18-20260516-23:45:29-3691,config,,,**.loRaNodes[5].**initialLoRaTP,2dBm,,
General-18-20260516-23:45:29-3691,config,,,**.vector-recording,false,,
General-18-20260516-23:45:29-3691,config,,,**.loRaGW[*].packetForwarder.highQueueLength.vector-recording,true,,
General-18-20260516-23:45:29-3691,config,,,**.loRaGW[*].packetForwarder.lowQueueLength.vector-recording,true,,
General-18-20260516-23:45:29-3691,config,,,**.networkServer.app[0].delaySignal.vector-recording,true,,
General-18-20260516-23:45:29-3691,config,,,**.loRaNodes[*].app[0].packetsSent:scalar,true,,
General-18-20260516-23:45:29-3691,config,,,**.networkServer.app[0].totalReceivedPackets:scalar,true,,
General-18-20260516-23:45:29-3691,config,,,**.loRaGW[*].**.packetDropRate:scalar,true,,
General-9-20260516-23:10:21-3615,runattr,,,configname,General,,
General-9-20260516-23:10:21-3615,runattr,,,datetime,20260516-23:10:21,,
General-9-20260516-23:10:21-3615,runattr,,,datetimef,20260516-231021,,
General-9-20260516-23:10:21-3615,runattr,,,experiment,General,,
General-9-20260516-23:10:21-3615,runattr,,,inifile,n100-gw1.ini,,
General-9-20260516-23:10:21-3615,runattr,,,iterationvars,"$0=""avg""",,
General-9-20260516-23:10:21-3615,runattr,,,iterationvarsd,avg,,
General-9-20260516-23:10:21-3615,runattr,,,iterationvarsf,avg-,,
General-9-20260516-23:10:21-3615,runattr,,,measurement,"$0=""avg""",,
General-9-20260516-23:10:21-3615,runattr,,,network,flora.simulations.LoRaNetworkTest,,
General-9-20260516-23:10:21-3615,runattr,,,processid,3615,,
General-9-20260516-23:10:21-3615,runattr,,,repetition,9,,
General-9-20260516-23:10:21-3615,runattr,,,replication,#9,,
General-9-20260516-23:10:21-3615,runattr,,,resultdir,results,,
General-9-20260516-23:10:21-3615,runattr,,,runnumber,9,,
General-9-20260516-23:10:21-3615,runattr,,,seedset,9,,
General-9-20260516-23:10:21-3615,config,,,image-path,../../../inet4.4/images,,
General-9-20260516-23:10:21-3615,config,,,network,flora.simulations.LoRaNetworkTest,,
General-9-20260516-23:10:21-3615,config,,,output-vector-file,../results/n100-gw1-s9.ini.vec,,
General-9-20260516-23:10:21-3615,config,,,**.maxTransmissionDuration,4s,,
General-9-20260516-23:10:21-3615,config,,,**.energyDetection,-110dBm,,
General-9-20260516-23:10:21-3615,config,,,**.vector-recording,true,,
General-9-20260516-23:10:21-3615,config,,,rng-class,cMersenneTwister,,
General-9-20260516-23:10:21-3615,config,,,**.loRaGW[*].numUdpApps,1,,
General-9-20260516-23:10:21-3615,config,,,**.loRaGW[0].packetForwarder.localPort,2000,,
General-9-20260516-23:10:21-3615,config,,,**.loRaGW[0].packetForwarder.destPort,1000,,
General-9-20260516-23:10:21-3615,config,,,**.loRaGW[0].packetForwarder.destAddresses,"""networkServer""",,
General-9-20260516-23:10:21-3615,config,,,**.loRaGW[0].packetForwarder.indexNumber,0,,
General-9-20260516-23:10:21-3615,config,,,**.networkServer.numApps,1,,
General-9-20260516-23:10:21-3615,config,,,**.networkServer.**.evaluateADRinServer,true,,
General-9-20260516-23:10:21-3615,config,,,**.networkServer.app[0].typename,NetworkServerApp,,
General-9-20260516-23:10:21-3615,config,,,**.networkServer.app[0].destAddresses,"""loRaGW[0]""",,
General-9-20260516-23:10:21-3615,config,,,**.networkServer.app[0].destPort,2000,,
General-9-20260516-23:10:21-3615,config,,,**.networkServer.app[0].localPort,1000,,
General-9-20260516-23:10:21-3615,config,,,**.networkServer.app[0].adrMethod,"""avg""",,
General-9-20260516-23:10:21-3615,config,,,**.numberOfPacketsToSend,0,,
General-9-20260516-23:10:21-3615,config,,,sim-time-limit,3d,,
General-9-20260516-23:10:21-3615,config,,,warmup-period,2h,,
General-9-20260516-23:10:21-3615,config,,,simtime-resolution,-11,,
General-9-20260516-23:10:21-3615,config,,,repeat,20,,
General-9-20260516-23:10:21-3615,config,,,**.loRaNodes[{0..1}].app[0].timeToFirstPacket,"uniform(0h, 1h)",,
General-9-20260516-23:10:21-3615,config,,,**.loRaNodes[{0..1}].app[0].timeToNextPacket,1h,,
General-9-20260516-23:10:21-3615,config,,,**.loRaNodes[{2..3}].app[0].timeToFirstPacket,exponential(24h),,
General-9-20260516-23:10:21-3615,config,,,**.loRaNodes[{2..3}].app[0].timeToNextPacket,exponential(24h),,
General-9-20260516-23:10:21-3615,config,,,**.loRaNodes[{4..5}].app[0].timeToFirstPacket,exponential(4h),,
General-9-20260516-23:10:21-3615,config,,,**.loRaNodes[{4..5}].app[0].timeToNextPacket,exponential(4h),,
General-9-20260516-23:10:21-3615,config,,,**.alohaChannelModel,false,,
General-9-20260516-23:10:21-3615,config,,,**.loRaNodes[*].**.initFromDisplayString,false,,
General-9-20260516-23:10:21-3615,config,,,**.loRaNodes[*].**.evaluateADRinNode,true,,
General-9-20260516-23:10:21-3615,config,,,**.loRaNodes[*].**initialLoRaBW,125 kHz,,
General-9-20260516-23:10:21-3615,config,,,**.loRaNodes[*].**initialLoRaCR,4,,
General-9-20260516-23:10:21-3615,config,,,**.loRaNodes[*].numApps,1,,
General-9-20260516-23:10:21-3615,config,,,**.loRaNodes[*].app[0].typename,SimpleLoRaApp,,
General-9-20260516-23:10:21-3615,config,,,**.LoRaGWNic.radio.iAmGateway,true,,
General-9-20260516-23:10:21-3615,config,,,**.loRaGW[*].**.initFromDisplayString,false,,
General-9-20260516-23:10:21-3615,config,,,**.loRaNodes[*].LoRaNic.radio.energyConsumer.typename,LoRaEnergyConsumer,,
General-9-20260516-23:10:21-3615,config,,,**.loRaNodes[*].**.energySourceModule,"""^.IdealEpEnergyStorage""",,
General-9-20260516-23:10:21-3615,config,,,**.loRaNodes[*].LoRaNic.radio.energyConsumer.configFile,"xmldoc(""../energyConsumptionParameters.xml"")",,
General-9-20260516-23:10:21-3615,config,,,**.sigma,3.57,,
General-9-20260516-23:10:21-3615,config,,,**.constraintAreaMinX,0m,,
General-9-20260516-23:10:21-3615,config,,,**.constraintAreaMinY,0m,,
General-9-20260516-23:10:21-3615,config,,,**.constraintAreaMinZ,0m,,
General-9-20260516-23:10:21-3615,config,,,**.constraintAreaMaxZ,0m,,
General-9-20260516-23:10:21-3615,config,,,LoRaNetworkTest.**.radio.separateTransmissionParts,false,,
General-9-20260516-23:10:21-3615,config,,,LoRaNetworkTest.**.radio.separateReceptionParts,false,,
General-9-20260516-23:10:21-3615,config,,,**.ipv4Delayer.config,"xmldoc(""../cloudDelays.xml"")",,
General-9-20260516-23:10:21-3615,config,,,**.radio.radioMediumModule,"""LoRaMedium""",,
General-9-20260516-23:10:21-3615,config,,,**.LoRaMedium.pathLossType,"""LoRaLogNormalShadowing""",,
General-9-20260516-23:10:21-3615,config,,,**.minInterferenceTime,0s,,
General-9-20260516-23:10:21-3615,config,,,**.displayAddresses,false,,
General-9-20260516-23:10:21-3615,config,,,**.numberOfNodes,6,,
General-9-20260516-23:10:21-3615,config,,,**.numberOfGateways,1,,
General-9-20260516-23:10:21-3615,config,,,**.constraintAreaMaxX,2376.0m,,
General-9-20260516-23:10:21-3615,config,,,**.constraintAreaMaxY,1090.0m,,
General-9-20260516-23:10:21-3615,config,,,**.loRaGW[0].**.initialX,544.00m,,
General-9-20260516-23:10:21-3615,config,,,**.loRaGW[0].**.initialY,544.00m,,
General-9-20260516-23:10:21-3615,config,,,output-scalar-file,../results/n100-gw1-s9.ini.sca,,
General-9-20260516-23:10:21-3615,config,,,**.loRaNodes[0..1].app[0].sendInterval,1h,,
General-9-20260516-23:10:21-3615,config,,,**.loRaNodes[0].**.initialX,510.63m,,
General-9-20260516-23:10:21-3615,config,,,**.loRaNodes[0].**.initialY,500.08m,,
General-9-20260516-23:10:21-3615,config,,,**.loRaNodes[1].**.initialX,470.29m,,
General-9-20260516-23:10:21-3615,config,,,**.loRaNodes[1].**.initialY,520.24m,,
General-9-20260516-23:10:21-3615,config,,,**.loRaNodes[2].**.initialX,500.60m,,
General-9-20260516-23:10:21-3615,config,,,**.loRaNodes[2].**.initialY,590.25m,,
General-9-20260516-23:10:21-3615,config,,,**.loRaNodes[3].**.initialX,535.86m,,
General-9-20260516-23:10:21-3615,config,,,**.loRaNodes[3].**.initialY,590.63m,,
General-9-20260516-23:10:21-3615,config,,,**.loRaNodes[2..3].app[0].sendInterval,exponential(8760h),,
General-9-20260516-23:10:21-3615,config,,,**.loRaNodes[4..5].app[0].sendInterval,exponential(4h),,
General-9-20260516-23:10:21-3615,config,,,**.loRaNodes[4].**.initialX,650.85m,,
General-9-20260516-23:10:21-3615,config,,,**.loRaNodes[4].**.initialY,510.11m,,
General-9-20260516-23:10:21-3615,config,,,**.loRaNodes[5].**.initialX,680.27m,,
General-9-20260516-23:10:21-3615,config,,,**.loRaNodes[5].**.initialY,520.84m,,
General-9-20260516-23:10:21-3615,config,,,**.loRaNodes[0].**initialLoRaSF,8,,
General-9-20260516-23:10:21-3615,config,,,**.loRaNodes[0].**initialLoRaTP,8dBm,,
General-9-20260516-23:10:21-3615,config,,,**.loRaNodes[1].**initialLoRaSF,9,,
General-9-20260516-23:10:21-3615,config,,,**.loRaNodes[1].**initialLoRaTP,8dBm,,
General-9-20260516-23:10:21-3615,config,,,**.loRaNodes[2].**initialLoRaSF,7,,
General-9-20260516-23:10:21-3615,config,,,**.loRaNodes[2].**initialLoRaTP,8dBm,,
General-9-20260516-23:10:21-3615,config,,,**.loRaNodes[3].**initialLoRaSF,7,,
General-9-20260516-23:10:21-3615,config,,,**.loRaNodes[3].**initialLoRaTP,2dBm,,
General-9-20260516-23:10:21-3615,config,,,**.loRaNodes[4].**initialLoRaSF,8,,
General-9-20260516-23:10:21-3615,config,,,**.loRaNodes[4].**initialLoRaTP,8dBm,,
General-9-20260516-23:10:21-3615,config,,,**.loRaNodes[5].**initialLoRaSF,7,,
General-9-20260516-23:10:21-3615,config,,,**.loRaNodes[5].**initialLoRaTP,2dBm,,
General-9-20260516-23:10:21-3615,config,,,**.vector-recording,false,,
General-9-20260516-23:10:21-3615,config,,,**.loRaGW[*].packetForwarder.highQueueLength.vector-recording,true,,
General-9-20260516-23:10:21-3615,config,,,**.loRaGW[*].packetForwarder.lowQueueLength.vector-recording,true,,
General-9-20260516-23:10:21-3615,config,,,**.networkServer.app[0].delaySignal.vector-recording,true,,
General-9-20260516-23:10:21-3615,config,,,**.loRaNodes[*].app[0].packetsSent:scalar,true,,
General-9-20260516-23:10:21-3615,config,,,**.networkServer.app[0].totalReceivedPackets:scalar,true,,
General-9-20260516-23:10:21-3615,config,,,**.loRaGW[*].**.packetDropRate:scalar,true,,
General-15-20260516-23:33:57-3673,runattr,,,configname,General,,
General-15-20260516-23:33:57-3673,runattr,,,datetime,20260516-23:33:57,,
General-15-20260516-23:33:57-3673,runattr,,,datetimef,20260516-233357,,
General-15-20260516-23:33:57-3673,runattr,,,experiment,General,,
General-15-20260516-23:33:57-3673,runattr,,,inifile,n100-gw1.ini,,
General-15-20260516-23:33:57-3673,runattr,,,iterationvars,"$0=""avg""",,
General-15-20260516-23:33:57-3673,runattr,,,iterationvarsd,avg,,
General-15-20260516-23:33:57-3673,runattr,,,iterationvarsf,avg-,,
General-15-20260516-23:33:57-3673,runattr,,,measurement,"$0=""avg""",,
General-15-20260516-23:33:57-3673,runattr,,,network,flora.simulations.LoRaNetworkTest,,
General-15-20260516-23:33:57-3673,runattr,,,processid,3673,,
General-15-20260516-23:33:57-3673,runattr,,,repetition,15,,
General-15-20260516-23:33:57-3673,runattr,,,replication,#15,,
General-15-20260516-23:33:57-3673,runattr,,,resultdir,results,,
General-15-20260516-23:33:57-3673,runattr,,,runnumber,15,,
General-15-20260516-23:33:57-3673,runattr,,,seedset,15,,
General-15-20260516-23:33:57-3673,config,,,image-path,../../../inet4.4/images,,
General-15-20260516-23:33:57-3673,config,,,network,flora.simulations.LoRaNetworkTest,,
General-15-20260516-23:33:57-3673,config,,,output-vector-file,../results/n100-gw1-s15.ini.vec,,
General-15-20260516-23:33:57-3673,config,,,**.maxTransmissionDuration,4s,,
General-15-20260516-23:33:57-3673,config,,,**.energyDetection,-110dBm,,
General-15-20260516-23:33:57-3673,config,,,**.vector-recording,true,,
General-15-20260516-23:33:57-3673,config,,,rng-class,cMersenneTwister,,
General-15-20260516-23:33:57-3673,config,,,**.loRaGW[*].numUdpApps,1,,
General-15-20260516-23:33:57-3673,config,,,**.loRaGW[0].packetForwarder.localPort,2000,,
General-15-20260516-23:33:57-3673,config,,,**.loRaGW[0].packetForwarder.destPort,1000,,
General-15-20260516-23:33:57-3673,config,,,**.loRaGW[0].packetForwarder.destAddresses,"""networkServer""",,
General-15-20260516-23:33:57-3673,config,,,**.loRaGW[0].packetForwarder.indexNumber,0,,
General-15-20260516-23:33:57-3673,config,,,**.networkServer.numApps,1,,
General-15-20260516-23:33:57-3673,config,,,**.networkServer.**.evaluateADRinServer,true,,
General-15-20260516-23:33:57-3673,config,,,**.networkServer.app[0].typename,NetworkServerApp,,
General-15-20260516-23:33:57-3673,config,,,**.networkServer.app[0].destAddresses,"""loRaGW[0]""",,
General-15-20260516-23:33:57-3673,config,,,**.networkServer.app[0].destPort,2000,,
General-15-20260516-23:33:57-3673,config,,,**.networkServer.app[0].localPort,1000,,
General-15-20260516-23:33:57-3673,config,,,**.networkServer.app[0].adrMethod,"""avg""",,
General-15-20260516-23:33:57-3673,config,,,**.numberOfPacketsToSend,0,,
General-15-20260516-23:33:57-3673,config,,,sim-time-limit,3d,,
General-15-20260516-23:33:57-3673,config,,,warmup-period,2h,,
General-15-20260516-23:33:57-3673,config,,,simtime-resolution,-11,,
General-15-20260516-23:33:57-3673,config,,,repeat,20,,
General-15-20260516-23:33:57-3673,config,,,**.loRaNodes[{0..1}].app[0].timeToFirstPacket,"uniform(0h, 1h)",,
General-15-20260516-23:33:57-3673,config,,,**.loRaNodes[{0..1}].app[0].timeToNextPacket,1h,,
General-15-20260516-23:33:57-3673,config,,,**.loRaNodes[{2..3}].app[0].timeToFirstPacket,exponential(24h),,
General-15-20260516-23:33:57-3673,config,,,**.loRaNodes[{2..3}].app[0].timeToNextPacket,exponential(24h),,
General-15-20260516-23:33:57-3673,config,,,**.loRaNodes[{4..5}].app[0].timeToFirstPacket,exponential(4h),,
General-15-20260516-23:33:57-3673,config,,,**.loRaNodes[{4..5}].app[0].timeToNextPacket,exponential(4h),,
General-15-20260516-23:33:57-3673,config,,,**.alohaChannelModel,false,,
General-15-20260516-23:33:57-3673,config,,,**.loRaNodes[*].**.initFromDisplayString,false,,
General-15-20260516-23:33:57-3673,config,,,**.loRaNodes[*].**.evaluateADRinNode,true,,
General-15-20260516-23:33:57-3673,config,,,**.loRaNodes[*].**initialLoRaBW,125 kHz,,
General-15-20260516-23:33:57-3673,config,,,**.loRaNodes[*].**initialLoRaCR,4,,
General-15-20260516-23:33:57-3673,config,,,**.loRaNodes[*].numApps,1,,
General-15-20260516-23:33:57-3673,config,,,**.loRaNodes[*].app[0].typename,SimpleLoRaApp,,
General-15-20260516-23:33:57-3673,config,,,**.LoRaGWNic.radio.iAmGateway,true,,
General-15-20260516-23:33:57-3673,config,,,**.loRaGW[*].**.initFromDisplayString,false,,
General-15-20260516-23:33:57-3673,config,,,**.loRaNodes[*].LoRaNic.radio.energyConsumer.typename,LoRaEnergyConsumer,,
General-15-20260516-23:33:57-3673,config,,,**.loRaNodes[*].**.energySourceModule,"""^.IdealEpEnergyStorage""",,
General-15-20260516-23:33:57-3673,config,,,**.loRaNodes[*].LoRaNic.radio.energyConsumer.configFile,"xmldoc(""../energyConsumptionParameters.xml"")",,
General-15-20260516-23:33:57-3673,config,,,**.sigma,3.57,,
General-15-20260516-23:33:57-3673,config,,,**.constraintAreaMinX,0m,,
General-15-20260516-23:33:57-3673,config,,,**.constraintAreaMinY,0m,,
General-15-20260516-23:33:57-3673,config,,,**.constraintAreaMinZ,0m,,
General-15-20260516-23:33:57-3673,config,,,**.constraintAreaMaxZ,0m,,
General-15-20260516-23:33:57-3673,config,,,LoRaNetworkTest.**.radio.separateTransmissionParts,false,,
General-15-20260516-23:33:57-3673,config,,,LoRaNetworkTest.**.radio.separateReceptionParts,false,,
General-15-20260516-23:33:57-3673,config,,,**.ipv4Delayer.config,"xmldoc(""../cloudDelays.xml"")",,
General-15-20260516-23:33:57-3673,config,,,**.radio.radioMediumModule,"""LoRaMedium""",,
General-15-20260516-23:33:57-3673,config,,,**.LoRaMedium.pathLossType,"""LoRaLogNormalShadowing""",,
General-15-20260516-23:33:57-3673,config,,,**.minInterferenceTime,0s,,
General-15-20260516-23:33:57-3673,config,,,**.displayAddresses,false,,
General-15-20260516-23:33:57-3673,config,,,**.numberOfNodes,6,,
General-15-20260516-23:33:57-3673,config,,,**.numberOfGateways,1,,
General-15-20260516-23:33:57-3673,config,,,**.constraintAreaMaxX,2376.0m,,
General-15-20260516-23:33:57-3673,config,,,**.constraintAreaMaxY,1090.0m,,
General-15-20260516-23:33:57-3673,config,,,**.loRaGW[0].**.initialX,544.00m,,
General-15-20260516-23:33:57-3673,config,,,**.loRaGW[0].**.initialY,544.00m,,
General-15-20260516-23:33:57-3673,config,,,output-scalar-file,../results/n100-gw1-s15.ini.sca,,
General-15-20260516-23:33:57-3673,config,,,**.loRaNodes[0..1].app[0].sendInterval,1h,,
General-15-20260516-23:33:57-3673,config,,,**.loRaNodes[0].**.initialX,510.63m,,
General-15-20260516-23:33:57-3673,config,,,**.loRaNodes[0].**.initialY,500.08m,,
General-15-20260516-23:33:57-3673,config,,,**.loRaNodes[1].**.initialX,470.29m,,
General-15-20260516-23:33:57-3673,config,,,**.loRaNodes[1].**.initialY,520.24m,,
General-15-20260516-23:33:57-3673,config,,,**.loRaNodes[2].**.initialX,500.60m,,
General-15-20260516-23:33:57-3673,config,,,**.loRaNodes[2].**.initialY,590.25m,,
General-15-20260516-23:33:57-3673,config,,,**.loRaNodes[3].**.initialX,535.86m,,
General-15-20260516-23:33:57-3673,config,,,**.loRaNodes[3].**.initialY,590.63m,,
General-15-20260516-23:33:57-3673,config,,,**.loRaNodes[2..3].app[0].sendInterval,exponential(8760h),,
General-15-20260516-23:33:57-3673,config,,,**.loRaNodes[4..5].app[0].sendInterval,exponential(4h),,
General-15-20260516-23:33:57-3673,config,,,**.loRaNodes[4].**.initialX,650.85m,,
General-15-20260516-23:33:57-3673,config,,,**.loRaNodes[4].**.initialY,510.11m,,
General-15-20260516-23:33:57-3673,config,,,**.loRaNodes[5].**.initialX,680.27m,,
General-15-20260516-23:33:57-3673,config,,,**.loRaNodes[5].**.initialY,520.84m,,
General-15-20260516-23:33:57-3673,config,,,**.loRaNodes[0].**initialLoRaSF,8,,
General-15-20260516-23:33:57-3673,config,,,**.loRaNodes[0].**initialLoRaTP,8dBm,,
General-15-20260516-23:33:57-3673,config,,,**.loRaNodes[1].**initialLoRaSF,9,,
General-15-20260516-23:33:57-3673,config,,,**.loRaNodes[1].**initialLoRaTP,8dBm,,
General-15-20260516-23:33:57-3673,config,,,**.loRaNodes[2].**initialLoRaSF,7,,
General-15-20260516-23:33:57-3673,config,,,**.loRaNodes[2].**initialLoRaTP,8dBm,,
General-15-20260516-23:33:57-3673,config,,,**.loRaNodes[3].**initialLoRaSF,7,,
General-15-20260516-23:33:57-3673,config,,,**.loRaNodes[3].**initialLoRaTP,2dBm,,
General-15-20260516-23:33:57-3673,config,,,**.loRaNodes[4].**initialLoRaSF,8,,
General-15-20260516-23:33:57-3673,config,,,**.loRaNodes[4].**initialLoRaTP,8dBm,,
General-15-20260516-23:33:57-3673,config,,,**.loRaNodes[5].**initialLoRaSF,7,,
General-15-20260516-23:33:57-3673,config,,,**.loRaNodes[5].**initialLoRaTP,2dBm,,
General-15-20260516-23:33:57-3673,config,,,**.vector-recording,false,,
General-15-20260516-23:33:57-3673,config,,,**.loRaGW[*].packetForwarder.highQueueLength.vector-recording,true,,
General-15-20260516-23:33:57-3673,config,,,**.loRaGW[*].packetForwarder.lowQueueLength.vector-recording,true,,
General-15-20260516-23:33:57-3673,config,,,**.networkServer.app[0].delaySignal.vector-recording,true,,
General-15-20260516-23:33:57-3673,config,,,**.loRaNodes[*].app[0].packetsSent:scalar,true,,
General-15-20260516-23:33:57-3673,config,,,**.networkServer.app[0].totalReceivedPackets:scalar,true,,
General-15-20260516-23:33:57-3673,config,,,**.loRaGW[*].**.packetDropRate:scalar,true,,
General-17-20260516-23:41:35-3686,runattr,,,configname,General,,
General-17-20260516-23:41:35-3686,runattr,,,datetime,20260516-23:41:35,,
General-17-20260516-23:41:35-3686,runattr,,,datetimef,20260516-234135,,
General-17-20260516-23:41:35-3686,runattr,,,experiment,General,,
General-17-20260516-23:41:35-3686,runattr,,,inifile,n100-gw1.ini,,
General-17-20260516-23:41:35-3686,runattr,,,iterationvars,"$0=""avg""",,
General-17-20260516-23:41:35-3686,runattr,,,iterationvarsd,avg,,
General-17-20260516-23:41:35-3686,runattr,,,iterationvarsf,avg-,,
General-17-20260516-23:41:35-3686,runattr,,,measurement,"$0=""avg""",,
General-17-20260516-23:41:35-3686,runattr,,,network,flora.simulations.LoRaNetworkTest,,
General-17-20260516-23:41:35-3686,runattr,,,processid,3686,,
General-17-20260516-23:41:35-3686,runattr,,,repetition,17,,
General-17-20260516-23:41:35-3686,runattr,,,replication,#17,,
General-17-20260516-23:41:35-3686,runattr,,,resultdir,results,,
General-17-20260516-23:41:35-3686,runattr,,,runnumber,17,,
General-17-20260516-23:41:35-3686,runattr,,,seedset,17,,
General-17-20260516-23:41:35-3686,config,,,image-path,../../../inet4.4/images,,
General-17-20260516-23:41:35-3686,config,,,network,flora.simulations.LoRaNetworkTest,,
General-17-20260516-23:41:35-3686,config,,,output-vector-file,../results/n100-gw1-s17.ini.vec,,
General-17-20260516-23:41:35-3686,config,,,**.maxTransmissionDuration,4s,,
General-17-20260516-23:41:35-3686,config,,,**.energyDetection,-110dBm,,
General-17-20260516-23:41:35-3686,config,,,**.vector-recording,true,,
General-17-20260516-23:41:35-3686,config,,,rng-class,cMersenneTwister,,
General-17-20260516-23:41:35-3686,config,,,**.loRaGW[*].numUdpApps,1,,
General-17-20260516-23:41:35-3686,config,,,**.loRaGW[0].packetForwarder.localPort,2000,,
General-17-20260516-23:41:35-3686,config,,,**.loRaGW[0].packetForwarder.destPort,1000,,
General-17-20260516-23:41:35-3686,config,,,**.loRaGW[0].packetForwarder.destAddresses,"""networkServer""",,
General-17-20260516-23:41:35-3686,config,,,**.loRaGW[0].packetForwarder.indexNumber,0,,
General-17-20260516-23:41:35-3686,config,,,**.networkServer.numApps,1,,
General-17-20260516-23:41:35-3686,config,,,**.networkServer.**.evaluateADRinServer,true,,
General-17-20260516-23:41:35-3686,config,,,**.networkServer.app[0].typename,NetworkServerApp,,
General-17-20260516-23:41:35-3686,config,,,**.networkServer.app[0].destAddresses,"""loRaGW[0]""",,
General-17-20260516-23:41:35-3686,config,,,**.networkServer.app[0].destPort,2000,,
General-17-20260516-23:41:35-3686,config,,,**.networkServer.app[0].localPort,1000,,
General-17-20260516-23:41:35-3686,config,,,**.networkServer.app[0].adrMethod,"""avg""",,
General-17-20260516-23:41:35-3686,config,,,**.numberOfPacketsToSend,0,,
General-17-20260516-23:41:35-3686,config,,,sim-time-limit,3d,,
General-17-20260516-23:41:35-3686,config,,,warmup-period,2h,,
General-17-20260516-23:41:35-3686,config,,,simtime-resolution,-11,,
General-17-20260516-23:41:35-3686,config,,,repeat,20,,
General-17-20260516-23:41:35-3686,config,,,**.loRaNodes[{0..1}].app[0].timeToFirstPacket,"uniform(0h, 1h)",,
General-17-20260516-23:41:35-3686,config,,,**.loRaNodes[{0..1}].app[0].timeToNextPacket,1h,,
General-17-20260516-23:41:35-3686,config,,,**.loRaNodes[{2..3}].app[0].timeToFirstPacket,exponential(24h),,
General-17-20260516-23:41:35-3686,config,,,**.loRaNodes[{2..3}].app[0].timeToNextPacket,exponential(24h),,
General-17-20260516-23:41:35-3686,config,,,**.loRaNodes[{4..5}].app[0].timeToFirstPacket,exponential(4h),,
General-17-20260516-23:41:35-3686,config,,,**.loRaNodes[{4..5}].app[0].timeToNextPacket,exponential(4h),,
General-17-20260516-23:41:35-3686,config,,,**.alohaChannelModel,false,,
General-17-20260516-23:41:35-3686,config,,,**.loRaNodes[*].**.initFromDisplayString,false,,
General-17-20260516-23:41:35-3686,config,,,**.loRaNodes[*].**.evaluateADRinNode,true,,
General-17-20260516-23:41:35-3686,config,,,**.loRaNodes[*].**initialLoRaBW,125 kHz,,
General-17-20260516-23:41:35-3686,config,,,**.loRaNodes[*].**initialLoRaCR,4,,
General-17-20260516-23:41:35-3686,config,,,**.loRaNodes[*].numApps,1,,
General-17-20260516-23:41:35-3686,config,,,**.loRaNodes[*].app[0].typename,SimpleLoRaApp,,
General-17-20260516-23:41:35-3686,config,,,**.LoRaGWNic.radio.iAmGateway,true,,
General-17-20260516-23:41:35-3686,config,,,**.loRaGW[*].**.initFromDisplayString,false,,
General-17-20260516-23:41:35-3686,config,,,**.loRaNodes[*].LoRaNic.radio.energyConsumer.typename,LoRaEnergyConsumer,,
General-17-20260516-23:41:35-3686,config,,,**.loRaNodes[*].**.energySourceModule,"""^.IdealEpEnergyStorage""",,
General-17-20260516-23:41:35-3686,config,,,**.loRaNodes[*].LoRaNic.radio.energyConsumer.configFile,"xmldoc(""../energyConsumptionParameters.xml"")",,
General-17-20260516-23:41:35-3686,config,,,**.sigma,3.57,,
General-17-20260516-23:41:35-3686,config,,,**.constraintAreaMinX,0m,,
General-17-20260516-23:41:35-3686,config,,,**.constraintAreaMinY,0m,,
General-17-20260516-23:41:35-3686,config,,,**.constraintAreaMinZ,0m,,
General-17-20260516-23:41:35-3686,config,,,**.constraintAreaMaxZ,0m,,
General-17-20260516-23:41:35-3686,config,,,LoRaNetworkTest.**.radio.separateTransmissionParts,false,,
General-17-20260516-23:41:35-3686,config,,,LoRaNetworkTest.**.radio.separateReceptionParts,false,,
General-17-20260516-23:41:35-3686,config,,,**.ipv4Delayer.config,"xmldoc(""../cloudDelays.xml"")",,
General-17-20260516-23:41:35-3686,config,,,**.radio.radioMediumModule,"""LoRaMedium""",,
General-17-20260516-23:41:35-3686,config,,,**.LoRaMedium.pathLossType,"""LoRaLogNormalShadowing""",,
General-17-20260516-23:41:35-3686,config,,,**.minInterferenceTime,0s,,
General-17-20260516-23:41:35-3686,config,,,**.displayAddresses,false,,
General-17-20260516-23:41:35-3686,config,,,**.numberOfNodes,6,,
General-17-20260516-23:41:35-3686,config,,,**.numberOfGateways,1,,
General-17-20260516-23:41:35-3686,config,,,**.constraintAreaMaxX,2376.0m,,
General-17-20260516-23:41:35-3686,config,,,**.constraintAreaMaxY,1090.0m,,
General-17-20260516-23:41:35-3686,config,,,**.loRaGW[0].**.initialX,544.00m,,
General-17-20260516-23:41:35-3686,config,,,**.loRaGW[0].**.initialY,544.00m,,
General-17-20260516-23:41:35-3686,config,,,output-scalar-file,../results/n100-gw1-s17.ini.sca,,
General-17-20260516-23:41:35-3686,config,,,**.loRaNodes[0..1].app[0].sendInterval,1h,,
General-17-20260516-23:41:35-3686,config,,,**.loRaNodes[0].**.initialX,510.63m,,
General-17-20260516-23:41:35-3686,config,,,**.loRaNodes[0].**.initialY,500.08m,,
General-17-20260516-23:41:35-3686,config,,,**.loRaNodes[1].**.initialX,470.29m,,
General-17-20260516-23:41:35-3686,config,,,**.loRaNodes[1].**.initialY,520.24m,,
General-17-20260516-23:41:35-3686,config,,,**.loRaNodes[2].**.initialX,500.60m,,
General-17-20260516-23:41:35-3686,config,,,**.loRaNodes[2].**.initialY,590.25m,,
General-17-20260516-23:41:35-3686,config,,,**.loRaNodes[3].**.initialX,535.86m,,
General-17-20260516-23:41:35-3686,config,,,**.loRaNodes[3].**.initialY,590.63m,,
General-17-20260516-23:41:35-3686,config,,,**.loRaNodes[2..3].app[0].sendInterval,exponential(8760h),,
General-17-20260516-23:41:35-3686,config,,,**.loRaNodes[4..5].app[0].sendInterval,exponential(4h),,
General-17-20260516-23:41:35-3686,config,,,**.loRaNodes[4].**.initialX,650.85m,,
General-17-20260516-23:41:35-3686,config,,,**.loRaNodes[4].**.initialY,510.11m,,
General-17-20260516-23:41:35-3686,config,,,**.loRaNodes[5].**.initialX,680.27m,,
General-17-20260516-23:41:35-3686,config,,,**.loRaNodes[5].**.initialY,520.84m,,
General-17-20260516-23:41:35-3686,config,,,**.loRaNodes[0].**initialLoRaSF,8,,
General-17-20260516-23:41:35-3686,config,,,**.loRaNodes[0].**initialLoRaTP,8dBm,,
General-17-20260516-23:41:35-3686,config,,,**.loRaNodes[1].**initialLoRaSF,9,,
General-17-20260516-23:41:35-3686,config,,,**.loRaNodes[1].**initialLoRaTP,8dBm,,
General-17-20260516-23:41:35-3686,config,,,**.loRaNodes[2].**initialLoRaSF,7,,
General-17-20260516-23:41:35-3686,config,,,**.loRaNodes[2].**initialLoRaTP,8dBm,,
General-17-20260516-23:41:35-3686,config,,,**.loRaNodes[3].**initialLoRaSF,7,,
General-17-20260516-23:41:35-3686,config,,,**.loRaNodes[3].**initialLoRaTP,2dBm,,
General-17-20260516-23:41:35-3686,config,,,**.loRaNodes[4].**initialLoRaSF,8,,
General-17-20260516-23:41:35-3686,config,,,**.loRaNodes[4].**initialLoRaTP,8dBm,,
General-17-20260516-23:41:35-3686,config,,,**.loRaNodes[5].**initialLoRaSF,7,,
General-17-20260516-23:41:35-3686,config,,,**.loRaNodes[5].**initialLoRaTP,2dBm,,
General-17-20260516-23:41:35-3686,config,,,**.vector-recording,false,,
General-17-20260516-23:41:35-3686,config,,,**.loRaGW[*].packetForwarder.highQueueLength.vector-recording,true,,
General-17-20260516-23:41:35-3686,config,,,**.loRaGW[*].packetForwarder.lowQueueLength.vector-recording,true,,
General-17-20260516-23:41:35-3686,config,,,**.networkServer.app[0].delaySignal.vector-recording,true,,
General-17-20260516-23:41:35-3686,config,,,**.loRaNodes[*].app[0].packetsSent:scalar,true,,
General-17-20260516-23:41:35-3686,config,,,**.networkServer.app[0].totalReceivedPackets:scalar,true,,
General-17-20260516-23:41:35-3686,config,,,**.loRaGW[*].**.packetDropRate:scalar,true,,
General-16-20260516-23:37:52-3679,runattr,,,configname,General,,
General-16-20260516-23:37:52-3679,runattr,,,datetime,20260516-23:37:52,,
General-16-20260516-23:37:52-3679,runattr,,,datetimef,20260516-233752,,
General-16-20260516-23:37:52-3679,runattr,,,experiment,General,,
General-16-20260516-23:37:52-3679,runattr,,,inifile,n100-gw1.ini,,
General-16-20260516-23:37:52-3679,runattr,,,iterationvars,"$0=""avg""",,
General-16-20260516-23:37:52-3679,runattr,,,iterationvarsd,avg,,
General-16-20260516-23:37:52-3679,runattr,,,iterationvarsf,avg-,,
General-16-20260516-23:37:52-3679,runattr,,,measurement,"$0=""avg""",,
General-16-20260516-23:37:52-3679,runattr,,,network,flora.simulations.LoRaNetworkTest,,
General-16-20260516-23:37:52-3679,runattr,,,processid,3679,,
General-16-20260516-23:37:52-3679,runattr,,,repetition,16,,
General-16-20260516-23:37:52-3679,runattr,,,replication,#16,,
General-16-20260516-23:37:52-3679,runattr,,,resultdir,results,,
General-16-20260516-23:37:52-3679,runattr,,,runnumber,16,,
General-16-20260516-23:37:52-3679,runattr,,,seedset,16,,
General-16-20260516-23:37:52-3679,config,,,image-path,../../../inet4.4/images,,
General-16-20260516-23:37:52-3679,config,,,network,flora.simulations.LoRaNetworkTest,,
General-16-20260516-23:37:52-3679,config,,,output-vector-file,../results/n100-gw1-s16.ini.vec,,
General-16-20260516-23:37:52-3679,config,,,**.maxTransmissionDuration,4s,,
General-16-20260516-23:37:52-3679,config,,,**.energyDetection,-110dBm,,
General-16-20260516-23:37:52-3679,config,,,**.vector-recording,true,,
General-16-20260516-23:37:52-3679,config,,,rng-class,cMersenneTwister,,
General-16-20260516-23:37:52-3679,config,,,**.loRaGW[*].numUdpApps,1,,
General-16-20260516-23:37:52-3679,config,,,**.loRaGW[0].packetForwarder.localPort,2000,,
General-16-20260516-23:37:52-3679,config,,,**.loRaGW[0].packetForwarder.destPort,1000,,
General-16-20260516-23:37:52-3679,config,,,**.loRaGW[0].packetForwarder.destAddresses,"""networkServer""",,
General-16-20260516-23:37:52-3679,config,,,**.loRaGW[0].packetForwarder.indexNumber,0,,
General-16-20260516-23:37:52-3679,config,,,**.networkServer.numApps,1,,
General-16-20260516-23:37:52-3679,config,,,**.networkServer.**.evaluateADRinServer,true,,
General-16-20260516-23:37:52-3679,config,,,**.networkServer.app[0].typename,NetworkServerApp,,
General-16-20260516-23:37:52-3679,config,,,**.networkServer.app[0].destAddresses,"""loRaGW[0]""",,
General-16-20260516-23:37:52-3679,config,,,**.networkServer.app[0].destPort,2000,,
General-16-20260516-23:37:52-3679,config,,,**.networkServer.app[0].localPort,1000,,
General-16-20260516-23:37:52-3679,config,,,**.networkServer.app[0].adrMethod,"""avg""",,
General-16-20260516-23:37:52-3679,config,,,**.numberOfPacketsToSend,0,,
General-16-20260516-23:37:52-3679,config,,,sim-time-limit,3d,,
General-16-20260516-23:37:52-3679,config,,,warmup-period,2h,,
General-16-20260516-23:37:52-3679,config,,,simtime-resolution,-11,,
General-16-20260516-23:37:52-3679,config,,,repeat,20,,
General-16-20260516-23:37:52-3679,config,,,**.loRaNodes[{0..1}].app[0].timeToFirstPacket,"uniform(0h, 1h)",,
General-16-20260516-23:37:52-3679,config,,,**.loRaNodes[{0..1}].app[0].timeToNextPacket,1h,,
General-16-20260516-23:37:52-3679,config,,,**.loRaNodes[{2..3}].app[0].timeToFirstPacket,exponential(24h),,
General-16-20260516-23:37:52-3679,config,,,**.loRaNodes[{2..3}].app[0].timeToNextPacket,exponential(24h),,
General-16-20260516-23:37:52-3679,config,,,**.loRaNodes[{4..5}].app[0].timeToFirstPacket,exponential(4h),,
General-16-20260516-23:37:52-3679,config,,,**.loRaNodes[{4..5}].app[0].timeToNextPacket,exponential(4h),,
General-16-20260516-23:37:52-3679,config,,,**.alohaChannelModel,false,,
General-16-20260516-23:37:52-3679,config,,,**.loRaNodes[*].**.initFromDisplayString,false,,
General-16-20260516-23:37:52-3679,config,,,**.loRaNodes[*].**.evaluateADRinNode,true,,
General-16-20260516-23:37:52-3679,config,,,**.loRaNodes[*].**initialLoRaBW,125 kHz,,
General-16-20260516-23:37:52-3679,config,,,**.loRaNodes[*].**initialLoRaCR,4,,
General-16-20260516-23:37:52-3679,config,,,**.loRaNodes[*].numApps,1,,
General-16-20260516-23:37:52-3679,config,,,**.loRaNodes[*].app[0].typename,SimpleLoRaApp,,
General-16-20260516-23:37:52-3679,config,,,**.LoRaGWNic.radio.iAmGateway,true,,
General-16-20260516-23:37:52-3679,config,,,**.loRaGW[*].**.initFromDisplayString,false,,
General-16-20260516-23:37:52-3679,config,,,**.loRaNodes[*].LoRaNic.radio.energyConsumer.typename,LoRaEnergyConsumer,,
General-16-20260516-23:37:52-3679,config,,,**.loRaNodes[*].**.energySourceModule,"""^.IdealEpEnergyStorage""",,
General-16-20260516-23:37:52-3679,config,,,**.loRaNodes[*].LoRaNic.radio.energyConsumer.configFile,"xmldoc(""../energyConsumptionParameters.xml"")",,
General-16-20260516-23:37:52-3679,config,,,**.sigma,3.57,,
General-16-20260516-23:37:52-3679,config,,,**.constraintAreaMinX,0m,,
General-16-20260516-23:37:52-3679,config,,,**.constraintAreaMinY,0m,,
General-16-20260516-23:37:52-3679,config,,,**.constraintAreaMinZ,0m,,
General-16-20260516-23:37:52-3679,config,,,**.constraintAreaMaxZ,0m,,
General-16-20260516-23:37:52-3679,config,,,LoRaNetworkTest.**.radio.separateTransmissionParts,false,,
General-16-20260516-23:37:52-3679,config,,,LoRaNetworkTest.**.radio.separateReceptionParts,false,,
General-16-20260516-23:37:52-3679,config,,,**.ipv4Delayer.config,"xmldoc(""../cloudDelays.xml"")",,
General-16-20260516-23:37:52-3679,config,,,**.radio.radioMediumModule,"""LoRaMedium""",,
General-16-20260516-23:37:52-3679,config,,,**.LoRaMedium.pathLossType,"""LoRaLogNormalShadowing""",,
General-16-20260516-23:37:52-3679,config,,,**.minInterferenceTime,0s,,
General-16-20260516-23:37:52-3679,config,,,**.displayAddresses,false,,
General-16-20260516-23:37:52-3679,config,,,**.numberOfNodes,6,,
General-16-20260516-23:37:52-3679,config,,,**.numberOfGateways,1,,
General-16-20260516-23:37:52-3679,config,,,**.constraintAreaMaxX,2376.0m,,
General-16-20260516-23:37:52-3679,config,,,**.constraintAreaMaxY,1090.0m,,
General-16-20260516-23:37:52-3679,config,,,**.loRaGW[0].**.initialX,544.00m,,
General-16-20260516-23:37:52-3679,config,,,**.loRaGW[0].**.initialY,544.00m,,
General-16-20260516-23:37:52-3679,config,,,output-scalar-file,../results/n100-gw1-s16.ini.sca,,
General-16-20260516-23:37:52-3679,config,,,**.loRaNodes[0..1].app[0].sendInterval,1h,,
General-16-20260516-23:37:52-3679,config,,,**.loRaNodes[0].**.initialX,510.63m,,
General-16-20260516-23:37:52-3679,config,,,**.loRaNodes[0].**.initialY,500.08m,,
General-16-20260516-23:37:52-3679,config,,,**.loRaNodes[1].**.initialX,470.29m,,
General-16-20260516-23:37:52-3679,config,,,**.loRaNodes[1].**.initialY,520.24m,,
General-16-20260516-23:37:52-3679,config,,,**.loRaNodes[2].**.initialX,500.60m,,
General-16-20260516-23:37:52-3679,config,,,**.loRaNodes[2].**.initialY,590.25m,,
General-16-20260516-23:37:52-3679,config,,,**.loRaNodes[3].**.initialX,535.86m,,
General-16-20260516-23:37:52-3679,config,,,**.loRaNodes[3].**.initialY,590.63m,,
General-16-20260516-23:37:52-3679,config,,,**.loRaNodes[2..3].app[0].sendInterval,exponential(8760h),,
General-16-20260516-23:37:52-3679,config,,,**.loRaNodes[4..5].app[0].sendInterval,exponential(4h),,
General-16-20260516-23:37:52-3679,config,,,**.loRaNodes[4].**.initialX,650.85m,,
General-16-20260516-23:37:52-3679,config,,,**.loRaNodes[4].**.initialY,510.11m,,
General-16-20260516-23:37:52-3679,config,,,**.loRaNodes[5].**.initialX,680.27m,,
General-16-20260516-23:37:52-3679,config,,,**.loRaNodes[5].**.initialY,520.84m,,
General-16-20260516-23:37:52-3679,config,,,**.loRaNodes[0].**initialLoRaSF,8,,
General-16-20260516-23:37:52-3679,config,,,**.loRaNodes[0].**initialLoRaTP,8dBm,,
General-16-20260516-23:37:52-3679,config,,,**.loRaNodes[1].**initialLoRaSF,9,,
General-16-20260516-23:37:52-3679,config,,,**.loRaNodes[1].**initialLoRaTP,8dBm,,
General-16-20260516-23:37:52-3679,config,,,**.loRaNodes[2].**initialLoRaSF,7,,
General-16-20260516-23:37:52-3679,config,,,**.loRaNodes[2].**initialLoRaTP,8dBm,,
General-16-20260516-23:37:52-3679,config,,,**.loRaNodes[3].**initialLoRaSF,7,,
General-16-20260516-23:37:52-3679,config,,,**.loRaNodes[3].**initialLoRaTP,2dBm,,
General-16-20260516-23:37:52-3679,config,,,**.loRaNodes[4].**initialLoRaSF,8,,
General-16-20260516-23:37:52-3679,config,,,**.loRaNodes[4].**initialLoRaTP,8dBm,,
General-16-20260516-23:37:52-3679,config,,,**.loRaNodes[5].**initialLoRaSF,7,,
General-16-20260516-23:37:52-3679,config,,,**.loRaNodes[5].**initialLoRaTP,2dBm,,
General-16-20260516-23:37:52-3679,config,,,**.vector-recording,false,,
General-16-20260516-23:37:52-3679,config,,,**.loRaGW[*].packetForwarder.highQueueLength.vector-recording,true,,
General-16-20260516-23:37:52-3679,config,,,**.loRaGW[*].packetForwarder.lowQueueLength.vector-recording,true,,
General-16-20260516-23:37:52-3679,config,,,**.networkServer.app[0].delaySignal.vector-recording,true,,
General-16-20260516-23:37:52-3679,config,,,**.loRaNodes[*].app[0].packetsSent:scalar,true,,
General-16-20260516-23:37:52-3679,config,,,**.networkServer.app[0].totalReceivedPackets:scalar,true,,
General-16-20260516-23:37:52-3679,config,,,**.loRaGW[*].**.packetDropRate:scalar,true,,
General-2-20260516-22:43:06-3569,runattr,,,configname,General,,
General-2-20260516-22:43:06-3569,runattr,,,datetime,20260516-22:43:06,,
General-2-20260516-22:43:06-3569,runattr,,,datetimef,20260516-224306,,
General-2-20260516-22:43:06-3569,runattr,,,experiment,General,,
General-2-20260516-22:43:06-3569,runattr,,,inifile,n100-gw1.ini,,
General-2-20260516-22:43:06-3569,runattr,,,iterationvars,"$0=""avg""",,
General-2-20260516-22:43:06-3569,runattr,,,iterationvarsd,avg,,
General-2-20260516-22:43:06-3569,runattr,,,iterationvarsf,avg-,,
General-2-20260516-22:43:06-3569,runattr,,,measurement,"$0=""avg""",,
General-2-20260516-22:43:06-3569,runattr,,,network,flora.simulations.LoRaNetworkTest,,
General-2-20260516-22:43:06-3569,runattr,,,processid,3569,,
General-2-20260516-22:43:06-3569,runattr,,,repetition,2,,
General-2-20260516-22:43:06-3569,runattr,,,replication,#2,,
General-2-20260516-22:43:06-3569,runattr,,,resultdir,results,,
General-2-20260516-22:43:06-3569,runattr,,,runnumber,2,,
General-2-20260516-22:43:06-3569,runattr,,,seedset,2,,
General-2-20260516-22:43:06-3569,config,,,image-path,../../../inet4.4/images,,
General-2-20260516-22:43:06-3569,config,,,network,flora.simulations.LoRaNetworkTest,,
General-2-20260516-22:43:06-3569,config,,,output-vector-file,../results/n100-gw1-s2.ini.vec,,
General-2-20260516-22:43:06-3569,config,,,**.maxTransmissionDuration,4s,,
General-2-20260516-22:43:06-3569,config,,,**.energyDetection,-110dBm,,
General-2-20260516-22:43:06-3569,config,,,**.vector-recording,true,,
General-2-20260516-22:43:06-3569,config,,,rng-class,cMersenneTwister,,
General-2-20260516-22:43:06-3569,config,,,**.loRaGW[*].numUdpApps,1,,
General-2-20260516-22:43:06-3569,config,,,**.loRaGW[0].packetForwarder.localPort,2000,,
General-2-20260516-22:43:06-3569,config,,,**.loRaGW[0].packetForwarder.destPort,1000,,
General-2-20260516-22:43:06-3569,config,,,**.loRaGW[0].packetForwarder.destAddresses,"""networkServer""",,
General-2-20260516-22:43:06-3569,config,,,**.loRaGW[0].packetForwarder.indexNumber,0,,
General-2-20260516-22:43:06-3569,config,,,**.networkServer.numApps,1,,
General-2-20260516-22:43:06-3569,config,,,**.networkServer.**.evaluateADRinServer,true,,
General-2-20260516-22:43:06-3569,config,,,**.networkServer.app[0].typename,NetworkServerApp,,
General-2-20260516-22:43:06-3569,config,,,**.networkServer.app[0].destAddresses,"""loRaGW[0]""",,
General-2-20260516-22:43:06-3569,config,,,**.networkServer.app[0].destPort,2000,,
General-2-20260516-22:43:06-3569,config,,,**.networkServer.app[0].localPort,1000,,
General-2-20260516-22:43:06-3569,config,,,**.networkServer.app[0].adrMethod,"""avg""",,
General-2-20260516-22:43:06-3569,config,,,**.numberOfPacketsToSend,0,,
General-2-20260516-22:43:06-3569,config,,,sim-time-limit,3d,,
General-2-20260516-22:43:06-3569,config,,,warmup-period,2h,,
General-2-20260516-22:43:06-3569,config,,,simtime-resolution,-11,,
General-2-20260516-22:43:06-3569,config,,,repeat,20,,
General-2-20260516-22:43:06-3569,config,,,**.loRaNodes[{0..1}].app[0].timeToFirstPacket,"uniform(0h, 1h)",,
General-2-20260516-22:43:06-3569,config,,,**.loRaNodes[{0..1}].app[0].timeToNextPacket,1h,,
General-2-20260516-22:43:06-3569,config,,,**.loRaNodes[{2..3}].app[0].timeToFirstPacket,exponential(24h),,
General-2-20260516-22:43:06-3569,config,,,**.loRaNodes[{2..3}].app[0].timeToNextPacket,exponential(24h),,
General-2-20260516-22:43:06-3569,config,,,**.loRaNodes[{4..5}].app[0].timeToFirstPacket,exponential(4h),,
General-2-20260516-22:43:06-3569,config,,,**.loRaNodes[{4..5}].app[0].timeToNextPacket,exponential(4h),,
General-2-20260516-22:43:06-3569,config,,,**.alohaChannelModel,false,,
General-2-20260516-22:43:06-3569,config,,,**.loRaNodes[*].**.initFromDisplayString,false,,
General-2-20260516-22:43:06-3569,config,,,**.loRaNodes[*].**.evaluateADRinNode,true,,
General-2-20260516-22:43:06-3569,config,,,**.loRaNodes[*].**initialLoRaBW,125 kHz,,
General-2-20260516-22:43:06-3569,config,,,**.loRaNodes[*].**initialLoRaCR,4,,
General-2-20260516-22:43:06-3569,config,,,**.loRaNodes[*].numApps,1,,
General-2-20260516-22:43:06-3569,config,,,**.loRaNodes[*].app[0].typename,SimpleLoRaApp,,
General-2-20260516-22:43:06-3569,config,,,**.LoRaGWNic.radio.iAmGateway,true,,
General-2-20260516-22:43:06-3569,config,,,**.loRaGW[*].**.initFromDisplayString,false,,
General-2-20260516-22:43:06-3569,config,,,**.loRaNodes[*].LoRaNic.radio.energyConsumer.typename,LoRaEnergyConsumer,,
General-2-20260516-22:43:06-3569,config,,,**.loRaNodes[*].**.energySourceModule,"""^.IdealEpEnergyStorage""",,
General-2-20260516-22:43:06-3569,config,,,**.loRaNodes[*].LoRaNic.radio.energyConsumer.configFile,"xmldoc(""../energyConsumptionParameters.xml"")",,
General-2-20260516-22:43:06-3569,config,,,**.sigma,3.57,,
General-2-20260516-22:43:06-3569,config,,,**.constraintAreaMinX,0m,,
General-2-20260516-22:43:06-3569,config,,,**.constraintAreaMinY,0m,,
General-2-20260516-22:43:06-3569,config,,,**.constraintAreaMinZ,0m,,
General-2-20260516-22:43:06-3569,config,,,**.constraintAreaMaxZ,0m,,
General-2-20260516-22:43:06-3569,config,,,LoRaNetworkTest.**.radio.separateTransmissionParts,false,,
General-2-20260516-22:43:06-3569,config,,,LoRaNetworkTest.**.radio.separateReceptionParts,false,,
General-2-20260516-22:43:06-3569,config,,,**.ipv4Delayer.config,"xmldoc(""../cloudDelays.xml"")",,
General-2-20260516-22:43:06-3569,config,,,**.radio.radioMediumModule,"""LoRaMedium""",,
General-2-20260516-22:43:06-3569,config,,,**.LoRaMedium.pathLossType,"""LoRaLogNormalShadowing""",,
General-2-20260516-22:43:06-3569,config,,,**.minInterferenceTime,0s,,
General-2-20260516-22:43:06-3569,config,,,**.displayAddresses,false,,
General-2-20260516-22:43:06-3569,config,,,**.numberOfNodes,6,,
General-2-20260516-22:43:06-3569,config,,,**.numberOfGateways,1,,
General-2-20260516-22:43:06-3569,config,,,**.constraintAreaMaxX,2376.0m,,
General-2-20260516-22:43:06-3569,config,,,**.constraintAreaMaxY,1090.0m,,
General-2-20260516-22:43:06-3569,config,,,**.loRaGW[0].**.initialX,544.00m,,
General-2-20260516-22:43:06-3569,config,,,**.loRaGW[0].**.initialY,544.00m,,
General-2-20260516-22:43:06-3569,config,,,output-scalar-file,../results/n100-gw1-s2.ini.sca,,
General-2-20260516-22:43:06-3569,config,,,**.loRaNodes[0..1].app[0].sendInterval,1h,,
General-2-20260516-22:43:06-3569,config,,,**.loRaNodes[0].**.initialX,510.63m,,
General-2-20260516-22:43:06-3569,config,,,**.loRaNodes[0].**.initialY,500.08m,,
General-2-20260516-22:43:06-3569,config,,,**.loRaNodes[1].**.initialX,470.29m,,
General-2-20260516-22:43:06-3569,config,,,**.loRaNodes[1].**.initialY,520.24m,,
General-2-20260516-22:43:06-3569,config,,,**.loRaNodes[2].**.initialX,500.60m,,
General-2-20260516-22:43:06-3569,config,,,**.loRaNodes[2].**.initialY,590.25m,,
General-2-20260516-22:43:06-3569,config,,,**.loRaNodes[3].**.initialX,535.86m,,
General-2-20260516-22:43:06-3569,config,,,**.loRaNodes[3].**.initialY,590.63m,,
General-2-20260516-22:43:06-3569,config,,,**.loRaNodes[2..3].app[0].sendInterval,exponential(8760h),,
General-2-20260516-22:43:06-3569,config,,,**.loRaNodes[4..5].app[0].sendInterval,exponential(4h),,
General-2-20260516-22:43:06-3569,config,,,**.loRaNodes[4].**.initialX,650.85m,,
General-2-20260516-22:43:06-3569,config,,,**.loRaNodes[4].**.initialY,510.11m,,
General-2-20260516-22:43:06-3569,config,,,**.loRaNodes[5].**.initialX,680.27m,,
General-2-20260516-22:43:06-3569,config,,,**.loRaNodes[5].**.initialY,520.84m,,
General-2-20260516-22:43:06-3569,config,,,**.loRaNodes[0].**initialLoRaSF,8,,
General-2-20260516-22:43:06-3569,config,,,**.loRaNodes[0].**initialLoRaTP,8dBm,,
General-2-20260516-22:43:06-3569,config,,,**.loRaNodes[1].**initialLoRaSF,9,,
General-2-20260516-22:43:06-3569,config,,,**.loRaNodes[1].**initialLoRaTP,8dBm,,
General-2-20260516-22:43:06-3569,config,,,**.loRaNodes[2].**initialLoRaSF,7,,
General-2-20260516-22:43:06-3569,config,,,**.loRaNodes[2].**initialLoRaTP,8dBm,,
General-2-20260516-22:43:06-3569,config,,,**.loRaNodes[3].**initialLoRaSF,7,,
General-2-20260516-22:43:06-3569,config,,,**.loRaNodes[3].**initialLoRaTP,2dBm,,
General-2-20260516-22:43:06-3569,config,,,**.loRaNodes[4].**initialLoRaSF,8,,
General-2-20260516-22:43:06-3569,config,,,**.loRaNodes[4].**initialLoRaTP,8dBm,,
General-2-20260516-22:43:06-3569,config,,,**.loRaNodes[5].**initialLoRaSF,7,,
General-2-20260516-22:43:06-3569,config,,,**.loRaNodes[5].**initialLoRaTP,2dBm,,
General-2-20260516-22:43:06-3569,config,,,**.vector-recording,false,,
General-2-20260516-22:43:06-3569,config,,,**.loRaGW[*].packetForwarder.highQueueLength.vector-recording,true,,
General-2-20260516-22:43:06-3569,config,,,**.loRaGW[*].packetForwarder.lowQueueLength.vector-recording,true,,
General-2-20260516-22:43:06-3569,config,,,**.networkServer.app[0].delaySignal.vector-recording,true,,
General-2-20260516-22:43:06-3569,config,,,**.loRaNodes[*].app[0].packetsSent:scalar,true,,
General-2-20260516-22:43:06-3569,config,,,**.networkServer.app[0].totalReceivedPackets:scalar,true,,
General-2-20260516-22:43:06-3569,config,,,**.loRaGW[*].**.packetDropRate:scalar,true,,
General-14-20260516-23:30:15-3665,runattr,,,configname,General,,
General-14-20260516-23:30:15-3665,runattr,,,datetime,20260516-23:30:15,,
General-14-20260516-23:30:15-3665,runattr,,,datetimef,20260516-233015,,
General-14-20260516-23:30:15-3665,runattr,,,experiment,General,,
General-14-20260516-23:30:15-3665,runattr,,,inifile,n100-gw1.ini,,
General-14-20260516-23:30:15-3665,runattr,,,iterationvars,"$0=""avg""",,
General-14-20260516-23:30:15-3665,runattr,,,iterationvarsd,avg,,
General-14-20260516-23:30:15-3665,runattr,,,iterationvarsf,avg-,,
General-14-20260516-23:30:15-3665,runattr,,,measurement,"$0=""avg""",,
General-14-20260516-23:30:15-3665,runattr,,,network,flora.simulations.LoRaNetworkTest,,
General-14-20260516-23:30:15-3665,runattr,,,processid,3665,,
General-14-20260516-23:30:15-3665,runattr,,,repetition,14,,
General-14-20260516-23:30:15-3665,runattr,,,replication,#14,,
General-14-20260516-23:30:15-3665,runattr,,,resultdir,results,,
General-14-20260516-23:30:15-3665,runattr,,,runnumber,14,,
General-14-20260516-23:30:15-3665,runattr,,,seedset,14,,
General-14-20260516-23:30:15-3665,config,,,image-path,../../../inet4.4/images,,
General-14-20260516-23:30:15-3665,config,,,network,flora.simulations.LoRaNetworkTest,,
General-14-20260516-23:30:15-3665,config,,,output-vector-file,../results/n100-gw1-s14.ini.vec,,
General-14-20260516-23:30:15-3665,config,,,**.maxTransmissionDuration,4s,,
General-14-20260516-23:30:15-3665,config,,,**.energyDetection,-110dBm,,
General-14-20260516-23:30:15-3665,config,,,**.vector-recording,true,,
General-14-20260516-23:30:15-3665,config,,,rng-class,cMersenneTwister,,
General-14-20260516-23:30:15-3665,config,,,**.loRaGW[*].numUdpApps,1,,
General-14-20260516-23:30:15-3665,config,,,**.loRaGW[0].packetForwarder.localPort,2000,,
General-14-20260516-23:30:15-3665,config,,,**.loRaGW[0].packetForwarder.destPort,1000,,
General-14-20260516-23:30:15-3665,config,,,**.loRaGW[0].packetForwarder.destAddresses,"""networkServer""",,
General-14-20260516-23:30:15-3665,config,,,**.loRaGW[0].packetForwarder.indexNumber,0,,
General-14-20260516-23:30:15-3665,config,,,**.networkServer.numApps,1,,
General-14-20260516-23:30:15-3665,config,,,**.networkServer.**.evaluateADRinServer,true,,
General-14-20260516-23:30:15-3665,config,,,**.networkServer.app[0].typename,NetworkServerApp,,
General-14-20260516-23:30:15-3665,config,,,**.networkServer.app[0].destAddresses,"""loRaGW[0]""",,
General-14-20260516-23:30:15-3665,config,,,**.networkServer.app[0].destPort,2000,,
General-14-20260516-23:30:15-3665,config,,,**.networkServer.app[0].localPort,1000,,
General-14-20260516-23:30:15-3665,config,,,**.networkServer.app[0].adrMethod,"""avg""",,
General-14-20260516-23:30:15-3665,config,,,**.numberOfPacketsToSend,0,,
General-14-20260516-23:30:15-3665,config,,,sim-time-limit,3d,,
General-14-20260516-23:30:15-3665,config,,,warmup-period,2h,,
General-14-20260516-23:30:15-3665,config,,,simtime-resolution,-11,,
General-14-20260516-23:30:15-3665,config,,,repeat,20,,
General-14-20260516-23:30:15-3665,config,,,**.loRaNodes[{0..1}].app[0].timeToFirstPacket,"uniform(0h, 1h)",,
General-14-20260516-23:30:15-3665,config,,,**.loRaNodes[{0..1}].app[0].timeToNextPacket,1h,,
General-14-20260516-23:30:15-3665,config,,,**.loRaNodes[{2..3}].app[0].timeToFirstPacket,exponential(24h),,
General-14-20260516-23:30:15-3665,config,,,**.loRaNodes[{2..3}].app[0].timeToNextPacket,exponential(24h),,
General-14-20260516-23:30:15-3665,config,,,**.loRaNodes[{4..5}].app[0].timeToFirstPacket,exponential(4h),,
General-14-20260516-23:30:15-3665,config,,,**.loRaNodes[{4..5}].app[0].timeToNextPacket,exponential(4h),,
General-14-20260516-23:30:15-3665,config,,,**.alohaChannelModel,false,,
General-14-20260516-23:30:15-3665,config,,,**.loRaNodes[*].**.initFromDisplayString,false,,
General-14-20260516-23:30:15-3665,config,,,**.loRaNodes[*].**.evaluateADRinNode,true,,
General-14-20260516-23:30:15-3665,config,,,**.loRaNodes[*].**initialLoRaBW,125 kHz,,
General-14-20260516-23:30:15-3665,config,,,**.loRaNodes[*].**initialLoRaCR,4,,
General-14-20260516-23:30:15-3665,config,,,**.loRaNodes[*].numApps,1,,
General-14-20260516-23:30:15-3665,config,,,**.loRaNodes[*].app[0].typename,SimpleLoRaApp,,
General-14-20260516-23:30:15-3665,config,,,**.LoRaGWNic.radio.iAmGateway,true,,
General-14-20260516-23:30:15-3665,config,,,**.loRaGW[*].**.initFromDisplayString,false,,
General-14-20260516-23:30:15-3665,config,,,**.loRaNodes[*].LoRaNic.radio.energyConsumer.typename,LoRaEnergyConsumer,,
General-14-20260516-23:30:15-3665,config,,,**.loRaNodes[*].**.energySourceModule,"""^.IdealEpEnergyStorage""",,
General-14-20260516-23:30:15-3665,config,,,**.loRaNodes[*].LoRaNic.radio.energyConsumer.configFile,"xmldoc(""../energyConsumptionParameters.xml"")",,
General-14-20260516-23:30:15-3665,config,,,**.sigma,3.57,,
General-14-20260516-23:30:15-3665,config,,,**.constraintAreaMinX,0m,,
General-14-20260516-23:30:15-3665,config,,,**.constraintAreaMinY,0m,,
General-14-20260516-23:30:15-3665,config,,,**.constraintAreaMinZ,0m,,
General-14-20260516-23:30:15-3665,config,,,**.constraintAreaMaxZ,0m,,
General-14-20260516-23:30:15-3665,config,,,LoRaNetworkTest.**.radio.separateTransmissionParts,false,,
General-14-20260516-23:30:15-3665,config,,,LoRaNetworkTest.**.radio.separateReceptionParts,false,,
General-14-20260516-23:30:15-3665,config,,,**.ipv4Delayer.config,"xmldoc(""../cloudDelays.xml"")",,
General-14-20260516-23:30:15-3665,config,,,**.radio.radioMediumModule,"""LoRaMedium""",,
General-14-20260516-23:30:15-3665,config,,,**.LoRaMedium.pathLossType,"""LoRaLogNormalShadowing""",,
General-14-20260516-23:30:15-3665,config,,,**.minInterferenceTime,0s,,
General-14-20260516-23:30:15-3665,config,,,**.displayAddresses,false,,
General-14-20260516-23:30:15-3665,config,,,**.numberOfNodes,6,,
General-14-20260516-23:30:15-3665,config,,,**.numberOfGateways,1,,
General-14-20260516-23:30:15-3665,config,,,**.constraintAreaMaxX,2376.0m,,
General-14-20260516-23:30:15-3665,config,,,**.constraintAreaMaxY,1090.0m,,
General-14-20260516-23:30:15-3665,config,,,**.loRaGW[0].**.initialX,544.00m,,
General-14-20260516-23:30:15-3665,config,,,**.loRaGW[0].**.initialY,544.00m,,
General-14-20260516-23:30:15-3665,config,,,output-scalar-file,../results/n100-gw1-s14.ini.sca,,
General-14-20260516-23:30:15-3665,config,,,**.loRaNodes[0..1].app[0].sendInterval,1h,,
General-14-20260516-23:30:15-3665,config,,,**.loRaNodes[0].**.initialX,510.63m,,
General-14-20260516-23:30:15-3665,config,,,**.loRaNodes[0].**.initialY,500.08m,,
General-14-20260516-23:30:15-3665,config,,,**.loRaNodes[1].**.initialX,470.29m,,
General-14-20260516-23:30:15-3665,config,,,**.loRaNodes[1].**.initialY,520.24m,,
General-14-20260516-23:30:15-3665,config,,,**.loRaNodes[2].**.initialX,500.60m,,
General-14-20260516-23:30:15-3665,config,,,**.loRaNodes[2].**.initialY,590.25m,,
General-14-20260516-23:30:15-3665,config,,,**.loRaNodes[3].**.initialX,535.86m,,
General-14-20260516-23:30:15-3665,config,,,**.loRaNodes[3].**.initialY,590.63m,,
General-14-20260516-23:30:15-3665,config,,,**.loRaNodes[2..3].app[0].sendInterval,exponential(8760h),,
General-14-20260516-23:30:15-3665,config,,,**.loRaNodes[4..5].app[0].sendInterval,exponential(4h),,
General-14-20260516-23:30:15-3665,config,,,**.loRaNodes[4].**.initialX,650.85m,,
General-14-20260516-23:30:15-3665,config,,,**.loRaNodes[4].**.initialY,510.11m,,
General-14-20260516-23:30:15-3665,config,,,**.loRaNodes[5].**.initialX,680.27m,,
General-14-20260516-23:30:15-3665,config,,,**.loRaNodes[5].**.initialY,520.84m,,
General-14-20260516-23:30:15-3665,config,,,**.loRaNodes[0].**initialLoRaSF,8,,
General-14-20260516-23:30:15-3665,config,,,**.loRaNodes[0].**initialLoRaTP,8dBm,,
General-14-20260516-23:30:15-3665,config,,,**.loRaNodes[1].**initialLoRaSF,9,,
General-14-20260516-23:30:15-3665,config,,,**.loRaNodes[1].**initialLoRaTP,8dBm,,
General-14-20260516-23:30:15-3665,config,,,**.loRaNodes[2].**initialLoRaSF,7,,
General-14-20260516-23:30:15-3665,config,,,**.loRaNodes[2].**initialLoRaTP,8dBm,,
General-14-20260516-23:30:15-3665,config,,,**.loRaNodes[3].**initialLoRaSF,7,,
General-14-20260516-23:30:15-3665,config,,,**.loRaNodes[3].**initialLoRaTP,2dBm,,
General-14-20260516-23:30:15-3665,config,,,**.loRaNodes[4].**initialLoRaSF,8,,
General-14-20260516-23:30:15-3665,config,,,**.loRaNodes[4].**initialLoRaTP,8dBm,,
General-14-20260516-23:30:15-3665,config,,,**.loRaNodes[5].**initialLoRaSF,7,,
General-14-20260516-23:30:15-3665,config,,,**.loRaNodes[5].**initialLoRaTP,2dBm,,
General-14-20260516-23:30:15-3665,config,,,**.vector-recording,false,,
General-14-20260516-23:30:15-3665,config,,,**.loRaGW[*].packetForwarder.highQueueLength.vector-recording,true,,
General-14-20260516-23:30:15-3665,config,,,**.loRaGW[*].packetForwarder.lowQueueLength.vector-recording,true,,
General-14-20260516-23:30:15-3665,config,,,**.networkServer.app[0].delaySignal.vector-recording,true,,
General-14-20260516-23:30:15-3665,config,,,**.loRaNodes[*].app[0].packetsSent:scalar,true,,
General-14-20260516-23:30:15-3665,config,,,**.networkServer.app[0].totalReceivedPackets:scalar,true,,
General-14-20260516-23:30:15-3665,config,,,**.loRaGW[*].**.packetDropRate:scalar,true,,
General-2-20260516-22:43:06-3569,vector,LoRaNetworkTest.loRaGW[0].udp,packetSent:vector(packetBytes),,,"8713.57086988136 8945.23652255046 12313.57086988136 12545.23652255046 15913.57086988136 16145.23652255046 19513.57086988136 19745.23652255046 23113.57086988136 23345.23652255046 26713.57086988136 26945.23652255046 30313.57086988136 30545.23652255046 33913.57086988136 34145.23652255046 34982.63137902167 37745.23652255046 41113.57086988136 41345.23652255046 44945.23652255046 48313.57086988136 48545.23652255046 51913.57086988136 52734.66304620216 55513.57086988136 55745.23652255046 59113.57086988136 59345.23652255046 62713.57086988136 62945.23652255046 64590.8571343246 70145.23652255046 73513.57086988136 73745.23652255046 77113.57086988136 77345.23652255046 80713.57086988136 80945.23652255046 84313.57086988136 84545.23652255046 91513.40216588136 91745.23652255046 98713.40216588136 98945.23652255046 102313.40216588136 102545.23652255046 105913.40216588136 106145.23652255046 109745.23652255046 113113.40216588136 113345.23652255046 116422.28115643107 116945.23652255046 120313.40216588136 120545.23652255046 123913.40216588136 124145.23652255046 127745.23652255046 131345.23652255046 134945.23652255046 135305.24438849647 138313.40216588136 142145.23652255046 145513.40216588136 145745.23652255046 149345.23652255046 152945.23652255046 155692.13889793672 156313.40216588136 156545.23652255046 157450.78444759023 160145.23652255046 163745.23652255046 167345.23652255046 170713.40216588136 170945.23652255046 174313.40216588136 174545.23652255046 178145.23652255046 181745.23652255046 185113.40216588136 185345.23652255046 188945.23652255046 192545.23652255046 196145.23652255046 199513.40216588136 199745.23652255046 206713.40216588136 206945.23652255046 210313.40216588136 210545.23652255046 213913.40216588136 214145.23652255046 217745.23652255046 217810.35809068308 221113.40216588136 221345.23652255046 224713.40216588136 228545.23652255046 232145.23652255046 235745.23652255046 239113.40216588136 242945.23652255046 246313.40216588136 246545.23652255046 249913.40216588136 250145.23652255046 253513.40216588136 253745.23652255046 257113.40216588136 257345.23652255046","35 35 35 35 35 35 35 35 35 35 35 35 35 35 35 35 35 35 35 35 35 35 35 35 35 35 35 35 35 35 35 35 35 35 35 35 35 35 35 35 35 35 35 35 35 35 35 35 35 35 35 35 35 35 35 35 35 35 35 35 35 35 35 35 35 35 35 35 35 35 35 35 35 35 35 35 35 35 35 35 35 35 35 35 35 35 35 35 35 35 35 35 35 35 35 35 35 35 35 35 35 35 35 35 35 35 35 35 35 35 35 35"
General-2-20260516-22:43:06-3569,attr,LoRaNetworkTest.loRaGW[0].udp,packetSent:vector(packetBytes),interpolationmode,none,,
General-2-20260516-22:43:06-3569,attr,LoRaNetworkTest.loRaGW[0].udp,packetSent:vector(packetBytes),recordingmode,vector(packetBytes),,
General-2-20260516-22:43:06-3569,attr,LoRaNetworkTest.loRaGW[0].udp,packetSent:vector(packetBytes),source,packetSent,,
General-2-20260516-22:43:06-3569,attr,LoRaNetworkTest.loRaGW[0].udp,packetSent:vector(packetBytes),title,"packets sent, packetBytes",,
General-19-20260516-23:49:23-3698,vector,LoRaNetworkTest.loRaGW[0].udp,packetSent:vector(packetBytes),,,"8128.49937056634 8393.4544198957 11993.4544198957 15328.49937056634 15593.4544198957 18928.49937056634 19193.4544198957 22793.4544198957 26393.4544198957 29728.49937056634 29993.4544198957 33328.49937056634 33593.4544198957 36928.49937056634 37193.4544198957 40528.49937056634 40793.4544198957 44128.49937056634 44393.4544198957 47728.49937056634 51328.49937056634 51593.4544198957 54928.49937056634 55193.4544198957 58528.49937056634 62128.49937056634 62393.4544198957 65728.49937056634 65993.4544198957 69328.49937056634 72928.49937056634 73193.4544198957 76793.4544198957 80128.49937056634 80393.4544198957 83728.49937056634 83993.3474118957 87328.49937056634 91193.3474118957 94793.3474118957 97275.99550151476 98128.49937056634 101728.49937056634 101993.3474118957 105328.49937056634 105593.3474118957 108928.49937056634 112528.49937056634 116128.49937056634 119728.49937056634 119993.3474118957 123593.3474118957 124960.61500249191 126928.49937056634 127193.3474118957 130528.49937056634 130793.3474118957 134128.49937056634 134393.3474118957 137583.50922647753 137728.49937056634 141593.3474118957 144928.49937056634 145193.3474118957 148528.49937056634 152128.49937056634 155728.49937056634 162928.49937056634 163193.3474118957 166793.3474118957 170128.49937056634 170393.3474118957 173728.49937056634 173993.3474118957 177328.49937056634 180928.49937056634 181193.3474118957 184528.49937056634 184793.3474118957 188128.49937056634 188393.3474118957 191728.49937056634 191993.3474118957 195328.49937056634 198928.49937056634 199193.3474118957 202528.49937056634 202793.3474118957 206128.49937056634 206393.3474118957 209728.49937056634 213328.49937056634 213593.3474118957 216928.49937056634 217193.3474118957 220528.49937056634 220793.3474118957 221716.08685576226 224128.49937056634 224393.3474118957 227728.49937056634 227950.55351234429 227993.3474118957 231328.49937056634 231593.3474118957 234928.49937056634 235193.3474118957 238528.49937056634 238793.3474118957 242128.49937056634 245728.49937056634 245993.3474118957 249328.49937056634 249593.3474118957 252567.4224962726 252928.49937056634 253193.3474118957 256528.49937056634 256793.3474118957 257580.31275197264","35 35 35 35 35 35 35 35 35 35 35 35 35 35 35 35 35 35 35 35 35 35 35 35 35 35 35 35 35 35 35 35 35 35 35 35 35 35 35 35 35 35 35 35 35 35 35 35 35 35 35 35 35 35 35 35 35 35 35 35 35 35 35 35 35 35 35 35 35 35 35 35 35 35 35 35 35 35 35 35 35 35 35 35 35 35 35 35 35 35 35 35 35 35 35 35 35 35 35 35 35 35 35 35 35 35 35 35 35 35 35 35 35 35 35 35 35 35 35 35"
General-19-20260516-23:49:23-3698,attr,LoRaNetworkTest.loRaGW[0].udp,packetSent:vector(packetBytes),interpolationmode,none,,
General-19-20260516-23:49:23-3698,attr,LoRaNetworkTest.loRaGW[0].udp,packetSent:vector(packetBytes),recordingmode,vector(packetBytes),,
General-19-20260516-23:49:23-3698,attr,LoRaNetworkTest.loRaGW[0].udp,packetSent:vector(packetBytes),source,packetSent,,
General-19-20260516-23:49:23-3698,attr,LoRaNetworkTest.loRaGW[0].udp,packetSent:vector(packetBytes),title,"packets sent, packetBytes",,
General-6-20260516-22:58:45-3592,vector,LoRaNetworkTest.loRaGW[0].udp,packetSent:vector(packetBytes),,,"7587.81081901833 8532.53363048169 10333.63113965705 12132.53363048169 14787.81081901833 15732.53363048169 18387.81081901833 21987.81081901833 22932.53363048169 25587.81081901833 26532.53363048169 29187.81081901833 30132.53363048169 32787.81081901833 33732.53363048169 36387.81081901833 37332.53363048169 39987.81081901833 43587.81081901833 44532.53363048169 47187.81081901833 48132.53363048169 50787.81081901833 51732.53363048169 54387.81081901833 55332.53363048169 58932.53363048169 61587.81081901833 62532.53363048169 65187.81081901833 66132.53363048169 68787.81081901833 69732.53363048169 73332.53363048169 76932.53363048169 79587.81081901833 80532.53363048169 83187.81081901833 86787.70381101833 87732.53363048169 90387.70381101833 91332.53363048169 93987.70381101833 94932.53363048169 97587.70381101833 98532.53363048169 102132.53363048169 104787.70381101833 105732.53363048169 108387.70381101833 109332.53363048169 111987.70381101833 112932.53363048169 115239.32993456593 115587.70381101833 116532.53363048169 120132.53363048169 123732.53363048169 126387.70381101833 127332.53363048169 130932.53363048169 133587.70381101833 134532.53363048169 138132.53363048169 140787.70381101833 141732.53363048169 144387.70381101833 145332.53363048169 147987.70381101833 148932.53363048169 151587.70381101833 152532.53363048169 155187.70381101833 158514.44769899026 159732.53363048169 163332.53363048169 166932.53363048169 170532.53363048169 171329.93606991124 173187.70381101833 177732.53363048169 181332.53363048169 183987.70381101833 184932.53363048169 187587.70381101833 188532.53363048169 192132.53363048169 194787.70381101833 195732.53363048169 198387.70381101833 199332.53363048169 202932.53363048169 205587.70381101833 206532.53363048169 209187.70381101833 210132.53363048169 212787.70381101833 213732.53363048169 216387.70381101833 217332.53363048169 219987.70381101833 220932.53363048169 227187.70381101833 228132.53363048169 230787.70381101833 231732.53363048169 234387.70381101833 235332.53363048169 237987.70381101833 238932.53363048169 241587.70381101833 242532.53363048169 245187.70381101833 246132.53363048169 248787.70381101833 249732.53363048169 252387.70381101833 253332.53363048169 255987.70381101833 256932.53363048169","35 35 35 35 35 35 35 35 35 35 35 35 35 35 35 35 35 35 35 35 35 35 35 35 35 35 35 35 35 35 35 35 35 35 35 35 35 35 35 35 35 35 35 35 35 35 35 35 35 35 35 35 35 35 35 35 35 35 35 35 35 35 35 35 35 35 35 35 35 35 35 35 35 35 35 35 35 35 35 35 35 35 35 35 35 35 35 35 35 35 35 35 35 35 35 35 35 35 35 35 35 35 35 35 35 35 35 35 35 35 35 35 35 35 35 35 35 35 35 35"
General-6-20260516-22:58:45-3592,attr,LoRaNetworkTest.loRaGW[0].udp,packetSent:vector(packetBytes),interpolationmode,none,,
General-6-20260516-22:58:45-3592,attr,LoRaNetworkTest.loRaGW[0].udp,packetSent:vector(packetBytes),recordingmode,vector(packetBytes),,
General-6-20260516-22:58:45-3592,attr,LoRaNetworkTest.loRaGW[0].udp,packetSent:vector(packetBytes),source,packetSent,,
General-6-20260516-22:58:45-3592,attr,LoRaNetworkTest.loRaGW[0].udp,packetSent:vector(packetBytes),title,"packets sent, packetBytes",,
General-0-20260516-22:34:32-3550,vector,LoRaNetworkTest.loRaGW[0].udp,packetSent:vector(packetBytes),,,"8725.40405269682 10250.24603031087 12325.40405269682 13850.24603031087 15925.40405269682 17450.24603031087 19525.40405269682 21050.24603031087 23125.40405269682 24650.24603031087 26725.40405269682 28250.24603031087 30325.40405269682 31850.24603031087 33925.40405269682 39050.24603031087 41125.40405269682 42650.24603031087 44725.40405269682 46250.24603031087 48325.40405269682 49850.24603031087 51925.40405269682 53450.24603031087 55525.40405269682 57050.24603031087 59125.40405269682 62725.40405269682 64250.24603031087 66325.40405269682 67850.24603031087 69925.40405269682 73525.40405269682 75050.24603031087 77125.29704469682 78650.24603031087 80725.29704469682 82250.24603031087 84413.43332059772 85850.24603031087 87264.97762946603 89450.24603031087 91525.29704469682 95125.29704469682 96650.24603031087 99755.2035042027 100250.24603031087 102325.29704469682 103850.24603031087 105925.29704469682 107450.24603031087 110099.67153124469 111050.24603031087 114650.24603031087 116725.29704469682 118250.24603031087 120325.29704469682 121850.24603031087 123925.29704469682 127525.29704469682 129050.24603031087 131125.29704469682 132650.24603031087 134725.29704469682 136250.24603031087 138325.29704469682 139850.24603031087 143450.24603031087 147050.24603031087 150650.24603031087 152725.29704469682 154250.24603031087 156325.29704469682 157850.24603031087 159925.29704469682 161450.24603031087 163525.29704469682 165050.24603031087 167125.29704469682 168650.24603031087 172250.24603031087 174325.29704469682 175863.66870552607 177925.29704469682 181525.29704469682 183050.24603031087 185125.29704469682 186650.24603031087 190250.24603031087 192325.29704469682 193850.24603031087 195925.29704469682 197450.24603031087 199525.29704469682 201050.24603031087 203125.29704469682 204650.24603031087 206725.29704469682 208250.24603031087 210325.29704469682 211850.24603031087 213925.29704469682 215450.24603031087 217525.29704469682 219050.24603031087 221125.29704469682 222650.24603031087 224725.29704469682 228325.29704469682 229850.24603031087 231925.29704469682 233450.24603031087 237050.24603031087 239125.29704469682 242725.29704469682 244250.24603031087 246325.29704469682 247850.24603031087 249925.29704469682 251450.24603031087 253525.29704469682 255050.24603031087 257125.29704469682 258650.24603031087","35 35 35 35 35 35 35 35 35 35 35 35 35 35 35 35 35 35 35 35 35 35 35 35 35 35 35 35 35 35 35 35 35 35 35 35 35 35 35 35 35 35 35 35 35 35 35 35 35 35 35 35 35 35 35 35 35 35 35 35 35 35 35 35 35 35 35 35 35 35 35 35 35 35 35 35 35 35 35 35 35 35 35 35 35 35 35 35 35 35 35 35 35 35 35 35 35 35 35 35 35 35 35 35 35 35 35 35 35 35 35 35 35 35 35 35 35 35 35 35 35 35 35 35"
General-0-20260516-22:34:32-3550,attr,LoRaNetworkTest.loRaGW[0].udp,packetSent:vector(packetBytes),interpolationmode,none,,
General-0-20260516-22:34:32-3550,attr,LoRaNetworkTest.loRaGW[0].udp,packetSent:vector(packetBytes),recordingmode,vector(packetBytes),,
General-0-20260516-22:34:32-3550,attr,LoRaNetworkTest.loRaGW[0].udp,packetSent:vector(packetBytes),source,packetSent,,
General-0-20260516-22:34:32-3550,attr,LoRaNetworkTest.loRaGW[0].udp,packetSent:vector(packetBytes),title,"packets sent, packetBytes",,
General-10-20260516-23:14:20-3622,vector,LoRaNetworkTest.loRaGW[0].udp,packetSent:vector(packetBytes),,,"8994.87203385651 10195.02067857864 12594.87203385651 13795.02067857864 16194.87203385651 17395.02067857864 19794.87203385651 20995.02067857864 23394.87203385651 24595.02067857864 26994.87203385651 28195.02067857864 30594.87203385651 31795.02067857864 34194.87203385651 35395.02067857864 37794.87203385651 38995.02067857864 41394.87203385651 42595.02067857864 44994.87203385651 46195.02067857864 48594.87203385651 49795.02067857864 52194.87203385651 53395.02067857864 55794.87203385651 56995.02067857864 59394.87203385651 60595.02067857864 62994.87203385651 64195.02067857864 66594.87203385651 67795.02067857864 71395.02067857864 73794.87203385651 74995.02067857864 75638.17344524264 77394.87203385651 78595.02067857864 82195.02067857864 84594.76502585651 85795.02067857864 89395.02067857864 92995.02067857864 95394.76502585651 96595.02067857864 100195.02067857864 103795.02067857864 107395.02067857864 110995.02067857864 113394.76502585651 114595.02067857864 116994.76502585651 118195.02067857864 121795.02067857864 125395.02067857864 127794.76502585651 128995.02067857864 131394.76502585651 132595.02067857864 136195.02067857864 138594.76502585651 139795.02067857864 143395.02067857864 146654.06062825212 146994.95898257864 150594.95898257864 152994.76502585651 154194.95898257864 156594.76502585651 157794.95898257864 160194.76502585651 161394.95898257864 163794.76502585651 164994.95898257864 167394.76502585651 168594.95898257864 170994.76502585651 172194.95898257864 175794.95898257864 178194.76502585651 179394.95898257864 181794.76502585651 182235.41324103919 182994.95898257864 185394.76502585651 186594.95898257864 192594.76502585651 193794.95898257864 200994.95898257864 202854.59930587617 203394.76502585651 204594.95898257864 206994.76502585651 208194.95898257864 210594.76502585651 211794.95898257864 213836.15185614658 214194.76502585651 215394.95898257864 217794.76502585651 218994.95898257864 221394.76502585651 222594.95898257864 224994.76502585651 226194.95898257864 228594.76502585651 232194.76502585651 233394.95898257864 235794.76502585651 236994.95898257864 239394.76502585651 240594.95898257864 242994.76502585651 244194.95898257864 246594.76502585651 247794.95898257864 250194.76502585651 251394.95898257864 254994.95898257864 257394.76502585651 258594.95898257864 259123.82038080264","35 35 35 35 35 35 35 35 35 35 35 35 35 35 35 35 35 35 35 35 35 35 35 35 35 35 35 35 35 35 35 35 35 35 35 35 35 35 35 35 35 35 35 35 35 35 35 35 35 35 35 35 35 35 35 35 35 35 35 35 35 35 35 35 35 35 35 35 35 35 35 35 35 35 35 35 35 35 35 35 35 35 35 35 35 35 35 35 35 35 35 35 35 35 35 35 35 35 35 35 35 35 35 35 35 35 35 35 35 35 35 35 35 35 35 35 35 35 35 35 35 35 35 35"
General-10-20260516-23:14:20-3622,attr,LoRaNetworkTest.loRaGW[0].udp,packetSent:vector(packetBytes),interpolationmode,none,,
General-10-20260516-23:14:20-3622,attr,LoRaNetworkTest.loRaGW[0].udp,packetSent:vector(packetBytes),recordingmode,vector(packetBytes),,
General-10-20260516-23:14:20-3622,attr,LoRaNetworkTest.loRaGW[0].udp,packetSent:vector(packetBytes),source,packetSent,,
General-10-20260516-23:14:20-3622,attr,LoRaNetworkTest.loRaGW[0].udp,packetSent:vector(packetBytes),title,"packets sent, packetBytes",,
General-3-20260516-22:46:51-3574,vector,LoRaNetworkTest.loRaGW[0].udp,packetSent:vector(packetBytes),,,"9249.66054860013 10414.85583249449 12849.66054860013 14014.85583249449 16449.66054860013 17614.85583249449 20049.66054860013 21214.85583249449 24814.85583249449 27249.66054860013 28414.85583249449 30849.66054860013 32014.85583249449 34449.66054860013 35614.85583249449 38049.66054860013 39214.85583249449 41649.66054860013 42814.85583249449 45249.66054860013 48849.66054860013 50014.85583249449 56049.66054860013 59649.66054860013 60814.85583249449 63249.66054860013 64414.85583249449 66849.66054860013 68014.85583249449 70449.66054860013 71614.85583249449 74049.66054860013 75214.85583249449 78814.85583249449 81249.66054860013 82414.85583249449 83881.1270200264 84849.66054860013 86014.74882449449 88449.66054860013 89614.74882449449 93214.74882449449 95649.66054860013 96814.74882449449 98165.83081522143 99249.66054860013 100414.74882449449 104014.74882449449 106449.66054860013 107614.74882449449 110049.66054860013 113649.66054860013 114814.74882449449 117249.66054860013 118414.74882449449 120849.66054860013 122014.74882449449 124449.66054860013 125614.74882449449 131649.66054860013 132814.74882449449 134501.42574706367 135249.66054860013 136414.74882449449 137820.8039115172 138849.66054860013 142449.66054860013 146049.66054860013 147214.74882449449 149649.66054860013 150814.74882449449 153249.66054860013 156849.66054860013 158014.74882449449 160449.66054860013 161614.74882449449 164049.66054860013 167649.66054860013 168814.74882449449 171249.66054860013 172414.74882449449 174849.66054860013 176014.74882449449 178449.66054860013 179614.74882449449 182049.66054860013 183214.74882449449 185649.66054860013 186814.74882449449 189249.66054860013 190414.74882449449 190510.93710454224 192849.66054860013 194014.74882449449 195798.59533172553 196449.66054860013 197614.74882449449 203649.66054860013 204814.74882449449 208414.74882449449 210849.66054860013 212014.74882449449 215350.54994825184 218049.66054860013 219214.74882449449 221649.66054860013 222814.74882449449 225249.66054860013 226414.74882449449 228849.66054860013 229405.19304934336 230014.74882449449 232449.66054860013 233614.74882449449 236049.66054860013 239649.66054860013 240814.74882449449 243249.66054860013 244414.74882449449 246849.66054860013 248014.74882449449 250449.66054860013 254049.66054860013 257649.66054860013 258814.74882449449","35 35 35 35 35 35 35 35 35 35 35 35 35 35 35 35 35 35 35 35 35 35 35 35 35 35 35 35 35 35 35 35 35 35 35 35 35 35 35 35 35 35 35 35 35 35 35 35 35 35 35 35 35 35 35 35 35 35 35 35 35 35 35 35 35 35 35 35 35 35 35 35 35 35 35 35 35 35 35 35 35 35 35 35 35 35 35 35 35 35 35 35 35 35 35 35 35 35 35 35 35 35 35 35 35 35 35 35 35 35 35 35 35 35 35 35 35 35 35 35 35 35 35 35 35"
General-3-20260516-22:46:51-3574,attr,LoRaNetworkTest.loRaGW[0].udp,packetSent:vector(packetBytes),interpolationmode,none,,
General-3-20260516-22:46:51-3574,attr,LoRaNetworkTest.loRaGW[0].udp,packetSent:vector(packetBytes),recordingmode,vector(packetBytes),,
General-3-20260516-22:46:51-3574,attr,LoRaNetworkTest.loRaGW[0].udp,packetSent:vector(packetBytes),source,packetSent,,
General-3-20260516-22:46:51-3574,attr,LoRaNetworkTest.loRaGW[0].udp,packetSent:vector(packetBytes),title,"packets sent, packetBytes",,
General-18-20260516-23:45:29-3691,vector,LoRaNetworkTest.loRaGW[0].udp,packetSent:vector(packetBytes),,,"10268.28582769229 10470.29092659685 13868.28582769229 14070.29092659685 17468.28582769229 17670.29092659685 21068.28582769229 21270.29092659685 24668.28582769229 24870.29092659685 28470.29092659685 31868.28582769229 32070.29092659685 35468.28582769229 35670.29092659685 39068.28582769229 39270.29092659685 42668.28582769229 42870.29092659685 46268.28582769229 46470.29092659685 49868.28582769229 50070.29092659685 53468.28582769229 53670.29092659685 57068.28582769229 57096.18285591158 57270.29092659685 60668.28582769229 60870.29092659685 64470.29092659685 67868.28582769229 68070.29092659685 71468.28582769229 71670.29092659685 75270.29092659685 75789.94521907922 78668.28582769229 78870.29092659685 82268.28582769229 82470.29092659685 86070.29092659685 89410.55380456082 89468.17881969229 89670.29092659685 93068.17881969229 93270.29092659685 96870.29092659685 100268.17881969229 100470.29092659685 104070.29092659685 107670.29092659685 111270.29092659685 114668.17881969229 114870.29092659685 118268.17881969229 118470.29092659685 121868.17881969229 122070.29092659685 125468.17881969229 125670.29092659685 132668.17881969229 136470.29092659685 140070.29092659685 143468.17881969229 143670.29092659685 147068.17881969229 147270.29092659685 150870.29092659685 154470.29092659685 158070.29092659685 161468.17881969229 161670.29092659685 165270.29092659685 168870.29092659685 172268.17881969229 172470.29092659685 175868.17881969229 176070.29092659685 179468.17881969229 179670.29092659685 179940.26852501135 183068.17881969229 183270.29092659685 183370.03724830347 186668.17881969229 190268.17881969229 193868.17881969229 196259.21244347872 197468.17881969229 197670.29092659685 201068.17881969229 201270.29092659685 204029.07131929998 204668.17881969229 204870.29092659685 207259.29668486621 208470.29092659685 211868.17881969229 212070.29092659685 215468.17881969229 215670.29092659685 217247.68396958249 219270.29092659685 222668.17881969229 222870.29092659685 226268.17881969229 226470.29092659685 229868.17881969229 230070.29092659685 233468.17881969229 233670.29092659685 237068.17881969229 237270.29092659685 240668.17881969229 240870.29092659685 244268.17881969229 244470.29092659685 247868.17881969229 248070.29092659685 250075.4609264973 251468.17881969229 251670.29092659685 255068.17881969229 258668.17881969229 258870.29092659685","35 35 35 35 35 35 35 35 35 35 35 35 35 35 35 35 35 35 35 35 35 35 35 35 35 35 35 35 35 35 35 35 35 35 35 35 35 35 35 35 35 35 35 35 35 35 35 35 35 35 35 35 35 35 35 35 35 35 35 35 35 35 35 35 35 35 35 35 35 35 35 35 35 35 35 35 35 35 35 35 35 35 35 35 35 35 35 35 35 35 35 35 35 35 35 35 35 35 35 35 35 35 35 35 35 35 35 35 35 35 35 35 35 35 35 35 35 35 35 35 35 35 35 35 35 35"
General-18-20260516-23:45:29-3691,attr,LoRaNetworkTest.loRaGW[0].udp,packetSent:vector(packetBytes),interpolationmode,none,,
General-18-20260516-23:45:29-3691,attr,LoRaNetworkTest.loRaGW[0].udp,packetSent:vector(packetBytes),recordingmode,vector(packetBytes),,
General-18-20260516-23:45:29-3691,attr,LoRaNetworkTest.loRaGW[0].udp,packetSent:vector(packetBytes),source,packetSent,,
General-18-20260516-23:45:29-3691,attr,LoRaNetworkTest.loRaGW[0].udp,packetSent:vector(packetBytes),title,"packets sent, packetBytes",,
General-8-20260516-23:06:30-3608,vector,LoRaNetworkTest.loRaGW[0].udp,packetSent:vector(packetBytes),,,"8038.06876035377 10139.40040006745 11638.06876035377 13739.40040006745 13828.92959326476 15238.06876035377 17339.40040006745 18838.06876035377 20939.40040006745 22438.06876035377 24539.40040006745 26038.06876035377 28139.40040006745 31739.40040006745 33238.06876035377 35339.40040006745 36838.06876035377 38939.40040006745 40438.06876035377 42539.40040006745 46139.40040006745 47415.40708215732 47638.06876035377 49739.40040006745 51238.06876035377 54838.06876035377 56939.40040006745 58438.06876035377 60539.40040006745 62038.06876035377 65638.06876035377 67739.40040006745 69238.06876035377 71339.40040006745 72838.06876035377 74939.40040006745 76438.06876035377 78539.40040006745 82139.40040006745 85739.40040006745 87237.96175235377 89339.40040006745 90837.96175235377 92939.40040006745 94515.69765154078 98037.96175235377 100139.40040006745 101637.96175235377 103739.40040006745 105237.96175235377 107339.40040006745 108837.96175235377 112437.96175235377 114539.40040006745 116037.96175235377 118139.40040006745 121739.40040006745 123237.96175235377 125339.40040006745 126837.96175235377 128939.40040006745 132539.40040006745 136139.40040006745 139739.40040006745 141237.96175235377 143339.40040006745 144837.96175235377 146939.40040006745 148437.96175235377 150539.40040006745 154139.40040006745 157739.40040006745 159237.96175235377 161339.40040006745 162837.96175235377 164939.40040006745 165423.55199288857 166437.96175235377 168539.40040006745 170037.96175235377 172139.40040006745 173637.96175235377 175739.40040006745 177237.96175235377 179339.40040006745 184437.96175235377 186539.40040006745 190139.40040006745 191637.96175235377 193739.40040006745 195237.96175235377 197339.40040006745 198837.96175235377 200939.40040006745 202437.96175235377 204539.40040006745 205652.91390820499 206037.96175235377 208139.40040006745 209637.96175235377 211739.40040006745 216837.96175235377 218939.40040006745 220437.96175235377 222539.40040006745 224037.96175235377 226139.40040006745 227637.96175235377 229739.40040006745 231237.96175235377 233339.40040006745 234837.96175235377 236939.40040006745 238437.96175235377 238564.29442356527 240539.40040006745 242037.96175235377 244139.40040006745 245637.96175235377 247739.40040006745 249237.96175235377 251339.40040006745 252837.96175235377 254292.29198097562 254939.40040006745 258539.40040006745","35 35 35 35 35 35 35 35 35 35 35 35 35 35 35 35 35 35 35 35 35 35 35 35 35 35 35 35 35 35 35 35 35 35 35 35 35 35 35 35 35 35 35 35 35 35 35 35 35 35 35 35 35 35 35 35 35 35 35 35 35 35 35 35 35 35 35 35 35 35 35 35 35 35 35 35 35 35 35 35 35 35 35 35 35 35 35 35 35 35 35 35 35 35 35 35 35 35 35 35 35 35 35 35 35 35 35 35 35 35 35 35 35 35 35 35 35 35 35 35 35 35 35 35 35 35"
General-8-20260516-23:06:30-3608,attr,LoRaNetworkTest.loRaGW[0].udp,packetSent:vector(packetBytes),interpolationmode,none,,
General-8-20260516-23:06:30-3608,attr,LoRaNetworkTest.loRaGW[0].udp,packetSent:vector(packetBytes),recordingmode,vector(packetBytes),,
General-8-20260516-23:06:30-3608,attr,LoRaNetworkTest.loRaGW[0].udp,packetSent:vector(packetBytes),source,packetSent,,
General-8-20260516-23:06:30-3608,attr,LoRaNetworkTest.loRaGW[0].udp,packetSent:vector(packetBytes),title,"packets sent, packetBytes",,
General-14-20260516-23:30:15-3665,vector,LoRaNetworkTest.loRaGW[0].udp,packetSent:vector(packetBytes),,,"7736.55817185971 8315.29613414749 11336.55817185971 11915.29613414749 14936.55817185971 15515.29613414749 18536.55817185971 19115.29613414749 19418.65383787728 22136.55817185971 22715.29613414749 25736.55817185971 26315.29613414749 29336.55817185971 29915.29613414749 32936.55817185971 33515.29613414749 36536.55817185971 37115.29613414749 40136.55817185971 40715.29613414749 43736.55817185971 44315.29613414749 47915.29613414749 50936.55817185971 51515.29613414749 54536.55817185971 55115.29613414749 58136.55817185971 58715.29613414749 61736.55817185971 65336.55817185971 65915.29613414749 68936.55817185971 69515.29613414749 72536.55817185971 73115.29613414749 76136.55817185971 79736.55817185971 83336.55817185971 86936.55817185971 90536.55817185971 91115.18912614749 94136.55817185971 94715.18912614749 97736.55817185971 98315.18912614749 101336.55817185971 101915.18912614749 104936.55817185971 105515.18912614749 108536.55817185971 109115.18912614749 112136.55817185971 115736.55817185971 116315.18912614749 119336.55817185971 119915.18912614749 122936.55817185971 126536.55817185971 127115.18912614749 130136.55817185971 130715.18912614749 133736.55817185971 134315.18912614749 137336.55817185971 137915.18912614749 140936.55817185971 141515.18912614749 144536.55817185971 145115.18912614749 151736.55817185971 152315.18912614749 155336.55817185971 155915.18912614749 158936.55817185971 159515.18912614749 162536.55817185971 163115.18912614749 166136.55817185971 169736.55817185971 176936.55817185971 177515.18912614749 180536.55817185971 181115.18912614749 184136.55817185971 184715.18912614749 187736.55817185971 188315.18912614749 191336.55817185971 191915.18912614749 193317.83068263696 194936.55817185971 195515.18912614749 199115.18912614749 202136.55817185971 202715.18912614749 205736.55817185971 206315.18912614749 209336.55817185971 209915.18912614749 212936.55817185971 213515.18912614749 216536.55817185971 217115.18912614749 220136.55817185971 220715.18912614749 220760.73975515583 223736.55817185971 224315.18912614749 227336.55817185971 227915.18912614749 230936.55817185971 231515.18912614749 234536.55817185971 235115.18912614749 238136.55817185971 238715.18912614749 242315.18912614749 245336.55817185971 245915.18912614749 248936.55817185971 249515.18912614749 252536.55817185971 253115.18912614749 256136.55817185971 256715.18912614749","35 35 35 35 35 35 35 35 35 35 35 35 35 35 35 35 35 35 35 35 35 35 35 35 35 35 35 35 35 35 35 35 35 35 35 35 35 35 35 35 35 35 35 35 35 35 35 35 35 35 35 35 35 35 35 35 35 35 35 35 35 35 35 35 35 35 35 35 35 35 35 35 35 35 35 35 35 35 35 35 35 35 35 35 35 35 35 35 35 35 35 35 35 35 35 35 35 35 35 35 35 35 35 35 35 35 35 35 35 35 35 35 35 35 35 35 35 35 35 35 35 35 35 35 35 35 35"
General-14-20260516-23:30:15-3665,attr,LoRaNetworkTest.loRaGW[0].udp,packetSent:vector(packetBytes),interpolationmode,none,,
General-14-20260516-23:30:15-3665,attr,LoRaNetworkTest.loRaGW[0].udp,packetSent:vector(packetBytes),recordingmode,vector(packetBytes),,
General-14-20260516-23:30:15-3665,attr,LoRaNetworkTest.loRaGW[0].udp,packetSent:vector(packetBytes),source,packetSent,,
General-14-20260516-23:30:15-3665,attr,LoRaNetworkTest.loRaGW[0].udp,packetSent:vector(packetBytes),title,"packets sent, packetBytes",,
General-17-20260516-23:41:35-3686,vector,LoRaNetworkTest.loRaGW[0].udp,packetSent:vector(packetBytes),,,"7632.68485245586 13633.39444769516 13704.69655323285 14759.39508293046 17233.39444769516 17304.69655323285 20833.39444769516 20904.69655323285 24433.39444769516 24504.69655323285 28033.39444769516 28104.69655323285 31633.39444769516 31704.69655323285 35233.39444769516 35304.69655323285 38833.39444769516 41871.62533745883 42433.39444769516 45620.24648019802 46033.39444769516 46104.69655323285 49633.39444769516 49704.69655323285 53233.39444769516 53304.69655323285 56833.39444769516 56904.69655323285 60433.39444769516 60504.69655323285 64033.39444769516 64104.69655323285 67633.39444769516 67704.69655323285 71233.39444769516 71304.69655323285 74833.39444769516 74904.69655323285 78433.39444769516 78504.69655323285 82033.39444769516 82104.69655323285 85633.39444769516 85704.69655323285 89233.39444769516 89304.69655323285 92833.39444769516 96433.39444769516 96504.69655323285 100033.39444769516 100104.69655323285 103633.39444769516 103704.69655323285 107233.39444769516 107304.69655323285 110833.39444769516 110904.69655323285 114433.39444769516 114504.69655323285 118033.39444769516 118104.69655323285 121633.39444769516 121704.69655323285 125233.39444769516 125304.69655323285 128904.69655323285 132433.39444769516 132504.69655323285 136033.39444769516 136104.69655323285 139633.39444769516 139704.69655323285 143233.39444769516 143304.69655323285 146833.39444769516 146904.69655323285 150433.39444769516 150504.69655323285 154033.28743969516 157704.69655323285 161233.28743969516 161304.69655323285 164904.69655323285 168504.69655323285 172033.28743969516 172104.69655323285 175633.28743969516 175704.69655323285 179304.69655323285 182833.28743969516 182904.69655323285 182905.19655323285 186433.28743969516 186504.69655323285 190033.28743969516 190104.69655323285 193633.28743969516 193704.69655323285 197233.28743969516 197304.69655323285 200823.51063305496 200833.28743969516 204433.28743969516 204504.69655323285 208104.69655323285 211704.69655323285 215233.28743969516 215304.69655323285 218833.28743969516 218904.69655323285 222504.69655323285 226104.69655323285 229633.28743969516 229704.69655323285 233233.28743969516 233304.69655323285 236833.28743969516 236904.69655323285 240433.28743969516 240504.69655323285 244033.28743969516 244104.69655323285 247633.28743969516 247704.69655323285 251304.69655323285 254833.28743969516 254904.69655323285 258433.28743969516 258504.69655323285","35 35 35 35 35 35 35 35 35 35 35 35 35 35 35 35 35 35 35 35 35 35 35 35 35 35 35 35 35 35 35 35 35 35 35 35 35 35 35 35 35 35 35 35 35 35 35 35 35 35 35 35 35 35 35 35 35 35 35 35 35 35 35 35 35 35 35 35 35 35 35 35 35 35 35 35 35 35 35 35 35 35 35 35 35 35 35 35 35 35 35 35 35 35 35 35 35 35 35 35 35 35 35 35 35 35 35 35 35 35 35 35 35 35 35 35 35 35 35 35 35 35 35 35 35 35 35 35 35"
General-17-20260516-23:41:35-3686,attr,LoRaNetworkTest.loRaGW[0].udp,packetSent:vector(packetBytes),interpolationmode,none,,
General-17-20260516-23:41:35-3686,attr,LoRaNetworkTest.loRaGW[0].udp,packetSent:vector(packetBytes),recordingmode,vector(packetBytes),,
General-17-20260516-23:41:35-3686,attr,LoRaNetworkTest.loRaGW[0].udp,packetSent:vector(packetBytes),source,packetSent,,
General-17-20260516-23:41:35-3686,attr,LoRaNetworkTest.loRaGW[0].udp,packetSent:vector(packetBytes),title,"packets sent, packetBytes",,
General-15-20260516-23:33:57-3673,vector,LoRaNetworkTest.loRaGW[0].udp,packetSent:vector(packetBytes),,,"8191.69010825425 10147.14217394101 11791.69010825425 13747.14217394101 17347.14217394101 18991.69010825425 20947.14217394101 22591.69010825425 25242.15177018034 26191.69010825425 28147.14217394101 29791.69010825425 31747.14217394101 33391.69010825425 35347.14217394101 36991.69010825425 38947.14217394101 40591.69010825425 42547.14217394101 44191.69010825425 46147.14217394101 47791.69010825425 49747.14217394101 51391.69010825425 53347.14217394101 54991.69010825425 56947.14217394101 58591.69010825425 60547.14217394101 64147.14217394101 64343.82227272919 65791.69010825425 67743.3749555589 67747.14217394101 69391.69010825425 71347.14217394101 72991.69010825425 74947.14217394101 76591.69010825425 78547.14217394101 80191.58310025425 82147.14217394101 83791.58310025425 85747.14217394101 87391.58310025425 89347.14217394101 90991.58310025425 92947.14217394101 94591.58310025425 96547.14217394101 98191.58310025425 100147.14217394101 101791.58310025425 103747.14217394101 105391.58310025425 107347.14217394101 108991.58310025425 110947.14217394101 112591.58310025425 114547.14217394101 117056.27797815212 118147.14217394101 119791.58310025425 121747.14217394101 128947.14217394101 130591.58310025425 132547.14217394101 134191.58310025425 136147.14217394101 137791.58310025425 139747.14217394101 143347.14217394101 146947.14217394101 150547.14217394101 152191.58310025425 154147.14217394101 155791.58310025425 160840.08347439971 161347.14217394101 162991.58310025425 168547.14217394101 170191.58310025425 172147.14217394101 173791.58310025425 177391.58310025425 179347.14217394101 180991.58310025425 182947.14217394101 184591.58310025425 186547.14217394101 190147.14217394101 191791.58310025425 193747.14217394101 195391.58310025425 197347.14217394101 198991.58310025425 200947.14217394101 202591.58310025425 204547.14217394101 206191.58310025425 207149.61018181641 208147.14217394101 209791.58310025425 211747.14217394101 213391.58310025425 215347.14217394101 216991.58310025425 218947.14217394101 220591.58310025425 222547.14217394101 224191.58310025425 225712.72807645196 226147.14217394101 227791.58310025425 229747.14217394101 233347.14217394101 236947.14217394101 238591.58310025425 239415.61112317838 240547.14217394101 242191.58310025425 244147.14217394101 245791.58310025425 247747.14217394101 249391.58310025425 251347.14217394101 252991.58310025425 254947.14217394101 256591.58310025425 258547.14217394101","35 35 35 35 35 35 35 35 35 35 35 35 35 35 35 35 35 35 35 35 35 35 35 35 35 35 35 35 35 35 35 35 35 35 35 35 35 35 35 35 35 35 35 35 35 35 35 35 35 35 35 35 35 35 35 35 35 35 35 35 35 35 35 35 35 35 35 35 35 35 35 35 35 35 35 35 35 35 35 35 35 35 35 35 35 35 35 35 35 35 35 35 35 35 35 35 35 35 35 35 35 35 35 35 35 35 35 35 35 35 35 35 35 35 35 35 35 35 35 35 35 35 35 35 35 35 35 35 35 35"
General-15-20260516-23:33:57-3673,attr,LoRaNetworkTest.loRaGW[0].udp,packetSent:vector(packetBytes),interpolationmode,none,,
General-15-20260516-23:33:57-3673,attr,LoRaNetworkTest.loRaGW[0].udp,packetSent:vector(packetBytes),recordingmode,vector(packetBytes),,
General-15-20260516-23:33:57-3673,attr,LoRaNetworkTest.loRaGW[0].udp,packetSent:vector(packetBytes),source,packetSent,,
General-15-20260516-23:33:57-3673,attr,LoRaNetworkTest.loRaGW[0].udp,packetSent:vector(packetBytes),title,"packets sent, packetBytes",,
General-4-20260516-22:50:49-3580,vector,LoRaNetworkTest.loRaGW[0].udp,packetSent:vector(packetBytes),,,"9392.66792939487 9712.07055186822 12992.66792939487 13312.07055186822 16592.66792939487 16912.07055186822 20512.07055186822 23792.66792939487 27392.66792939487 27712.07055186822 30992.66792939487 31312.07055186822 34592.66792939487 34912.07055186822 38512.07055186822 41792.66792939487 42112.07055186822 45392.66792939487 45712.07055186822 48992.66792939487 49312.07055186822 52592.66792939487 52912.07055186822 56192.66792939487 56512.07055186822 59792.66792939487 60112.07055186822 61213.38801146054 63282.99494335406 63392.66792939487 63712.07055186822 66992.66792939487 67312.07055186822 70592.66792939487 74512.07055186822 78112.07055186822 79896.23453873342 80812.2182857755 81392.66792939487 81712.07055186822 84992.66792939487 85312.07055186822 88592.66792939487 88912.07055186822 92192.66792939487 92512.07055186822 95792.66792939487 96112.07055186822 99392.66792939487 99712.07055186822 102992.66792939487 103312.07055186822 106592.66792939487 106912.07055186822 107830.28885895441 110192.66792939487 110512.07055186822 113792.66792939487 114112.07055186822 117392.66792939487 117712.07055186822 120992.66792939487 124592.66792939487 124912.07055186822 128192.66792939487 128512.07055186822 131792.66792939487 135392.66792939487 135712.07055186822 138992.66792939487 139312.07055186822 142592.66792939487 142912.07055186822 146192.66792939487 146512.07055186822 149792.66792939487 150112.07055186822 153392.66792939487 153712.07055186822 154910.09321912418 156992.66792939487 157312.07055186822 160256.32455779547 160300.25359223426 160592.66792939487 160912.07055186822 164192.66792939487 167792.66792939487 168111.96354386822 171247.0624977941 171392.66792939487 171711.96354386822 178592.66792939487 178911.96354386822 182192.66792939487 185466.99564746595 185792.66792939487 186886.0162744571 189392.66792939487 189711.96354386822 192992.66792939487 196592.66792939487 196911.96354386822 200192.66792939487 200511.96354386822 204111.96354386822 207392.66792939487 207711.96354386822 210992.66792939487 211311.96354386822 218192.66792939487 218511.96354386822 221792.66792939487 225392.66792939487 225563.26520405284 228992.66792939487 232592.66792939487 232911.96354386822 236192.66792939487 236511.96354386822 239792.66792939487 240111.96354386822 243392.66792939487 246992.66792939487 247311.96354386822 250592.66792939487 250911.96354386822 254192.66792939487 254511.96354386822 258111.96354386822","35 35 35 35 35 35 35 35 35 35 35 35 35 35 35 35 35 35 35 35 35 35 35 35 35 35 35 35 35 35 35 35 35 35 35 35 35 35 35 35 35 35 35 35 35 35 35 35 35 35 35 35 35 35 35 35 35 35 35 35 35 35 35 35 35 35 35 35 35 35 35 35 35 35 35 35 35 35 35 35 35 35 35 35 35 35 35 35 35 35 35 35 35 35 35 35 35 35 35 35 35 35 35 35 35 35 35 35 35 35 35 35 35 35 35 35 35 35 35 35 35 35 35 35 35 35 35 35 35 35"
General-4-20260516-22:50:49-3580,attr,LoRaNetworkTest.loRaGW[0].udp,packetSent:vector(packetBytes),interpolationmode,none,,
General-4-20260516-22:50:49-3580,attr,LoRaNetworkTest.loRaGW[0].udp,packetSent:vector(packetBytes),recordingmode,vector(packetBytes),,
General-4-20260516-22:50:49-3580,attr,LoRaNetworkTest.loRaGW[0].udp,packetSent:vector(packetBytes),source,packetSent,,
General-4-20260516-22:50:49-3580,attr,LoRaNetworkTest.loRaGW[0].udp,packetSent:vector(packetBytes),title,"packets sent, packetBytes",,
General-12-20260516-23:22:30-3649,vector,LoRaNetworkTest.loRaGW[0].udp,packetSent:vector(packetBytes),,,"9805.10627015936 10852.71664986357 13405.10627015936 14452.71664986357 17005.10627015936 18052.71664986357 20605.10627015936 24205.10627015936 25252.71664986357 27805.10627015936 28852.71664986357 31405.10627015936 32452.71664986357 35005.10627015936 37283.31893440631 38401.88836843665 38605.10627015936 39652.71664986357 42205.10627015936 43252.71664986357 45805.10627015936 46852.71664986357 49405.10627015936 50452.71664986357 53005.10627015936 56605.10627015936 57652.71664986357 60205.10627015936 61252.71664986357 63805.10627015936 64852.71664986357 67405.10627015936 68452.71664986357 71005.10627015936 72052.71664986357 74605.10627015936 75652.71664986357 78138.94331992912 78205.10627015936 79252.71664986357 81805.10627015936 82852.71664986357 85405.10627015936 89005.10627015936 90052.71664986357 92605.10627015936 93652.71664986357 96205.10627015936 97252.71664986357 99805.10627015936 100852.71664986357 103405.10627015936 104452.71664986357 107005.10627015936 108052.71664986357 110605.10627015936 111652.71664986357 114205.10627015936 115252.71664986357 117805.10627015936 118852.71664986357 120517.90248079325 121405.10627015936 122452.71664986357 125005.10627015936 126052.71664986357 128605.10627015936 129652.71664986357 132205.10627015936 133252.71664986357 135805.10627015936 136852.71664986357 139405.10627015936 140452.71664986357 144052.71664986357 146605.10627015936 147652.71664986357 150205.10627015936 151252.71664986357 153805.10627015936 154852.71664986357 157405.10627015936 158452.71664986357 161005.10627015936 162052.60964186357 164605.10627015936 165652.60964186357 168205.10627015936 171805.10627015936 172195.51567324471 175405.10627015936 179005.10627015936 180052.60964186357 182296.97597729915 182605.10627015936 183652.60964186357 186205.10627015936 189805.10627015936 193405.10627015936 197005.10627015936 198052.60964186357 200605.10627015936 201652.60964186357 204205.10627015936 205252.60964186357 207805.10627015936 211405.10627015936 212452.60964186357 213201.16455512147 215005.10627015936 216052.60964186357 218605.10627015936 219652.60964186357 223252.60964186357 225805.10627015936 226852.60964186357 229405.10627015936 230452.60964186357 233005.10627015936 234052.60964186357 236605.10627015936 237573.34212725678 237652.60964186357 240205.10627015936 244852.60964186357 247405.10627015936 251005.10627015936 251654.57670544251 252052.60964186357 254605.10627015936 258205.10627015936","35 35 35 35 35 35 35 35 35 35 35 35 35 35 35 35 35 35 35 35 35 35 35 35 35 35 35 35 35 35 35 35 35 35 35 35 35 35 35 35 35 35 35 35 35 35 35 35 35 35 35 35 35 35 35 35 35 35 35 35 35 35 35 35 35 35 35 35 35 35 35 35 35 35 35 35 35 35 35 35 35 35 35 35 35 35 35 35 35 35 35 35 35 35 35 35 35 35 35 35 35 35 35 35 35 35 35 35 35 35 35 35 35 35 35 35 35 35 35 35 35 35 35 35 35 35 35 35 35 35 35"
General-12-20260516-23:22:30-3649,attr,LoRaNetworkTest.loRaGW[0].udp,packetSent:vector(packetBytes),interpolationmode,none,,
General-12-20260516-23:22:30-3649,attr,LoRaNetworkTest.loRaGW[0].udp,packetSent:vector(packetBytes),recordingmode,vector(packetBytes),,
General-12-20260516-23:22:30-3649,attr,LoRaNetworkTest.loRaGW[0].udp,packetSent:vector(packetBytes),source,packetSent,,
General-12-20260516-23:22:30-3649,attr,LoRaNetworkTest.loRaGW[0].udp,packetSent:vector(packetBytes),title,"packets sent, packetBytes",,
General-13-20260516-23:26:30-3656,vector,LoRaNetworkTest.loRaGW[0].udp,packetSent:vector(packetBytes),,,"7845.09229700523 10701.61078402742 11445.09229700523 14301.61078402742 15045.09229700523 18645.09229700523 21501.61078402742 22245.09229700523 24578.50356912221 25101.61078402742 25845.09229700523 28701.61078402742 29445.09229700523 32301.61078402742 33045.09229700523 35901.61078402742 36645.09229700523 39501.61078402742 40245.09229700523 43101.61078402742 43845.09229700523 46701.61078402742 47445.09229700523 50301.61078402742 51045.09229700523 53901.61078402742 54645.09229700523 57501.61078402742 58245.09229700523 61101.61078402742 61845.09229700523 64701.61078402742 65445.09229700523 68301.61078402742 69045.09229700523 71901.61078402742 72645.09229700523 75501.61078402742 76245.09229700523 78055.15579629976 79101.61078402742 79845.09229700523 82701.61078402742 83445.09229700523 86301.61078402742 87045.09229700523 89901.61078402742 90645.09229700523 93501.61078402742 94245.09229700523 97101.61078402742 97845.09229700523 100701.61078402742 101445.09229700523 104301.61078402742 105045.09229700523 107901.61078402742 111501.61078402742 112245.09229700523 115101.61078402742 115845.09229700523 118701.61078402742 119445.09229700523 122301.61078402742 122794.6713380916 123045.09229700523 123968.61975643044 125901.61078402742 126645.09229700523 129501.61078402742 130245.09229700523 133101.61078402742 136701.61078402742 137445.09229700523 139378.18125352892 140301.61078402742 141045.09229700523 143901.61078402742 144645.09229700523 147501.61078402742 151101.61078402742 151845.09229700523 154701.61078402742 155445.09229700523 158301.61078402742 159045.09229700523 161901.61078402742 162645.09229700523 165501.61078402742 169845.09229700523 172701.61078402742 173445.09229700523 177045.09229700523 179901.61078402742 180645.09229700523 183501.61078402742 184245.09229700523 187101.61078402742 187845.09229700523 190701.61078402742 191445.09229700523 194301.61078402742 195045.09229700523 198645.09229700523 200678.05404599787 201501.61078402742 205101.61078402742 205845.09229700523 208701.61078402742 209445.09229700523 212301.61078402742 213045.09229700523 215901.61078402742 216645.09229700523 219501.61078402742 220245.09229700523 223101.61078402742 223845.09229700523 226701.61078402742 227445.09229700523 230301.61078402742 231045.09229700523 233901.50377602742 237501.50377602742 238245.03060100523 241845.03060100523 244701.50377602742 245445.03060100523 248301.50377602742 249045.03060100523 252645.03060100523","35 35 35 35 35 35 35 35 35 35 35 35 35 35 35 35 35 35 35 35 35 35 35 35 35 35 35 35 35 35 35 35 35 35 35 35 35 35 35 35 35 35 35 35 35 35 35 35 35 35 35 35 35 35 35 35 35 35 35 35 35 35 35 35 35 35 35 35 35 35 35 35 35 35 35 35 35 35 35 35 35 35 35 35 35 35 35 35 35 35 35 35 35 35 35 35 35 35 35 35 35 35 35 35 35 35 35 35 35 35 35 35 35 35 35 35 35 35 35 35 35 35 35 35 35 35 35 35 35 35 35"
General-13-20260516-23:26:30-3656,attr,LoRaNetworkTest.loRaGW[0].udp,packetSent:vector(packetBytes),interpolationmode,none,,
General-13-20260516-23:26:30-3656,attr,LoRaNetworkTest.loRaGW[0].udp,packetSent:vector(packetBytes),recordingmode,vector(packetBytes),,
General-13-20260516-23:26:30-3656,attr,LoRaNetworkTest.loRaGW[0].udp,packetSent:vector(packetBytes),source,packetSent,,
General-13-20260516-23:26:30-3656,attr,LoRaNetworkTest.loRaGW[0].udp,packetSent:vector(packetBytes),title,"packets sent, packetBytes",,
General-9-20260516-23:10:21-3615,vector,LoRaNetworkTest.loRaGW[0].udp,packetSent:vector(packetBytes),,,"7711.84671584486 8338.54729918274 11311.84671584486 11938.54729918274 14911.84671584486 15538.54729918274 18511.84671584486 19138.54729918274 22111.84671584486 22738.54729918274 25711.84671584486 26338.54729918274 29311.84671584486 29938.54729918274 30202.28203076125 30575.26610170855 32911.84671584486 33538.54729918274 40111.84671584486 40738.54729918274 43711.84671584486 44338.54729918274 47311.84671584486 47938.54729918274 50911.84671584486 51538.54729918274 54511.84671584486 55138.54729918274 58111.84671584486 61711.84671584486 62338.54729918274 65311.84671584486 65938.54729918274 68911.84671584486 69703.70078436293 72511.84671584486 73138.54729918274 73256.52584729955 73940.42921148636 76111.73970784486 80338.54729918274 83311.73970784486 86911.73970784486 87538.54729918274 88151.69051774151 90511.73970784486 91138.54729918274 94111.73970784486 97711.73970784486 98338.54729918274 101938.54729918274 104911.73970784486 108511.73970784486 109138.54729918274 112111.73970784486 112738.54729918274 115711.73970784486 116338.54729918274 119311.73970784486 119938.54729918274 122911.73970784486 123089.60538476386 123538.54729918274 127138.54729918274 130111.73970784486 130738.54729918274 134338.54729918274 141538.54729918274 145138.54729918274 148738.54729918274 149453.0644071258 151711.73970784486 152338.54729918274 155311.73970784486 155938.54729918274 158911.73970784486 159538.54729918274 162511.73970784486 163138.54729918274 166111.73970784486 166738.54729918274 169711.73970784486 170338.54729918274 173311.73970784486 173938.54729918274 176911.73970784486 177538.54729918274 180511.73970784486 181138.54729918274 184111.73970784486 184738.54729918274 187711.73970784486 188338.54729918274 191311.73970784486 191938.54729918274 194911.73970784486 195538.54729918274 197916.11988106224 198511.73970784486 199138.54729918274 202111.73970784486 202738.54729918274 205711.73970784486 206338.54729918274 209311.73970784486 209938.54729918274 212911.73970784486 213538.54729918274 216511.73970784486 217138.54729918274 220111.73970784486 223711.73970784486 224338.54729918274 227311.73970784486 227938.54729918274 230911.73970784486 234511.73970784486 235138.54729918274 238111.73970784486 238738.54729918274 241711.73970784486 242338.54729918274 245311.73970784486 245938.54729918274 248911.73970784486 249135.72415486718 249538.54729918274 252511.73970784486 253138.54729918274 256111.73970784486 256738.54729918274","35 35 35 35 35 35 35 35 35 35 35 35 35 35 35 35 35 35 35 35 35 35 35 35 35 35 35 35 35 35 35 35 35 35 35 35 35 35 35 35 35 35 35 35 35 35 35 35 35 35 35 35 35 35 35 35 35 35 35 35 35 35 35 35 35 35 35 35 35 35 35 35 35 35 35 35 35 35 35 35 35 35 35 35 35 35 35 35 35 35 35 35 35 35 35 35 35 35 35 35 35 35 35 35 35 35 35 35 35 35 35 35 35 35 35 35 35 35 35 35 35 35 35 35 35 35 35 35 35 35 35"
General-9-20260516-23:10:21-3615,attr,LoRaNetworkTest.loRaGW[0].udp,packetSent:vector(packetBytes),interpolationmode,none,,
General-9-20260516-23:10:21-3615,attr,LoRaNetworkTest.loRaGW[0].udp,packetSent:vector(packetBytes),recordingmode,vector(packetBytes),,
General-9-20260516-23:10:21-3615,attr,LoRaNetworkTest.loRaGW[0].udp,packetSent:vector(packetBytes),source,packetSent,,
General-9-20260516-23:10:21-3615,attr,LoRaNetworkTest.loRaGW[0].udp,packetSent:vector(packetBytes),title,"packets sent, packetBytes",,
General-11-20260516-23:18:24-3631,vector,LoRaNetworkTest.loRaGW[0].udp,packetSent:vector(packetBytes),,,"8712.97975879132 9601.47530632555 10534.75843214872 12312.97975879132 14134.75843214872 15912.97975879132 17734.75843214872 19512.97975879132 21334.75843214872 21645.22476736281 23112.97975879132 24934.75843214872 26712.97975879132 30312.97975879132 32134.75843214872 35734.75843214872 37512.97975879132 39334.75843214872 40042.67996217502 41112.97975879132 42934.75843214872 44712.97975879132 45393.43985446143 46534.75843214872 48312.97975879132 50134.75843214872 51912.97975879132 53734.75843214872 55512.97975879132 56765.427186594 59112.97975879132 60934.75843214872 62712.97975879132 64534.75843214872 68134.75843214872 69912.97975879132 71734.75843214872 73512.97975879132 75334.75843214872 77112.97975879132 78934.75843214872 79469.40063179585 80712.87275079132 82516.51131079245 82534.75843214872 84312.87275079132 87912.87275079132 89734.75843214872 91512.87275079132 93334.75843214872 95112.87275079132 96934.75843214872 98712.87275079132 100534.75843214872 102312.87275079132 104134.75843214872 105912.87275079132 107734.75843214872 111334.75843214872 113112.87275079132 114934.75843214872 118534.75843214872 120312.87275079132 122134.75843214872 125734.75843214872 129334.75843214872 131112.87275079132 132934.75843214872 134712.87275079132 136534.75843214872 140134.75843214872 145512.87275079132 147334.75843214872 150934.75843214872 154534.75843214872 156312.87275079132 161734.75843214872 163512.87275079132 165334.75843214872 167112.87275079132 168934.75843214872 169742.67811921816 172534.75843214872 174312.87275079132 176134.75843214872 177912.87275079132 179734.75843214872 181512.87275079132 183334.75843214872 185112.87275079132 186934.75843214872 188712.87275079132 190534.75843214872 192312.87275079132 194134.75843214872 195912.87275079132 197734.75843214872 199512.87275079132 201334.75843214872 203112.87275079132 204934.75843214872 206712.87275079132 208534.75843214872 210312.87275079132 212134.75843214872 213912.87275079132 215734.75843214872 217512.87275079132 219334.75843214872 221112.87275079132 222699.46778071126 222934.75843214872 224712.87275079132 228312.87275079132 230134.75843214872 231912.87275079132 232363.3060666112 233734.75843214872 235512.87275079132 237334.75843214872 239112.87275079132 240934.75843214872 242712.87275079132 244534.75843214872 246312.87275079132 248134.75843214872 249912.87275079132 251734.75843214872 253512.87275079132 255334.75843214872 257112.87275079132 258934.75843214872","35 35 35 35 35 35 35 35 35 35 35 35 35 35 35 35 35 35 35 35 35 35 35 35 35 35 35 35 35 35 35 35 35 35 35 35 35 35 35 35 35 35 35 35 35 35 35 35 35 35 35 35 35 35 35 35 35 35 35 35 35 35 35 35 35 35 35 35 35 35 35 35 35 35 35 35 35 35 35 35 35 35 35 35 35 35 35 35 35 35 35 35 35 35 35 35 35 35 35 35 35 35 35 35 35 35 35 35 35 35 35 35 35 35 35 35 35 35 35 35 35 35 35 35 35 35 35 35 35 35 35 35"
General-11-20260516-23:18:24-3631,attr,LoRaNetworkTest.loRaGW[0].udp,packetSent:vector(packetBytes),interpolationmode,none,,
General-11-20260516-23:18:24-3631,attr,LoRaNetworkTest.loRaGW[0].udp,packetSent:vector(packetBytes),recordingmode,vector(packetBytes),,
General-11-20260516-23:18:24-3631,attr,LoRaNetworkTest.loRaGW[0].udp,packetSent:vector(packetBytes),source,packetSent,,
General-11-20260516-23:18:24-3631,attr,LoRaNetworkTest.loRaGW[0].udp,packetSent:vector(packetBytes),title,"packets sent, packetBytes",,
General-1-20260516-22:39:03-3562,vector,LoRaNetworkTest.loRaGW[0].udp,packetSent:vector(packetBytes),,,"7274.19913008466 7728.56799744039 7774.8698509773 8370.84466438731 10796.68563160556 11198.97903783402 11328.56799744039 14928.56799744039 17996.68563160556 18528.56799744039 21596.68563160556 22128.56799744039 25196.68563160556 25728.56799744039 28796.68563160556 29328.56799744039 32928.56799744039 35996.68563160556 36528.56799744039 39596.68563160556 40128.56799744039 43196.68563160556 43728.56799744039 47328.56799744039 50396.68563160556 50928.56799744039 53996.68563160556 54528.56799744039 58128.56799744039 60119.4125574318 61196.68563160556 61728.56799744039 64796.68563160556 65328.56799744039 68396.68563160556 68928.56799744039 71996.68563160556 72528.46098944039 73375.30531408302 75596.68563160556 79196.68563160556 79728.46098944039 82796.68563160556 86396.68563160556 89996.68563160556 90528.46098944039 93596.68563160556 97196.68563160556 97728.46098944039 100451.13654793805 100796.68563160556 101328.46098944039 104396.68563160556 104928.46098944039 105384.96152852138 107996.68563160556 108528.46098944039 111596.68563160556 115196.68563160556 115589.86524788714 115728.46098944039 118796.68563160556 119328.46098944039 122396.68563160556 122928.46098944039 125996.68563160556 126528.46098944039 129596.68563160556 130128.46098944039 133196.68563160556 133728.46098944039 140396.68563160556 140928.46098944039 143996.68563160556 144528.46098944039 147596.68563160556 151196.68563160556 151728.46098944039 154796.68563160556 155328.46098944039 158396.68563160556 158928.46098944039 161996.68563160556 162528.46098944039 163070.16004718093 165596.68563160556 169196.68563160556 172796.68563160556 173328.46098944039 176396.68563160556 176928.46098944039 179996.68563160556 180528.46098944039 183596.68563160556 184128.46098944039 187196.68563160556 187728.46098944039 190796.68563160556 194396.68563160556 194928.46098944039 197996.68563160556 198528.46098944039 201596.68563160556 202128.46098944039 205196.68563160556 205728.46098944039 208796.68563160556 209328.46098944039 212396.68563160556 212928.46098944039 215996.68563160556 216528.46098944039 219596.68563160556 223728.46098944039 227021.86245822991 227328.46098944039 230396.68563160556 230928.46098944039 233996.68563160556 234528.46098944039 237596.68563160556 238128.46098944039 241196.68563160556 241728.46098944039 242029.40720706715 244796.68563160556 245328.46098944039 248396.68563160556 248928.46098944039 251996.68563160556 252528.46098944039 255596.68563160556 256128.46098944039 259196.68563160556","35 35 35 35 35 35 35 35 35 35 35 35 35 35 35 35 35 35 35 35 35 35 35 35 35 35 35 35 35 35 35 35 35 35 35 35 35 35 35 35 35 35 35 35 35 35 35 35 35 35 35 35 35 35 35 35 35 35 35 35 35 35 35 35 35 35 35 35 35 35 35 35 35 35 35 35 35 35 35 35 35 35 35 35 35 35 35 35 35 35 35 35 35 35 35 35 35 35 35 35 35 35 35 35 35 35 35 35 35 35 35 35 35 35 35 35 35 35 35 35 35 35 35 35 35 35 35 35 35 35 35 35 35 35"
General-1-20260516-22:39:03-3562,attr,LoRaNetworkTest.loRaGW[0].udp,packetSent:vector(packetBytes),interpolationmode,none,,
General-1-20260516-22:39:03-3562,attr,LoRaNetworkTest.loRaGW[0].udp,packetSent:vector(packetBytes),recordingmode,vector(packetBytes),,
General-1-20260516-22:39:03-3562,attr,LoRaNetworkTest.loRaGW[0].udp,packetSent:vector(packetBytes),source,packetSent,,
General-1-20260516-22:39:03-3562,attr,LoRaNetworkTest.loRaGW[0].udp,packetSent:vector(packetBytes),title,"packets sent, packetBytes",,
General-7-20260516-23:02:29-3599,vector,LoRaNetworkTest.loRaGW[0].udp,packetSent:vector(packetBytes),,,"8840.24544380116 10721.00904265388 14321.00904265388 16040.24544380116 17921.00904265388 19640.24544380116 21521.00904265388 23240.24544380116 24418.21431143058 25121.00904265388 26840.24544380116 28721.00904265388 30440.24544380116 32321.00904265388 34040.24544380116 35921.00904265388 37640.24544380116 39521.00904265388 41240.24544380116 43121.00904265388 44840.24544380116 46721.00904265388 48440.24544380116 50321.00904265388 52040.24544380116 53921.00904265388 55640.24544380116 57521.00904265388 59240.24544380116 61121.00904265388 62840.24544380116 64721.00904265388 66440.24544380116 68321.00904265388 70040.24544380116 73259.25602798702 75521.00904265388 77240.24544380116 79121.00904265388 80840.24544380116 82721.00904265388 84440.24544380116 86321.00904265388 88040.24544380116 89921.00904265388 93521.00904265388 95240.24544380116 97121.00904265388 98840.24544380116 100721.00904265388 101389.1712804381 102440.24544380116 104321.00904265388 106040.24544380116 108918.49236675456 109640.24544380116 111521.00904265388 113240.24544380116 116840.24544380116 118721.00904265388 120440.24544380116 120858.76301599196 122321.00904265388 124040.24544380116 125921.00904265388 127640.24544380116 129521.00904265388 131240.24544380116 133121.00904265388 134840.24544380116 136721.00904265388 138440.24544380116 142040.24544380116 145640.24544380116 147521.00904265388 149240.24544380116 151121.00904265388 152840.24544380116 154721.00904265388 156440.18374780116 158321.00904265388 160040.18374780116 161921.00904265388 163640.18374780116 165521.00904265388 169121.00904265388 171071.02831190673 172721.00904265388 174440.18374780116 176321.00904265388 179921.00904265388 181640.18374780116 183521.00904265388 185240.18374780116 187121.00904265388 188840.18374780116 190721.00904265388 192440.18374780116 192936.80644284187 194321.00904265388 196040.18374780116 197921.00904265388 199640.18374780116 201521.00904265388 203240.18374780116 205121.00904265388 206840.18374780116 208721.00904265388 212321.00904265388 214040.18374780116 214321.69513088147 215921.00904265388 217640.18374780116 219521.00904265388 221240.18374780116 223121.00904265388 226721.00904265388 228315.5796682726 228440.18374780116 230321.00904265388 232040.18374780116 233921.00904265388 235640.18374780116 237520.90203465388 241120.90203465388 242840.18374780116 244720.90203465388 246440.18374780116 248320.90203465388 250040.18374780116 251920.90203465388 253640.18374780116 257240.18374780116 259120.90203465388","35 35 35 35 35 35 35 35 35 35 35 35 35 35 35 35 35 35 35 35 35 35 35 35 35 35 35 35 35 35 35 35 35 35 35 35 35 35 35 35 35 35 35 35 35 35 35 35 35 35 35 35 35 35 35 35 35 35 35 35 35 35 35 35 35 35 35 35 35 35 35 35 35 35 35 35 35 35 35 35 35 35 35 35 35 35 35 35 35 35 35 35 35 35 35 35 35 35 35 35 35 35 35 35 35 35 35 35 35 35 35 35 35 35 35 35 35 35 35 35 35 35 35 35 35 35 35 35 35 35 35 35 35 35"
General-7-20260516-23:02:29-3599,attr,LoRaNetworkTest.loRaGW[0].udp,packetSent:vector(packetBytes),interpolationmode,none,,
General-7-20260516-23:02:29-3599,attr,LoRaNetworkTest.loRaGW[0].udp,packetSent:vector(packetBytes),recordingmode,vector(packetBytes),,
General-7-20260516-23:02:29-3599,attr,LoRaNetworkTest.loRaGW[0].udp,packetSent:vector(packetBytes),source,packetSent,,
General-7-20260516-23:02:29-3599,attr,LoRaNetworkTest.loRaGW[0].udp,packetSent:vector(packetBytes),title,"packets sent, packetBytes",,
General-5-20260516-22:54:41-3586,vector,LoRaNetworkTest.loRaGW[0].udp,packetSent:vector(packetBytes),,,"7277.91953992444 8131.53053101669 8958.52706821605 10726.1417676087 12558.52706821605 14326.1417676087 16158.52706821605 19758.52706821605 21526.1417676087 23358.52706821605 23908.69208166715 25126.1417676087 26958.52706821605 28726.1417676087 30558.52706821605 32326.1417676087 34158.52706821605 35926.1417676087 37758.52706821605 41358.52706821605 43126.1417676087 44958.52706821605 46726.1417676087 48558.52706821605 53926.1417676087 55758.52706821605 57526.1417676087 59358.52706821605 61126.1417676087 62958.52706821605 66558.52706821605 70158.52706821605 73758.52706821605 75526.1417676087 77217.33449725618 77358.52706821605 79126.1417676087 80958.52706821605 82726.1417676087 84558.52706821605 86326.1417676087 89926.1417676087 91758.52706821605 93526.1417676087 95358.52706821605 97126.1417676087 98958.52706821605 100157.60792951203 100726.1417676087 102558.52706821605 104326.1417676087 106158.52706821605 107926.1417676087 109758.52706821605 110192.7937011865 111526.1417676087 113358.52706821605 115126.1417676087 116958.52706821605 118726.1417676087 120558.52706821605 122326.1417676087 124158.52706821605 125926.1417676087 127758.52706821605 129526.1417676087 131358.52706821605 133126.1417676087 136726.1417676087 138558.52706821605 140326.1417676087 142158.52706821605 143926.1417676087 145758.52706821605 147526.1417676087 149358.52706821605 150475.75483890877 151126.1417676087 152958.52706821605 154726.1417676087 156558.42006021605 158326.1417676087 161926.1417676087 165526.1417676087 169126.1417676087 176326.1417676087 178158.42006021605 179926.1417676087 181758.42006021605 183526.1417676087 185358.42006021605 187728.48307214603 188958.42006021605 190726.1417676087 192558.42006021605 194326.1417676087 196158.42006021605 196413.83073218083 197926.1417676087 201526.1417676087 203358.42006021605 205126.1417676087 206958.42006021605 208726.1417676087 210558.42006021605 212326.1417676087 214158.42006021605 215926.1417676087 217758.42006021605 218338.97866971561 219526.1417676087 221358.42006021605 223126.1417676087 224958.42006021605 226726.1417676087 228558.42006021605 230326.1417676087 232675.10867290769 233926.1417676087 234481.77436845937 235758.42006021605 237526.1417676087 239358.42006021605 241126.1417676087 241228.4035123037 242958.42006021605 244726.1417676087 246558.42006021605 248326.1417676087 250158.42006021605 251926.1417676087 253758.42006021605 255526.1417676087 257358.42006021605 259126.1417676087","35 35 35 35 35 35 35 35 35 35 35 35 35 35 35 35 35 35 35 35 35 35 35 35 35 35 35 35 35 35 35 35 35 35 35 35 35 35 35 35 35 35 35 35 35 35 35 35 35 35 35 35 35 35 35 35 35 35 35 35 35 35 35 35 35 35 35 35 35 35 35 35 35 35 35 35 35 35 35 35 35 35 35 35 35 35 35 35 35 35 35 35 35 35 35 35 35 35 35 35 35 35 35 35 35 35 35 35 35 35 35 35 35 35 35 35 35 35 35 35 35 35 35 35 35 35 35 35 35 35 35 35 35 35 35"
General-5-20260516-22:54:41-3586,attr,LoRaNetworkTest.loRaGW[0].udp,packetSent:vector(packetBytes),interpolationmode,none,,
General-5-20260516-22:54:41-3586,attr,LoRaNetworkTest.loRaGW[0].udp,packetSent:vector(packetBytes),recordingmode,vector(packetBytes),,
General-5-20260516-22:54:41-3586,attr,LoRaNetworkTest.loRaGW[0].udp,packetSent:vector(packetBytes),source,packetSent,,
General-5-20260516-22:54:41-3586,attr,LoRaNetworkTest.loRaGW[0].udp,packetSent:vector(packetBytes),title,"packets sent, packetBytes",,
General-16-20260516-23:37:52-3679,vector,LoRaNetworkTest.loRaGW[0].udp,packetSent:vector(packetBytes),,,"7701.24025422591 8498.87059859901 11402.28435586398 12098.87059859901 14901.24025422591 15698.87059859901 18501.24025422591 19298.87059859901 22101.24025422591 25701.24025422591 26498.87059859901 29301.24025422591 30098.87059859901 32901.24025422591 33698.87059859901 36501.24025422591 37298.87059859901 40101.24025422591 40898.87059859901 43701.24025422591 44498.87059859901 47301.24025422591 48098.87059859901 50901.24025422591 51698.87059859901 54501.24025422591 55298.87059859901 58101.24025422591 61701.24025422591 65301.24025422591 66098.87059859901 68901.24025422591 69406.18314095483 69698.87059859901 72501.24025422591 72765.7160440089 73298.87059859901 76101.24025422591 76898.87059859901 79701.24025422591 80498.87059859901 83301.24025422591 84098.87059859901 86901.24025422591 87698.87059859901 89503.20776390275 90501.24025422591 91298.87059859901 94101.24025422591 94898.87059859901 97701.24025422591 98498.87059859901 101301.24025422591 102098.87059859901 104901.24025422591 105698.87059859901 108501.24025422591 109298.87059859901 112101.24025422591 112898.87059859901 115701.24025422591 116498.87059859901 118528.37806640149 119301.24025422591 120098.87059859901 122901.24025422591 123698.87059859901 126501.24025422591 127134.92699157683 127298.87059859901 127404.2270300576 130101.24025422591 130898.87059859901 133701.24025422591 134498.87059859901 137301.24025422591 138098.87059859901 140901.24025422591 141698.87059859901 144501.24025422591 145298.87059859901 148101.24025422591 148898.87059859901 151701.24025422591 152498.87059859901 155301.24025422591 156098.76359059901 158901.24025422591 159698.76359059901 162501.24025422591 163298.76359059901 166101.24025422591 166898.76359059901 169701.24025422591 173301.24025422591 174098.76359059901 176901.24025422591 177698.76359059901 180501.24025422591 184101.24025422591 184898.76359059901 187701.24025422591 188498.76359059901 191301.24025422591 192098.76359059901 194901.24025422591 198501.24025422591 199298.76359059901 202101.24025422591 202898.76359059901 205701.24025422591 206498.76359059901 209301.24025422591 210098.76359059901 212901.24025422591 216501.24025422591 216985.14287998525 217298.76359059901 220101.24025422591 220898.76359059901 223284.10129633864 223701.24025422591 224498.76359059901 227301.24025422591 228098.76359059901 230901.24025422591 231698.76359059901 234501.24025422591 235298.76359059901 238101.24025422591 238898.76359059901 241701.24025422591 242498.76359059901 245301.24025422591 246098.76359059901 248901.24025422591 249698.76359059901 252501.24025422591 253298.76359059901 256101.24025422591","35 35 35 35 35 35 35 35 35 35 35 35 35 35 35 35 35 35 35 35 35 35 35 35 35 35 35 35 35 35 35 35 35 35 35 35 35 35 35 35 35 35 35 35 35 35 35 35 35 35 35 35 35 35 35 35 35 35 35 35 35 35 35 35 35 35 35 35 35 35 35 35 35 35 35 35 35 35 35 35 35 35 35 35 35 35 35 35 35 35 35 35 35 35 35 35 35 35 35 35 35 35 35 35 35 35 35 35 35 35 35 35 35 35 35 35 35 35 35 35 35 35 35 35 35 35 35 35 35 35 35 35 35 35 35 35 35 35 35 35"
General-16-20260516-23:37:52-3679,attr,LoRaNetworkTest.loRaGW[0].udp,packetSent:vector(packetBytes),interpolationmode,none,,
General-16-20260516-23:37:52-3679,attr,LoRaNetworkTest.loRaGW[0].udp,packetSent:vector(packetBytes),recordingmode,vector(packetBytes),,
General-16-20260516-23:37:52-3679,attr,LoRaNetworkTest.loRaGW[0].udp,packetSent:vector(packetBytes),source,packetSent,,
General-16-20260516-23:37:52-3679,attr,LoRaNetworkTest.loRaGW[0].udp,packetSent:vector(packetBytes),title,"packets sent, packetBytes",,
