run,type,module,name,attrname,attrvalue,vectime,vecvalue
General-0-20260518-19:23:44-10624,runattr,,,configname,General,,
General-0-20260518-19:23:44-10624,runattr,,,datetime,20260518-19:23:44,,
General-0-20260518-19:23:44-10624,runattr,,,datetimef,20260518-192344,,
General-0-20260518-19:23:44-10624,runattr,,,experiment,General,,
General-0-20260518-19:23:44-10624,runattr,,,inifile,n100-gw1.ini,,
General-0-20260518-19:23:44-10624,runattr,,,iterationvars,"$0=""avg""",,
General-0-20260518-19:23:44-10624,runattr,,,iterationvarsd,avg,,
General-0-20260518-19:23:44-10624,runattr,,,iterationvarsf,avg-,,
General-0-20260518-19:23:44-10624,runattr,,,measurement,"$0=""avg""",,
General-0-20260518-19:23:44-10624,runattr,,,network,flora.simulations.LoRaNetworkTest,,
General-0-20260518-19:23:44-10624,runattr,,,processid,10624,,
General-0-20260518-19:23:44-10624,runattr,,,repetition,0,,
General-0-20260518-19:23:44-10624,runattr,,,replication,#0,,
General-0-20260518-19:23:44-10624,runattr,,,resultdir,results,,
General-0-20260518-19:23:44-10624,runattr,,,runnumber,0,,
General-0-20260518-19:23:44-10624,runattr,,,seedset,0,,
General-0-20260518-19:23:44-10624,config,,,image-path,../../../inet4.4/images,,
General-0-20260518-19:23:44-10624,config,,,network,flora.simulations.LoRaNetworkTest,,
General-0-20260518-19:23:44-10624,config,,,output-vector-file,../results/n100-gw1-s0.ini.vec,,
General-0-20260518-19:23:44-10624,config,,,**.maxTransmissionDuration,4s,,
General-0-20260518-19:23:44-10624,config,,,**.energyDetection,-110dBm,,
General-0-20260518-19:23:44-10624,config,,,rng-class,cMersenneTwister,,
General-0-20260518-19:23:44-10624,config,,,**.loRaGW[*].numUdpApps,1,,
General-0-20260518-19:23:44-10624,config,,,**.loRaGW[0].packetForwarder.localPort,2000,,
General-0-20260518-19:23:44-10624,config,,,**.loRaGW[0].packetForwarder.destPort,1000,,
General-0-20260518-19:23:44-10624,config,,,**.loRaGW[0].packetForwarder.destAddresses,"""networkServer""",,
General-0-20260518-19:23:44-10624,config,,,**.loRaGW[0].packetForwarder.indexNumber,0,,
General-0-20260518-19:23:44-10624,config,,,**.networkServer.numApps,1,,
General-0-20260518-19:23:44-10624,config,,,**.networkServer.**.evaluateADRinServer,false,,
General-0-20260518-19:23:44-10624,config,,,**.networkServer.app[0].typename,NetworkServerApp,,
General-0-20260518-19:23:44-10624,config,,,**.networkServer.app[0].destAddresses,"""loRaGW[0]""",,
General-0-20260518-19:23:44-10624,config,,,**.networkServer.app[0].destPort,2000,,
General-0-20260518-19:23:44-10624,config,,,**.networkServer.app[0].localPort,1000,,
General-0-20260518-19:23:44-10624,config,,,**.networkServer.app[0].adrMethod,"""avg""",,
General-0-20260518-19:23:44-10624,config,,,**.numberOfPacketsToSend,0,,
General-0-20260518-19:23:44-10624,config,,,sim-time-limit,3d,,
General-0-20260518-19:23:44-10624,config,,,warmup-period,2h,,
General-0-20260518-19:23:44-10624,config,,,simtime-resolution,-11,,
General-0-20260518-19:23:44-10624,config,,,repeat,3,,
General-0-20260518-19:23:44-10624,config,,,**.alohaChannelModel,false,,
General-0-20260518-19:23:44-10624,config,,,**.loRaNodes[*].**.initFromDisplayString,false,,
General-0-20260518-19:23:44-10624,config,,,**.loRaNodes[*].**.evaluateADRinNode,false,,
General-0-20260518-19:23:44-10624,config,,,**.loRaNodes[*].**initialLoRaBW,125 kHz,,
General-0-20260518-19:23:44-10624,config,,,**.loRaNodes[*].**initialLoRaCR,4,,
General-0-20260518-19:23:44-10624,config,,,**.loRaNodes[*].numApps,1,,
General-0-20260518-19:23:44-10624,config,,,**.loRaNodes[*].app[0].typename,SimpleLoRaApp,,
General-0-20260518-19:23:44-10624,config,,,**.LoRaGWNic.radio.iAmGateway,true,,
General-0-20260518-19:23:44-10624,config,,,**.loRaGW[*].**.initFromDisplayString,false,,
General-0-20260518-19:23:44-10624,config,,,**.loRaNodes[*].LoRaNic.radio.energyConsumer.typename,LoRaEnergyConsumer,,
General-0-20260518-19:23:44-10624,config,,,**.loRaNodes[*].**.energySourceModule,"""^.IdealEpEnergyStorage""",,
General-0-20260518-19:23:44-10624,config,,,**.loRaNodes[*].LoRaNic.radio.energyConsumer.configFile,"xmldoc(""../energyConsumptionParameters.xml"")",,
General-0-20260518-19:23:44-10624,config,,,**.sigma,3.57,,
General-0-20260518-19:23:44-10624,config,,,**.constraintAreaMinX,0m,,
General-0-20260518-19:23:44-10624,config,,,**.constraintAreaMinY,0m,,
General-0-20260518-19:23:44-10624,config,,,**.constraintAreaMinZ,0m,,
General-0-20260518-19:23:44-10624,config,,,**.constraintAreaMaxZ,0m,,
General-0-20260518-19:23:44-10624,config,,,LoRaNetworkTest.**.radio.separateTransmissionParts,false,,
General-0-20260518-19:23:44-10624,config,,,LoRaNetworkTest.**.radio.separateReceptionParts,false,,
General-0-20260518-19:23:44-10624,config,,,**.ipv4Delayer.config,"xmldoc(""../cloudDelays.xml"")",,
General-0-20260518-19:23:44-10624,config,,,**.radio.radioMediumModule,"""LoRaMedium""",,
General-0-20260518-19:23:44-10624,config,,,**.LoRaMedium.pathLossType,"""LoRaLogNormalShadowing""",,
General-0-20260518-19:23:44-10624,config,,,**.minInterferenceTime,0s,,
General-0-20260518-19:23:44-10624,config,,,**.displayAddresses,false,,
General-0-20260518-19:23:44-10624,config,,,**.numberOfNodes,6,,
General-0-20260518-19:23:44-10624,config,,,**.numberOfGateways,1,,
General-0-20260518-19:23:44-10624,config,,,**.constraintAreaMaxX,2376.0m,,
General-0-20260518-19:23:44-10624,config,,,**.constraintAreaMaxY,1090.0m,,
General-0-20260518-19:23:44-10624,config,,,**.loRaGW[0].**.initialX,544.00m,,
General-0-20260518-19:23:44-10624,config,,,**.loRaGW[0].**.initialY,544.00m,,
General-0-20260518-19:23:44-10624,config,,,output-scalar-file,../results/n100-gw1-s0.ini.sca,,
General-0-20260518-19:23:44-10624,config,,,**.loRaNodes[0].**.initialX,510.63m,,
General-0-20260518-19:23:44-10624,config,,,**.loRaNodes[0].**.initialY,500.08m,,
General-0-20260518-19:23:44-10624,config,,,**.loRaNodes[1].**.initialX,470.29m,,
General-0-20260518-19:23:44-10624,config,,,**.loRaNodes[1].**.initialY,520.24m,,
General-0-20260518-19:23:44-10624,config,,,**.loRaNodes[2].**.initialX,500.60m,,
General-0-20260518-19:23:44-10624,config,,,**.loRaNodes[2].**.initialY,590.25m,,
General-0-20260518-19:23:44-10624,config,,,**.loRaNodes[3].**.initialX,535.86m,,
General-0-20260518-19:23:44-10624,config,,,**.loRaNodes[3].**.initialY,590.63m,,
General-0-20260518-19:23:44-10624,config,,,**.loRaNodes[*].app[0].timeToFirstPacket,"uniform(0s, 10s)",,
General-0-20260518-19:23:44-10624,config,,,**.loRaNodes[*].app[0].timeToNextPacket,exponential(300s),,
General-0-20260518-19:23:44-10624,config,,,**.loRaNodes[*].app[0].sendInterval,exponential(300s),,
General-0-20260518-19:23:44-10624,config,,,**.loRaNodes[{2..5}].app[0].timeToFirstPacket,"uniform(0s, 2s)",,
General-0-20260518-19:23:44-10624,config,,,**.loRaNodes[{2..5}].app[0].timeToNextPacket,exponential(15s),,
General-0-20260518-19:23:44-10624,config,,,**.loRaNodes[{2..5}].app[0].sendInterval,exponential(15s),,
General-0-20260518-19:23:44-10624,config,,,**.loRaNodes[4].**.initialX,650.85m,,
General-0-20260518-19:23:44-10624,config,,,**.loRaNodes[4].**.initialY,510.11m,,
General-0-20260518-19:23:44-10624,config,,,**.loRaNodes[5].**.initialX,680.27m,,
General-0-20260518-19:23:44-10624,config,,,**.loRaNodes[5].**.initialY,520.84m,,
General-0-20260518-19:23:44-10624,config,,,**.loRaNodes[0].**initialLoRaSF,8,,
General-0-20260518-19:23:44-10624,config,,,**.loRaNodes[0].**initialLoRaTP,8dBm,,
General-0-20260518-19:23:44-10624,config,,,**.loRaNodes[1].**initialLoRaSF,9,,
General-0-20260518-19:23:44-10624,config,,,**.loRaNodes[1].**initialLoRaTP,8dBm,,
General-0-20260518-19:23:44-10624,config,,,**.loRaNodes[2].**initialLoRaSF,7,,
General-0-20260518-19:23:44-10624,config,,,**.loRaNodes[2].**initialLoRaTP,8dBm,,
General-0-20260518-19:23:44-10624,config,,,**.loRaNodes[3].**initialLoRaSF,8,,
General-0-20260518-19:23:44-10624,config,,,**.loRaNodes[3].**initialLoRaTP,2dBm,,
General-0-20260518-19:23:44-10624,config,,,**.loRaNodes[4].**initialLoRaSF,9,,
General-0-20260518-19:23:44-10624,config,,,**.loRaNodes[4].**initialLoRaTP,8dBm,,
General-0-20260518-19:23:44-10624,config,,,**.loRaNodes[5].**initialLoRaSF,10,,
General-0-20260518-19:23:44-10624,config,,,**.loRaNodes[5].**initialLoRaTP,2dBm,,
General-0-20260518-19:23:44-10624,config,,,**.vector-recording,true,,
General-0-20260518-19:23:44-10624,config,,,**.loRaGW[*].packetForwarder.highQueueLength.vector-recording,true,,
General-0-20260518-19:23:44-10624,config,,,**.loRaGW[*].packetForwarder.lowQueueLength.vector-recording,true,,
General-0-20260518-19:23:44-10624,config,,,**.networkServer.app[0].delaySignal.vector-recording,true,,
General-0-20260518-19:23:44-10624,config,,,**.loRaGW[*].packetForwarder.statistic-recording,true,,
General-0-20260518-19:23:44-10624,config,,,**.loRaGW[*].packetForwarder.result-recording-modes,all,,
General-0-20260518-19:23:44-10624,config,,,**.loRaNodes[*].app[0].packetsSent:scalar,true,,
General-0-20260518-19:23:44-10624,config,,,**.networkServer.app[0].totalReceivedPackets:scalar,true,,
General-0-20260518-19:23:44-10624,config,,,**.loRaGW[*].**.packetDropRate:scalar,true,,
General-1-20260518-19:31:59-10638,runattr,,,configname,General,,
General-1-20260518-19:31:59-10638,runattr,,,datetime,20260518-19:31:59,,
General-1-20260518-19:31:59-10638,runattr,,,datetimef,20260518-193159,,
General-1-20260518-19:31:59-10638,runattr,,,experiment,General,,
General-1-20260518-19:31:59-10638,runattr,,,inifile,n100-gw1.ini,,
General-1-20260518-19:31:59-10638,runattr,,,iterationvars,"$0=""avg""",,
General-1-20260518-19:31:59-10638,runattr,,,iterationvarsd,avg,,
General-1-20260518-19:31:59-10638,runattr,,,iterationvarsf,avg-,,
General-1-20260518-19:31:59-10638,runattr,,,measurement,"$0=""avg""",,
General-1-20260518-19:31:59-10638,runattr,,,network,flora.simulations.LoRaNetworkTest,,
General-1-20260518-19:31:59-10638,runattr,,,processid,10638,,
General-1-20260518-19:31:59-10638,runattr,,,repetition,1,,
General-1-20260518-19:31:59-10638,runattr,,,replication,#1,,
General-1-20260518-19:31:59-10638,runattr,,,resultdir,results,,
General-1-20260518-19:31:59-10638,runattr,,,runnumber,1,,
General-1-20260518-19:31:59-10638,runattr,,,seedset,1,,
General-1-20260518-19:31:59-10638,config,,,image-path,../../../inet4.4/images,,
General-1-20260518-19:31:59-10638,config,,,network,flora.simulations.LoRaNetworkTest,,
General-1-20260518-19:31:59-10638,config,,,output-vector-file,../results/n100-gw1-s1.ini.vec,,
General-1-20260518-19:31:59-10638,config,,,**.maxTransmissionDuration,4s,,
General-1-20260518-19:31:59-10638,config,,,**.energyDetection,-110dBm,,
General-1-20260518-19:31:59-10638,config,,,rng-class,cMersenneTwister,,
General-1-20260518-19:31:59-10638,config,,,**.loRaGW[*].numUdpApps,1,,
General-1-20260518-19:31:59-10638,config,,,**.loRaGW[0].packetForwarder.localPort,2000,,
General-1-20260518-19:31:59-10638,config,,,**.loRaGW[0].packetForwarder.destPort,1000,,
General-1-20260518-19:31:59-10638,config,,,**.loRaGW[0].packetForwarder.destAddresses,"""networkServer""",,
General-1-20260518-19:31:59-10638,config,,,**.loRaGW[0].packetForwarder.indexNumber,0,,
General-1-20260518-19:31:59-10638,config,,,**.networkServer.numApps,1,,
General-1-20260518-19:31:59-10638,config,,,**.networkServer.**.evaluateADRinServer,false,,
General-1-20260518-19:31:59-10638,config,,,**.networkServer.app[0].typename,NetworkServerApp,,
General-1-20260518-19:31:59-10638,config,,,**.networkServer.app[0].destAddresses,"""loRaGW[0]""",,
General-1-20260518-19:31:59-10638,config,,,**.networkServer.app[0].destPort,2000,,
General-1-20260518-19:31:59-10638,config,,,**.networkServer.app[0].localPort,1000,,
General-1-20260518-19:31:59-10638,config,,,**.networkServer.app[0].adrMethod,"""avg""",,
General-1-20260518-19:31:59-10638,config,,,**.numberOfPacketsToSend,0,,
General-1-20260518-19:31:59-10638,config,,,sim-time-limit,3d,,
General-1-20260518-19:31:59-10638,config,,,warmup-period,2h,,
General-1-20260518-19:31:59-10638,config,,,simtime-resolution,-11,,
General-1-20260518-19:31:59-10638,config,,,repeat,3,,
General-1-20260518-19:31:59-10638,config,,,**.alohaChannelModel,false,,
General-1-20260518-19:31:59-10638,config,,,**.loRaNodes[*].**.initFromDisplayString,false,,
General-1-20260518-19:31:59-10638,config,,,**.loRaNodes[*].**.evaluateADRinNode,false,,
General-1-20260518-19:31:59-10638,config,,,**.loRaNodes[*].**initialLoRaBW,125 kHz,,
General-1-20260518-19:31:59-10638,config,,,**.loRaNodes[*].**initialLoRaCR,4,,
General-1-20260518-19:31:59-10638,config,,,**.loRaNodes[*].numApps,1,,
General-1-20260518-19:31:59-10638,config,,,**.loRaNodes[*].app[0].typename,SimpleLoRaApp,,
General-1-20260518-19:31:59-10638,config,,,**.LoRaGWNic.radio.iAmGateway,true,,
General-1-20260518-19:31:59-10638,config,,,**.loRaGW[*].**.initFromDisplayString,false,,
General-1-20260518-19:31:59-10638,config,,,**.loRaNodes[*].LoRaNic.radio.energyConsumer.typename,LoRaEnergyConsumer,,
General-1-20260518-19:31:59-10638,config,,,**.loRaNodes[*].**.energySourceModule,"""^.IdealEpEnergyStorage""",,
General-1-20260518-19:31:59-10638,config,,,**.loRaNodes[*].LoRaNic.radio.energyConsumer.configFile,"xmldoc(""../energyConsumptionParameters.xml"")",,
General-1-20260518-19:31:59-10638,config,,,**.sigma,3.57,,
General-1-20260518-19:31:59-10638,config,,,**.constraintAreaMinX,0m,,
General-1-20260518-19:31:59-10638,config,,,**.constraintAreaMinY,0m,,
General-1-20260518-19:31:59-10638,config,,,**.constraintAreaMinZ,0m,,
General-1-20260518-19:31:59-10638,config,,,**.constraintAreaMaxZ,0m,,
General-1-20260518-19:31:59-10638,config,,,LoRaNetworkTest.**.radio.separateTransmissionParts,false,,
General-1-20260518-19:31:59-10638,config,,,LoRaNetworkTest.**.radio.separateReceptionParts,false,,
General-1-20260518-19:31:59-10638,config,,,**.ipv4Delayer.config,"xmldoc(""../cloudDelays.xml"")",,
General-1-20260518-19:31:59-10638,config,,,**.radio.radioMediumModule,"""LoRaMedium""",,
General-1-20260518-19:31:59-10638,config,,,**.LoRaMedium.pathLossType,"""LoRaLogNormalShadowing""",,
General-1-20260518-19:31:59-10638,config,,,**.minInterferenceTime,0s,,
General-1-20260518-19:31:59-10638,config,,,**.displayAddresses,false,,
General-1-20260518-19:31:59-10638,config,,,**.numberOfNodes,6,,
General-1-20260518-19:31:59-10638,config,,,**.numberOfGateways,1,,
General-1-20260518-19:31:59-10638,config,,,**.constraintAreaMaxX,2376.0m,,
General-1-20260518-19:31:59-10638,config,,,**.constraintAreaMaxY,1090.0m,,
General-1-20260518-19:31:59-10638,config,,,**.loRaGW[0].**.initialX,544.00m,,
General-1-20260518-19:31:59-10638,config,,,**.loRaGW[0].**.initialY,544.00m,,
General-1-20260518-19:31:59-10638,config,,,output-scalar-file,../results/n100-gw1-s1.ini.sca,,
General-1-20260518-19:31:59-10638,config,,,**.loRaNodes[0].**.initialX,510.63m,,
General-1-20260518-19:31:59-10638,config,,,**.loRaNodes[0].**.initialY,500.08m,,
General-1-20260518-19:31:59-10638,config,,,**.loRaNodes[1].**.initialX,470.29m,,
General-1-20260518-19:31:59-10638,config,,,**.loRaNodes[1].**.initialY,520.24m,,
General-1-20260518-19:31:59-10638,config,,,**.loRaNodes[2].**.initialX,500.60m,,
General-1-20260518-19:31:59-10638,config,,,**.loRaNodes[2].**.initialY,590.25m,,
General-1-20260518-19:31:59-10638,config,,,**.loRaNodes[3].**.initialX,535.86m,,
General-1-20260518-19:31:59-10638,config,,,**.loRaNodes[3].**.initialY,590.63m,,
General-1-20260518-19:31:59-10638,config,,,**.loRaNodes[*].app[0].timeToFirstPacket,"uniform(0s, 10s)",,
General-1-20260518-19:31:59-10638,config,,,**.loRaNodes[*].app[0].timeToNextPacket,exponential(300s),,
General-1-20260518-19:31:59-10638,config,,,**.loRaNodes[*].app[0].sendInterval,exponential(300s),,
General-1-20260518-19:31:59-10638,config,,,**.loRaNodes[{2..5}].app[0].timeToFirstPacket,"uniform(0s, 2s)",,
General-1-20260518-19:31:59-10638,config,,,**.loRaNodes[{2..5}].app[0].timeToNextPacket,exponential(15s),,
General-1-20260518-19:31:59-10638,config,,,**.loRaNodes[{2..5}].app[0].sendInterval,exponential(15s),,
General-1-20260518-19:31:59-10638,config,,,**.loRaNodes[4].**.initialX,650.85m,,
General-1-20260518-19:31:59-10638,config,,,**.loRaNodes[4].**.initialY,510.11m,,
General-1-20260518-19:31:59-10638,config,,,**.loRaNodes[5].**.initialX,680.27m,,
General-1-20260518-19:31:59-10638,config,,,**.loRaNodes[5].**.initialY,520.84m,,
General-1-20260518-19:31:59-10638,config,,,**.loRaNodes[0].**initialLoRaSF,8,,
General-1-20260518-19:31:59-10638,config,,,**.loRaNodes[0].**initialLoRaTP,8dBm,,
General-1-20260518-19:31:59-10638,config,,,**.loRaNodes[1].**initialLoRaSF,9,,
General-1-20260518-19:31:59-10638,config,,,**.loRaNodes[1].**initialLoRaTP,8dBm,,
General-1-20260518-19:31:59-10638,config,,,**.loRaNodes[2].**initialLoRaSF,7,,
General-1-20260518-19:31:59-10638,config,,,**.loRaNodes[2].**initialLoRaTP,8dBm,,
General-1-20260518-19:31:59-10638,config,,,**.loRaNodes[3].**initialLoRaSF,8,,
General-1-20260518-19:31:59-10638,config,,,**.loRaNodes[3].**initialLoRaTP,2dBm,,
General-1-20260518-19:31:59-10638,config,,,**.loRaNodes[4].**initialLoRaSF,9,,
General-1-20260518-19:31:59-10638,config,,,**.loRaNodes[4].**initialLoRaTP,8dBm,,
General-1-20260518-19:31:59-10638,config,,,**.loRaNodes[5].**initialLoRaSF,10,,
General-1-20260518-19:31:59-10638,config,,,**.loRaNodes[5].**initialLoRaTP,2dBm,,
General-1-20260518-19:31:59-10638,config,,,**.vector-recording,true,,
General-1-20260518-19:31:59-10638,config,,,**.loRaGW[*].packetForwarder.highQueueLength.vector-recording,true,,
General-1-20260518-19:31:59-10638,config,,,**.loRaGW[*].packetForwarder.lowQueueLength.vector-recording,true,,
General-1-20260518-19:31:59-10638,config,,,**.networkServer.app[0].delaySignal.vector-recording,true,,
General-1-20260518-19:31:59-10638,config,,,**.loRaGW[*].packetForwarder.statistic-recording,true,,
General-1-20260518-19:31:59-10638,config,,,**.loRaGW[*].packetForwarder.result-recording-modes,all,,
General-1-20260518-19:31:59-10638,config,,,**.loRaNodes[*].app[0].packetsSent:scalar,true,,
General-1-20260518-19:31:59-10638,config,,,**.networkServer.app[0].totalReceivedPackets:scalar,true,,
General-1-20260518-19:31:59-10638,config,,,**.loRaGW[*].**.packetDropRate:scalar,true,,
General-2-20260518-19:39:58-10647,runattr,,,configname,General,,
General-2-20260518-19:39:58-10647,runattr,,,datetime,20260518-19:39:58,,
General-2-20260518-19:39:58-10647,runattr,,,datetimef,20260518-193958,,
General-2-20260518-19:39:58-10647,runattr,,,experiment,General,,
General-2-20260518-19:39:58-10647,runattr,,,inifile,n100-gw1.ini,,
General-2-20260518-19:39:58-10647,runattr,,,iterationvars,"$0=""avg""",,
General-2-20260518-19:39:58-10647,runattr,,,iterationvarsd,avg,,
General-2-20260518-19:39:58-10647,runattr,,,iterationvarsf,avg-,,
General-2-20260518-19:39:58-10647,runattr,,,measurement,"$0=""avg""",,
General-2-20260518-19:39:58-10647,runattr,,,network,flora.simulations.LoRaNetworkTest,,
General-2-20260518-19:39:58-10647,runattr,,,processid,10647,,
General-2-20260518-19:39:58-10647,runattr,,,repetition,2,,
General-2-20260518-19:39:58-10647,runattr,,,replication,#2,,
General-2-20260518-19:39:58-10647,runattr,,,resultdir,results,,
General-2-20260518-19:39:58-10647,runattr,,,runnumber,2,,
General-2-20260518-19:39:58-10647,runattr,,,seedset,2,,
General-2-20260518-19:39:58-10647,config,,,image-path,../../../inet4.4/images,,
General-2-20260518-19:39:58-10647,config,,,network,flora.simulations.LoRaNetworkTest,,
General-2-20260518-19:39:58-10647,config,,,output-vector-file,../results/n100-gw1-s2.ini.vec,,
General-2-20260518-19:39:58-10647,config,,,**.maxTransmissionDuration,4s,,
General-2-20260518-19:39:58-10647,config,,,**.energyDetection,-110dBm,,
General-2-20260518-19:39:58-10647,config,,,rng-class,cMersenneTwister,,
General-2-20260518-19:39:58-10647,config,,,**.loRaGW[*].numUdpApps,1,,
General-2-20260518-19:39:58-10647,config,,,**.loRaGW[0].packetForwarder.localPort,2000,,
General-2-20260518-19:39:58-10647,config,,,**.loRaGW[0].packetForwarder.destPort,1000,,
General-2-20260518-19:39:58-10647,config,,,**.loRaGW[0].packetForwarder.destAddresses,"""networkServer""",,
General-2-20260518-19:39:58-10647,config,,,**.loRaGW[0].packetForwarder.indexNumber,0,,
General-2-20260518-19:39:58-10647,config,,,**.networkServer.numApps,1,,
General-2-20260518-19:39:58-10647,config,,,**.networkServer.**.evaluateADRinServer,false,,
General-2-20260518-19:39:58-10647,config,,,**.networkServer.app[0].typename,NetworkServerApp,,
General-2-20260518-19:39:58-10647,config,,,**.networkServer.app[0].destAddresses,"""loRaGW[0]""",,
General-2-20260518-19:39:58-10647,config,,,**.networkServer.app[0].destPort,2000,,
General-2-20260518-19:39:58-10647,config,,,**.networkServer.app[0].localPort,1000,,
General-2-20260518-19:39:58-10647,config,,,**.networkServer.app[0].adrMethod,"""avg""",,
General-2-20260518-19:39:58-10647,config,,,**.numberOfPacketsToSend,0,,
General-2-20260518-19:39:58-10647,config,,,sim-time-limit,3d,,
General-2-20260518-19:39:58-10647,config,,,warmup-period,2h,,
General-2-20260518-19:39:58-10647,config,,,simtime-resolution,-11,,
General-2-20260518-19:39:58-10647,config,,,repeat,3,,
General-2-20260518-19:39:58-10647,config,,,**.alohaChannelModel,false,,
General-2-20260518-19:39:58-10647,config,,,**.loRaNodes[*].**.initFromDisplayString,false,,
General-2-20260518-19:39:58-10647,config,,,**.loRaNodes[*].**.evaluateADRinNode,false,,
General-2-20260518-19:39:58-10647,config,,,**.loRaNodes[*].**initialLoRaBW,125 kHz,,
General-2-20260518-19:39:58-10647,config,,,**.loRaNodes[*].**initialLoRaCR,4,,
General-2-20260518-19:39:58-10647,config,,,**.loRaNodes[*].numApps,1,,
General-2-20260518-19:39:58-10647,config,,,**.loRaNodes[*].app[0].typename,SimpleLoRaApp,,
General-2-20260518-19:39:58-10647,config,,,**.LoRaGWNic.radio.iAmGateway,true,,
General-2-20260518-19:39:58-10647,config,,,**.loRaGW[*].**.initFromDisplayString,false,,
General-2-20260518-19:39:58-10647,config,,,**.loRaNodes[*].LoRaNic.radio.energyConsumer.typename,LoRaEnergyConsumer,,
General-2-20260518-19:39:58-10647,config,,,**.loRaNodes[*].**.energySourceModule,"""^.IdealEpEnergyStorage""",,
General-2-20260518-19:39:58-10647,config,,,**.loRaNodes[*].LoRaNic.radio.energyConsumer.configFile,"xmldoc(""../energyConsumptionParameters.xml"")",,
General-2-20260518-19:39:58-10647,config,,,**.sigma,3.57,,
General-2-20260518-19:39:58-10647,config,,,**.constraintAreaMinX,0m,,
General-2-20260518-19:39:58-10647,config,,,**.constraintAreaMinY,0m,,
General-2-20260518-19:39:58-10647,config,,,**.constraintAreaMinZ,0m,,
General-2-20260518-19:39:58-10647,config,,,**.constraintAreaMaxZ,0m,,
General-2-20260518-19:39:58-10647,config,,,LoRaNetworkTest.**.radio.separateTransmissionParts,false,,
General-2-20260518-19:39:58-10647,config,,,LoRaNetworkTest.**.radio.separateReceptionParts,false,,
General-2-20260518-19:39:58-10647,config,,,**.ipv4Delayer.config,"xmldoc(""../cloudDelays.xml"")",,
General-2-20260518-19:39:58-10647,config,,,**.radio.radioMediumModule,"""LoRaMedium""",,
General-2-20260518-19:39:58-10647,config,,,**.LoRaMedium.pathLossType,"""LoRaLogNormalShadowing""",,
General-2-20260518-19:39:58-10647,config,,,**.minInterferenceTime,0s,,
General-2-20260518-19:39:58-10647,config,,,**.displayAddresses,false,,
General-2-20260518-19:39:58-10647,config,,,**.numberOfNodes,6,,
General-2-20260518-19:39:58-10647,config,,,**.numberOfGateways,1,,
General-2-20260518-19:39:58-10647,config,,,**.constraintAreaMaxX,2376.0m,,
General-2-20260518-19:39:58-10647,config,,,**.constraintAreaMaxY,1090.0m,,
General-2-20260518-19:39:58-10647,config,,,**.loRaGW[0].**.initialX,544.00m,,
General-2-20260518-19:39:58-10647,config,,,**.loRaGW[0].**.initialY,544.00m,,
General-2-20260518-19:39:58-10647,config,,,output-scalar-file,../results/n100-gw1-s2.ini.sca,,
General-2-20260518-19:39:58-10647,config,,,**.loRaNodes[0].**.initialX,510.63m,,
General-2-20260518-19:39:58-10647,config,,,**.loRaNodes[0].**.initialY,500.08m,,
General-2-20260518-19:39:58-10647,config,,,**.loRaNodes[1].**.initialX,470.29m,,
General-2-20260518-19:39:58-10647,config,,,**.loRaNodes[1].**.initialY,520.24m,,
General-2-20260518-19:39:58-10647,config,,,**.loRaNodes[2].**.initialX,500.60m,,
General-2-20260518-19:39:58-10647,config,,,**.loRaNodes[2].**.initialY,590.25m,,
General-2-20260518-19:39:58-10647,config,,,**.loRaNodes[3].**.initialX,535.86m,,
General-2-20260518-19:39:58-10647,config,,,**.loRaNodes[3].**.initialY,590.63m,,
General-2-20260518-19:39:58-10647,config,,,**.loRaNodes[*].app[0].timeToFirstPacket,"uniform(0s, 10s)",,
General-2-20260518-19:39:58-10647,config,,,**.loRaNodes[*].app[0].timeToNextPacket,exponential(300s),,
General-2-20260518-19:39:58-10647,config,,,**.loRaNodes[*].app[0].sendInterval,exponential(300s),,
General-2-20260518-19:39:58-10647,config,,,**.loRaNodes[{2..5}].app[0].timeToFirstPacket,"uniform(0s, 2s)",,
General-2-20260518-19:39:58-10647,config,,,**.loRaNodes[{2..5}].app[0].timeToNextPacket,exponential(15s),,
General-2-20260518-19:39:58-10647,config,,,**.loRaNodes[{2..5}].app[0].sendInterval,exponential(15s),,
General-2-20260518-19:39:58-10647,config,,,**.loRaNodes[4].**.initialX,650.85m,,
General-2-20260518-19:39:58-10647,config,,,**.loRaNodes[4].**.initialY,510.11m,,
General-2-20260518-19:39:58-10647,config,,,**.loRaNodes[5].**.initialX,680.27m,,
General-2-20260518-19:39:58-10647,config,,,**.loRaNodes[5].**.initialY,520.84m,,
General-2-20260518-19:39:58-10647,config,,,**.loRaNodes[0].**initialLoRaSF,8,,
General-2-20260518-19:39:58-10647,config,,,**.loRaNodes[0].**initialLoRaTP,8dBm,,
General-2-20260518-19:39:58-10647,config,,,**.loRaNodes[1].**initialLoRaSF,9,,
General-2-20260518-19:39:58-10647,config,,,**.loRaNodes[1].**initialLoRaTP,8dBm,,
General-2-20260518-19:39:58-10647,config,,,**.loRaNodes[2].**initialLoRaSF,7,,
General-2-20260518-19:39:58-10647,config,,,**.loRaNodes[2].**initialLoRaTP,8dBm,,
General-2-20260518-19:39:58-10647,config,,,**.loRaNodes[3].**initialLoRaSF,8,,
General-2-20260518-19:39:58-10647,config,,,**.loRaNodes[3].**initialLoRaTP,2dBm,,
General-2-20260518-19:39:58-10647,config,,,**.loRaNodes[4].**initialLoRaSF,9,,
General-2-20260518-19:39:58-10647,config,,,**.loRaNodes[4].**initialLoRaTP,8dBm,,
General-2-20260518-19:39:58-10647,config,,,**.loRaNodes[5].**initialLoRaSF,10,,
General-2-20260518-19:39:58-10647,config,,,**.loRaNodes[5].**initialLoRaTP,2dBm,,
General-2-20260518-19:39:58-10647,config,,,**.vector-recording,true,,
General-2-20260518-19:39:58-10647,config,,,**.loRaGW[*].packetForwarder.highQueueLength.vector-recording,true,,
General-2-20260518-19:39:58-10647,config,,,**.loRaGW[*].packetForwarder.lowQueueLength.vector-recording,true,,
General-2-20260518-19:39:58-10647,config,,,**.networkServer.app[0].delaySignal.vector-recording,true,,
General-2-20260518-19:39:58-10647,config,,,**.loRaGW[*].packetForwarder.statistic-recording,true,,
General-2-20260518-19:39:58-10647,config,,,**.loRaGW[*].packetForwarder.result-recording-modes,all,,
General-2-20260518-19:39:58-10647,config,,,**.loRaNodes[*].app[0].packetsSent:scalar,true,,
General-2-20260518-19:39:58-10647,config,,,**.networkServer.app[0].totalReceivedPackets:scalar,true,,
General-2-20260518-19:39:58-10647,config,,,**.loRaGW[*].**.packetDropRate:scalar,true,,
General-0-20260518-19:23:44-10624,vector,LoRaNetworkTest.networkServer.app[0],delaySignal:vector,,,"7311.61482060334 7424.70610818648 7444.70611069048 7464.70610818648 7484.70610818648 7504.70610818648 7528.1452421169 7630.80902075289 7727.01532463044 7970.65073899197 8001.13173161664 8027.94419003771 8303.81461295339 8692.90933833433 8816.38128671258 9024.45642897393 9126.91858663418 9146.91858913818 9411.61672931739 9630.98322640937 9810.66647325009 9882.33798099933 10014.71947065458 10083.1611090926 10103.1611090926 10270.48941548909 10300.33516562187 10544.2497970995 10594.18218998965 10707.69280461387 10767.01732731081 10990.40290205439 11010.40289955039 11211.84565662188 11371.31383940574 11391.31383690174 11684.72847264763 11823.56150642326 11862.99479522879 12050.71506187313 12080.56678085442 12100.56678085442 12142.92145037649 12181.16057623232 12249.84902646399 12441.89514122537 12461.89513872137 12601.21185462182 12883.77452380017 12924.70697495114 12975.48194101161 13035.44308191891 13055.44307941491 13101.9412051327 13172.91803294539 13192.91803044139 13212.91803044139 13261.50989142051 13349.21888949309 13407.1952249485 13427.1952249485 13451.24304580241 13581.8855306426 13604.82330846473 13624.82330846473 13702.4795700098 13722.4795675058 13771.16602089995 13791.16602089995 13822.17323357537 13992.92914252175 14026.91838017065 14046.97547362711 14083.24118481113 14129.97081722641 14149.97081472241 14207.75380916799 14227.75380916799 14494.13833394827 14544.32978994562 14564.32978994562 14584.32978994562 14620.3015283488 14871.63894533135 14954.97367095981 15056.23978565026 15097.93656173542 15127.03794483128 15237.51080465838 15355.30851555551 15496.78659702617 15714.71288470797 15742.17858637633 15777.25140403243 15825.70731168902 15845.70731419302 15865.70731168902 15953.34803182548 16201.27217487638 16287.91747005898 16315.19066542463 16394.85978392244 16559.51160155181 16579.51159904781 16631.51210170596 16977.09666573509 17080.23114120971 17257.03332944701 17277.03332694301 17509.03082642559 17647.43066985356 17667.43066734956 17740.91393741294 17774.80325397228 17853.38559228076 17911.56357750703 17931.56357500303 18108.49648596796 18190.75240709234 18236.55025816885 18606.67143603773 18626.70471170258 18689.30992954621 18757.52393458816 18795.27322529945 18828.84331105306 18987.11468944693 19055.95142103746 19075.95142103746 19097.192323977 19143.55748995336 19192.29248183887 19212.29248183887 19233.45798629782 19336.4406811868 19356.4406786828 19418.15899958534 19438.15899958534 19478.95316982684 19729.73492218867 19749.73491968467 19974.20619538349 19994.20619287949 20072.68394755102 20124.6636958807 20173.40603486628 20276.12364623398 20296.12364372998 20597.75722116999 20757.3358101551 20914.19809095001 20934.19808844601 21040.54190074051 21117.72392876885 21200.56732992281 21221.04686905168 21371.51836427468 21502.88708972914 21697.94272003538 21734.88105320533 21928.98578890165 21963.75779503614 22007.30371406404 22248.8394492977 22452.04178324095 22478.73810046036 22764.24052551338 22854.70726979626 22992.72875377515 23048.04873867936 23184.57277592215 23206.95011554476 23293.35305255689 23467.64482836571 23487.64482586171 23619.20973957159 23662.45335981606 23901.87238223729 23921.87237973329 24039.61185108033 24076.15792908491 24231.22359234194 24254.79554698471 24274.79554698471 24521.86125004336 24584.53499643558 24608.07340240745 24787.85110369143 25008.04675936137 25055.79357531852 25075.79357531852 25095.79357531852 25115.79357531852 25168.24868921823 25188.24868671423 25208.24868671423 25228.24868671423 25261.88725710913 25281.88725710913 25324.42738925009 25344.42738674609 25374.8659825382 25550.37042415821 25575.16394653669 25653.59536149245 25692.50705241895 25949.33423624733 25969.33423374333 26013.97950255609 26040.35172013397 26085.74054553638 26174.41924566251 26221.25632250097 26329.03250117218 26352.32705425674 26482.18171112401 26517.55921083191 26770.65235037289 26854.01704687774 26874.01704687774 26962.4578898682 26997.58021366711 27130.61475515006 27150.61475264606 27172.01773652939 27434.23481418412 27528.75468642297 27610.9709055921 27642.58441747918 27725.64112932069 27804.92620927561 27832.78146363187 27855.10902441545 27976.53667374639 28013.69324794053 28033.69324794053 28065.25531327059 28090.78131284846 28133.39683159943 28217.95068494224 28329.01078968767 28377.21230026166 28530.71854370847 28715.95087662559 28751.06433124738 28908.65356715655 28928.65356465255 28948.65356465255 28968.65356465255 29000.60636082458 29136.60449527715 29222.34487328443 29505.83070772868 29560.57573284242 29896.69616200664 29923.5350903699 29997.53834312315 30054.69661861286 30080.87233842855 30102.24554132436 30154.62723235705 30182.24892804401 30202.24892554001 30254.71010750634 30330.81015238931 30430.12669155263 30535.72359519708 30577.29705052143 30627.84795382149 30667.80208180222 30687.80207929822 30710.85632767477 30880.75006817198 30966.30221882705 31050.20265619677 31076.06978478433 31096.06978478433 31116.06978478433 31136.06978478433 31156.37417994857 31330.92486696232 31350.92486445832 31374.43762541136 31511.19315893107 31541.95888901972 31561.95888901972 31613.30976077892 31874.1572190587 31915.001062512 32061.19607550794 32182.57792223614 32260.93564693931 32378.79168935823 32438.47691535962 32557.83501010632 32662.8232024794 32775.08032294564 32795.08032044164 32834.23180142976 32905.48732097267 33039.32428726024 33276.3707660986 33342.92676440893 33486.74828681377 33635.42783687098 33668.1934384808 33688.1934384808 33767.44508146359 33792.54498866166 33812.54498866166 33832.54498866166 33876.20757987972 33976.12497302571 34015.6443576801 34189.22491922065 34276.78108037126 34296.78108037126 34316.78108287526 34384.26618542668 34545.46013739113 34625.73493824498 34645.73493824498 34690.82933665015 34715.00402114887 34735.00402114887 34758.45422459469 34778.45422459469 34798.45422459469 34844.55138764819 34874.36558846397 34927.12689829037 34973.73190532612 35098.12683196717 35204.61643844042 35282.28845838544 35359.12214466298 35379.12214466298 35399.12214466298 35615.59000974301 35795.8813213442 35891.29789313766 35979.28390835032 36021.69570590814 36131.54624060884 36183.07737893695 36367.43908707592 36387.43908457192 36517.14847422736 36539.47739155666 36865.0596523635 36885.0596498595 36920.47430048205 36940.47430048205 37025.10166869238 37074.72967192175 37129.04462404269 37193.85421140752 37345.70352559178 37365.70352308778 37392.76774209723 37412.76774209723 37472.0836445392 37636.13759718384 37683.31125501644 37761.4108496346 37819.61647856685 37896.6056969821 37965.70070096639 38038.91327113526 38058.91326863126 38089.72185049905 38125.0041027586 38371.23797663368 38485.12998448024 38686.83951850139 38862.29183549527 38882.29183299127 38934.10083451991 39044.08477737321 39093.18369273899 39199.36926447576 39224.56675627755 39309.7924249891 39533.32019728941 39595.07155010689 39640.17113434002 39660.17113684402 39680.17113434002 39744.07775872795 39772.09451657738 39834.57034223472 39865.35297357304 40135.21707797279 40296.73373710939 40316.73373460539 40423.75591286801 40443.75591036401 40494.6378006971 40538.41768257977 40622.160815075 40703.2516830369 40723.2516830369 40970.85347595276 40993.52885363484 41081.41258105793 41152.91952769419 41200.06926013854 41220.06926013854 41419.64037680499 41439.64037430099 41459.64037430099 41551.30260778345 41663.02173441562 41687.98381213572 41768.89427204012 42115.1349815716 42174.3351480055 42201.86415826219 42221.86415826219 42241.86416076619 42261.86415826219 42307.86675315266 42330.35175086276 42375.64185327567 42452.15334245562 42538.19232994789 42695.37508132784 42833.50327444991 43260.90702464401 43377.05236891311 43809.74489044272 43829.74488793872 43948.848134757 44001.15326918265 44021.15326918265 44483.25910064387 44622.20809401655 44642.20809151255 44790.70074130701 44901.48370656596 44935.86364138103 44955.86363887703 45092.77642460681 45237.79438701922 45309.07546565398 45355.66733639443 45409.04045828472 45449.16796915955 45572.64221543648 45623.10472903938 45728.62841544916 45748.62841294516 45768.62841294516 45828.17201904459 45853.91240196257 46211.66788517716 46233.61839645022 46364.27637982453 46384.27637732053 46475.69834576001 46495.69834826401 46515.69834576001 46625.02227756018 46679.77811905165 46763.99750067333 46790.61381877922 46818.05656599322 46838.76244629374 46858.76244629374 46937.70350303987 47014.12114381668 47174.36401720171 47257.19053909379 47321.09080325762 47513.00420013874 47642.7376721572 47707.51049572223 47765.50584434535 47801.73935349885 47860.58252578549 48011.00436010459 48033.52497647832 48053.52497647832 48190.14212074158 48281.8847786039 48301.8847786039 48321.8847811079 48541.33862245365 48588.79280015091 48625.5696565737 48645.5696565737 48665.5696590777 48733.51225439964 48924.92576657176 48944.92576406776 48975.98568301483 49018.41206807015 49185.16925330171 49323.34988700465 49457.67207530364 49477.67207279964 49497.67207279964 49523.534813312 49698.23662268783 49725.22026013392 49745.22026013392 49981.57453541647 50001.57453291247 50026.90989299344 50046.90989299344 50066.90989299344 50086.90989299344 50136.4682212265 50157.31516576304 50285.65447500069 50310.02088653012 50427.34743568209 50447.34743317809 50609.41574155848 50658.9121750486 50678.9121750486 50772.13554394815 50813.6052122569 50892.72154329928 50969.09995887809 51004.16484509258 51130.12287616943 51150.12287366543 51273.37487813432 51303.14313676602 51341.97573319513 51420.93828627722 51464.09305045541 51531.57191412159 51551.57191662559 51613.41995435476 51668.26466184434 51703.40166941279 51982.31350594286 52002.31350343886 52124.11295264386 52170.24865399762 52310.51556139183 52407.05860260791 52427.05860260791 52447.05860511191 52467.05860260791 52631.22176528186 52737.83818539513 52826.7717330063 52898.30144634536 52952.1121402846 52972.11317133549 53055.64737296433 53086.15468404165 53106.15468153765 53127.90041809991 53223.26454815622 53340.91711350372 53584.31258502209 53838.31243222825 53969.20372027413 54003.76943129631 54037.6669351158 54057.6669351158 54077.6669351158 54097.6669376198 54279.01736673985 54299.01736423585 54319.01736423585 54371.10862927393 54391.10862927393 54478.91168646295 54498.91168395895 54547.36186618875 54699.74045373294 54939.0454953304 54995.13506030229 55158.26308758921 55329.54075914257 55378.63041589172 55398.63041589172 55419.36661759973 55453.93221831689 55548.58365115294 55568.58365115294 55588.58365365694 55638.0290481919 56076.67982048782 56380.45767579178 56421.25575950575 56441.25575950575 56496.46431831735 56568.93157204856 56706.64077423945 56805.4222134169 56917.43963081291 56959.62325509294 56988.52520553475 57044.25708512705 57064.25708262305 57084.25708262305 57177.03902862652 57268.26466124952 57288.26466124952 57401.59558249493 57516.56195203957 57563.65500921375 57583.65500670975 57603.65500670975 57807.49633218146 57845.14750250679 58161.1691643613 58181.1691618573 58204.99007214829 58224.99007214829 58244.99007214829 58308.95976962451 58369.97373191039 58390.05638532516 58671.34817614418 58824.08048034675 58889.0921951472 58912.5485911275 58990.10699808818 59010.10699558418 59030.10699558418 59184.39842277555 59377.35580253911 59500.51805532442 59533.97438650099 59589.78355888957 59609.78355888957 59643.24742956116 59750.82705872251 59843.78947389484 59878.16793136923 59920.61290667279 60020.4854592659 60067.17176927533 60151.33517146973 60176.06103133085 60261.20433277216 60306.80343768095 60349.63316465698 60582.16320272088 60602.16320021688 60622.16320021688 60960.81583674317 61040.62512498928 61060.62512498928 61080.62512498928 61176.35112946042 61286.43270537979 61316.73740005062 61336.73739754662 61367.47982510397 61446.50029267346 61494.16861736905 61514.16861736905 61534.16861736905 61602.89963509779 61633.25588327763 61681.47507730544 61712.50543862103 61758.53444302341 61942.93356359474 61962.93356109074 62053.68679395763 62143.54038517727 62212.11548512846 62269.86596946142 62289.86596695742 62444.19008839822 62774.28898089736 62794.28897839336 62814.28897839336 62875.12930963633 62909.08212165024 62950.33355274433 62970.33355274433 62990.33355274433 63010.33355274433 63032.17851216938 63201.35484768464 63256.88502769873 63295.53077132583 63361.17774437368 63381.17774186968 63417.13162153551 63479.3504539296 63535.18752121066 63555.18751870666 63633.31133591366 63670.59830872609 64003.56990654759 64033.94462009367 64133.86861067414 64186.82000274179 64301.51309355451 64385.0770759228 64405.0770759228 64569.46472905985 64589.46472655585 64632.91126183953 64687.22948061316 64754.89214121649 64841.33891937227 65085.88742699717 65192.71100437333 65434.86615780464 65467.02588995763 65487.02588995763 65507.02588995763 65917.04075333704 65994.48623079691 66024.47708314638 66235.85813795792 66318.94459717844 66514.86256339726 66705.12661679746 66809.98885030321 66829.98885280721 66989.08628543242 67031.19732620624 67213.87006195157 67444.87283533919 67464.87283283519 67562.93528061854 67616.66145135089 67711.85976244665 67735.58982866342 67856.24900462132 68039.34393662045 68143.89235839587 68182.79920938965 68222.47689056642 68266.94614716742 68318.65730212562 68338.65729962162 68381.35171105405 68409.52294434426 68429.52294434426 68449.52294684826 68497.633951866 68821.21481097372 68919.9570931519 68957.68692901983 69170.73820088167 69296.81562955078 69566.03998838506 69615.75299441937 69651.31758627517 69671.31758627517 69691.31758877917 69722.36635636384 69753.50796223934 69773.50796223934 70005.4110707545 70045.83996655713 70074.10562951099 70094.10562951099 70158.28583836447 70257.70269474888 70431.05646193164 70451.05645942764 70606.27123707854 70675.90350038109 70805.46220667526 70920.85177512894 70955.1981413387 70982.33029262173 71198.59331711163 71237.8066555253 71415.87628207968 71435.87627957568 71489.77555682197 71564.98230747257 71584.98230496857 71752.21170485823 71777.61013436188 71825.23243309062 71845.23243309062 71865.23243309062 71885.23243559462 71905.23243309062 71974.81565133796 72274.78362579024 72294.78362328624 72347.33490463206 72415.85626836574 72438.19715035822 72502.18880221675 72625.5085252384 72721.00359662542 72741.00359662542 72761.00359912942 73145.43230859135 73239.47797512102 73353.91791187301 73375.3695983424 73395.3695983424 73415.3695983424 73514.27372672771 73588.88400280396 73688.50466806377 73867.20148997149 73897.67605060701 73934.68164516259 74053.26140583094 74117.47701988613 74238.47249782081 74294.78901709443 74314.78901709443 74508.47633236874 74650.75497538173 74670.75497287773 74690.75497287773 74712.85655270001 75071.26346206554 75160.20888214025 75224.94134115912 75244.94133865512 75264.94133865512 75352.37533902734 75372.37533652334 75406.76248644294 75448.03031978983 75553.75761945661 75652.53588777219 75697.39078146344 75840.90217097872 75895.1568489746 75915.1568489746 75936.41876104739 75956.41876104739 75976.41876355139 75996.41876104739 76016.41876104739 76118.46506871487 76312.78953224694 76384.07571442611 76562.11772563913 76594.20097623051 76676.92523727322 76794.86430653051 76921.72219923397 77123.95288411514 77214.69080118778 77389.76272056324 77409.76271805924 77533.83190080752 77584.87040401225 77725.94071472995 77765.65656772167 77836.09319419978 77862.85709823639 77951.26583405588 78097.96435484789 78117.96435234389 78137.96435234389 78185.99023059732 78295.5822503974 78315.5822478934 78462.68467308581 78482.68467058181 78502.68467058181 78565.1548872426 78641.60176992671 78719.31790753417 78776.05974968639 78799.60137112119 78865.2734068973 78923.93010246798 79224.29935667378 79265.88607223526 79285.88607223526 79320.26218376989 79357.15002672714 79377.95749785626 79397.95749785626 79417.95749785626 79437.95749785626 79485.18600514895 79929.27765616392 80141.86843632445 80234.32688853078 80391.97939219814 80411.97938969414 80461.84239831966 80698.17897877442 80738.99861016301 80758.99861016301 80911.15231523148 81098.02803629778 81158.73651996203 81178.73651996203 81311.48191966012 81349.39400238852 81546.97896773538 81576.35864153099 81827.46908425464 81870.3912988304 82089.11249233018 82109.11248982618 82236.34594760695 82292.499198555 82385.02079533821 82459.84671740478 82514.41080233296 82728.96103760351 82781.56958934275 82807.43088574543 83042.79932499482 83091.58550277452 83401.31990388916 83421.31990138516 83482.48316158803 83630.86658061907 83655.59195977213 83711.4517434156 83789.32709337271 83809.32709086871 83843.53798554501 83991.62092494037 84108.34143880479 84201.30195005512 84235.81317108668 84258.92622571518 84316.46898970372 84336.46899220772 84356.46898970372 84386.58394064826 84410.09734118001 84469.36834113767 84546.51506355386 84830.61935301851 85118.95426955435 85155.14370120446 85340.42633112985 85394.19948619368 85884.52956763236 85939.93007260801 86299.15829773213 86589.4684667621 86966.99198254672 86986.99198004272 87120.68110227851 87173.03865554857 87193.21949995382 87229.7310818273 87271.31189439319 87358.018786737 87445.01516114019 87480.57295083704 87522.90898878173 87574.31982169887 87658.26015490239 87702.7384242082 87965.05380230261 88206.20995472689 88295.91652621772 88329.05151897436 88404.90676259487 88428.86032770226 88516.46164285779 88574.10224303584 88604.53557952494 88723.12005977643 88820.55119110428 88999.53066776327 89257.09262347797 89277.09262097397 89310.76450239096 89330.76450239096 89448.58171189839 89476.85779037397 89613.28829833012 89893.23827642747 89958.62082732465 89978.62082732465 90154.42390882149 90211.77087225511 90231.77087225511 90296.8669622767 90466.88134501689 90544.54424523895 90564.54424523895 90666.99472337052 90826.61722251827 90910.60660972559 90965.40995787428 91023.3180304925 91113.41602624399 91192.65592528544 91408.28974731021 91449.82798399967 91488.51087347565 91666.95700275417 91833.98002636031 92063.78724844104 92186.55993492464 92284.0559749101 92304.0559749101 92324.0559774141 92344.0559749101 92570.37010257432 92693.67352242588 92907.72136199831 92931.99909545963 92972.69914788841 92992.69914788841 93076.18186678463 93238.20287722744 93280.41988217756 93301.24771387534 93327.41049277274 93360.01908483635 93509.20615521608 93544.37725702185 93667.94485492032 93709.81891060357 93847.49850371914 93918.54768926942 94305.73081450882 94385.84512792052 94490.03888181138 94536.39060089002 94562.91866483122 94593.87674271497 94655.33721886967 94827.00928098179 95005.50086292841 95025.50086042441 95111.67754005105 95159.98160286825 95188.478494823 95208.478494823 95337.90516623966 95651.85563789153 95783.56914821007 95856.03816093954 95878.70259062311 95926.91845030337 95950.94257020146 96067.69829007232 96109.94706942665 96703.70218110134 96735.38640002164 96798.23033268969 96924.4380821296 96944.4380796256 96964.4380796256 97152.00334673046 97172.00334422646 97369.24735352861 97448.38720773375 97468.38720773375 97504.89182314893 97604.52029256491 97971.0578977518 98005.01844023942 98045.15643391928 98075.36555298332 98097.84389865667 98123.96284632157 98313.40261238314 98373.20555519955 98393.20555519955 98475.55352594716 98495.55352344316 98645.2946316798 98665.2946291758 98702.88038749402 98910.52513091558 98930.52512841158 98950.52512841158 99010.66728363017 99041.21258162242 99112.13807451751 99132.13807451751 99161.48038732194 99181.48038481794 99337.61827876996 99373.94131031931 99427.64677511744 99492.96128790711 99536.57214546 99582.41155148895 99602.41155148895 99622.41155399295 99716.58084731898 99831.34089990539 99973.61873328848 100046.41741062493 100106.97564282326 100190.44541831396 100328.14656039645 100512.95939010119 100558.70739235898 100633.90463724571 100661.86927902891 100681.86927902891 100752.1653405415 100926.18967585975 100946.18967335575 100966.18967335575 101191.12845322089 101530.39824481453 101550.39824231053 101696.55029887524 101827.03536274591 101886.13407154317 101906.13407154317 102009.66299002804 102068.42653587305 102108.06937079157 102180.19560916114 102216.48268290915 102382.23696262992 102517.24915705173 102597.84848545484 102617.84848545484 102659.77185527532 102857.98936076622 102877.98935826222 102955.68149682818 102975.68149682818 102995.68149933218 103051.36902922132 103095.29604905847 103115.29604905847 103179.69276407949 103244.67550682153 103337.14626455421 103357.14626205021 103569.12536597678 103610.97342973088 103657.91247434816 103717.35380625193 103780.33337922484 103821.35840559478 104053.10141794623 104073.10141544223 104112.72877316724 104165.99436534789 104395.20577456342 104415.20577205942 104450.90111943282 104582.09661330275 104617.89576042149 104754.84591359089 105058.73118249295 105152.04672355371 105220.01893257518 105254.92716959916 105512.44152439336 105639.79034904013 105676.19453868836 105845.44386004714 105889.0389257192 105938.23362616493 105958.23362616493 105983.5942935276 106140.64736040257 106177.11150924449 106197.11150924449 106235.77983826824 106255.77983826824 106275.77984077224 106319.5854531089 106446.66300705203 106531.06055415028 106551.06055415028 106762.92135355845 106782.92135105445 106802.92135105445 106882.47063407956 106902.47063658356 106989.58870153659 107159.27524181431 107211.6995538015 107303.2827074208 107323.2827049168 107343.2827049168 107363.2827049168 107441.96653635862 107493.51806443938 107513.51806443938 107533.76666362212 107571.70659853452 107591.70659603052 107611.70659603052 107631.70659603052 107651.70659603052 107824.18952630554 107844.18952380154 107912.71385050491 107935.61264652725 108200.07613256623 108258.23404936778 108278.23404936778 108418.42292436535 108451.01128379759 108612.50821738963 108762.515975179 108798.14225214043 108963.63619843294 109061.87908091514 109221.68565925351 109301.21327633407 109388.80093823384 109471.66626415569 109576.23420746954 109659.96981822575 109733.9774212787 109753.9774187747 109773.9774187747 109799.70171464191 109846.00008536842 110012.23146032047 110057.10889308499 110106.47611370051 110131.10072220014 110153.58530642961 110231.08355373822 110299.78400758874 110331.81458961614 110351.81458961614 110371.81458961614 110450.24588577004 110516.55850213891 110549.54217967794 110654.98985990513 110701.19147606028 110818.07427742387 110838.07427491987 110961.25251232674 111069.54841290795 111109.09966191656 111169.78726503071 111195.64272201986 111215.64272201986 111235.64272452386 111255.64272201986 111275.64272201986 111295.64272201986 111426.70038627102 111446.70038376702 111466.70038376702 111640.60220731322 111715.50107795342 111754.32103251045 111955.02152647267 112043.68582436607 112210.22042213054 112477.63870533371 112509.99273971568 112529.99273971568 112631.5672150396 112695.59016698475 112787.28355192606 112904.80515291347 112952.58720604074 113064.43468247559 113242.71420766064 113564.08620925559 113734.67856341287 113817.49578650278 113844.7607823814 113914.48111523413 113986.17164240525 114028.78223771038 114182.85909716129 114225.68863467926 114347.75542750669 114528.65396365899 114608.71023602493 114684.31084459676 114749.99540962332 114885.03260188148 114924.29852396836 115027.36823702046 115124.4828709143 115241.72745656014 115261.72745405614 115285.66994662401 115489.85332820356 115568.874924336 115678.24909523794 115711.57465050945 116311.63813491679 116365.83754942613 116400.53597204514 116638.35791793479 116658.35791543079 116762.23202424607 116900.73100496537 117104.09825414089 117124.09825163689 117215.80649108657 117253.10727160641 117273.10726910241 117313.17525248107 117334.22105127583 117401.7381209061 117504.71477895419 117593.84448733563 117700.07927756583 117720.07928006983 117794.31528196466 117830.66053003705 118006.7964390611 118026.7964365571 118123.07952227097 118161.10710881366 118181.10710630966 118294.6147191792 118430.78209017523 118677.01156880364 118697.01156629964 118783.51183909296 118811.95931741098 118989.86280447795 119101.81490544539 119135.75066128686 119687.15924733314 119738.76028160031 119758.76028160031 119778.76028160031 119866.03528479713 119887.30599918992 119907.78800887729 119927.78800887729 119947.78800887729 119971.59113201924 120136.44305434011 120181.35348462034 120224.23015597854 120335.12726010437 120360.61406105477 120406.35022585539 120429.20283647287 120502.77060898472 120619.38544618258 120790.32439352738 120810.32439102338 120830.32439102338 120881.79174096107 120901.79174096107 120960.45376151347 121016.32119328249 121063.2063642685 121142.72857555923 121373.17995036065 121393.17994785665 121413.17994785665 121433.17994785665 121608.23961227057 121628.23960976657 121723.41039352843 121760.77802687265 121888.55107609996 122214.43218693898 122237.35642714794 122578.88726502415 122871.81996494377 122930.73840179244 122950.73840179244 123073.77375725044 123216.50247876273 123372.60477475488 123398.13055309886 123427.89183315526 123458.07705654534 123630.90361758295 123650.90361507895 123776.41900249295 123999.47267059265 124025.70490792396 124225.74620921742 124245.74620671342 124408.54605301229 124428.54605050829 124448.54605050829 124500.41553469539 124530.88292584204 124550.88292333804 124749.81773915741 124902.54195792542 125136.73714969753 125164.40697668826 125303.43103732467 125377.13935034936 125508.77444303604 125528.77444053204 125563.38502430615 125700.61408482398 125774.13150023977 125802.83613227376 125875.7669332092 126077.87921963431 126394.93507243932 126468.93805147822 126488.93805147822 126508.93805147822 126528.93805398222 126548.93805147822 126568.93805147822 126588.93805147822 126737.90480717518 126779.4927745865 126828.14511531062 126848.14511531062 127009.45494939128 127210.25222700863 127275.17326222019 127410.9240679371 127436.69030697577 127554.21769911201 127609.24277705548 127745.13686511896 127839.01304272444 127893.98093382402 127922.16829886634 127942.16829886634 128006.82648253385 128026.82648503785 128046.82648253385 128078.70337745994 128222.58136133684 128242.58135883284 128315.24698125714 128341.47832085195 128378.55523422954 128410.06050006894 128430.06050006894 128450.06050006894 128500.44350030076 128636.27922583099 128758.77981070939 128865.67938663306 128885.67938913706 128905.67938663306 128988.70078183845 129158.61962234545 129178.61961984145 129198.61961984145 129218.61961984145 129238.61961984145 129258.61961984145 129435.00660535886 129545.05936643257 129794.52391743249 129909.23941380259 129945.81557172449 129965.81556922049 130006.06980002852 130078.04090300435 130520.83082003156 130540.83081752756 130691.26286578844 130732.61944956987 130752.61944956987 131006.06827768688 131161.63347472958 131251.3277734156 131330.97188720985 131656.89105226781 131708.12762052006 131738.02239052263 131770.61125779802 131877.12037246534 131897.56343782514 131970.58454630345 131991.05927778513 132028.71250526186 132124.61795061667 132234.55953540139 132346.36504877107 132366.36505127507 132413.63728270896 132433.63728270896 132523.94922546784 132702.60032747108 132760.33565967845 133001.13646835297 133265.3976532399 133323.29566414527 133564.9923644358 133684.07354002562 133723.69539028126 133916.94336256177 133975.45104140006 133995.45104140006 134015.45104140006 134194.88740413239 134214.88740162839 134238.28266074525 134258.28266074525 134278.28266074525 134298.28266074525 134365.78945413393 134428.86407663031 134493.51171913213 134563.25343707075 134605.5794915839 134657.15849060749 134725.47468464676 134869.52904294223 135047.75797667817 135160.38302892291 135245.53889168807 135281.6669199625 135432.08071816276 135452.08071565876 135472.08071565876 135492.08071565876 135512.08071565876 135532.08071565876 135552.08071565876 135572.08071816276 135634.99597870769 135654.99597870769 135762.71576135627 135797.65371167943 135907.07598111927 135927.07597861527 135947.07597861527 136032.82819168608 136078.81698795696 136122.27446337126 136237.5618401895 136753.29924638209 136899.80980084082 136919.80979833682 137127.65173583263 137167.07505898271 137280.66318900607 137403.55102043947 137424.54376230772 137444.54376230772 137498.41758501937 137578.84330237246 137656.24808124667 137712.32510547875 138604.57802754603 138710.68100376103 138751.59605246046 138820.24952503605 138902.17769967204 139151.01312284316 139171.01312033916 139253.25720956243 139273.25721206643 139487.98413618236 139507.98413367836 139553.80042625222 139831.36844212837 139883.13924343285 140030.13447912486 140154.39576999652 140339.30131421722 140598.60323493374 140618.60323242974 140716.02924683927 140736.02924934327 140813.96972128454 140933.50234855384 140964.13786789036 141027.28506842412 141047.28506842412 141067.28507092812 141088.34134887992 141304.53866929651 141335.63191486024 141392.44009924368 141594.47590130784 141705.82377042111 141827.73330287505 141847.73330037105 142058.79882116375 142078.79881865975 142192.10439919228 142518.99618942284 142575.40106354844 142901.91881792505 143103.91486596871 143169.01834242858 143189.01834242858 143209.01834242858 143229.01834493258 143342.22468140502 143444.54346643901 143504.78335700778 143844.15019524073 143924.53835666564 144138.1331975915 144439.26839805157 144503.15565714766 144624.53884577878 144819.43226862292 145117.88873912707 145345.26694776022 145500.91288041976 145530.45575221168 145668.21564711322 145688.21564460922 145745.7183486358 145765.7183486358 145785.7183486358 146222.49035791904 146330.60480366678 146376.30335795342 146396.30335544942 146416.30335544942 146508.88904054731 146779.02727924388 146829.10410423788 146946.29216025513 146979.32547350367 146999.32547350367 147115.70478297271 147371.59865277447 147391.59865027047 147664.47946294727 147751.69652133101 147816.26363466657 148017.09371756111 148066.91115167441 148097.78998017735 148180.29816161001 148258.07875373343 148324.85591264298 148596.11676602465 148713.66662854357 148769.31015258549 148883.28193842215 148903.28194092615 149078.85314331856 149109.15722858667 149129.15722858667 149589.70125962415 149678.03995813489 149739.81733215227 149769.36130537405 149955.98793388694 150160.10209614913 150476.06784850587 150500.73052861204 150853.40432649445 150936.81123758938 150956.81123758938 151079.17976263993 151099.17976013593 151119.17976013593 151186.60666021147 151421.86124811649 151484.42297580255 151533.18646147024 151650.24472717146 151683.72066108557 151703.72066108557 151835.5895198041 151951.1847438244 151971.1847463284 152145.57103841986 152244.90804480236 152345.23498341981 152375.18014231059 152395.18014231059 152482.06745079245 152502.06744828845 152675.2371182123 152713.14129937391 152975.20399090814 152995.20398840414 153037.06110539838 153154.01280320606 153368.69545941037 153388.69545690637 153408.69545690637 153627.19379876271 153766.45523884178 153819.30026291803 154080.36911034671 154115.12336600984 154233.12656621069 154353.32171253394 154434.55384550509 154454.55384550509 154481.70015791732 154547.52066667316 154580.26410492437 154601.99030629707 154700.86351336339 154727.86440682704 154835.32108391097 154921.67558990948 154986.65248244736 155006.65248244736 155100.81782339761 155186.60688817639 155372.348584616 155415.44655785153 155435.44655785153 155455.44655785153 155475.44655785153 155866.48139185372 155948.02176238207 155978.95081641604 156020.61785623979 156148.45564026151 156328.42175683129 156447.78450582967 156593.92872030139 156613.92871779739 156712.96389939256 156753.06100219487 156824.87495985771 156863.56374563884 156883.56374814284 156920.48694097411 156962.70402485656 156982.70402485656 157092.91066505499 157132.23458815886 157152.23458815886 157203.45016243371 157319.21007305297 157498.39875424992 157532.77633080087 157552.77633080087 157572.77633080087 157964.89670752814 157984.89670502414 158004.89670502414 158160.07390057337 158220.89552383671 158402.51750227844 158476.91919583831 158607.72548522779 158645.98106658242 158792.82995219831 158899.3401034908 158934.89271846356 159036.74126901634 159099.05822823191 159244.26293647251 159265.13797604419 159285.13797604419 159305.13797604419 159325.13797604419 159464.12318970974 159596.17610797569 159771.45220304284 159791.45220053884 159887.88314438552 159982.5318439997 160249.8471505268 160373.21874641111 160412.42711378441 160564.82023032717 160599.71140933399 160667.84297848709 160790.28709642975 160839.03415642215 160859.03415642215 160898.3912848825 160918.3912873865 160998.98053880836 161111.88473076536 161166.58377512074 161282.36857399534 161356.30570301457 161462.19225294552 161496.34832231252 161634.2313903046 161777.22688059134 161851.67853146453 161925.56831441356 161945.56831190956 161993.29980686428 162013.29980686428 162082.53007781719 162273.60274583851 162436.6309477774 162527.62013209361 162615.90788092539 162646.46562061842 162666.46562061842 162731.0762220202 162792.19088529428 162923.31211594272 163240.88971175719 163380.15348584607 163400.15348334207 163594.15043755194 163714.3425515558 163908.1193853243 163997.18673366648 164164.95995562732 164212.69397374715 164336.38048580947 164356.38048330547 164382.81988048415 164424.60611856293 164511.91440669499 164632.55384258686 164738.79745768112 164794.36802659193 164827.36427304347 164869.76088039216 164889.76088039216 164909.76088039216 164929.76088289616 164995.08616308553 165015.08616308553 165081.39290739526 165187.71055263684 165239.17402452352 165384.72572812491 165440.36810333134 165486.24026931491 165509.34022468342 165617.27124781426 165810.46955222011 165854.30454538952 165989.79191469839 166046.46451590013 166147.55319228028 166167.55318977628 166306.7989237314 166333.0170897347 166353.0170897347 166402.15650588344 166645.07562407925 166665.07562157525 166689.27700616912 166742.73182905864 166777.92305154331 166812.9458970656 166832.9458970656 166906.97072536021 166993.21517251511 167040.63650956417 167085.97876111474 167105.97876111474 167125.97876111474 167145.97876111474 167349.71880707239 167369.71880456839 167416.26209813553 167479.21551297025 167525.23942966111 167545.23942966111 167565.62385467 167585.62385467 167605.623857174 167725.10578454872 167791.84707478104 167891.16538623836 167978.14214813549 167998.14214563149 168047.00680197859 168067.00680197859 168087.00680197859 168107.00680448259 168127.00680197859 168293.55388937101 168358.94484321338 168392.97692705692 168453.78493078757 168473.78492828357 168529.96002818135 168549.96002818135 168569.96002818135 168612.32695940727 168655.91819038026 168807.3492626159 168891.35711520891 168961.03867918673 169102.01329955934 169122.01329705534 169168.47107254072 169347.43845576737 169415.40976245421 169521.0257805806 169541.0257780766 169888.88737381561 169917.1704821684 169957.91519060616 169991.80734527054 170178.25575209954 170248.83647881141 170276.4897176463 170344.26699566558 170494.16801613238 170664.75872854752 170817.72171778007 170857.69141590244 170893.54007799003 170913.54007799003 171050.85270677251 171149.20307982395 171321.22362434015 171379.82763911325 171456.72146507677 171535.25458006497 171659.69759677175 171813.41004641853 171884.01900023702 171912.13041413936 171958.1695439624 172017.49572990135 172056.59514381556 172224.19821354057 172305.90331818035 172364.17409521767 172395.80473211902 172454.55488428534 172474.55488428534 172494.55488678934 172618.22336488649 172699.28220724693 172740.59388275734 172760.59388025334 172780.59388025334 172933.21219286761 173007.16672467253 173037.78226073175 173618.66327488968 173644.03275887905 173683.47801343084 173703.47801343084 173723.47801343084 173743.47801593484 173833.45330710554 174065.93963080632 174238.53878630483 174321.81739572759 174373.1495192841 174393.1495167801 174413.1495167801 174669.05102070107 174848.93234610751 174868.93234360351 174898.30462441027 174919.21589777171 174981.36851459151 175054.95616737427 175194.27033710891 175261.79031889783 175283.722821218 175311.32963702397 175371.1401830379 175432.46245206734 175518.73127369818 175726.11868806174 175809.26746928004 175933.83630095747 176100.25415962462 176177.52731019566 176248.49960358522 176481.82928092657 176501.82927842257 176881.21018482645 177105.88118612021 177154.19197822863 177215.29512071438 177276.51772750394 177296.51772499994 177356.71493282439 177419.90301005377 177915.3181310055 178157.07041048179 178232.80659392354 178252.80659392354 178272.80659392354 178442.47533892288 178539.42985192073 178613.28920550504 178637.6377690935 178662.7920088143 178813.77285049694 179154.81280639789 179174.81280389389 179533.40871270269 179638.11559338401 179740.957441687 179785.10571634884 179868.76703676099 180014.68449670591 180141.22966398387 180161.22966147987 180181.22966147987 180201.22966147987 180263.47246184727 180283.47245934327 180422.70372969951 180442.78622666607 180595.38763623497 180631.53074306659 180665.37481184629 180755.81008441208 180816.25261348592 180866.11854283829 180895.40122462345 180943.70558969461 180963.70558969461 181177.54546149866 181246.55654821198 181285.06630025971 181316.74262210683 181356.15873298515 181549.31708447624 181638.46748778849 181713.37146637796 181749.57407344726 181792.63558749346 181911.65531589082 181931.65531338682 182109.83971232671 182226.27350710453 182246.27350960853 182327.27487810863 182347.27487810863 182367.27488061263 182387.27487810863 182407.27487810863 182427.27487810863 182447.27487810863 182559.15488399829 182607.65551851746 182627.90811425622 182661.84365157299 182840.27068342275 182975.22181820666 183014.197797094 183130.99269051823 183150.99268801423 183452.95769110604 183483.57586046899 183503.57586046899 183742.01144021572 183825.00894284759 183932.39178742113 184210.87024342303 184232.39896335369 184436.86752591214 184456.86752340814 184476.86752340814 184505.45829364775 184692.0344269098 184789.38081654329 184835.9842866578 184903.49925434334 184976.95443766123 185174.60013273911 185194.60013023511 185214.60013023511 185234.60013023511 185270.88621679802 185392.210519382 185412.210516878 185432.210516878 185524.18981294327 185557.0534421665 185602.57358153319 185622.57358153319 185642.57358153319 185701.1672219992 185721.1672194952 185784.87272266016 185804.87272266016 185879.76068140946 185899.76067890546 185919.76067890546 185939.76067890546 185959.76067890546 186041.64516434934 186197.0621211315 186310.43594599729 186474.20789763158 186494.20789512758 186524.74684954559 186552.34608636379 186748.22549605753 186887.89593395548 187102.4192690242 187154.63572368479 187204.09782896843 187516.53587739669 187595.16708642557 187677.70361625941 187719.5083560294 187811.68314383941 187849.00914391035 187870.05748564292 187890.05748564292 188087.6571952111 188168.25785598148 188386.36828251712 188483.64615398965 188503.64615398965 188552.62875486073 188605.87642205618 188647.03502150347 188693.59549352671 188717.28310203286 188737.28310203286 188784.24397267197 188804.24397267197 188826.50188759385 188877.47008649311 188897.47008649311 189070.26483921241 189119.65658764577 189201.79724252473 189322.55636027894 189380.87177453012 189422.86541129532 189752.81882684039 189857.62836396858 189877.62836647258 190016.76739464294 190158.81331147563 190464.09141898913 190702.80853165864 190755.14058920918 190921.55244908904 190974.73449933827 191130.61814326763 191150.61814076363 191177.95276803155 191197.95276803155 191217.95276803155 191317.7157849678 191436.82148175625 191486.63905285787 191506.63905035387 191596.67791940888 191616.67792191288 191636.67791940888 191669.05385698733 191779.09233235801 191832.94910016763 191893.4063388398 192043.52090851607 192098.76071482711 192145.48026307363 192251.99428054149 192280.87694727935 192328.88897689507 192417.68346875692 192471.43104538477 192491.43104538477 192511.43104538477 192543.10555934838 192597.56730486925 192644.97063447924 192685.74755075932 192901.16105992601 193052.58592912704 193116.52444394627 193192.35386002433 193239.10126452041 193302.42840409546 193322.42840659946 193479.98161642435 193692.12770355143 193737.72085952522 193904.32002905248 194053.74661052102 194152.12334737998 194190.51179614711 194213.59396822639 194233.59396822639 194253.59396822639 194273.59396822639 194402.9152614065 194432.77361418939 194596.30257355091 194627.31651207563 194647.31651207563 194667.31651207563 194687.31651207563 194766.1033615878 194786.1033590838 194815.296891903 194837.53786612907 194888.22475318889 194908.22475068489 194990.744960539 195122.65726628925 195199.62326022159 195305.47728980232 195332.67873150996 195426.94920945634 195446.94920695234 195480.66683862927 195542.95119567079 195562.95119817479 195683.46036068189 195868.23157939947 195918.52140119917 195961.46545535127 196045.09036630198 196065.09036379798 196215.47703815661 196287.3935901618 196527.66196030247 196584.89263806521 196787.25355619296 196807.25355368896 196827.25355368896 196852.64747109603 196876.32373630385 196896.32373630385 197113.65906778847 197361.73625274093 197412.95550525675 197470.55977432723 197547.012988706 197567.012986202 197587.012986202 197607.012986202 197627.012986202 198042.89205656237 198258.01331778958 198300.23302526142 198320.23302526142 198374.08609983203 198394.08610233603 198504.68022103932 198664.28536791029 198734.9435513057 198754.9435513057 199041.39475915203 199125.12951114288 199269.31115013213 199289.31114762813 199356.4234200778 199440.46623285209 199489.62561340429 199580.04253463766 199790.65445027071 199821.31451642027 199866.99880739763 199903.56122640087 200092.41821389507 200178.17678002566 200279.70620231786 200309.23758405524 200350.59735875739 200383.62176428258 200460.00447069649 200480.00446819249 200500.00446819249 200574.88306776185 200594.88307026585 200696.15109950686 200751.25878791229 200771.25878540829 200813.70244234112 200999.90923914882 201107.83150366674 201127.83150617074 201187.2481340563 201550.15724543745 201584.18533762557 201839.72469589911 201859.72469339511 202028.37739794261 202048.37739543861 202068.37739543861 202088.37739543861 202108.37739543861 202130.67373854219 202150.67374104619 202220.50113072722 202278.47273491458 202413.13445171821 202433.13444921421 202470.67469658663 202532.67053531991 202555.7581107727 202625.37098511536 202897.83910905142 203302.64362611207 203477.55003760576 203593.90365582996 203619.06363426198 203809.68456072783 204090.81145439521 204110.81145189121 204250.74005712767 204379.0058436566 204503.2183851006 204578.68816443187 204605.08516042875 204696.41959064329 204893.98426254207 204915.36127378277 204935.36127378277 205013.24230147717 205259.60804798796 205304.62739239395 205414.60911197051 205657.74152302388 205686.26657504399 205713.28246899948 205763.40323787639 205783.40324038039 206019.24095674724 206056.47373407626 206165.81988499345 206340.77193111357 206541.04426433485 206771.33596073218 206801.47792390125 206996.99604752102 207041.54976880274 207066.75770610479 207086.75770610479 207175.58249522489 207265.58761823258 207285.58761823258 207305.58762073658 207481.44504432261 207536.05034260345 207684.39312459746 207746.15158109069 207830.82818237017 207880.41346328254 207900.41346328254 207972.39209768095 208109.47065867113 208180.94525050018 208239.72432552218 208294.8217264195 208600.73022736457 208641.22911180834 208705.18296352221 208725.18296602621 208784.3191782327 208820.81423733098 208979.37063089518 209092.50580420517 209132.41232502645 209221.6154355462 209241.6154355462 209276.70346244325 209520.36688289731 209540.36688039331 209651.35191911028 209731.09881053677 209751.09881053677 209998.39109468338 210073.23090487926 210310.24041987217 210362.29682890183 210410.04123709315 210548.57191796122 210608.50102573867 210631.25025132314 210737.01883075568 210800.38452101185 210839.93518077968 210969.45792011244 211143.43765006092 211215.34782021435 211247.71481336688 211480.73381064495 211506.41980310427 211621.27154486196 211643.14358391266 211868.50378893509 211924.22356580505 211944.22356580505 212067.17039111941 212370.82260792794 212390.82260542394 212462.05711457758 212562.27733650127 212767.25808654346 212796.28590802267 212816.28590802267 212870.66366955095 212890.66367205495 212912.43815267807 212966.96248634941 213105.01765839862 213150.54339218614 213170.54339218614 213263.97650567858 213285.34850113131 213310.25602742297 213346.75263256409 213440.50207285361 213600.92709190469 213730.84836431509 213836.02910286184 213856.02910536584 214017.97096400292 214086.77261337783 214127.03641027927 214171.56651910263 214200.86026353564 214279.51926351076 214299.51926601476 214385.54046568482 214710.16229539083 214731.61735408409 214958.16527826349 214982.42293720398 215110.81447327062 215262.55497318671 215309.50076737795 215395.43010846287 215509.5279407975 215553.46694978199 215573.46694727799 215625.77929995218 215645.77929995218 215665.77929995218 215685.77930245618 215705.77929995218 215789.82404860546 215834.69375594577 215957.05028784584 216176.58178231061 216225.96099151958 216245.96099151958 216349.39222962003 216369.39222711603 216389.39222711603 216473.38084962022 216493.38084711622 216605.89594483413 216664.01120529181 216692.80026975858 216749.48764194553 216801.37956256906 216821.37956256906 216930.61648187564 217052.23810650072 217116.60136506722 217190.8779275147 217332.18852744029 217442.89372413097 217516.08253924915 217544.82563025718 217570.14077005994 217590.14077005994 217610.14077005994 217643.64292417453 217752.15916795584 217810.30271588962 217881.77327011034 217901.77327011034 217974.35594309673 218057.56114299098 218272.55486943326 218386.46898885866 218406.46899136266 218462.55819759371 218497.25730412851 218548.7381842488 218609.08198290333 218629.08198290333 218788.13894587431 218808.13894337031 218984.5661203377 219053.50206639074 219104.84617140924 219124.84616890524 219219.34243437098 219375.01489071748 219523.68765185769 219592.80390142088 219726.77255871885 219987.17210422771 220087.54015438363 220107.54015688763 220253.99610003295 220443.99990392393 220537.96275401051 220557.96275401051 220707.08790931321 220772.55063132907 220868.93683188556 221073.54779604043 221147.15778327867 221394.26032714233 221414.26032463833 221644.96275109974 221664.96274859574 221770.92522960622 221809.1595021291 221846.41125669742 221870.33527684974 222122.52463076788 222149.97567952821 222431.7929462272 222516.66459226474 222548.78190451333 222687.66321090984 222750.0061877431 222938.4441005691 223041.4630163909 223061.4630188949 223174.5594068538 223207.41504397896 223251.23658919758 223467.64281864865 223506.2146866047 223526.2146866047 223548.06428134916 223568.16673401705 223588.16673652105 223809.22684430909 223906.99382856094 223946.38611696821 224072.34177794713 224092.34177544313 224151.85230236976 224171.85230236976 224194.18044735633 224232.46599216649 224255.32920993697 224434.88863854099 224454.88863603699 225139.28525497979 225344.43095457895 225438.85227560343 225668.90390534045 225746.82380980471 225883.7589220455 226083.81027655347 226166.97691845373 226186.97691845373 226320.04805539823 226431.43708047695 226596.36378582816 226692.8305967918 226712.8305967918 226896.79253680511 226916.79253430111 226966.34070474375 227040.89223218583 227291.55927901433 227312.53373905835 227333.66112505499 227366.90981516859 227408.14231502862 227572.6085702774 227653.63936591788 227673.63936591788 227864.95919972585 227884.95919722185 227904.95919722185 227924.95919722185 228250.78377675442 228346.89168519628 228528.22030895759 228548.22030645359 228568.22030645359 228656.99928677531 228726.7072231402 228746.7072231402 228847.54168853534 228883.18234154284 229017.18723562634 229165.46702198097 229317.59599943171 229440.17297170336 229489.40001427772 229556.95551700638 229632.37051563251 229665.4873997042 229699.13727896441 229915.87304684374 230027.81166684527 230213.50494076811 230258.35391250662 230471.49977547743 230638.06416688766 230800.77913148959 230876.6143891632 230934.03288093536 230979.39834637118 231006.38021036132 231140.32570487983 231160.32570237583 231276.09380962335 231296.09380711935 231428.87823814817 231702.84881158136 231815.96815961803 231946.16281834908 231966.16281584508 232040.9218133584 232060.9218133584 232160.76437182476 232200.15134356899 232460.59365734455 232496.65869140395 232516.65869140395 232544.65296832398 232564.65296832398 232584.65297082798 232670.36535548373 232748.82736989319 232768.82736738919 232981.62088973755 233172.50122526498 233199.74987736411 233470.20378581406 233512.13963541112 233532.13963541112 233756.59850631594 233905.05111945308 234057.12616382983 234219.8733299169 234287.00537619789 234436.66240385729 234659.5086308485 234718.92130798763 234738.92130798763 234840.65403290229 234874.8754081128 234894.8754081128 234934.28703578268 234954.28703578268 234974.28703828668 234994.28703578268 235065.06794039801 235085.06794039801 235153.8697288594 235339.62034966537 235406.00551484621 235525.91262604475 235556.16218720797 235688.79880151061 235708.79879900661 235858.33484522498 235901.83925241776 235921.83925241776 236007.27054439748 236449.38097827994 236575.3668890068 236742.85212362866 236762.85212112466 236812.57686470963 236832.57686470963 237075.20191272257 237235.2259073141 237283.24544478001 237317.90509570364 237337.90509570364 237369.51036446183 237389.51036195783 237409.51036195783 237432.99368985917 237452.99368985917 237472.99368985917 237507.15335319074 237625.63898832071 237698.47216795825 237736.47219995746 237797.46861708287 237853.17040144097 237873.17039893697 237899.08228982712 237992.08922603193 238115.57576325687 238138.33556036749 238223.14052527236 238243.14052777636 238271.02878255692 238324.68129219921 238399.7097020462 238419.7096995422 238446.30554537234 238563.36220508714 238773.72759886039 238829.91353059437 238856.48748061849 238876.48748061849 238947.46628105653 239031.47547674629 239051.47547674629 239071.47547925029 239091.47547674629 239329.89070124798 239467.14144147096 239556.76944865766 239604.02364687919 239624.02364437519 239669.26672250152 239885.28535790064 239944.12972158926 239979.1463696553 240257.05313254735 240591.48062899749 240651.35721006672 240671.35721006672 240691.35721006672 241101.34268016033 241240.12227626401 241272.46501088127 241292.46501088127 241326.68305477474 241451.39516438064 241524.66979220345 241585.10788128203 241627.03680321492 241681.39719341915 241711.73110730264 241791.64953335617 241920.58794014531 242109.01375582956 242129.01375332556 242300.20379092686 242326.56780680703 242361.62773824979 242589.44592257528 242818.00751261677 242862.77783340344 243233.04774731695 243360.38147735563 243380.38147485163 243400.38147485163 243420.38147485163 243473.33807928355 243497.99968368401 243555.32450033309 243575.32450033309 243595.32450033309 243699.54033589325 243845.74885935725 243951.51034290369 244158.37425408484 244262.21795358654 244288.53938986712 244308.53938736312 244328.53938736312 244348.53938736312 244368.53938736312 244388.53938736312 244463.14021480776 244536.26314964299 244599.22406365631 244785.99413212738 244836.80223551409 245099.47665312414 245119.47665062014 245230.51992470863 245324.65276600852 245382.34781441255 245512.14113536208 245543.08286237424 245563.08286237424 245609.24995820875 245629.24995820875 245839.47025075275 245859.47024824875 245997.90129997007 246017.90129746607 246115.22265132759 246180.4035251102 246308.49638076533 246328.49637826133 246412.89104343241 246712.95381827109 247049.21537092792 247072.28569903081 247148.30775283918 247189.6717075937 247227.73855313676 247247.73855313676 247298.768139043 247436.2216891925 247563.55299369618 247623.62482822458 247643.62482822458 247679.7080440153 247768.03782247368 247860.28808522588 247945.18770214877 248196.54880746838 248216.54880496438 248416.06628253692 248446.08477569722 248466.08477569722 248486.21499390679 248554.74486248592 248620.16453344742 248640.16453344742 248908.31973845971 248960.18023681552 249155.14548248451 249175.14547998051 249212.41102602314 249250.33627157795 249374.81421672431 249511.75711977246 249655.07193988381 249715.65651688631 249791.5557131016 249902.11177041818 249961.32118634452 250040.34458013768 250060.34458013768 250196.72142882466 250216.72142632066 250236.72142632066 250285.53939949205 250522.72906703423 250585.33651069289 250623.75280249945 250942.33606429342 251076.39398360854 251154.72757534519 251196.46741584623 251249.70710541141 251563.59504367854 251583.59504117454 251664.98335872507 251684.98336122907 251768.45529483677 251832.1110275131 251904.43887998409 251933.29312725373 251983.0843217037 252003.0843191997 252023.0843191997 252247.59111517388 252276.44699333758 252325.52766774436 252430.4147559863 252526.81678122661 252580.08158524797 252637.39289232331 252681.13446966209 252701.13447216609 252743.36332265059 252790.2708300197 252933.71246760466 252968.34725575664 253098.65859596448 253118.65859346048 253221.26068228304 253398.90192023135 253481.95302026751 253504.46632128904 253529.86522765203 253549.86522514803 253569.86522514803 253600.50745930097 253665.04957342649 253685.04957092249 253774.6693317768 253794.6693342808 254063.82750286761 254132.84420331218 254255.61507409827 254326.94831542993 254346.94831542993 254383.35129571769 254557.88668496767 254614.78475386865 254800.92522664197 254820.92522413797 254851.50390161037 254871.50390161037 254931.7301078254 254951.7301053214 255105.59207726192 255409.54792052615 255429.54791802215 255602.89190879063 255638.76844971591 255720.26609283765 255788.15616882746 255898.24005042552 255939.59714582096 255959.59714331696 255979.59714331696 256099.07020911185 256131.31403310683 256151.31403310683 256202.44949214772 256428.53674094882 256448.53673844482 256628.31068943252 256664.53907674138 256742.72370403206 256848.61039901159 256911.14078583553 257133.88748104071 257157.962559323 257257.2162300497 257324.99002147446 257353.64110656421 257440.68017576089 257599.15840409265 257771.74449515704 257855.1259614615 257884.31228772773 257964.97662452154 258011.3344412403 258146.62022072339 258166.62021821939 258335.66370921715 258399.11530323925 258429.45828716196 258449.45828716196 258651.90575364785 258681.43865687091 258745.9644559439 258905.99872590224 258925.99872339824 258950.27666461007 259054.45983715964","0.14978161599 0.25678718633 10.40927790237 6.49920690056 4.99154148453 20.79639102098 0.25678718633 0.14978158989 0.14977911199 0.25678969033 0.50357138907 0.25678730191 0.25678969033 0.14978161599 0.50357389307 0.14978158989 0.25678730191 1.81785234583 0.25678969033 0.08808564356 0.14978161599 0.25678718633 0.08808564356 0.14977908589 4.77492390401 0.25678969033 0.25678718633 0.14978161599 0.25678718633 0.25678969033 0.14977911199 0.25678980591 12.64937319007 0.14978161599 0.25678969033 1.45489538438 0.14978158989 0.14978161599 0.08808313956 0.25678980591 0.25678718633 0.86337685793 0.14977911199 0.25678969033 0.08808313956 0.08808564356 17.40860118629 0.25678980591 0.14978158989 0.25678718633 0.14977911199 0.25678969033 16.7969475296 0.25678730191 0.08808564356 13.82327874354 9.57686580152 0.25678718633 0.14978158989 0.08808313956 12.36640159548 0.25678730191 0.25678980591 0.25678718633 9.22964805282 0.50357389307 18.89292497002 0.25678730191 5.00196937604 0.25678718633 0.50357389307 0.14977911199 0.25678730191 0.14977911199 0.14978161599 19.40490892078 0.25678718633 7.52011346274 0.08808564356 0.14977911199 19.62213598373 3.98210941485 0.14978161599 0.08808564356 0.14977911199 0.14978161599 0.14977911199 0.14977911199 0.08808564356 0.08808313956 0.25678980591 0.25678980591 0.14977908589 0.14977911199 0.08808313956 5.72743568769 36.48922113457 0.14977911199 0.14978158989 0.25678718633 0.25678730191 0.14978161599 0.25678969033 3.51985024589 0.14977911199 0.14978161599 0.08808313956 0.25678969033 3.55150735854 0.14978161599 0.08808564356 0.85381221741 0.25678730191 0.14978161599 0.25678718633 0.25678969033 0.50965889252 0.25678969033 0.25678730191 0.08808564356 0.25678969033 0.14977911199 0.08808313956 0.14978161599 0.14977911199 0.08808313956 0.14978161599 0.25678718633 3.545187348 0.50357138907 0.08808564356 0.08808313956 3.60847475378 0.14977908589 0.08808564356 6.61138397724 0.25678730191 9.56320915213 0.08808564356 0.25678969033 6.26520242687 0.14978161599 3.76574849109 0.08808313956 0.14978158989 0.14977911199 0.50357389307 18.89967661726 0.14978158989 0.25678980591 0.08808564356 6.24138405183 0.14978161599 0.25678718633 0.50357389307 0.25678718633 0.50357389307 0.25678969033 0.08808564356 0.08808313956 0.25678969033 0.14977911199 0.14977911199 0.14978161599 0.25678980591 0.14977908589 0.14978158989 0.14977911199 0.25678969033 0.14977911199 0.08808564356 0.14977908589 0.25678718633 0.08808564356 1.81086372922 0.14978158989 0.25678718633 0.14978158989 17.51801822994 0.25678969033 0.25678718633 0.08808564356 0.14977911199 17.82809691157 0.14978161599 0.08808313956 0.25678730191 0.08808564356 0.50357389307 0.08808313956 5.94105188156 10.74629326214 48.79282769797 0.08808564356 19.40140759383 14.44688000241 17.1918143875 0.14977911199 11.68387038444 0.08808564356 2.91843172503 0.25678730191 0.25678980591 0.25678730191 0.14977911199 0.25678969033 0.14978158989 9.7010123954 0.14977911199 0.14977911199 0.14978161599 0.25678718633 0.14978161599 0.25678730191 0.08808564356 0.25678969033 0.14977908589 0.25678980591 0.08808313956 13.63389300982 0.25678969033 0.08808313956 0.14978161599 1.11716267718 0.25678718633 0.14978161599 0.08808313956 0.25678969033 0.14977908589 0.25678730191 0.08808564356 0.25678730191 0.08808313956 0.14978161599 0.08808313956 2.20046444484 0.25678718633 0.14977908589 0.14978161599 0.14977908589 0.14978161599 0.25678718633 0.14978161599 0.14978161599 0.08808313956 0.25678969033 6.58672410855 23.93691236598 56.60861034221 0.25678718633 0.25678980591 0.08808313956 0.25678969033 0.08808313956 0.14978161599 0.14977908589 0.25678718633 0.14978158989 0.25678730191 0.25678718633 0.25678730191 0.25678980591 2.90737719716 0.25678718633 0.14978161599 0.08808313956 0.08808564356 0.25678730191 0.14977911199 0.14978161599 8.02408178653 0.08808313956 0.08808564356 0.25678730191 0.25678980591 0.25678718633 7.04363361658 32.65772487643 3.67641407832 0.25678718633 0.25678980591 1.57607223452 0.08808313956 0.08808564356 0.25678718633 1.29458043851 0.14977911199 0.14978161599 0.25678718633 0.25678969033 0.14978161599 0.25678730191 0.25678980591 0.08808313956 0.14978161599 0.14977911199 0.25678980591 12.15818739518 0.25678718633 0.14978161599 0.25678969033 0.08808564356 0.25678730191 0.25678969033 0.50357389307 0.25678730191 18.9133855836 0.25678969033 0.25678730191 10.77389591369 22.2056992908 0.14977908589 0.25678969033 0.08808313956 0.25678969033 0.08808313956 1.05271847802 19.45253208616 0.25678730191 0.25678969033 0.08808313956 12.00874892775 0.08808564356 0.25678718633 10.44568007867 0.08808313956 1.50137621615 23.75561161262 0.14978161599 0.25678718633 0.14977911199 0.14978158989 0.25678969033 0.14977911199 0.08808564356 0.08808313956 9.24107770879 4.42558971754 0.08808564356 0.25678969033 0.14977911199 0.14978161599 0.25678718633 0.14978158989 0.25678718633 0.14978158989 14.78704288871 0.14978161599 0.50357138907 0.14978161599 14.47313856362 0.25678730191 2.46700939133 0.14978161599 0.14977908589 0.14977911199 0.25678980591 0.25678969033 10.60237716478 0.14977908589 12.1527787579 0.14978161599 0.14978161599 0.25678730191 0.14978161599 0.14977908589 0.25678980591 0.14977908589 0.25678980591 14.60066832629 0.25678730191 0.14977908589 0.08808564356 0.08808313956 0.14978158989 0.25678969033 1.71964968558 0.14977908589 0.25678980591 0.50357138907 0.08808564356 0.14977911199 0.08808313956 0.25678980591 0.25678718633 0.25678730191 18.72081077294 10.55582545633 0.25678718633 0.14977911199 0.25678969033 0.14977911199 0.25678969033 0.14978161599 2.27962358804 0.14978161599 18.03394307764 0.50357138907 0.08808313956 0.14978158989 0.25678718633 19.13554061351 0.25678969033 0.08808313956 0.14977911199 0.14978161599 0.14977908589 15.10039371788 0.14978158989 4.68413080044 8.75334145603 0.25678980591 0.08808313956 0.14978161599 0.14977911199 0.14978158989 0.14977908589 0.14977911199 13.27439889754 19.70315752707 46.09395807573 0.14977908589 0.25678718633 0.25678969033 0.25678730191 0.25678980591 0.25678980591 0.25678969033 0.14978161599 0.25678730191 0.25678980591 15.72978462026 0.14978158989 0.14977908589 1.28783968587 0.25678969033 0.14978161599 13.96200232906 0.08808564356 0.14977908589 0.14978161599 8.26544716796 0.25678969033 0.14978161599 0.25678718633 0.25678718633 0.08808564356 0.14977911199 0.08808564356 0.25678718633 0.25678969033 15.47651610748 26.22032702615 0.14977908589 0.14978161599 0.14978161599 0.14977911199 0.25678980591 13.50442933788 0.08808313956 8.31955897558 37.1779322428 0.14978161599 0.25678718633 0.25678980591 0.25678730191 0.14977908589 0.14977911199 15.93646095628 0.14978161599 0.14977911199 0.14978158989 0.14977908589 0.14978158989 0.14978158989 0.25678969033 0.14977908589 0.25678969033 0.25678730191 0.14977911199 0.14978161599 0.25678718633 18.66494436752 0.25678969033 0.14977911199 16.99636230652 23.95314395036 0.25678969033 0.25678718633 0.14977911199 18.00909620901 15.12720528666 0.14977911199 0.08808564356 7.29714020913 0.14977908589 0.14977908589 0.25678980591 0.25678969033 0.50357389307 4.24692466787 12.32678217998 0.14977911199 0.25678969033 0.14977908589 9.67323835039 0.25678969033 5.2802612691 0.14977911199 16.1339471636 15.62321702799 9.89502312142 0.14978161599 0.08808313956 0.25678980591 0.25678718633 0.08808564356 2.63740174373 0.25678980591 0.14977908589 19.68762956521 0.25678969033 0.08808313956 0.25678969033 0.14977911199 0.25678718633 0.25678980591 13.83603693232 0.14978158989 0.08808313956 0.08808313956 0.25678969033 0.25678730191 0.14977908589 4.5926445694 0.14977911199 0.50357138907 0.25678969033 0.25678980591 5.85250135744 0.14978158989 0.25678718633 0.08808564356 0.25678730191 14.95585223115 1.36703147577 1.08733387906 0.25678980591 0.08808313956 0.25678980591 0.14977908589 0.25678969033 0.14977908589 0.08808313956 0.25678969033 11.3915205518 0.25678718633 0.25678969033 0.25678730191 0.25678980591 0.25678980591 0.25678969033 0.25678718633 0.25678718633 1.33383143472 35.95951805341 18.27775461501 0.14978161599 8.9449502745 0.47381586211 0.14977911199 16.54651500712 0.14978161599 6.1281834961 0.25678718633 0.25678969033 0.14978161599 0.25678718633 0.14978158989 0.25678969033 0.50357138907 13.6660942206 0.25678730191 0.08808564356 0.25678730191 16.82127515786 13.04001441287 0.14977908589 0.14978161599 0.25678980591 0.50357138907 4.1615153951 0.14977911199 0.25678969033 0.14978158989 0.14977911199 0.14978161599 0.14977911199 0.14977908589 0.14978158989 3.81607456959 3.46220267439 0.25678969033 0.14977911199 10.29138437298 0.25678980591 0.14977908589 0.14978161599 13.01740415701 25.45656558085 0.14978161599 0.14977911199 0.14978161599 13.05995177285 0.25678730191 3.51968836349 10.54663466474 0.08808564356 0.25678730191 0.25678718633 0.25678980591 0.25678969033 0.25678730191 0.14977908589 0.25678980591 18.51755482994 11.51399954576 0.50357389307 0.08808564356 0.25678969033 0.50357138907 0.14977911199 1.68356149309 0.08808564356 0.14977908589 0.25678969033 0.25678730191 0.14977911199 0.25678969033 0.14977911199 0.08808564356 0.08808313956 0.25678718633 0.14978161599 0.14977911199 0.14978158989 14.16497813123 1.60773131549 0.14978161599 0.14977908589 4.29787307064 10.64410807824 0.14978161599 0.50357138907 0.14978161599 0.81440939325 0.25678730191 0.50357389307 0.25678718633 3.65052983963 2.80433224236 0.25678969033 0.14977911199 0.14977911199 0.14977908589 0.08808564356 0.08808564356 0.57218794144 0.25678730191 0.25678969033 0.14977911199 0.14978158989 5.85004507976 0.25678980591 0.25678980591 6.64814748191 0.78716416793 0.14977911199 0.25678969033 0.50357138907 1.61686437787 16.28456388687 5.46666828907 0.14978161599 0.25678980591 0.08808313956 0.14977911199 0.14978158989 5.88845444425 0.08808313956 0.08808313956 0.08808564356 2.02527406811 0.14977908589 0.25678980591 0.25678980591 0.14977911199 0.25678969033 0.08808313956 0.25678969033 0.14977911199 8.26816454802 0.25678969033 0.81968930567 0.25678730191 0.14977911199 0.25678969033 0.14977911199 0.14978158989 0.14977911199 0.08808564356 0.50357138907 18.01530725895 30.75721558538 0.25678980591 0.08808313956 0.25678730191 0.14978161599 0.25678718633 0.25678980591 0.25678969033 0.50357138907 14.46917535514 0.14978158989 0.14977911199 0.14978161599 0.14978161599 5.60774294713 0.08808313956 0.14978161599 0.14977908589 0.25678730191 0.14978158989 0.25678980591 0.14977911199 0.25678969033 0.25678730191 0.08808313956 0.14978161599 14.31351551175 0.08808313956 0.08808313956 18.14650252901 5.28357776563 0.14977911199 0.08808564356 0.14977911199 0.08808564356 0.14978161599 0.08808564356 0.08808564356 0.14977911199 0.14977908589 0.37504451773 4.69840901434 0.25678730191 0.25678730191 15.66614293669 0.14978161599 0.25678718633 0.50357138907 12.48798866133 0.25678980591 0.14977911199 0.14978161599 2.09991707782 0.14978158989 0.14977908589 0.14978161599 0.25678718633 0.25678969033 0.14977908589 0.14978161599 0.08808313956 0.25678980591 2.7214746375 0.14977908589 0.25678969033 19.73983474473 0.25678969033 0.25678718633 0.14977911199 7.03736694776 2.17447192269 38.49600870904 18.66848601678 0.25678718633 0.25678969033 13.68126403381 0.25678730191 0.14978158989 0.25678730191 0.14977908589 0.14978158989 0.25678730191 16.46942128622 8.09463548707 0.08808564356 0.25678718633 0.14978161599 0.25678718633 15.29018789743 28.0542589998 0.14978158989 0.14977908589 0.25678969033 0.14978161599 0.14977911199 0.25678730191 0.08808564356 0.14977911199 0.08808564356 0.08808313956 5.81195158805 0.25678980591 0.08808564356 10.01958004309 40.07088769519 0.14977911199 0.25678969033 0.25678718633 0.08808564356 1.29626986991 11.12812148722 0.25678980591 3.52374922501 0.25678718633 0.14977908589 0.25678980591 0.25678718633 0.14978161599 0.25678969033 0.14977908589 13.33528805639 0.25678718633 7.06410671258 8.20333910008 27.16228629783 4.67148073436 0.25678969033 0.25678980591 0.14977911199 0.25678969033 0.14977908589 0.25678730191 0.08808564356 0.25678969033 0.14978161599 0.08808313956 0.25678980591 2.13593675879 0.14978158989 0.08808313956 0.14978158989 0.14977908589 0.25678730191 0.14978161599 0.14977911199 0.25678969033 8.37292116149 7.22113624724 0.25678730191 0.14978161599 14.49854786319 0.25678969033 9.40429159843 25.28290057855 0.14977908589 0.14978161599 0.25678718633 0.25678969033 0.14977911199 0.25678730191 0.14978158989 0.25678969033 0.25678718633 13.04595861101 0.25678730191 0.25678980591 0.08808313956 9.83237824579 23.59457705583 34.81825593576 0.14978161599 0.14978161599 0.14978161599 0.50357138907 0.25678980591 5.5098719204 0.25678718633 0.14978161599 0.14977911199 15.73572349374 0.25678980591 0.14978161599 0.14977908589 19.73312436023 0.50357389307 0.14977908589 0.14978161599 0.14977911199 0.08808564356 0.25678718633 0.25678969033 18.38896083422 0.14978158989 0.08808313956 0.25678980591 0.14977911199 0.50357389307 0.14978161599 0.14977908589 0.25678718633 0.14978158989 0.25678730191 0.25678980591 17.48533251279 0.25678718633 0.25678980591 0.14977911199 0.25678718633 0.14978161599 17.59979201157 0.08808313956 0.25678969033 0.25678730191 0.25678969033 0.25678730191 0.25678718633 0.25678718633 13.58776890498 13.79415091013 0.25678718633 0.14977911199 0.14978158989 0.25678730191 0.08808564356 0.25678969033 0.25678718633 0.14978161599 0.14977911199 0.14978161599 0.14977911199 0.14978161599 0.25678969033 0.14978158989 9.08526289558 0.25678969033 0.25678718633 0.08808313956 0.25678730191 0.14978158989 0.14977908589 0.25678969033 0.25678718633 0.14977908589 0.14978158989 0.25678730191 0.08808564356 0.25678969033 0.25678980591 0.25678730191 0.08808564356 0.14977908589 0.08808313956 0.14978158989 0.25678718633 0.25678718633 0.14978161599 0.25678718633 0.14978158989 0.25678980591 16.93862317465 0.14977911199 1.29101437801 0.08808564356 0.14977911199 0.14978158989 0.14978161599 0.25678730191 0.57579934024 0.08808564356 0.08808313956 1.2956068908 0.14978161599 0.14978158989 0.25678730191 17.05808084239 0.25678980591 0.25678969033 0.14977911199 0.14978161599 0.25678718633 0.14978161599 0.08808313956 0.08808564356 0.25678718633 0.25678718633 0.25678969033 0.25678969033 0.25678980591 0.25678980591 0.25678730191 4.89801752349 23.47264957537 23.21235995332 0.08808564356 0.25678969033 0.14978161599 0.25678718633 0.14977908589 7.63081254767 0.25678969033 0.25678980591 0.14977911199 0.25678718633 0.25678718633 0.25678969033 0.25678980591 0.14977911199 0.25678969033 0.14977911199 0.08808564356 0.14977911199 0.25678980591 0.08808313956 0.25678969033 0.14977911199 0.25678718633 0.14977911199 0.25678980591 0.08808564356 0.08808564356 8.51999835803 0.08808313956 0.25678980591 0.14977911199 12.1221159379 0.25678980591 0.14978161599 0.50357389307 0.25678718633 0.14977908589 0.08808564356 0.14977911199 0.25678980591 0.25678730191 0.14978161599 0.25678730191 0.14977911199 0.08808564356 11.57396475122 0.75194747237 0.50357389307 8.5089029834 0.14978161599 0.14977911199 5.08260588502 0.25678969033 0.25678730191 0.25678980591 0.14977911199 0.50357138907 0.14977911199 0.08808564356 0.25678718633 0.25678969033 0.25678730191 12.13848768434 0.14978158989 11.54493610306 0.08808564356 8.50583624144 0.25678730191 0.14978161599 5.3458134399 14.80117605618 0.14977911199 0.14978158989 0.14977911199 18.40406590599 0.25678980591 4.34241555017 0.50357389307 0.25678718633 0.25678718633 0.14978158989 0.25678718633 0.14977908589 7.20467266471 3.70791460451 0.08808313956 0.25678980591 0.14978161599 0.25678718633 0.14978161599 0.25678730191 0.14978161599 0.25678969033 0.25678718633 0.08808564356 0.25678718633 4.88984648678 0.14977911199 0.14978161599 3.34280303804 4.5944048274 0.14978158989 0.14978158989 10.70561460458 0.25678969033 0.25678980591 0.14977908589 12.85865608895 0.14978158989 0.14977908589 0.14977911199 0.14978161599 0.25678718633 0.25678980591 0.14978161599 0.25678730191 8.05584517812 0.14978161599 0.25678969033 8.54495257367 0.14977911199 11.43799686345 21.77064678673 0.25678718633 0.25678718633 18.07624597497 0.25678969033 0.14977911199 0.25678980591 15.30929271226 0.14978158989 0.25678718633 0.14977908589 0.25678980591 0.14977911199 0.08808313956 0.14978158989 2.79598460395 0.14977908589 0.14977911199 0.25678969033 10.79439051687 0.14977911199 0.08808564356 0.14977911199 0.14978161599 0.25678969033 0.08808313956 0.14978158989 0.14977911199 0.25678969033 0.14978161599 0.25678730191 0.25678969033 0.25678718633 0.25678730191 9.80456560672 0.50357389307 0.25678969033 0.14977908589 14.96933879814 0.25678730191 7.16465524274 32.86522044744 0.08808313956 0.25678980591 0.08808313956 3.45056093879 0.50357389307 4.68113775057 8.78202713609 0.50357138907 3.7728646481 0.08808313956 0.25678969033 0.25678718633 0.08808564356 3.12694829056 7.62919389095 21.7823403882 0.14978158989 0.14977908589 13.88084523026 0.08808313956 0.08808564356 13.15403798934 3.02744712252 11.45945470729 10.39627939057 0.08808564356 18.69892084292 0.14977911199 0.14977911199 0.25678980591 0.25678730191 12.12813095225 0.25678969033 0.25678718633 0.25678969033 0.08808564356 0.25678718633 0.14978158989 0.14977911199 0.14978161599 0.08808313956 0.25678980591 0.08808313956 0.14978161599 0.25678718633 0.08808564356 5.4088434491 7.35778650896 0.08808313956 0.25678730191 0.14978158989 0.08808313956 0.14977911199 0.08808313956 0.50357389307 0.14977908589 0.08808564356 0.14977911199 6.83001230185 8.93696651952 0.14978161599 0.25678730191 0.08808313956 0.25678980591 0.25678718633 0.14978158989 11.68336210646 0.14978158989 0.14977911199 0.08808564356 0.14977911199 0.14977908589 14.6043146598 20.6269536802 29.98385173436 15.62018770009 14.71499797326 0.25678980591 5.47983720077 5.87062947097 0.25678969033 0.14977908589 0.25678718633 0.50357389307 0.14977911199 0.14978158989 0.25678969033 0.25678718633 10.45327341711 0.14978161599 0.14977908589 0.25678980591 0.25678718633 0.14978161599 0.14977911199 0.14978158989 0.08808564356 0.25678969033 0.25678718633 0.25678730191 0.25678969033 0.14977911199 0.08808313956 0.08808564356 0.14977911199 0.14978161599 0.50357389307 0.14977911199 0.14978161599 0.14977908589 0.25678980591 0.25678718633 0.14978161599 0.50357138907 0.14978158989 6.37188484013 0.14977908589 0.14978161599 0.25678718633 0.25678969033 0.25678718633 0.14978158989 0.25678718633 0.25678730191 0.14978158989 19.46230363123 0.25678969033 0.25678969033 0.25678969033 15.31059165851 0.14977911199 0.25678969033 4.7939698956 0.25678730191 0.14977911199 0.14978161599 0.25678718633 0.50357389307 0.14977908589 16.52111962229 0.14977908589 0.14977911199 0.14978161599 1.34405334538 0.25678730191 0.50357389307 7.53102025836 0.08808564356 0.25678980591 0.25678980591 16.79879865356 0.25678730191 0.14978161599 0.14978161599 0.14977911199 0.25678969033 0.14978158989 0.25678718633 19.13606316471 4.63883378117 0.14978158989 0.14977908589 0.14977908589 8.71899415798 13.33871326238 0.14977908589 0.25678969033 0.14977911199 0.25678718633 0.08808564356 0.08808313956 0.08808313956 0.25678730191 0.25678980591 0.14977911199 0.25678980591 16.30108485273 35.94445516629 0.25678718633 2.15068979843 0.25678980591 0.25678730191 0.14977911199 0.14978158989 0.25678980591 14.12221716619 3.40961865098 17.56346817463 0.08808564356 16.64134814841 0.25678718633 0.14978161599 0.08808564356 0.14978161599 0.14977908589 0.25678980591 0.25678980591 0.08808313956 13.85641455048 0.50357389307 0.25678969033 0.25678980591 0.14977911199 0.14977911199 0.08808313956 0.25678969033 4.40693864997 0.25678969033 0.14978161599 0.14977908589 0.14978161599 16.03229449243 0.14978158989 17.56398810561 35.36430441097 0.14977911199 0.25678969033 10.44174256881 0.25678969033 0.14978161599 0.25678969033 0.25678718633 0.14978158989 0.25678730191 0.08808564356 11.28364681828 0.14977911199 0.25678969033 0.25678718633 0.14977911199 0.25678980591 0.25678969033 0.14978161599 0.14977911199 19.28171385622 10.03463028858 21.24610043497 10.10595191651 10.84833423056 8.75663885588 0.14978161599 0.14977908589 0.25678730191 0.40886841742 0.14978161599 0.25678980591 0.14977911199 0.25678969033 0.08808313956 0.25678969033 0.08808313956 0.08808564356 0.25678718633 0.14978161599 0.14977911199 4.82083728435 0.14977908589 18.83333877175 35.02017047382 0.14977908589 0.14978161599 16.93224786588 0.14977911199 0.25678718633 0.25678969033 0.08808313956 14.32583983117 16.09842515521 0.14978158989 0.14978158989 0.14978161599 0.14977908589 18.86941096082 19.19319088574 0.14977911199 0.25678969033 6.45065663097 14.58730299744 31.82428422756 27.81802646789 24.17510128767 0.25678980591 0.14977911199 0.14978161599 0.25678730191 0.25678980591 9.51800994498 0.08808313956 0.25678980591 0.08808564356 5.39309360405 0.14978158989 0.08808313956 13.40438216364 0.14978158989 0.25678969033 0.25678718633 0.25678980591 0.50357389307 0.25678730191 0.14977911199 0.14977911199 0.25678980591 0.08808313956 0.08808313956 0.50357138907 0.25678980591 0.25678718633 0.08808564356 0.25678730191 7.79445005304 0.25678730191 8.9834996913 0.25678969033 0.25678969033 0.25678730191 0.14978158989 0.14978161599 0.25678718633 0.14978161599 0.08808313956 0.14978161599 0.25678969033 0.50357138907 17.42752968599 1.50274459785 0.08808564356 18.09259898267 0.50357138907 0.80614324476 5.00094725724 13.80079769672 0.25678969033 0.14977908589 0.14978158989 0.14977911199 0.25678718633 0.25678980591 0.14977911199 0.25678969033 0.25678969033 0.08808313956 0.25678969033 0.25678718633 0.14978158989 13.3195497684 6.2808096398 12.81756707101 15.07874473852 19.47996770055 0.71380249947 40.972840897 0.08808313956 3.48042703049 0.08808564356 0.25678730191 0.14978161599 13.50764753335 11.37091882191 0.08808564356 0.50357138907 0.25678730191 0.08808564356 0.25678980591 0.14978158989 1.63473698692 0.14978161599 0.08808313956 0.14978161599 0.08808564356 0.14977908589 17.17441317352 0.25678718633 0.25678969033 0.25678718633 0.25678969033 0.25678980591 0.25678718633 0.08808564356 0.14977911199 0.14978158989 0.25678969033 15.29779284008 0.08808313956 14.36606741729 0.14978161599 2.04047371312 0.14977911199 0.14978161599 0.14977911199 0.25678969033 0.50357389307 0.25678980591 0.08808564356 6.94536074053 0.25678718633 12.38663514174 0.14977908589 0.25678969033 0.14977911199 0.25678718633 12.83059535875 4.45065516228 0.14977911199 0.14978161599 0.25678718633 0.08808313956 0.14978158989 0.08808313956 0.14978161599 15.07457345746 0.25678969033 13.40857444379 0.08808564356 0.25678980591 0.25678730191 0.25678980591 0.14978161599 0.08808313956 13.41929255011 13.58074014473 57.85001157646 0.25678718633 0.14978161599 0.25678718633 0.14978161599 0.50357138907 0.08808564356 0.25678969033 0.25678718633 0.25678980591 0.14978158989 0.14978158989 0.25678980591 0.25678969033 0.25678730191 0.14978161599 8.51986969562 0.14977908589 5.63594906815 0.68580186964 0.08808564356 0.25678730191 0.50357389307 19.13508439869 13.59709822807 0.25678980591 0.14978161599 0.25678730191 0.25678969033 0.14977908589 9.82242114346 0.08808564356 0.08808564356 19.5325084976 0.25678969033 0.14977908589 0.14978161599 0.25678969033 0.14977911199 0.08808313956 0.08808564356 0.25678730191 0.25678969033 0.25678980591 0.14977911199 0.14978158989 0.25678718633 14.21019050693 0.08808564356 0.08808313956 2.17893599262 0.14978158989 0.25678718633 0.25678969033 0.14977911199 0.08808564356 0.25678969033 0.25678980591 0.25678718633 0.50357389307 0.14977911199 8.68122862708 0.14978161599 0.83237131146 14.12634060563 0.25678718633 0.08808564356 0.08808313956 0.14977908589 0.25678980591 0.25678718633 11.3635913714 0.25678969033 0.25678718633 9.83200487716 0.25678980591 0.14977911199 0.25678969033 0.14977911199 1.49505572109 0.14978158989 7.96653556113 0.14978158989 0.14977908589 0.25678969033 10.89500719836 0.14977911199 0.08808564356 0.14978161599 3.32748096966 0.46702811058 0.14978161599 0.14978161599 0.25678718633 0.25678969033 0.25678718633 0.08808564356 0.25678969033 0.14977908589 15.2021025756 0.25678980591 0.25678718633 0.08808313956 0.25678969033 0.25678730191 0.14978161599 0.14977908589 0.14978161599 0.14977911199 12.77078379285 0.08808564356 0.14977908589 0.25678969033 0.25678718633 12.16561547253 19.36709382 1.35596792203 0.25678969033 0.50357138907 0.14977911199 0.14978161599 0.25678980591 0.25678980591 0.08808313956 0.08808564356 11.00139277269 0.08808313956 0.14978161599 0.14977908589 0.25678718633 17.35086088332 0.08808313956 0.14977908589 15.5276909989 0.25678980591 0.25678730191 17.7956471419 0.25678718633 0.08808564356 0.14978161599 0.25678718633 16.11553172004 3.6262791407 0.14978161599 9.63299539298 22.36341040277 0.25678980591 0.14977911199 0.25678969033 0.25678718633 0.14978158989 0.08808313956 0.25678980591 0.25678718633 0.25678969033 0.14977908589 0.14978161599 0.25678980591 0.14977911199 11.25534389884 3.53610936943 7.63176171701 0.25678980591 0.14978161599 0.14978161599 9.52959414066 0.14977911199 0.08808564356 0.08808564356 0.08808564356 0.25678718633 0.14978161599 0.50357138907 0.14977911199 0.08808564356 0.14977908589 9.58297165196 0.25678718633 18.27020377615 0.25678718633 0.25678969033 0.25678718633 0.14978161599 0.14977911199 0.25678969033 0.08808313956 0.50357389307 0.25678980591 0.14977911199 0.08808564356 8.40606991236 0.25678730191 13.05109280809 0.14978158989 0.14978158989 0.25678969033 0.14977908589 0.08808564356 0.14977908589 12.30652288193 0.14977908589 0.25678980591 0.25678969033 0.14978161599 0.25678969033 0.79132032254 0.14978161599 0.14978161599 0.25678969033 0.50357138907 0.08808564356 0.25678718633 0.25678969033 2.05910482861 0.14977908589 0.25678718633 0.25678969033 0.14978161599 0.14977911199 0.25678969033 0.50357138907 0.08808313956 19.5489182797 31.27553673746 38.05902660882 0.25678730191 16.52833770703 0.25678980591 0.14977908589 0.14978161599 0.25678969033 0.25678718633 0.08808313956 0.14978158989 0.25678730191 0.08808564356 0.14977908589 0.14978161599 0.25678730191 0.25678980591 5.3198967431 0.25678969033 0.25678730191 3.31442410427 0.25678730191 0.25678969033 17.84780391881 0.25678718633 0.25678730191 0.50357389307 0.08808313956 11.04411477948 0.14978158989 0.25678718633 0.25678969033 0.25678718633 6.54981375823 10.38893925764 21.56977854462 0.25678980591 7.62267295702 0.25678730191 0.25678969033 0.14977908589 7.40881451321 0.08808313956 1.28251000849 13.73402604349 0.08808313956 0.25678969033 0.08808313956 0.14978161599 2.24866969073 0.25678718633 19.13147966217 13.14719966326 12.16888413248 5.71803645578 0.25678969033 0.50357138907 0.14977908589 0.08808564356 11.68987696118 0.14977911199 16.53651067017 21.43801692808 0.50357389307 0.25678718633 0.08808564356 0.14977908589 0.14978161599 0.08808564356 4.81184792955 0.14977911199 0.50357389307 0.14977911199 0.25678969033 0.94440807453 0.08808564356 0.14977911199 0.25678718633 0.14977908589 0.08808564356 0.25678718633 0.08808313956 0.25678969033 0.14978161599 0.25678969033 0.14978161599 0.25678718633 0.08808313956 13.50856204981 0.25678980591 0.25678730191 0.25678969033 0.14977911199 0.25678969033 0.14977908589 0.25678969033 0.14978161599 0.14977911199 0.14977908589 0.14978161599 0.25678718633 0.14977911199 0.25678969033 0.08808313956 0.14978161599 0.14977911199 0.25678718633 14.75725368888 6.82391029551 0.14978158989 0.25678718633 0.14978161599 1.8308994632 19.31971328722 0.25678969033 0.50357138907 0.14977911199 0.14978161599 0.14977908589 0.08808313956 2.11158578306 20.90906646518 8.88245776111 0.14977908589 0.14978158989 0.14978161599 0.08808313956 0.25678980591 7.08702749212 10.90099722467 0.25678969033 0.14978161599 5.30107733326 0.08808313956 0.25678718633 0.25678980591 0.25678718633 0.08808564356 0.08808313956 0.14977911199 0.25678730191 0.25678969033 0.08808313956 0.25678980591 0.25678980591 0.25678718633 0.14978158989 0.25678969033 0.08808313956 0.14978161599 0.08808564356 0.80282453628 0.14978161599 0.25678969033 0.25678718633 0.14977911199 0.14978161599 1.05099686463 0.14977911199 0.25678969033 0.25678980591 0.25678969033 0.25678718633 8.12067465419 11.39081026426 0.25678969033 0.25678718633 0.25678969033 0.14977908589 0.25678730191 0.14978158989 0.25678969033 17.08949336562 0.08808564356 0.25678718633 0.08808564356 0.14977911199 0.14978161599 0.50357389307 0.08808564356 11.56311648483 4.56157605189 53.70876949674 0.25678980591 9.26827616392 0.25678980591 0.14977911199 0.25678980591 0.25678718633 0.25678718633 0.08808564356 0.25678718633 0.25678730191 0.25678969033 0.25678718633 9.70538950821 0.14978158989 0.25678730191 0.25678730191 0.25678969033 0.25678718633 0.25678980591 0.25678730191 0.14978161599 0.08808313956 0.14977911199 0.14978158989 10.11685280607 0.25678969033 0.25678730191 7.92080497487 0.14977911199 19.73335694681 34.63630987066 36.34522538334 1.49017189105 9.41020565258 14.14089306667 0.25678980591 0.14977911199 0.25678730191 0.14977911199 0.50357389307 0.08808564356 0.25678718633 0.25678969033 19.21683681535 0.50357389307 0.25678718633 7.35008035904 0.25678980591 0.14977911199 0.25678969033 0.50357389307 0.25678718633 0.25678969033 10.33054968492 5.78994734939 0.14977911199 0.25678980591 0.25678730191 0.14978158989 0.25678718633 0.14978161599 0.08808564356 14.01464855042 1.48028494393 16.64176454651 0.08808313956 0.25678980591 5.89701963235 1.48923550915 0.14978161599 0.14977911199 0.08808313956 18.32313918759 5.64105454204 0.14978158989 20.09558072378 0.08808313956 19.97392210398 0.14978161599 13.50450310757 32.90101264887 16.82338610518 11.10469865292 0.25678980591 0.14978161599 0.14977911199 0.08808564356 15.18253926204 0.14977911199 0.25678718633 0.14978161599 0.08808564356 0.14978158989 0.25678730191 0.14977908589 0.25678980591 0.25678730191 0.25678969033 0.14977911199 0.25678980591 0.25678718633 0.08808313956 1.82940475339 0.25678969033 0.08808313956 0.14978158989 0.14977908589 2.33771529344 0.14978161599 0.25678730191 0.25678730191 0.14978158989 0.08808313956 7.40602757526 0.08808313956 1.83127289843 0.08808564356 0.25678730191 8.30416294212 0.14978158989 0.50357138907 0.14978161599 0.14978158989 0.25678718633 0.14977908589 0.14978158989 0.08808313956 1.48560721125 0.25678969033 0.25678969033 0.14978158989 0.08808564356 0.25678730191 0.25678980591 0.25678718633 0.25678969033 3.3671819439 0.25678718633 10.11481121835 3.7852569521 0.25678969033 0.08808313956 0.25678969033 16.0093584933 0.25678718633 5.76885678311 5.27408045146 0.25678718633 0.14978161599 0.50357138907 0.14977911199 0.08808564356 0.25678718633 0.14977911199 0.25678969033 0.08808313956 0.14977911199 0.14978161599 0.08808313956 11.39430894713 16.70421613684 0.14978158989 0.14977908589 0.14977911199 0.14978161599 0.14978161599 0.14978161599 0.25678718633 0.14978161599 0.50357138907 0.08808313956 9.77752972331 0.25678980591 0.14978158989 0.25678730191 0.14978158989 0.25678980591 0.14977911199 0.25678969033 0.14977911199 16.00984215811 20.84063669886 7.09014493674 0.14978161599 0.14977908589 0.14978161599 0.14977908589 5.77000510634 17.36709438825 31.00897322488 0.14978158989 1.95000097184 0.25678718633 0.25678730191 0.14978161599 11.46892890661 0.25678730191 0.08808564356 0.25678730191 0.14978161599 0.14977911199 0.14978161599 18.04586977552 0.50357138907 0.25678718633 5.13372636783 0.25678980591 0.14978161599 0.50357138907 0.14977908589 0.25678980591 16.89395234032 0.25678980591 0.14977911199 0.25678969033 0.25678730191 0.14978161599 11.57244197467 16.84134211665 0.14977908589 0.25678730191 18.91455810737 0.25678980591 0.25678980591 0.25678730191 0.14977908589 0.25678969033 19.63204785173 36.13122984009 7.42691832414 9.06347431773 0.25678969033 0.14978161599 0.08808313956 10.88947597027 0.25678718633 18.68556656852 0.25678718633 0.25678969033 0.25678730191 7.40187524183 0.14978158989 0.14977911199 0.08808564356 10.76940855127 0.25678718633 0.50357389307 0.14977908589 0.08808564356 0.08808564356 0.14977908589 0.25678718633 0.14977908589 0.25678980591 0.08808313956 0.25678969033 0.25678730191 0.08808313956 0.25678718633 0.25678980591 15.18800524692 14.2213269795 0.25678718633 15.86053342672 0.14977911199 0.08808564356 3.91197065782 0.14977911199 0.25678969033 0.14977911199 3.66976820431 0.14977908589 0.25678980591 0.14977908589 0.14978158989 18.08574954291 0.08808564356 19.1627496639 20.32690264535 4.71660113795 31.64984760682 0.25678730191 9.77108519532 0.25678718633 0.25678969033 0.08808564356 7.30211549115 0.14977911199 0.25678718633 0.25678980591 0.50357138907 0.14978158989 0.25678969033 0.14978161599 0.25678718633 0.14978161599 0.14978161599 0.14978158989 3.85453387012 0.14978161599 0.25678980591 0.25678969033 0.14977908589 0.08808313956 0.14978161599 0.14978161599 0.08808313956 3.25674775485 0.08808313956 0.25678980591 0.25678718633 0.25678969033 0.08808564356 0.25678730191 0.25678718633 0.50357138907 15.7887986101 0.08808564356 0.08808313956 0.14978158989 0.08808564356 0.14978158989 0.25678980591 0.25678718633 0.25678969033 0.14977911199 0.14977908589 15.22798107332 0.25678980591 0.14977911199 7.65287677502 23.98325752172 0.25678969033 0.25678730191 0.14978158989 0.25678718633 0.08808564356 0.50357138907 5.77662261321 0.25678969033 0.08808564356 0.08808313956 0.14978158989 0.25678718633 0.25678969033 0.14977911199 0.25678730191 9.33016462098 0.14977908589 0.25678718633 0.14978161599 0.25678730191 0.25678980591 0.25678730191 7.3510167155 0.14978161599 0.14978161599 7.19043287025 0.08808564356 0.14977908589 14.51928088386 0.08808564356 0.25678718633 0.08808564356 0.25678718633 0.08808313956 0.25678969033 0.14977908589 0.25678730191 0.08808564356 0.25678718633 0.08808313956 0.25678980591 0.25678980591 0.25678718633 0.14977911199 0.14978161599 0.14977911199 0.14978158989 0.08808313956 0.25678980591 0.50357138907 15.80796922775 0.14978161599 0.25678969033 10.52239169173 0.14977911199 0.25678980591 0.14978158989 0.25678718633 9.07239884293 0.25678730191 13.38407368132 0.14977911199 0.25678730191 0.25678980591 0.14977911199 0.72708557083 0.08808564356 0.08808313956 0.25678718633 0.25678718633 0.25678980591 0.14978161599 0.14978158989 0.25678718633 18.55713099296 0.25678980591 0.14977911199 0.08808313956 0.14978161599 0.14977908589 0.25678718633 19.34199780174 0.14977911199 0.25678980591 0.08808313956 0.08808564356 0.25678730191 0.14978161599 0.25678980591 0.50357138907 0.25678980591 0.25678718633 0.08808564356 1.32617515554 0.14977911199 19.56886741946 9.92819460734 19.53545877594 31.49839040312 0.25678718633 0.14978161599 0.08808564356 0.14978161599 0.14977911199 8.37888564265 0.08808564356 14.66102054437 7.78844388049 0.25678969033 14.92951743773 0.25678969033 0.08808313956 0.25678718633 0.14978158989 0.08808313956 4.45373931392 0.25678969033 0.25678980591 0.14977908589 0.25678980591 0.25678969033 0.25678718633 0.14978161599 0.14977911199 0.14977911199 19.61602330086 12.41596435574 0.25678969033 0.08808313956 0.14978161599 0.25678730191 6.60708873158 0.14978161599 0.25678718633 0.14978161599 0.25678730191 9.87228840754 0.14977908589 0.14977911199 0.14978161599 0.25678718633 10.37227864281 0.25678980591 15.9253411301 0.14978158989 0.25678718633 0.08808564356 14.24684219726 0.14977908589 0.25678969033 0.50357389307 0.25678718633 0.25678980591 0.08808564356 0.08808313956 3.69817972413 0.25678969033 0.14978161599 0.14977911199 17.11565397476 0.14978161599 0.25678718633 0.08808564356 0.25678969033 0.25678730191 0.25678969033 14.51000707679 0.25678969033 2.58431258739 0.14978158989 0.08808313956 0.14977911199 0.25678730191 0.14978161599 0.14977911199 0.25678969033 0.14977911199 0.25678718633 0.14978158989 0.25678718633 0.08808564356 0.14977911199 0.48449237414 0.25678718633 0.08808564356 0.14977911199 0.25678969033 0.08808313956 13.4583087715 0.14977908589 0.25678730191 1.45736796007 0.14978161599 0.14977911199 0.25678980591 0.08808564356 13.19397326141 0.14977908589 17.53593805548 0.08808564356 0.14977911199 0.25678718633 0.14978161599 1.70101158541 0.14978161599 0.25678969033 0.08808313956 0.14978161599 0.25678718633 0.25678969033 0.25678980591 0.14977911199 11.34195425412 0.14978161599 0.14977911199 0.14978158989 0.25678718633 1.32180284127 0.25678969033 2.22379813746 0.14977908589 0.14978158989 0.14978158989 0.25678730191 0.08808313956 0.25678718633 0.14977911199 0.14978161599 0.14977911199 15.00290150076 0.14978158989 12.28656580131 2.08043105692 29.59249793681 0.14978158989 0.50357138907 0.25678969033 6.61085273012 19.88987424342 0.14978161599 0.25678730191 8.25884350862 0.25678969033 0.14977908589 0.25678980591 0.25678980591 0.08808564356 0.08808564356 0.25678718633 0.25678730191 0.08808564356 0.25678730191 0.25678718633 0.25678969033 0.25678718633 0.14978158989 0.08808313956 0.25678969033 0.25678969033 0.14978158989 0.25678718633 0.25678969033 0.25678718633 0.14977911199 0.08808564356 13.66727812366 0.08808564356 6.82377003365 0.25678969033 0.25678969033 0.14977911199 0.25678980591 15.58102793513 0.25678730191 11.9337056479 0.14978161599 0.08808313956 0.14978161599 0.14977911199 19.29721201381 0.14977911199 7.89707416857 4.93919254267 0.25678730191 0.14978161599 5.90196691681 0.25678969033 0.14978158989 0.14977908589 0.14978158989 0.25678730191 17.09337481788 0.14978158989 0.25678969033 0.25678980591 0.14978161599 0.08808313956 0.08808564356 0.14978161599 0.25678718633 14.06321942291 0.25678969033 0.25678730191 14.46117982399 0.25678730191 10.98605680112 7.70198996746 9.10319905007 0.25678730191 1.67828460899 0.08808564356 0.14978158989 0.25678730191 0.14978161599 0.25678730191 0.25678969033 9.05892813685 0.25678969033 0.14977911199 12.24430309948 0.25678980591 0.25678969033 0.14978161599 0.08808564356 3.76391137184 0.08808313956 0.18352454947 0.14978158989 0.14978161599 0.08808313956 0.25678718633 16.00945455567 0.25678980591 15.58002670459 2.72917724478 0.14977911199 19.18250106113 5.19516836506 0.08808564356 0.14977911199 0.25678969033 0.25678730191 0.08808313956 0.08808564356 15.91562766766 0.50357138907 0.14978161599 0.08808564356 0.14977911199 0.50357138907 14.68716216511 0.14977911199 0.14977911199 0.25678969033 11.35716576686 0.25678718633 0.25678969033 0.14978161599 0.08808313956 0.25678730191 4.29556154189 0.08808564356 0.25678718633 8.74298622528 16.53803185266 30.08585217004 0.14978161599 0.14978158989 0.25678730191 0.08808564356 2.29540007575 0.14977908589 0.08808564356 0.08808313956 0.14977908589 0.08808564356 0.25678969033 0.14977908589 17.87971877504 29.48949292452 0.50357389307 0.25678969033 0.08808313956 10.42703687853 0.14977908589 0.25678980591 0.25678718633 0.14978161599 0.25678718633 0.25678730191 0.25678969033 0.25678730191 0.14978161599 0.25678969033 19.28939164069 0.14978158989 0.14977911199 0.25678730191 0.25678980591 0.25678969033 0.14977908589 0.25678980591 0.25678980591 14.01696891383 13.76292892216 7.96733962471 0.14977911199 0.14978158989 0.25678718633 1.37666986865 36.66819171229 0.14978161599 0.25678969033 0.14977908589 0.08808564356 0.14977911199 0.25678980591 12.11374552788 1.11103071733 18.62801545734 7.2842501331 16.96067388477 0.25678969033 0.25678718633 0.50357389307 0.14978161599 0.08808313956 0.14978158989 5.93537190553 0.14978158989 0.14977911199 0.25678980591 0.25678969033 0.25678718633 14.56076823943 0.14977911199 4.84195215596 0.25678980591 1.04849839526 0.14978161599 10.9388904074 0.08808313956 0.14978158989 0.14978158989 12.89656274186 0.25678730191 0.14978158989 0.25678969033 0.08808313956 0.25678718633 0.14978161599 0.25678730191 18.6030195729 0.25678718633 0.25678980591 0.25678969033 0.14977911199 19.45001676467 0.14977911199 0.14978161599 0.08808313956 0.14978158989 0.25678980591 3.92674458481 0.25678969033 0.08808313956 18.40322528463 0.25678730191 0.14978158989 0.25678730191 10.66163270706 0.14978161599 0.25678718633 0.14978158989 12.92710243612 0.14977911199 0.14977911199 0.25678969033 0.25678969033 0.14978161599 0.14977908589 0.14978161599 0.14977911199 0.14978158989 0.14977908589 3.49382714798 0.25678969033 2.67545561305 10.74620210792 0.14977911199 0.14978161599 0.25678730191 0.50357138907 0.25678969033 0.25678969033 0.14977908589 0.14978161599 0.14977911199 0.14978158989 10.98814949801 0.08808313956 1.65456249148 0.14977911199 0.50357389307 0.25678730191 0.25678718633 0.25678969033 0.39710634692 29.35496903398 0.25678969033 0.25678718633 0.14977908589 0.50357389307 0.25678718633 0.25678969033 0.14977908589 0.25678718633 8.1227210893 0.25678718633 0.08808313956 0.14978161599 0.08808313956 0.25678969033 9.06286242858 0.14978158989 0.25678969033 0.08808313956 0.50357138907 0.25678969033 12.88735911015 8.97638414204 0.14977911199 0.14978161599 5.46615335676 0.14977911199 2.21013886392 0.08808564356 0.14977908589 0.08808564356 0.14977908589 6.45042034283 0.25678969033 0.08808564356 0.14977911199 0.25678969033 11.77791700811 0.08808313956 5.46143267094 0.14978161599 9.88855808627 0.08808564356 0.14978161599 14.44187856278 0.08808564356 0.14977911199 0.14977911199 0.08808564356 0.50357138907 0.14978158989 14.52396459026 3.52104145258 0.08808564356 0.08808313956 6.31555381692 0.08808313956 0.08808564356 0.63383590724 0.25678980591 0.25678718633 0.25678718633 0.25678969033 0.08808313956 0.08808564356 0.08808313956 0.25678969033 0.25678730191 0.08808313956 0.14978158989 0.25678969033 0.25678969033 0.25678730191 0.14977911199 0.14978161599 0.14977911199 0.14978158989 4.19588411806 0.14978161599 0.14977911199 0.08808313956 10.65304147791 0.08808564356 0.25678730191 0.25678730191 0.14978161599 11.85214509545 0.25678718633 0.08808564356"
General-0-20260518-19:23:44-10624,attr,LoRaNetworkTest.networkServer.app[0],delaySignal:vector,recordingmode,vector,,
General-0-20260518-19:23:44-10624,attr,LoRaNetworkTest.networkServer.app[0],delaySignal:vector,source,delaySignal,,
General-1-20260518-19:31:59-10638,vector,LoRaNetworkTest.networkServer.app[0],delaySignal:vector,,,"7537.04217405866 7604.7970174094 7624.7970174094 7657.30031140448 7734.54628362104 7797.02717478684 8016.19103639753 8036.19103389353 8100.72500238545 8329.82401310279 8445.31715836926 8465.31716087326 8529.40916000039 8549.40916000039 8618.40187752431 8864.47309594615 8928.00043869859 8958.00928999965 9123.13316494301 9390.32368851068 9426.87184129081 9515.19233265049 9595.77407089959 9615.77407089959 9865.64510341472 9930.572811243 9958.7442903639 10075.63146471371 10161.59918482232 10181.59918482232 10202.25609165359 10222.25608914959 10328.6435755329 10361.82189187159 10590.25311897348 11013.31804093253 11043.39431975478 11182.98050235677 11239.20492471055 11277.25185219945 11340.70557599853 11371.27239996041 11760.42406841592 11803.2236706456 11928.70623737205 12100.75890770863 12120.75890520463 12312.19089006028 12377.5496037163 12427.12754158014 12475.98486051055 12530.11718245932 12550.11718245932 12646.01943633278 12726.96015700907 12786.89478644414 12967.8996465448 13123.6876407935 13197.75744782295 13251.94605933835 13271.94605683435 13422.5362346075 13485.0512903066 13505.0512903066 13747.01516633442 14052.49851742418 14278.95247265022 14457.26789138743 14545.09156265621 14565.09156265621 14704.45536382148 14783.25073378645 14803.25073378645 14895.65271698214 14915.65271447814 15007.73272023872 15087.48429420188 15107.48429169788 15142.65473350075 15162.65473350075 15182.65473350075 15228.13177016396 15248.13176765996 15283.86934106839 15327.21980085726 15462.26601735559 15494.41610807557 15597.23534591694 15867.29383873986 16001.44954439757 16082.57630502361 16256.5518921748 16311.2155949218 16389.43120634036 16475.36252528748 16495.36252528748 16585.22313488128 16707.29083388301 16727.29083137901 16747.29083137901 16853.36227054175 16873.36226803775 16893.36226803775 17001.87254027241 17021.87253776841 17205.23267626133 17251.70426590761 17275.36919976076 17295.36919976076 17315.36919976076 17335.36920226476 17423.57606133015 17443.57606133015 17607.5171299268 17627.5171274228 17650.26541002336 17676.5940547618 17747.85528581397 17808.93781446458 17828.93781446458 17907.16693800633 17953.1286768474 18193.15355508117 18371.18708445559 18391.18708195159 18462.53334949432 18610.74295792313 18630.74295541913 18739.74516589312 18822.16520481708 18842.16520481708 18955.30005132909 19130.21824507005 19180.76394299137 19207.44311183005 19274.99871331921 19326.64199379217 19471.86850847074 19592.29556084552 19684.94797771639 19729.0587231297 19807.94153302678 19903.11852310455 19951.57770360779 19991.73380450419 20083.69301150228 20258.15999725809 20376.74103348514 20414.41329747024 20435.19898795506 20505.02610307071 20552.01057510198 20581.20262631093 20601.20262631093 20837.42992068883 20858.70599355488 20878.70599355488 21220.586852807 21336.60792208817 21415.35075003199 21435.35074752799 21546.10393820051 21566.10393569651 21586.10393569651 21717.47865594634 21770.56641309449 21926.88897057731 21953.70593422381 21988.59469032334 22008.59469032334 22197.61665282163 22560.83325128965 22672.99256761633 22900.38638490714 22935.37231603861 23044.74585813664 23362.00963525594 23382.00963275194 23547.27193432802 23567.27193182402 23761.4618200164 23921.63602868032 23941.63602617632 24061.97052285714 24138.38980180195 24196.58832871982 24246.24966408898 24399.54373034847 24663.88815667265 24810.28981096082 25159.23778918625 25204.17947504538 25251.89794613335 25321.76769497578 25346.02534508575 25571.47510480275 25722.19355106586 26048.97372782678 26103.73842145905 26247.79711124233 26505.96757885189 26566.88580184471 26618.12698808419 26688.91678810783 26742.33260505123 26862.34872512929 26882.34872262529 26902.34872262529 26968.11634468202 27026.04522995808 27304.00422587266 27362.31631192264 27455.01047781084 27481.54076833712 27655.80145037148 27724.8015501054 27744.8015501054 27777.31722480177 27918.56236464407 28015.8665767392 28310.51908940088 28371.28569251674 28416.9812855012 28450.02005161297 28720.36882833117 28865.8710876948 28950.28462039211 29076.92888195791 29096.92887945391 29233.71647451542 29339.35400502581 29521.65362218902 29638.98447828062 29775.4687775837 29836.71787981016 29856.71787981016 30053.48768271234 30140.34597653482 30207.24845382912 30416.42965377212 30571.89498947359 30618.21248212402 30835.10211147403 30855.10210897003 30959.20102684708 31004.95930369862 31096.16657058854 31155.50657285337 31247.01870050424 31405.90350902387 31446.20951217049 31474.39253820815 31542.35912826696 31571.49232129761 31594.17282178867 31710.83808829947 31730.83808579547 31849.4442387163 31961.39396741431 31982.60598062979 32055.96624712209 32291.35087019577 32311.35086769177 32331.35086769177 32379.96638355684 32453.05898836204 32509.80019155081 32569.12410896864 32611.2996110061 32688.60234629639 32708.60234629639 32785.9212941324 33169.77019843982 33195.43389273334 33354.32413846545 33374.32413596145 33432.22385101087 33552.00631132972 33572.00630882572 33592.00630882572 33722.50458417579 33786.30342230719 33806.30342230719 33826.30342230719 34007.87024167434 34027.87023917034 34109.7501358003 34129.7501383043 34385.44314257025 34405.44314006625 34503.89190390258 34523.89190640658 34638.02017483876 34658.02017734276 34746.4784852118 34931.18203149439 34951.18202899039 35015.98803817621 35061.01488037826 35149.76241104708 35169.76241104708 35241.7357724385 35329.28434432697 35415.24874103644 35527.79594429219 35547.79594679619 35779.24293234363 35987.5665074387 36084.5934100625 36161.94835255215 36185.47988541867 36256.08220505617 36493.46863992127 36513.46863741727 36544.89792435861 36589.92474540921 37090.69286522988 37110.69286272588 37145.04048080255 37325.89331267296 37391.75539671277 37479.83814864096 37505.88944864077 37596.31858824296 37642.34504552864 37707.41588150199 37819.011541326 38052.30693380317 38072.30693129917 38092.30693129917 38228.15603588737 38383.22061164811 38469.31542913522 38515.06547648548 38600.35957781644 38674.25412477116 38694.25412226716 38786.37095091632 38821.34811854352 38896.16808546826 38916.16808546826 39088.668326913 39108.668324409 39135.50202456854 39155.50202456854 39438.95541336968 39458.95541086568 39503.75209467798 39523.75209467798 39620.90550021727 39961.82443696213 40058.7959415815 40084.87103441699 40217.83408837377 40303.44096756915 40576.63084625674 40605.25816547049 40787.79145965465 40807.79145715065 40884.22600740227 40983.5746107599 41118.62893452664 41138.62893202264 41208.08940273417 41228.8312045228 41419.32311738948 41439.32311488548 41473.72307303632 41516.4722749138 41640.32338362499 41769.0632845298 41789.0632820258 42343.80883538673 42402.78034745299 42486.02088268167 42511.6882947667 42539.62490076446 42640.42295550507 42765.96464479489 42785.96464229089 42807.4070484235 42827.4070484235 42872.29049075895 42900.07676983033 42920.07676732633 42940.07676732633 43169.10038006844 43189.45600496464 43214.96367601814 43302.96739380339 43379.69777182123 43436.37163641389 43517.13921533927 43537.13921533927 43676.25049922805 43769.62308871738 43950.24469325573 43991.76473469449 44011.76473469449 44066.16746396196 44127.28948130128 44222.65117384 44468.86853521038 44511.99703069713 44531.99703069713 44591.45580524954 44720.32699248108 44740.32698997708 44760.32698997708 44814.61499488565 44834.61499488565 44854.61499738965 45012.27125417744 45093.81339289717 45234.89994923033 45359.11394289613 45414.88224844667 45853.59274087535 45959.49285194988 46100.93550692866 46378.78146233138 46398.78145982738 46418.78145982738 46534.54707816278 46558.98832906976 46656.32903703603 46701.91261087064 46721.91261087064 46827.85065184143 46856.60012816425 47178.10306064051 47198.10305813651 47279.32532939153 47301.0658154402 47411.93798199777 47586.92288214083 47663.50079847571 47828.54880205103 47959.16696408354 48124.67923135933 48192.70547132174 48258.6244505383 48356.624143485 48534.01986803081 48786.94870740739 48816.96908795972 48977.46592805899 48997.46592555499 49017.46592555499 49037.46592555499 49136.21851708758 49156.21851458358 49176.21851458358 49205.21139630508 49530.68966701583 49779.26974700622 49799.26974450222 49819.26974450222 50035.09266247121 50158.0313081305 50178.0313056265 50445.90684615668 50579.49624416626 50612.97412621434 50726.26407331957 50764.9070777791 50784.9070777791 50887.27934604565 50918.2005113709 51021.36803981009 51043.60361475858 51439.59531554786 51514.92936111291 51541.69968274682 51563.4767531513 51639.90710142563 51704.45371217853 51724.45370967453 51755.90238104141 51775.90238104141 51798.35773520057 51818.35773520057 51922.44190609275 51942.44190358875 52002.11540840415 52022.11540840415 52042.11540840415 52098.81415728133 52281.91011287165 52365.18372224013 52530.29058281608 52550.29058031208 52570.29058031208 52703.93602275868 52723.93602025468 52864.21492558035 52992.39972177874 53064.27589885704 53372.9292094121 53419.00414751208 53504.26038932759 53551.36161553339 53899.7924598247 53997.68554148752 54063.74409115444 54083.74408865044 54103.74408865044 54123.74408865044 54172.54342957451 54325.7764596799 54349.25611324635 54369.25611324635 54389.25611324635 54409.25611324635 54429.25611324635 54449.25611575035 54629.30592640043 54673.70037909388 54807.54156740142 54880.17149016527 55064.91887003159 55224.0887984033 55256.59083099566 55286.00585704264 55394.74224171683 55445.06542046359 55498.44696391891 55520.13508055478 55554.89117458746 55588.47005332643 55640.67286933085 55848.24329411459 55902.47197831035 55922.47197831035 55973.3170842587 56104.27347637315 56223.81009019839 56296.08279430932 56359.56363523613 56560.0098570382 56636.36394313701 56867.72601793807 56892.28888509604 56923.72512844775 57138.52578395797 57221.79148438002 57241.79148438002 57261.79148688402 57332.23600833444 57399.09583173023 57444.44636319684 57505.47436223185 57969.49166335347 58073.21273273756 58299.17365616694 58356.35735154211 58385.42911146514 58410.42520767046 58479.96432780813 58534.07970090161 58623.77863614527 58643.77863364127 58740.00271653145 58774.63791712327 58854.54424114689 59077.3161461518 59097.3161436478 59117.3161436478 59204.24672985972 59299.16971460768 59329.79421913129 59562.41170094203 59874.29948669391 59991.50386641286 60066.94744240389 60086.94743989989 60208.95261773795 60651.52569484195 60680.23862694568 60706.95548493378 60737.96979377061 60883.30040772852 60928.36199983288 61055.54517898674 61123.17165459974 61204.02527500711 61224.02527250311 61338.81185552883 61389.04981897951 61409.04981897951 61429.04981897951 61533.59071169997 61673.25579395335 61707.85252171922 61847.34963677746 61867.34963427346 61933.47095488118 62053.8994190244 62107.71870298641 62127.71870298641 62215.84481168641 62284.97699890839 62304.97699890839 62357.8100228225 62437.20732171109 62457.20732171109 62495.88583954331 62551.40530501441 62577.69112087677 62771.61336248923 62913.4383948969 62955.0644008542 63252.44721027175 63334.92430685038 63800.88187492161 63838.55484181225 64136.40671430574 64230.78977768198 64278.18391109416 64382.59769244851 64524.98999508675 64544.98999258275 64747.424333023 64789.97364556788 64848.09564979281 64898.92847963978 64933.62032934442 65180.05389293741 65203.27775826109 65252.20723098679 65340.9375409714 65360.9375384674 65433.32374950128 65493.8153191561 65539.59541168101 65596.68430798952 65632.87337773415 66174.70160153095 66222.80072025423 66320.17373867723 66340.17373617323 66360.17373617323 66406.29899848165 66431.64061710548 66468.26297480658 66488.26297230258 66565.71307344131 66604.77889369041 66673.40216148029 66693.40216148029 66713.40216148029 66733.40216398429 66794.08874818427 66866.96310624983 66907.01412695686 66961.93084007099 66982.66947159914 67002.66947410314 67108.54067600402 67152.96523580593 67172.96523330193 67283.8662201671 67406.79404284801 67564.944152144 67584.94414964 67710.42147950865 67730.42147700465 67955.22523545306 68019.43719916536 68053.66670631765 68165.22320300644 68290.49969203954 68461.39591101937 68481.39590851537 68674.37363946491 69066.14739147203 69224.26093465529 69317.93036979363 69337.93036979363 69468.28786550009 69542.24556378843 69665.385110561 69691.72481802457 69720.18041547857 69740.18041547857 69921.86626071996 69950.91063426655 69970.91063426655 69990.91063426655 70108.60649162841 70128.60648912441 70153.66394287324 70237.60604846024 70394.99048582519 70414.99048332119 70474.71231362798 70496.13976812956 70950.21110533746 70996.79402526327 71200.55387961901 71291.54728593964 71431.1503141612 71517.43721392081 71577.88944510249 71652.02990879399 71695.09821167042 71715.09821417442 71752.65955979957 71772.65955979957 71847.33200055291 71867.33199804891 71935.48527015501 72013.98795372221 72263.29109620181 72359.26442752542 72444.03603485778 72563.35880689457 72808.06984164397 73035.28100270649 73124.29484768752 73224.1311696554 73301.12003918311 73325.02101861076 73386.10395095462 73444.29148636346 73623.40349178045 73643.40348927645 73724.31426229686 74191.86331413624 74211.86331163224 74246.10941100549 74266.10941100549 74286.10941100549 74395.60593306675 74623.60492795935 74701.79640433158 74882.47728316259 74972.98192538741 75029.83292920569 75098.18127357479 75152.1802913381 75187.58417856213 75207.58417856213 75228.0417392179 75277.66771157842 75387.61238463047 75407.61238713447 75457.9790586462 75494.4312740368 75543.1173904181 75563.1173879141 75583.1173879141 75603.1173879141 75697.4238374757 75720.887280102 75778.16243198613 75909.15369189631 75937.28151250668 75988.09386643993 76008.09386643993 76072.93647995747 76188.46770191348 76212.23277712279 76266.18138860721 76329.41192149977 76531.68753231497 76651.31727203861 76743.77303579984 76921.35051610274 76983.89632676594 77134.50874838204 77188.21930180576 77389.46366195426 77418.59140318214 77447.98891238823 77723.2882298374 78316.96067383014 78392.07561938476 78432.697231767 78471.11800594138 78582.90500191845 78763.01130819636 78814.03733341188 78851.25879051994 78871.25879051994 79005.36483936876 79025.36483686476 79358.96197733328 79413.92530380816 79433.92530380816 79462.72442678535 79482.72442928935 79564.67231972407 79903.60955585216 80042.29796927716 80070.65645933918 80118.28616557794 80270.89426328993 80300.32140947955 80489.3020597159 80579.11820752773 80760.03492335861 81133.78243394656 81155.93299152902 81225.38020600611 81422.64370421762 81443.30375897508 81463.30375897508 81494.50325463934 81531.78155948477 81628.3657154525 81681.62302861692 81713.58011375067 81761.61960626691 81833.65768452691 81882.64984828461 81989.3306077706 82168.92330483769 82188.92330233369 82244.78116974684 82290.80929035083 82352.00568050048 82423.50201623588 82511.30050538147 82723.91667056057 82820.74593922948 83071.50584648089 83202.25260651249 83270.25717425609 83407.3018345819 83667.30795994337 83821.93509291002 84120.13126450782 84140.13126200382 84234.29807363926 84382.39090328076 84402.39090077676 84427.33869602937 84520.37660418663 84815.50002618783 84836.94559163973 84868.58358701181 85184.62235450054 85263.05198133395 85283.05198133395 85303.05198133395 85411.8091604133 85554.01631066856 85575.46846178865 85601.58271529517 85621.58271529517 85778.47385163945 86019.58925230765 86078.54518234423 86105.91670694767 86151.54892773432 86188.39067705733 86364.83314686685 86456.13092940114 86529.9025350876 86578.46911206268 86771.02904217113 86843.84285444192 86885.12108107115 87113.08847528318 87195.96472167385 87215.96472167385 87268.97210547895 87288.97210297495 87308.97210297495 87328.97210297495 87348.97210297495 87368.97210297495 87392.26215965414 87590.96780086634 87658.64626055134 87693.38184933858 87744.61329034381 87868.57308967035 87949.80191835452 88093.00452806748 88143.59430869596 88188.59755451753 88281.96939169 88301.969389186 88329.76147059249 88469.41929752831 88664.76120960758 88687.33727312145 88732.03515835096 88819.31851706224 88839.31851455824 88862.99246044264 88928.62378210456 89130.1259210153 89150.1259185113 89170.1259185113 89210.12174163801 89261.91675103085 89316.1088773278 89377.59283727675 89568.21374051075 89753.10661998022 89846.60029691839 89958.21923024683 90043.4402130243 90136.96983879939 90226.38019846202 90375.0620748363 90400.25048527637 90561.58734147348 90626.16405925433 90646.16405925433 90666.16405925433 90834.90097344521 90920.42316356158 90940.42316356158 91271.92740908336 91330.81152340457 91358.01912020739 91462.71672478281 91656.19850031125 92199.57773165394 92361.94488250329 92624.65692184097 92657.9336471091 92774.51920842095 92865.64594346728 93426.92019639698 93505.60229274886 93528.43246983856 93657.10610330409 93797.31348587055 93916.43101679103 94216.13617119248 94351.76025536242 94386.46227317661 94406.46227317661 94446.6208253769 94490.64293507639 94599.52403038048 94706.50308768562 94820.37087330416 94872.04703107174 94918.49019823561 94970.87330495878 95079.92167101736 95244.18203687616 95350.58941505504 95411.23121949396 95431.23121698996 95607.86744960378 95669.08405283039 95737.65519703457 95759.11934886894 95904.81030678544 95942.7358786511 95962.7358786511 96059.1222694096 96162.46915707106 96268.32458639241 96288.32458388841 96345.40157015218 96381.47744998056 96445.24426510419 96505.02635935105 96783.95372738361 96896.86275643806 97092.62054150306 97112.62053899906 97265.44228447843 97285.44228197443 97335.55779057782 97523.37338722256 97547.76614050267 97567.76614050267 97594.2260366973 97774.61073514404 97810.17100448802 97830.17100448802 97858.13802960813 97905.1322632438 98011.2673844366 98102.96593020866 98132.24649604834 98205.09490308202 98484.42203597442 98504.42203347042 98524.42203347042 98618.90265906338 98651.12405221838 98713.50542304574 98741.31008153416 98764.22364864757 98809.46760572429 98830.70482839797 98850.70482839797 98935.30551554109 98955.30551303709 99044.96984756582 99134.12843498413 99154.12843248013 99274.33228176854 99431.74767075687 99521.31309900546 99793.41563690569 99818.06168050827 99838.06168050827 100048.17892719663 100068.17892469263 100208.49739740245 100228.49739489845 100248.49739489845 100268.49739489845 100288.49739489845 100308.49739489845 100328.49739489845 100348.49739740245 100368.49739489845 100391.67214886991 100471.31048678126 100650.91321584026 100670.91321333626 101030.84511533602 101086.90007774555 101109.65361143339 101132.17227309485 101186.21920614753 101323.18917445414 101393.47400589434 101601.41983126944 101638.70305958479 101684.16988389915 101734.17341895479 101827.29703568049 101847.29703568049 101867.29703818449 101892.12384988909 101991.4102161926 102014.11196386034 102056.33086927298 102334.11501777831 102377.66243872209 102484.87229544911 102620.00354076428 102714.66690513361 102839.87707475701 102894.52787125315 102914.52787125315 103084.6115681484 103251.57010352982 103348.83835083879 103368.83835083879 103541.92081314497 103736.91725421142 103756.91725170742 103867.21530420416 103887.21530170016 104032.54405956248 104163.03592817359 104241.77260228363 104261.77260228363 104395.62657504271 104429.79384695746 104471.39598969734 104495.27356085071 104599.25476375433 104668.25377686022 104762.65779369588 104794.03745050977 104836.07917376857 104883.006078048 104912.05672869414 105002.07381862835 105065.89799916263 105132.5792424978 105315.00651501455 105335.00651251055 105462.34165747556 105495.27906810108 105625.28860433805 105738.13357220885 105758.13357471285 105782.68309785338 105802.68309785338 105898.40682175553 105918.40681925153 105938.40681925153 106052.79292469905 106139.72133161195 106176.9337114096 106196.9337089056 106227.47285619077 106256.44649784015 106276.44649784015 106340.23686259617 106511.95091173648 106570.92047117963 106590.92047117963 106797.94403157029 106817.94402906629 107242.08794893267 107295.90571915214 107366.91304523483 107427.44579093798 107465.45142619971 107601.59501048914 107621.59500798514 107906.54038633782 107990.09449587961 108378.13938162399 108410.2729733962 108511.90253433454 108540.07970155876 108621.07947927399 108759.43743863761 108915.14683372134 109047.65317094845 109141.89395546445 109161.89395546445 109283.9563227438 109396.96402301417 109419.48526492712 109459.27498206736 109502.28656581157 109522.28656581157 109637.90945249786 109657.90944999386 109772.52907027337 109927.38834818384 109949.92530086422 110025.14783888246 110141.04151225913 110214.80712874793 110322.57723835114 110540.27608181853 110560.27607931453 110761.11927498453 110907.28353888272 111105.44167419263 111156.64594057242 111237.97112219388 111309.95640280344 111371.71975033509 111509.72245032529 111529.72244782129 111594.40600413293 111614.40600413293 111746.87395732076 111796.08902373789 111941.73279400636 111979.25722891181 111999.25722891181 112031.98810582219 112051.98810582219 112105.58258480443 112438.27994290722 112460.56372645756 112641.15681373505 112707.9352332224 112727.9352332224 112785.80596163537 112805.80595913137 112826.43550524287 112938.87427712175 112958.87427461775 112991.47985694894 113014.41620217577 113301.86723457969 113437.63975401733 113506.16588370203 113560.1195519628 113677.4501169861 113770.33858260131 113803.37330894355 113838.52374518776 113983.33927179838 114083.16679691876 114119.49526251941 114139.49526001541 114331.2655181919 114692.72655792548 114793.79063116498 114813.79063366898 114853.34295433463 114924.57699055082 115074.46017388333 115094.46017137933 115183.8848578657 115243.89535193099 115330.60975651843 115378.81515432494 115398.81515182094 115698.09137832543 115722.83580817812 115823.23077933883 115864.16166170153 115969.53454988804 116028.12563920068 116091.57103499981 116187.17944078203 116233.77154544695 116253.77154294295 116273.77154294295 116293.77154294295 116313.77154294295 116333.77154294295 116639.23100396986 116660.99613450774 116782.04777988561 116802.04777738161 117172.52489991646 117192.52489741246 117222.24151337354 117242.24151337354 117502.50823853026 117525.20290104116 117749.81481513852 118053.25482108342 118280.50476293642 118317.88515693691 118376.54694389161 118540.75712733557 118653.45649768762 118837.04762991475 118948.59722785509 119205.91439996542 119297.90683428818 119645.05752948069 119726.49929299588 119746.49929299588 119766.49929549988 119907.21617740698 120032.07518340639 120111.71569834339 120157.378785551 120510.03529181163 120812.85864736467 121070.03615622262 121177.09842086865 121216.64512483975 121401.24816476311 121502.05774950534 121530.67656215887 121568.83019697628 121600.08899537884 121682.31259609474 121702.31259359074 121722.31259359074 121742.31259359074 121762.31259359074 121782.31259359074 121802.31259359074 121884.95397817175 121994.74727728268 122237.01519560181 122257.01519309781 122277.01519309781 122349.48639490562 122432.73241698658 122512.34485138811 122607.15890756353 122834.04096562267 122948.8079503314 123036.84487622956 123102.68007626635 123151.89227558009 123171.89227808409 123191.89227558009 123246.45080886498 123493.27013031136 123513.27012780736 123644.18185441281 123664.18185190881 123698.44221320958 123729.26466785559 123793.16099190321 123813.16098939921 123833.16098939921 123853.16098939921 123873.16098939921 123929.7915481794 123949.7915456754 123969.7915456754 123995.39847049482 124278.44626868213 124392.08235399046 124476.31611011031 124683.87944247588 124703.87943997188 124858.12603581736 125043.57230189171 125141.86390278138 125174.70064115022 125194.70063864622 125214.70063864622 125247.39882577574 125267.39882577574 125338.8554315789 125416.95930977907 125482.73650332262 125578.54760672747 125691.84465027022 125777.31388269219 125797.31388269219 125817.31388519619 125837.31388269219 125914.93342633496 125934.93342633496 125973.56764816196 126022.08104567701 126042.08104567701 126168.67574258377 126188.67574007977 126496.88818123574 126516.88817873174 126540.47603783201 126560.71004534526 126687.22408498303 126819.33752422028 126969.89454985512 127065.02898070865 127096.38869878396 127136.24811709137 127159.32638010747 127179.32638010747 127230.08299744462 127250.37632140037 127505.10896207437 127556.80283857581 127702.83390647462 127792.41584131532 127821.47401358619 127991.26583760168 128070.18849178797 128206.02041873208 128381.89187553334 128467.30765590459 128487.30765590459 128536.96450055639 128581.60371643032 128601.60371643032 128653.17746288394 128755.9172805722 128775.9172780682 128795.9172780682 128894.89037771045 128926.7480839955 129024.93294787276 129078.57989235771 129137.24350495122 129285.6863433138 129305.6863408098 129357.87447405782 129468.07978754096 129488.07978503696 129508.07978503696 129612.53137378066 129650.56448970615 129838.26522828357 129872.40189507179 129928.10749460304 129988.98048495664 130064.80105784776 130129.28636641689 130173.56384467209 130238.4414657726 130267.41727968741 130323.63522581286 130428.91095695053 130568.35348021145 130787.03593825713 130884.32948830026 130979.37625349268 130999.37625098868 131072.75023213477 131092.75023213477 131451.00373653941 131471.00373403541 131494.00132871723 131536.05558318871 131557.1683197005 131597.04682242027 131711.94388699844 131731.94388950244 131855.40874008726 131941.95737180695 131969.64061784356 132094.80473660242 132221.71005217733 132241.71004967333 132273.99846352518 132293.99846352518 132441.72583058628 132478.11955652982 132727.10796362371 132883.93913146132 132905.67801749849 133070.8252965292 133122.55894741578 133332.19636125238 133588.89516289556 133608.89516039156 133692.73170402985 133799.39867876496 133853.0348830229 133920.33197241264 133940.33196990864 134029.75209032159 134049.75209282559 134106.50236249497 134187.34094028284 134258.95672367231 134667.7045820481 135001.47337166792 135089.49494666276 135172.86697865055 135277.93615950868 135297.93616201268 135487.95632114887 135553.13849985187 135769.54538787741 135797.09090439824 135948.45640371079 135968.45640120679 135988.45640120679 136014.45924265691 136195.94491534189 136337.7826965079 136363.9208647265 136386.318479411 136541.75186212352 136561.75185961952 136581.75185961952 136878.93019385804 136943.92425770664 137091.9610589584 137111.9610564544 137311.31373108326 137331.31372857926 137523.82701777926 137580.58378903978 137621.10893436141 137851.00515406095 137977.46226228746 138010.85895876159 138120.3484192405 138149.96037379819 138184.62184855831 138204.62184855831 138243.55526196717 138263.55525946317 138308.98478035098 138399.68094662387 138419.68094411987 138439.68094411987 138467.5712218665 138522.61844997967 138605.10237722093 138733.38153877529 138832.60559869267 138921.96637105407 138962.90069456701 138995.79313987824 139015.79313987824 139035.79313987824 139065.52623036836 139144.95099799497 139366.34570410011 139472.0733958868 139511.99392897186 139700.67690739019 140004.22260565888 140147.26205982203 140240.98834634886 140412.76039190302 140478.8355632023 140539.87843094901 140559.87842844501 140686.12999861569 140727.27888096095 140861.84659003518 140941.60070244435 140990.42768540457 141010.42768290057 141111.23772502304 141296.21559789905 141353.60950568016 141491.18599065044 141565.06148937431 141611.04611354223 141824.54492716291 141845.9798434923 141888.43429752075 142078.50000690632 142098.50000440232 142118.50000440232 142498.39236033131 142551.69703317659 142622.97598374796 142651.28172730843 142756.965479827 142825.37190668614 142845.37190668614 143258.87004020115 143291.55150906002 143371.2572632717 143410.60970671315 143553.48454201156 143648.28975743796 143668.28975743796 143941.52296611969 144037.9893605211 144128.68773914364 144285.02852377553 144402.68104995541 144449.25365818129 144478.96088179124 144518.8420943934 144650.57238801815 144712.55982527285 144739.38951472238 144851.88364488508 144923.28983144752 144957.05686849814 145201.03702374982 145544.20485956384 145569.44580539166 145618.32717152654 145677.99679460029 145740.74688605869 145914.88048911991 145944.72570484709 146094.42109306678 146140.77217766732 146160.77217766732 146214.05965668104 146381.63809161292 146427.30823578417 146447.30823578417 146495.34508717543 146722.50572780253 146742.50572529853 146789.68919100887 146951.77181488855 146977.59289468229 147035.08457737173 147128.96205729616 147447.95805968887 147467.95805718487 147582.80185400586 147686.27748841294 147799.10999485435 147819.10999235035 147945.06895634007 148019.44558230463 148050.25337307086 148075.75154782789 148101.98443278574 148121.98443278574 148452.53228147647 148558.03493894577 148646.30007917351 148666.30007666951 148686.30007666951 148706.30007666951 148743.00356356007 148895.61588279342 148917.62297131546 148937.62297131546 148963.31786482681 149131.91601609863 149151.91601359463 149193.69125859387 149281.04675111204 149385.21775388373 149429.60662996049 149579.78693644944 149607.40286863154 149655.16571618513 149707.29669266736 149902.98391914195 149948.69288503106 149968.69288503106 149988.69288503106 150039.21145456569 150173.12832444184 150236.98051630672 150295.64250357744 150572.75405402561 150641.90169382156 150706.40986979491 150937.27893657158 151058.98318969464 151078.98318719064 151236.7057203253 151409.29603627264 151482.2259557684 151590.50941796033 151679.5311235902 151704.52741721303 151823.22972456059 152020.5189537125 152167.8487876406 152297.84586526498 152439.0689595063 152605.6153369197 152657.03312263347 152710.67481912089 152749.52342969502 152812.66660431993 152869.74728661555 152952.60655319805 153091.59357232906 153117.03212743423 153191.5326299528 153264.05790068449 153293.42793316826 153370.86860691499 153390.86860941899 153553.12022700524 153637.64497719323 153704.51965936206 153811.62474898204 153831.62475148604 153892.49080097613 153912.49080097613 154062.68437993535 154090.38180492977 154116.51426923496 154253.88615867217 154529.74374484445 154734.79251817123 154754.79251566723 154933.83530882217 155007.06091300543 155131.83797084984 155183.72740575434 155214.55650196034 155276.50395194931 155296.50394944531 155346.46101589937 155488.61951822457 155531.78654152583 155551.78654152583 155737.32717550767 155789.64426235984 155822.92022053694 156326.5957464041 156619.10467280044 156707.39681179082 156838.80886780972 156874.82586409106 156896.50029775191 156916.50029775191 157029.13203110468 157049.13202860068 157073.56768973329 157159.62218104899 157285.02827561528 157327.77702030356 157349.83691949766 157424.27535286533 157508.13463541236 157601.97210173779 157657.08780446749 157691.43169423169 157745.59291487916 158074.79770304638 158100.87230769376 158131.4850011234 158189.06625407524 158209.06625657924 158229.06625407524 158361.64292140536 158492.31064951937 158512.31064701537 158596.85670986098 158616.85671236498 158695.10449299987 158875.75335848678 158964.99649605281 159195.21344587283 159503.74166856519 159523.74166606119 159590.12835823696 159610.12835823696 159630.12836074096 159719.94654761448 159821.31098492532 159911.48401259875 159952.25397332546 160008.29912719997 160071.25424730923 160127.00341724792 160200.23816521122 160220.23816521122 160240.23816521122 160297.49539722635 160339.24121840934 160452.82402345746 160474.37465310364 160501.32552677878 160523.26783181471 160644.49842897325 160858.78221972457 160878.78221722057 160898.78221722057 160939.97363649922 161026.37374851163 161088.94209137359 161116.00116971761 161188.16395170389 161265.89545853612 161433.29402683152 161641.95010559018 161760.77752402824 161814.49711312001 161881.41919804501 161918.47406421782 161960.17765390964 161982.59169651535 162009.36439546989 162118.84273665219 162251.29349070341 162330.77861293408 162376.26587539507 162646.95040741854 162804.31366939402 162886.66430955559 162951.96145400873 162971.96145150473 163037.86425387818 163103.52468172683 163230.9428867235 163316.9443609332 163430.75559375708 163500.20121431418 163559.4824424359 163596.33734460201 163641.10116229381 163865.21983860798 164152.40105370471 164172.40105120071 164223.14170783714 164277.70312554776 164379.80459297609 164537.40727522984 164581.77963260443 164688.36907634666 164823.93269000262 164933.3558365526 165136.18317707038 165316.46021730022 165369.60609854146 165547.44851699738 165567.44851449338 165620.47336668253 165668.25873924301 165688.25873673901 165794.70600733463 165930.88639100537 166061.17265910882 166093.93104350629 166167.05171513304 166254.60433485731 166289.70621434912 166392.0307356971 166419.84870322516 166549.55679634323 166569.55679383923 166612.06709777303 166632.06709777303 166657.8191082761 166677.8191107801 166702.27697711239 166723.85166576479 166745.08198846571 166765.08198846571 167185.05677583648 167205.05677333248 167464.45632061063 167491.39689100684 167631.98196520709 167651.98196270309 167671.98196270309 167801.28565905974 167879.13030639295 167899.13030639295 167919.13030639295 168063.88909404914 168090.2658730027 168167.37169983491 168187.4088135393 168209.73196152567 168241.42637362524 168288.51935193957 168348.32553878796 168376.59329018222 168462.7135633628 168482.7135658668 168517.42692219956 168553.7407794532 168573.7407794532 168632.43324786642 168786.27156501896 168809.83584599019 168892.44817568105 168976.89399728117 169004.23520108395 169109.73031485003 169178.07541118643 169236.30073809711 169256.30073559311 169411.99981405119 169475.10129826823 169586.43798424597 169658.65040493321 169686.29801140636 170094.0315712264 170133.19081483166 170186.05027570336 170217.5589344902 170256.49481100981 170312.76860208376 170542.73215018866 170671.90229589211 170722.87540445877 170800.82713483873 170954.66414234235 170977.19983325433 171022.50252669837 171048.55049982313 171083.55531213481 171230.15890689232 171369.61400079559 171431.35337163434 171497.27923635014 171862.50867364819 171883.29073295776 172031.7639444599 172077.34430813894 172127.49634680135 172264.5894638349 172338.50320476655 172362.122799418 172443.88860724399 172527.02868353573 173011.44970230164 173031.44969979764 173051.44969979764 173071.44969979764 173091.44969979764 173119.57860137386 173275.05287681665 173398.5362380023 173515.77896700178 173586.6785768053 173664.99908789463 173684.99908789463 173875.38379966649 173959.08247478376 174004.05800382802 174052.34656273363 174116.71277097816 174154.75909228991 174282.22320065349 174526.62496903624 174589.98610127885 174641.35494259928 174776.53070365099 174850.40518142126 174870.40518142126 174890.40518142126 174918.02983871054 175156.64854122341 175228.57474909023 175248.57474909023 175268.57474909023 175288.57475159423 175356.60414038424 175459.90164541422 175479.90164291022 175556.6723727946 175860.42699802994 175939.417778758 175959.417778758 176031.79988326468 176188.06423446327 176255.34361481294 176281.77640597962 176395.13266796025 176415.13266545625 176435.13266545625 176633.52552865492 176653.52552615092 176683.59096350109 176769.55793510284 176863.05517635179 176911.49220161356 176931.49219910956 176955.47540307435 176975.47540307435 177005.40883121337 177025.40883121337 177045.40883371737 177170.37799824359 177197.53125471183 177217.53125471183 177258.54273263814 177286.74992173433 177306.74992423833 177498.73280205138 177602.85934069523 177622.85934319923 177796.91332852336 177847.42094709398 178043.02639796406 178063.02639546006 178116.10144109953 178191.06675391327 178243.64168466258 178263.64168466258 178283.64168466258 178327.92724849532 178347.92724599132 178466.08852699204 178602.56006099834 178642.62838386254 178823.52218517135 178970.23624834045 178990.23624583645 179012.03101908948 179069.10342920806 179127.31214243696 179765.50025080215 179785.50024829815 179809.36107626846 179973.51898950372 180090.64006796317 180345.09316558124 180402.74042389931 180482.51698738455 180506.33821374606 180825.90250984975 180983.6033417575 181138.78494424088 181168.67001264838 181188.67001264838 181231.20502707088 181332.69267325173 181352.69267074773 181534.29816287072 181817.66612686127 181856.4998694751 181891.92610105119 181911.92610105119 181951.57853860254 182016.310097606 182114.03504729162 182539.25452096351 182756.79644953745 182918.62569950871 182938.62569700471 182980.47186433699 183096.79629505336 183127.43513867905 183212.42233288329 183240.72913498061 183377.33842869504 183536.48301403238 183560.28742206864 183580.28742206864 183633.2689718079 183738.08827627761 183766.37406485533 183860.90058427171 183885.35407858253 184000.93362501223 184020.93362250823 184214.79311136812 184298.82032061879 184349.49956417508 184455.15077960024 184487.79650215283 184516.58922070614 184536.58922070614 184602.26826485821 184669.29799582932 184801.35617020704 184821.35616770304 184964.59488441846 184984.59488191446 185011.10045111419 185031.68388619937 185075.20271152817 185262.45321583878 185285.77883086501 185305.77883086501 185326.12115948134 185441.5311691144 185568.36060674767 185588.36060424367 185619.88297886066 185809.78202511875 185876.15325768812 185896.15325768812 185947.0618642548 186007.82065776355 186037.87664997444 186057.87664997444 186101.86512558857 186156.21435743701 186288.40367871672 186616.82944941297 186673.80466081477 186693.80466081477 186762.99537111395 186917.19053977241 186949.23958095569 187118.1158602349 187177.33142276252 187262.64905130647 187282.64904880247 187302.64904880247 187322.64904880247 187352.7766837274 187425.56528452641 187517.34214906418 187582.83388956554 187986.12418750072 188006.12418499672 188026.12418499672 188431.56367476189 188467.04929439274 188516.71982520516 188577.60742005387 188656.46669910079 188684.82661252773 188850.15830480364 188870.15830229964 189173.2975885611 189353.73349131644 189565.7176472759 189784.088047826 189848.19938633984 190083.70626546024 190179.02739561817 190219.51355097648 190392.65439938447 190485.76996558223 190572.71747573738 190621.21883745416 190650.08005609301 190701.93192984103 190747.52684193418 190873.43784321437 190893.43784071037 190913.43784071037 191056.27624994652 191089.14606218333 191278.03329847988 191459.69854238525 191621.82630352061 191648.74230899434 191699.49616633476 191796.20546177964 191865.64564228062 192288.71374150348 192320.75701426653 192464.44258565618 192787.90283383835 193010.60294289182 193037.48944273403 193082.3748672429 193169.12953145923 193225.74183787679 193321.70675582684 193395.44853359203 193442.64608650203 193474.70159021134 193675.62297657574 193695.62297407174 193715.62297407174 193735.62297407174 193755.62297407174 193814.21241296449 193849.7843198186 193930.19846793278 193950.19847043678 193995.82559693507 194056.23910915404 194116.4523592108 194208.4713700037 194473.92367387077 194535.89818343865 194798.64721648069 194892.67028045139 194918.7018362353 194938.7018337313 195165.84807095556 195240.29183358183 195260.29183358183 195445.29440461269 195608.83369492194 195628.83369241794 195705.37486065229 195726.58693305796 195779.38824118409 195841.90601068843 195887.90882942165 195907.90883192565 196033.63505208436 196138.1713379845 196253.902336175 196406.51657427585 196535.61081669277 196685.71771999356 196866.26061655221 196886.26061404821 196994.04084119995 197059.99074547102 197092.72284848999 197271.24147781529 197291.24147531129 197444.2310000867 197533.51010316918 197631.34695141343 197731.32344400911 197864.45246263329 197901.83221666955 197921.83221666955 197993.92582034371 198196.55781536379 198216.55781285979 198648.43001201772 198709.32952894319 198775.59174637644 198826.43765687147 198852.21072440569 198975.82199278492 199006.61170324609 199044.18555137734 199077.60339331954 199211.71853711689 199235.13900764888 199255.13900764888 199286.88060523261 199306.88060523261 199410.45088162615 199436.5676315271 199456.5676315271 199476.5676315271 199742.90095971562 199762.90095721162 199907.91470553997 200032.30750078919 200078.50421311108 200258.64193776321 200396.1598530406 200416.1598505366 200436.1598505366 200572.27225602948 200867.88116242327 200976.95172386446 200996.95172636846 201026.76526151897 201067.34539392472 201259.49868698222 201333.76287794488 201434.75737874685 201493.52447700813 201564.15585285631 201747.41717644521 202055.73774304052 202082.1271748012 202263.58325000987 202395.89049159796 202415.89048909396 202435.89048909396 202464.05824943589 202513.99032405808 202695.97268237061 202744.98659231129 202764.98659231129 202924.22211441993 202944.22211191593 203138.01745436519 203457.49423534075 203505.55248682436 203555.4352514132 203597.43985815968 203849.76566259428 203942.63236237912 204121.5828666305 204141.5828641265 204392.20507522593 204412.20507272193 204475.20115311864 204522.34243555055 204542.34243304655 204676.90827136805 204696.90826886405 204954.24529915734 204979.7898116222 205153.77319488156 205173.77319237756 205215.33559843722 205235.33559843722 205419.18471660303 205485.7420149745 205612.90477548893 205655.84840144783 205816.32577938569 205870.96395544763 205959.14344127186 206158.50847249178 206357.28372717275 206419.95736782069 206442.58848600507 206534.70029118763 206710.51383268589 206846.15518482443 207048.70231388643 207073.28449215419 207093.28449215419 207198.81209322299 207294.92435519485 207320.35551997598 207548.34038742908 207621.8780521184 207682.1244945705 207716.25310852356 207848.22611808861 208037.49536259907 208095.70954011774 208181.54837417845 208569.59331596379 208589.59331345979 208609.59331345979 208629.59331345979 208651.36584740179 208671.36584740179 208691.36584990579 208716.47309253882 208741.96027732038 208761.96027732038 208879.70904023289 208959.89813033601 208979.89813033601 209046.86303399864 209208.07193705412 209379.51907333441 209450.1283695887 209481.25534369151 209735.2153929128 209755.2153904088 209781.26640202456 209913.99428394561 210224.58112921178 210589.23489744854 210730.88806886658 210750.88806636258 210786.30341849047 211050.78163103169 211103.96284546807 211135.08126169126 211198.25751218324 211218.25750967924 211386.90433420737 211416.20688841872 211436.20688841872 211578.61301011845 211625.68448338875 211675.20789342916 211809.16688799641 211906.50941453779 211939.6174278746 211985.60705672464 212012.44948518622 212032.44948518622 212166.41899567255 212271.21829595645 212299.50703237436 212441.78263275791 212493.40106797996 212584.45266728126 212610.91864154574 212643.9575939026 213078.36204086196 213171.78836649551 213217.35373367272 213316.07281283986 213347.63130193928 213509.47550766277 213665.62940464842 213690.30699188968 213710.52866192393 213739.34951493305 213905.12901058799 214118.85447282384 214191.23971542501 214211.23971542501 214245.88514224429 214359.10820948929 214412.42641372503 214582.06947927817 214627.3243258826 214809.43611357602 214867.88372394335 214905.33140557045 215075.29365682239 215258.40413665934 215748.19535527837 216108.45527805967 216320.26945540505 216407.10521923125 216451.72872506093 216482.6482797443 216542.15455530077 216574.65665962267 216594.65665711867 216698.6167720941 216898.07616258543 216918.07616008143 217024.25354608357 217216.72008415899 217269.2263433274 217289.2263433274 217569.62981861499 217589.62981611099 217931.3668206526 217951.3668181486 217971.3668181486 218114.12165182451 218154.6192365666 218200.53219414227 218377.32985494763 218411.09942511496 218865.03476359893 218885.03476109493 218952.34047533218 218991.35720529054 219014.80673015167 219068.86993612791 219181.58839054446 219214.06025182187 219368.12268651692 219415.01098534473 219794.11374202229 219897.70443485675 219943.62376759849 220089.01379900966 220109.01379650566 220174.15124630094 220203.80026702445 220365.47037947197 220413.84953004531 220481.52734820198 220600.43156237124 220620.43155986724 220793.68265681508 220839.02769915813 220896.22622463415 221136.38135751254 221236.96956284701 221351.74974717571 221382.60060081738 221468.32782851677 221488.91999641028 221545.85563631199 221565.85563631199 221597.86039041297 221633.99866667038 221897.41891629164 222099.17893037094 222196.84107431104 222282.8277153861 222315.38437997584 222335.38437997584 222428.27181107933 222477.59087170873 222515.64193233381 222542.89793471047 222568.57602361669 222599.56614008535 222761.26521881713 222947.48483841532 223025.80129104563 223132.5265979496 223449.71753940257 223469.71753689857 223489.71753689857 223509.71753689857 223529.71753689857 223549.71753689857 223569.71753689857 223614.23624269852 223637.21790339462 223706.83028692066 223733.15552456435 223798.28287781085 223889.91601731812 223909.91601731812 224148.44984829333 224168.44984578933 224240.99134506751 224268.79927642442 224375.14370468969 224395.14370719369 224415.14370468969 224435.14370468969 224455.14370468969 224766.56529829781 224786.56529579381 224839.5962311645 224859.5962311645 224879.5962311645 224899.5962336685 224969.35773471633 224989.35773471633 225020.93761457802 225180.08601283229 225281.88673184551 225308.31648326776 225538.10635391011 225756.92868256438 225776.92868006038 225796.92868006038 225816.92868006038 225836.92868006038 225975.19546207542 225995.19545957142 226218.4438734458 226322.53514794566 226536.23077163829 226692.53172110839 226765.38435271728 226862.62452078904 226944.34356031637 226988.2097470808 227008.2097445768 227033.63115599536 227105.99308741935 227153.91438222146 227264.54361273831 227284.54361524231 227374.10621564892 227394.10621564892 227711.04851725113 227839.27307352899 227970.26861131631 227990.26860881231 228010.26860881231 228030.26860881231 228139.34005745008 228177.855758753 228279.00041550148 228299.00041299748 228319.00041299748 228503.54542731116 228659.42382749264 228749.53430961213 228769.53430961213 228957.52516367207 229061.02238450436 229101.52644191654 229121.52643941254 229221.78682597034 229247.44418592057 229501.28403530472 229521.28403280072 229544.51136603879 229791.13778416483 230036.36026214265 230056.36025963865 230076.36025963865 230124.94204925277 230202.68419341728 230248.86717290977 230268.86717290977 230366.16243991842 230404.87075944306 230440.47489483333 230504.0051068235 230638.94784495866 230681.86079017409 230711.50921328435 230796.41924995467 230843.44035348692 230918.2635281501 230938.2635256461 230997.32021353688 231048.23113664195 231287.05163431252 231552.19683370479 231654.54543723482 231845.86315559543 231916.88587084616 231936.88587084616 232024.36781339089 232044.36781088689 232221.22592623054 232415.39448814967 232576.91287675419 232604.1565764166 232754.92615083833 232837.32779154807 232936.54774832752 232956.54774582352 232976.54774582352 233417.34671394138 233489.62967792008 233509.62967792008 233529.62967792008 233606.50454441234 233696.06760126321 233779.11419203149 233799.11418952749 233819.11418952749 233870.90216837493 234031.5624595682 234160.93775195831 234383.59577371135 234403.59577120735 234604.26869196789 234687.64409113897 234769.58721716488 234866.71432911578 234886.71432911578 235095.99665648648 235155.66494713319 235176.53199408383 235235.74662742313 235294.37106433451 235344.77655079279 235437.82389892515 235505.38669818547 235592.51869101315 235695.39355225066 235999.26311578339 236344.20283047502 236488.55742543986 236692.15250820416 236764.82167665672 236784.82167665672 236858.83852291016 236954.79643553936 237194.19893539034 237214.19893288634 237234.19893288634 237355.47257739403 237386.1550687563 237419.9176177737 237668.35908098816 237808.73928832491 237866.4384225273 237904.4407914402 238359.74918218616 238476.09700517347 238591.46902594661 238624.60677786049 238730.10080415248 238766.61930904491 238786.61930904491 238806.61930904491 238941.11906345653 238961.11906095253 239081.87052638405 239157.0296311536 239194.21654423454 239268.8580037755 239339.67816145366 239369.55856233657 239532.84732933566 239563.38320850125 239797.29042044567 239826.91151730456 239859.66599278841 239934.60488733592 240149.52592439787 240169.52592189387 240249.97813628428 240279.18365918888 240362.59291571418 240390.74137800637 240493.17344045518 240513.17343795118 240676.71715900566 240776.35472613155 240821.0504366945 240841.0504341905 241007.41528624687 241068.63081813764 241201.31754470268 241293.94879094409 241445.54049379116 241501.17153300888 241705.21677020502 241741.07147159762 241781.39595146766 241890.28010739856 241955.69779895588 241975.69779895588 242267.53176424108 242307.86154668976 242380.64397561758 242579.25578479051 242614.79243241957 242702.09106220487 242722.09105970087 242894.39961926468 242943.80849963046 242980.03638093997 243073.07551240415 243093.07550990015 243160.74444075249 243185.52244634286 243305.04191848913 243335.24468565545 243374.80148966304 243454.16241473282 243762.50080816793 243782.50080566393 243802.50080566393 243854.25142077655 243889.72040017007 243974.78805937643 244114.05094764791 244142.42420564092 244202.82965962558 244266.67222825301 244293.06212125598 244313.06212125598 244481.54356521433 244531.13426748958 244559.80562296878 244590.24999800149 244618.56491782032 244682.23591808798 244709.81810123095 244745.11258063186 244858.82077571553 244903.25107669385 244928.13375641241 244948.13375641241 244998.09033203661 245125.25836957266 245145.25836706866 245243.99887075743 245391.13961283207 245411.13961032807 245503.0511137769 245573.47546182788 245687.37778406945 245707.37778657345 245811.55959455188 246103.09194763914 246238.8992999055 246348.08703645482 246589.13290976265 246676.52382172975 246905.99059048039 246944.57430320443 247025.35747873087 247136.38482453771 247156.66033541917 247368.2617992158 247503.38913605363 247523.38913354963 247551.35711540148 247738.6746106248 247937.1435511381 248018.47408674592 248070.73231403972 248130.86041116279 248220.5637915242 248240.5637890202 248434.14806179861 248614.56608363127 248634.56608112727 248758.06235267444 248908.70646068833 249051.10336358073 249130.52445178438 249156.1063497473 249411.12691269617 249458.94635549402 249563.64504629399 249737.69525798942 249833.13571809616 249862.72098531881 249936.21755725236 249956.21755725236 250292.5061660105 250337.68271803301 250489.54172284049 250571.52590812 250615.43142476988 250635.43142226588 250655.43142226588 250719.17340378727 250739.17340629127 250759.17340378727 250861.45320611567 250943.60487003947 250989.94264927088 251009.94264676688 251029.94264676688 251251.63856197349 251294.69625844853 251360.03728199011 251460.41675203096 251582.31800291867 251644.86575026751 251664.86575026751 251733.33105541559 251753.33105291159 251811.13395393261 251831.13395393261 251851.13395393261 251871.13395643661 251891.13395393261 251973.57505842417 252015.67932572416 252208.74689500403 252393.99018137978 252700.41652417257 252720.41652166857 252872.89229567924 252986.22993675091 253006.22993925491 253026.22993675091 253303.25024367823 253375.34849165844 253395.34849165844 253421.9984433458 253441.9984458498 253536.24586703554 253646.78971118573 254194.90975485071 254295.36746093958 254421.75663041808 254464.0920175691 254676.88686459943 254696.88686209543 254716.88686209543 254780.27370451772 254814.09914369906 254834.09914119506 254854.09914119506 254879.21411451172 255048.9239406374 255100.43862435174 255131.68152710214 255204.98744057498 255224.98743807098 255244.98743807098 255264.98743807098 255543.43184163695 255715.12268116413 255840.50027890008 256129.4154012975 256220.67628456952 256244.26336449546 256382.00017085737 256402.00016835337 256422.00016835337 256563.22478263978 256693.45260896257 256768.05891556898 256800.58271761692 256827.08238147376 257049.22416921826 257104.80279369907 257573.63077648931 257624.24710377702 257783.37914795325 257803.37914544925 257946.80707414167 257966.80707163767 258069.73264616078 258089.73264365678 258203.85013440809 258240.50911333399 258350.89444849623 258476.78020449679 258496.78020199279 258550.78185441785 258599.03842693572 258675.30731859806 258778.56635669024 258798.56635418624 258827.97444612309 258909.58029198984 259010.92769089029 259189.30684370793","0.25678980591 0.25678718633 0.3684009157 0.14978158989 0.08808313956 0.25678969033 0.25678969033 9.38488843479 0.14977908589 0.25678969033 0.08808313956 18.96413292444 0.08808313956 11.03842067115 0.14978161599 0.25678980591 0.25678730191 0.14977911199 0.25678969033 0.08808564356 0.25678718633 0.25678980591 0.08808313956 12.1948645923 0.14978158989 0.08808313956 0.08808313956 0.25678969033 0.14977911199 16.66318098082 0.08808564356 13.89397709236 0.25678969033 0.14977908589 0.08808564356 0.25678980591 0.25678730191 0.25678980591 0.25678718633 0.25678730191 0.25678969033 0.08808313956 0.08808564356 0.14977908589 0.50357389307 0.25678980591 4.49294075696 0.25678980591 0.14977911199 0.14977911199 0.25678969033 0.25678730191 7.96764031682 0.08808564356 0.08808313956 0.50357389307 0.25678969033 0.08808564356 0.14977911199 0.14978161599 19.07734563683 0.25678980591 0.08808313956 2.07733135544 0.08808564356 0.14978161599 0.50357389307 0.25678980591 0.25678730191 0.69588287623 0.25678969033 0.25678718633 12.81664621872 0.08808564356 8.15141541586 0.25678718633 0.14978158989 2.34683798459 0.14977911199 1.21348553311 20.79805266723 0.14978161599 7.86808187486 0.14977908589 0.14977908589 0.14978161599 0.25678718633 0.25678980591 0.14978161599 0.14978161599 0.14977908589 0.14978161599 0.08808313956 0.14978158989 0.14977911199 19.53437971768 0.25678969033 0.08808564356 16.32015154414 12.626878459 0.25678969033 16.96744807777 4.41836388372 0.25678980591 13.32178169031 0.50357389307 0.25678718633 0.14977911199 8.40251470344 12.11813583288 30.46195982296 0.08808313956 8.65885684569 0.14978161599 16.68331154253 0.14977911199 0.14977911199 0.50357389307 0.25678718633 16.99127339002 0.25678980591 0.25678718633 0.08808564356 0.08808564356 1.95332106814 0.25678718633 0.25678969033 1.65006353866 0.14978161599 0.25678718633 16.08532520409 0.25678969033 0.25678980591 0.14977908589 0.25678718633 0.25678969033 0.08808313956 0.14978158989 0.25678969033 0.25678730191 0.14978161599 0.08808313956 0.25678980591 0.25678730191 0.25678730191 0.14978161599 0.08808564356 0.14977908589 0.14978161599 0.08808313956 0.25678718633 0.25678969033 0.14977911199 10.2758649462 0.14978158989 0.08808313956 18.51502824087 0.25678980591 0.25678718633 0.25678980591 5.99830925644 0.14978161599 17.30391320639 2.55684111187 0.08808564356 0.25678730191 0.25678969033 0.14977908589 0.08808313956 5.73308893841 0.08808564356 0.25678980591 0.08808313956 0.25678969033 0.25678718633 0.25678969033 0.25678969033 16.11826335419 0.14978161599 3.62876661101 0.08808564356 0.25678969033 11.4801447342 0.25678969033 0.25678718633 0.25678969033 0.14977908589 0.50357389307 0.08808564356 0.08808564356 0.25678969033 0.14977911199 0.08808313956 0.25678969033 0.14977911199 0.25678980591 0.25678980591 0.25678969033 0.25678730191 0.25678969033 0.14978161599 0.25678718633 0.25678730191 0.14978158989 0.25678730191 0.25678969033 6.13996715898 12.44261621739 0.25678730191 0.14978158989 0.25678980591 0.14977911199 0.25678969033 0.14977908589 0.25678980591 0.25678718633 3.06020733145 0.25678969033 0.25678969033 0.25678718633 0.14978161599 0.14977911199 0.25678730191 0.14978158989 0.25678969033 0.14978161599 0.14977908589 0.25678980591 2.47763338593 0.50357389307 0.25678730191 0.25678969033 0.25678718633 0.25678969033 0.14977908589 6.6256228184 0.25678969033 0.25678718633 0.14978161599 0.08808564356 0.14978161599 0.25678718633 0.25678980591 7.57941757121 0.14978161599 0.25678718633 0.25678980591 0.14977911199 0.14978158989 0.08808564356 0.50357138907 0.25678718633 0.08808564356 0.14977908589 0.08808313956 0.14978161599 11.98630898092 0.25678969033 0.14977911199 0.14978158989 0.25678730191 0.25678969033 17.460384435 38.82252600274 0.25678730191 0.25678969033 0.25678718633 0.25678730191 0.25678980591 0.14977908589 2.96257151365 0.14978161599 0.14978161599 0.50357138907 0.25678980591 16.85513773322 0.08808313956 0.25678969033 19.41878190974 14.91770190351 0.08808564356 0.50357138907 6.24595132974 0.33754308006 0.25678969033 7.94579919839 0.25678718633 11.03568475389 0.14978158989 2.62653752558 0.25678730191 8.44272372927 0.25678730191 6.96261636169 0.14977908589 0.14978158989 14.12001791512 0.25678718633 0.14978158989 0.25678730191 1.79908434773 0.08808564356 0.14977908589 0.25678969033 0.25678730191 16.58812299566 0.14978161599 0.14978161599 0.25678730191 0.14978161599 0.08808313956 0.25678718633 0.25678969033 18.18985676152 0.08808313956 0.25678718633 0.08808564356 5.12395975483 0.14977911199 0.14978161599 0.14977908589 0.25678980591 0.25678718633 0.14977908589 0.08808564356 0.14977911199 0.14978161599 0.14978161599 14.7041429129 32.11092986052 0.25678969033 0.25678969033 0.25678730191 0.25678980591 0.25678730191 0.14978161599 4.65450213399 0.25678730191 0.25678969033 0.25678718633 3.84779321763 0.08808564356 13.19293458123 0.14977911199 19.86055574745 0.08808564356 19.98819022812 0.25678718633 8.9388151634 0.25678969033 0.25678969033 0.25678718633 0.25678980591 0.08808564356 0.25678718633 0.14978161599 0.14977908589 0.14978161599 15.05863367416 0.14977908589 0.25678969033 0.25678969033 14.84316603298 0.08808313956 0.25678730191 0.08808564356 1.45442025513 0.14977908589 0.14977908589 0.14978158989 0.08808564356 5.74345207532 0.25678980591 0.14977911199 0.14978161599 0.25678718633 0.50357138907 0.25678980591 0.25678969033 7.86691836633 0.14977908589 3.20760132465 0.14977911199 0.25678969033 16.80000128561 13.89899447917 0.25678969033 0.14977911199 0.25678718633 0.25678969033 0.25678730191 0.08808564356 0.25678718633 12.56051728966 0.08808564356 0.14977908589 0.14978161599 0.08808313956 13.13472399895 0.14977908589 0.25678980591 0.14977908589 0.50357389307 0.08808313956 10.1346026083 0.08808564356 0.25678969033 19.25318468267 2.80630129959 0.14977908589 7.47095874595 22.67185104244 0.25678969033 0.14977911199 0.25678980591 0.08808564356 0.14977911199 0.14978161599 0.25678718633 0.25678980591 0.08808564356 10.6328033609 15.95094562752 0.25678980591 0.08808313956 0.25678969033 0.08808313956 10.2840637717 0.25678969033 0.14977908589 0.25678980591 5.59492115443 0.14977911199 0.25678969033 0.25678730191 0.14978161599 0.08808313956 0.14978161599 0.14978158989 0.14978161599 0.14977908589 0.25678969033 0.14977911199 0.25678969033 0.25678980591 0.25678718633 0.14978161599 14.07144022929 29.00416841782 9.01872005558 0.14978161599 16.62812827331 6.0033760191 0.14977908589 0.14978158989 0.14978161599 12.08601986803 20.65720571761 0.25678980591 0.25678980591 3.94000551986 0.25678969033 0.14978161599 0.25678718633 0.08808564356 0.14977911199 9.56235170364 0.14978161599 0.25678730191 0.14978161599 0.14977911199 0.14978158989 0.25678718633 0.14977911199 0.14978161599 0.25678730191 0.14978161599 10.60635018717 0.14977911199 0.7615110266 0.14977908589 8.37313511183 0.50357389307 0.77420958722 0.14977911199 7.79044755186 2.13955416476 0.08808564356 0.08808564356 0.25678718633 0.08808564356 5.02840271668 30.22748185942 0.25678980591 19.82624312491 0.14978161599 0.25678980591 0.25678718633 0.08808564356 0.08808313956 0.14978161599 0.25678718633 0.25678969033 0.25678730191 0.25678980591 19.72222808769 1.71341964301 29.88160059119 0.25678718633 0.25678980591 0.08808313956 9.31538553421 28.84710197068 17.91262289037 55.66578541297 20.29459112406 0.14978158989 0.08808313956 0.25678980591 0.25678718633 0.14978161599 0.25678980591 0.25678730191 0.25678730191 0.25678969033 0.25678730191 0.25678718633 0.08808564356 0.25678718633 0.08808313956 0.25678980591 0.14978161599 0.08808313956 3.51973642608 0.14978161599 0.25678980591 0.25678718633 0.25678969033 0.25678730191 0.25678969033 0.14977911199 0.50357389307 0.14977908589 0.14977908589 0.14978161599 0.25678718633 5.89402544019 18.20042937751 0.25678718633 0.08808564356 0.25678730191 0.50357138907 0.25678980591 0.14977908589 0.25678969033 0.25678730191 0.14977908589 0.14977911199 0.08808564356 0.14977911199 0.14978158989 13.00125656797 0.25678730191 0.14978161599 0.08808313956 0.08808564356 17.13401734735 7.02278196342 0.14978161599 0.14977911199 0.25678980591 0.14978158989 0.25678969033 0.25678718633 0.14978161599 7.73138730329 0.14978161599 0.14978158989 0.14977911199 0.25678730191 0.14977908589 0.08808564356 0.25678718633 0.14978158989 0.14977911199 0.25678969033 13.79865375128 0.25678969033 0.14977911199 18.75457390103 1.09386509711 0.14978158989 0.14978161599 0.25678730191 0.14978158989 2.25959447989 0.25678718633 0.14978161599 0.50357138907 13.22797634694 0.25678969033 0.14977911199 9.55511345179 0.50357389307 0.08808313956 7.60776340999 0.25678969033 0.14977911199 0.25678718633 0.14978161599 0.25678980591 0.14977911199 0.14978161599 0.25678730191 0.08808564356 0.08808313956 0.14978161599 0.25678718633 0.08808564356 0.14977908589 0.25678969033 18.35062548485 0.25678969033 0.14977908589 0.25678718633 0.14978161599 0.25678718633 0.14978161599 0.25678718633 0.25678730191 0.08808564356 7.83094361582 0.14977911199 0.25678969033 0.08808313956 0.25678730191 0.25678980591 0.14978161599 0.25678730191 0.25678980591 0.2894066884 4.59905775819 0.25678730191 0.25678730191 0.14978161599 12.16767237992 0.25678718633 0.25678980591 0.08808313956 10.30499121666 37.1637202845 16.77142764606 0.25678718633 0.08808564356 0.14977908589 0.25678718633 0.14977908589 9.90589755921 0.08808313956 0.14978158989 7.44039340666 0.14978161599 0.25678980591 0.14978158989 15.6923498779 0.14978161599 19.3298407141 0.14978161599 0.14977911199 0.50357138907 0.25678980591 0.08808564356 0.14978158989 16.43312520039 0.08808564356 0.08808564356 0.50357389307 0.14977911199 3.9782008034 0.25678969033 0.08808313956 0.14978161599 0.14977911199 0.14977908589 4.02486394483 0.08808564356 0.14977911199 11.95066516171 8.7384625739 0.14978158989 16.68403263499 0.14977911199 0.25678980591 0.14978158989 18.00309529896 0.25678718633 0.14977908589 0.25678980591 0.14977911199 0.25678969033 0.14977908589 0.25678969033 0.25678718633 0.25678969033 0.14977911199 0.25678718633 1.92591042482 0.25678718633 3.72792164197 0.25678980591 9.69830661274 0.25678718633 0.25678980591 0.14978158989 0.25678718633 0.14978158989 0.14977911199 0.08808564356 0.25678980591 0.14977911199 0.08808564356 0.14977911199 0.14977911199 0.25678980591 0.08808313956 0.08808564356 1.13589430519 0.14977911199 0.14978161599 16.72041962366 0.14977911199 17.08528006489 8.28609372256 0.08808564356 0.25678980591 0.25678718633 0.25678969033 0.25678718633 0.25678969033 0.14977911199 0.14978158989 0.08808313956 17.18450501526 0.50357138907 0.25678969033 0.14977911199 1.3362181023 0.25678718633 0.08808313956 0.25678969033 18.62228541709 28.48745937011 39.1958335248 0.08808564356 0.25678718633 0.14977908589 0.25678969033 0.25678730191 0.14977908589 5.60865117826 0.25678969033 0.08808313956 0.25678980591 0.14977911199 0.25678718633 0.14978161599 0.08808313956 0.08808564356 0.14978161599 0.25678730191 0.14978161599 0.14977911199 0.25678969033 0.08808313956 0.14977908589 0.50357389307 0.25678969033 0.25678730191 0.25678718633 0.14978161599 0.14977908589 0.14978161599 0.25678730191 0.14977911199 7.17073397294 0.25678969033 13.0694387716 0.14978158989 0.14977908589 3.3265895069 0.25678718633 17.76847147633 0.25678730191 0.25678969033 0.25678980591 0.25678730191 0.08808313956 0.25678969033 0.25678718633 0.14978161599 0.14977908589 0.14978161599 0.08808564356 0.25678730191 0.25678718633 0.25678969033 0.14977908589 0.29562749393 0.25678718633 0.14977908589 0.14978158989 0.14977908589 0.14977911199 0.50357389307 0.25678718633 0.25678980591 0.14977908589 0.14978158989 11.59938051002 0.14977911199 0.08808564356 0.14977911199 0.25678969033 0.14977911199 0.14978161599 0.14977908589 0.50357389307 0.14978158989 0.25678730191 0.14978158989 0.08808564356 0.14978161599 0.14978161599 2.73485788114 0.14977911199 0.14978161599 3.20097625218 0.08808313956 0.08808564356 0.14978158989 0.25678718633 0.25678730191 0.08808564356 0.25678730191 8.47528023162 21.67933810495 0.25678969033 0.08808564356 0.14977911199 0.14977911199 16.36127064967 0.08808564356 0.25678969033 0.14977911199 0.25678718633 0.14978161599 0.08808313956 0.14978161599 0.14977911199 0.25678980591 0.08808313956 0.14978158989 0.25678718633 0.25678718633 0.25678969033 0.25678718633 14.63410630192 0.25678969033 17.77798003442 12.76058148202 29.56982928302 17.57474611123 21.09482176238 0.25678980591 0.25678969033 0.50357138907 0.14977911199 0.25678969033 0.25678980591 0.08808313956 0.08808564356 0.14977908589 0.25678718633 0.25678969033 0.35494211609 0.14977908589 0.25678980591 0.08808564356 0.08808313956 0.14977911199 0.14978158989 9.60878308156 0.25678718633 0.25678718633 0.14978161599 11.21807794522 15.32563833063 0.14977911199 0.14978161599 0.25678730191 0.25678730191 0.14978161599 0.08808564356 0.25678730191 0.14978161599 0.25678718633 0.14978158989 0.08808313956 0.25678980591 0.14977908589 0.14978161599 0.14977908589 2.44247482741 13.01908533999 0.25678969033 0.14977911199 7.0749093633 0.25678969033 0.25678730191 0.08808313956 0.25678969033 0.08808564356 0.25678969033 0.14978158989 0.14978161599 0.25678718633 0.14978161599 0.14977908589 0.14978161599 0.14977911199 0.25678718633 0.25678969033 0.25678969033 0.14977911199 0.25678969033 0.25678969033 0.14977911199 1.53983932152 0.14977911199 0.14978161599 0.14977911199 0.14978161599 0.14977908589 0.50357389307 0.25678730191 0.14977911199 0.25678969033 0.14978158989 0.14977911199 0.25678969033 1.17851477596 0.25678980591 0.14977911199 0.14978161599 0.14977908589 0.14978161599 0.25678730191 13.3295976731 0.25678980591 0.14977908589 0.25678980591 10.95250782305 0.14977911199 0.25678718633 0.25678980591 0.25678718633 0.14978161599 0.50357138907 0.08808564356 10.92856644061 0.25678980591 11.18679322431 0.08808313956 0.14978158989 0.25678718633 6.12977181224 0.14977908589 0.14978161599 0.14977911199 14.01839141605 0.14977908589 0.25678969033 0.08808313956 0.25678969033 0.25678718633 0.25678718633 0.25678980591 9.33576697938 7.86953840669 0.08808564356 0.25678730191 0.14977911199 0.14978158989 0.14977911199 0.25678718633 0.14977908589 2.66352888453 0.25678969033 14.70957644816 0.25678718633 0.14978161599 18.34816933089 0.08808564356 0.14978158989 0.14977911199 0.14978161599 0.25678730191 2.24943630665 0.14978161599 9.67880257449 0.08808564356 20.12618143071 20.65779800198 19.4314573295 39.04690666147 16.31344076012 27.84373399902 25.97967975772 80.06413037191 0.14977911199 0.08808564356 0.25678969033 19.84146077683 0.25678969033 0.08808313956 0.25678718633 0.14977911199 0.25678980591 0.25678980591 0.14977911199 0.14978158989 0.25678718633 0.14977911199 0.50357389307 0.25678730191 0.28355135761 5.54015374895 0.25678718633 0.14978161599 0.25678718633 0.25678718633 0.50357389307 0.08808313956 0.14978161599 0.14978161599 0.14977911199 0.08808564356 0.25678718633 2.21142669515 0.14978158989 0.14978161599 0.08808313956 10.9104267828 0.25678980591 0.25678980591 3.07776752524 0.25678969033 7.829538039 0.08808564356 0.14978161599 0.25678730191 5.85072025506 0.14978161599 0.08808313956 0.14977911199 0.25678718633 0.25678969033 0.14977911199 0.08808564356 0.25678718633 0.14977911199 0.25678980591 0.25678718633 0.25678730191 0.25678969033 0.14977911199 0.14978158989 15.64609262681 0.25678969033 0.08808313956 0.14978158989 0.08808313956 6.15761568615 0.25678718633 4.43109403296 0.25678980591 18.6330471908 1.46492023375 0.25678969033 0.25678730191 0.14978161599 17.68568775346 0.25678730191 0.14977911199 18.39205953528 0.14978161599 0.14978158989 0.25678718633 7.01228282112 0.08808564356 4.31975953062 0.25678980591 0.14977908589 0.14978158989 0.14977908589 0.08808313956 0.14978161599 7.06304150315 0.08808564356 0.08808313956 0.14978161599 0.25678730191 0.25678980591 0.25678730191 0.08808313956 0.14978158989 0.25678980591 0.25678980591 0.14977908589 12.94492922534 0.14978158989 0.50357138907 0.25678980591 0.14977911199 0.25678718633 3.14283828578 0.25678980591 4.98981108913 0.25678980591 0.14978161599 0.25678718633 0.25678718633 0.50357389307 0.14977911199 0.50357389307 0.25678980591 18.43729297662 0.25678980591 0.25678969033 0.14978161599 0.14977908589 0.25678980591 0.14977908589 0.08808564356 0.50357389307 17.44208001634 0.14977911199 8.23738955923 0.25678980591 0.08808313956 0.25678969033 0.25678718633 10.01347181009 0.14977908589 15.56536111453 0.08808564356 0.14978161599 0.25678730191 0.14978161599 0.25678718633 0.17439125934 0.08808564356 13.00769810902 0.14977911199 0.08808564356 3.38022093775 0.25678718633 0.25678730191 0.25678980591 0.25678969033 0.25678730191 0.25678980591 0.25678718633 0.25678969033 0.25678718633 0.14977908589 0.25678980591 0.14977908589 0.25678980591 2.82948833278 0.14978158989 0.25678980591 0.14977911199 13.62315488656 0.14977908589 0.25678730191 0.14978158989 10.19499417704 0.14977911199 0.14978161599 0.25678718633 0.14978158989 1.13871198734 0.14978158989 0.50357138907 0.25678980591 0.25678718633 0.08808564356 0.14977911199 0.25678980591 0.25678730191 0.25678969033 19.0786585621 1.89911282342 45.52950000606 11.90768493714 0.42575363846 0.25678969033 0.25678730191 0.14978161599 14.11869101819 0.08808564356 3.71512325933 0.08808313956 13.45285632126 0.25678969033 0.14977908589 0.25678980591 0.14978161599 0.08808564356 0.14977911199 0.14977911199 0.14978158989 0.08808313956 0.25678969033 0.08808313956 0.25678969033 0.25678730191 0.25678980591 0.14977908589 13.89933233822 17.12260152223 0.14978161599 0.14978161599 0.14977908589 0.25678980591 0.25678980591 0.14978158989 0.14978161599 0.14977908589 0.25678980591 0.25678969033 0.14977911199 0.08808564356 0.25678730191 0.25678730191 0.08808564356 10.7435957206 22.94189150178 20.89045919463 20.2276004072 89.40567244436 1.57797175568 0.25678969033 0.25678730191 0.14978161599 2.3170016429 14.83726384417 0.25678718633 0.14978161599 0.14977908589 0.50357389307 0.25678969033 0.25678718633 0.25678969033 0.14977911199 0.25678730191 12.74887462662 32.63827209813 0.14977908589 0.14978161599 14.13421971391 0.25678969033 19.91805693519 0.25678718633 0.25678718633 0.25678980591 2.87178180073 6.40010224825 5.56343907663 18.93452322953 0.25678980591 7.12252594822 6.19833320983 0.25678730191 0.25678969033 0.14977911199 0.25678980591 0.25678969033 15.02083160625 0.14978161599 0.25678980591 0.25678718633 0.08808564356 8.06069681858 17.8939463086 0.14977911199 5.31881187859 0.14978161599 0.25678718633 0.25678969033 0.25678718633 0.14978161599 0.14977908589 7.16366777973 4.87678076982 1.9085391282 0.25678730191 3.64232420689 0.08808564356 0.14977908589 0.83340431411 0.08808564356 16.47542452301 0.25678969033 1.07250579946 0.25678718633 0.25678730191 0.25678969033 0.14978158989 0.25678969033 0.25678730191 0.25678980591 0.25678730191 0.14977908589 17.87076528643 0.14978161599 0.25678718633 0.08808564356 0.25678718633 0.25678969033 0.25678730191 0.14977911199 0.14978161599 0.14977908589 0.14978161599 0.25678969033 0.25678730191 6.10105405871 0.25678969033 0.25678718633 18.67584506149 0.14977908589 0.08808564356 15.3595336746 16.14199771359 0.14978161599 0.08808313956 0.14978158989 0.14977908589 0.14977908589 0.08808564356 13.40338187513 0.08808313956 0.25678969033 1.7205512273 2.17195667917 0.14978158989 0.14977908589 0.14978158989 0.14977911199 0.14977911199 0.25678969033 0.14977911199 0.25678969033 0.14977908589 0.08808313956 0.25678980591 0.14977908589 0.08808564356 0.25678969033 0.25678980591 0.08808313956 0.08808564356 4.12005400561 0.25678718633 8.19421847238 0.08808564356 13.03714962867 0.14977911199 0.25678718633 0.14977908589 0.25678980591 0.25678718633 4.12619309261 0.14978158989 0.14977911199 0.25678718633 0.08808564356 0.08808564356 10.08167750221 0.25678718633 9.04182345812 0.25678980591 0.14977908589 0.08808564356 0.25678980591 0.25678718633 0.25678969033 0.25678718633 0.14978158989 0.25678980591 2.20865390388 0.50357138907 0.08808564356 0.25678730191 0.25678980591 4.32910129323 0.25678730191 19.46469657322 0.25678730191 0.25678969033 0.25678718633 0.25678969033 0.14978161599 0.25678730191 0.25678969033 0.14977908589 3.78808806009 0.25678969033 0.08808313956 0.50357389307 0.14977908589 0.14978158989 9.39964974222 21.45337398801 0.25678730191 0.08808564356 0.14978161599 0.14977911199 0.25678730191 0.14978158989 9.56977811829 21.84448194796 0.14978158989 0.25678718633 0.25678980591 8.39363489216 0.14978161599 10.48887187743 0.25678980591 0.25678718633 0.25678718633 0.25678980591 0.25678969033 0.14977908589 0.25678969033 0.14977911199 0.25678718633 13.0391926387 0.14978161599 11.09850802238 0.14977911199 0.25678980591 6.58994497093 13.41190076345 0.14977911199 0.14978161599 0.25678730191 0.08808564356 0.08808313956 0.25678969033 0.14977911199 0.14977911199 10.54340107856 23.97131549074 0.25678969033 0.25678718633 0.25678969033 0.25678718633 0.14978158989 0.14978158989 0.25678969033 0.25678969033 0.14977911199 0.25678969033 0.25678718633 0.14978161599 13.83775331337 0.25678980591 0.25678718633 0.25678969033 0.25678718633 0.08808564356 13.29396720756 0.25678980591 0.25678969033 0.25678730191 0.14978161599 0.14977908589 0.50357138907 0.25678980591 0.14977911199 0.14977908589 0.14978158989 1.83150221067 5.72527736264 0.25678969033 0.14977908589 0.25678969033 0.14977911199 0.08808564356 0.08808313956 11.76992937027 0.25678980591 0.08808313956 0.25678730191 0.25678980591 0.14978161599 0.14977911199 1.61061488767 0.25678969033 0.14977911199 0.08808564356 0.25678980591 0.25678730191 0.25678969033 0.08808313956 0.25678730191 0.25678969033 0.14977908589 0.25678730191 0.14978161599 0.14977911199 0.25678718633 0.25678969033 0.25678969033 0.14977911199 0.14977908589 0.08808564356 0.25678730191 0.08808564356 0.14977911199 0.14978161599 0.14977911199 15.60109060677 0.14977908589 0.14978161599 0.14977908589 3.88676134679 0.14977908589 0.25678980591 13.51159017756 0.50357138907 0.14978158989 0.25678718633 0.25678730191 0.14978161599 0.14978161599 16.27955438819 0.14978161599 0.50357138907 0.08808564356 7.35860697631 0.14978158989 0.14977908589 0.08808313956 0.25678969033 0.25678718633 7.07037333394 0.14978161599 0.14977908589 0.14978161599 13.41338963507 19.70640982064 25.42686290252 0.25678718633 0.08808564356 0.14977911199 0.3888136114 0.50357138907 0.50357389307 4.06719179368 0.14977911199 0.14978158989 0.14977911199 0.08808564356 0.25678969033 0.08808313956 0.14977908589 0.25678980591 0.14978161599 0.25678718633 18.37301896174 11.3691259241 0.25678969033 0.25678969033 0.14977911199 0.14978161599 0.08808564356 0.14977911199 0.25678969033 0.08808564356 0.25678969033 0.41405437918 0.14978161599 0.25678969033 0.08808313956 0.08808564356 0.25678718633 0.25678730191 0.14978158989 0.25678980591 0.14978161599 0.50357389307 0.08808564356 0.14978158989 0.14977908589 0.14977908589 0.25678969033 0.25678718633 0.25678969033 0.25678718633 0.08808564356 0.25678718633 0.25678730191 0.14978161599 0.08808313956 0.25678730191 10.69121436243 0.14978161599 0.14977911199 0.08808564356 0.25678730191 9.3019549922 0.14977908589 9.79125113335 0.14978158989 0.25678718633 0.14977908589 0.14978161599 0.14978161599 0.25678980591 15.17001777316 0.50357389307 0.25678718633 0.14978158989 0.25678718633 0.50357138907 0.25678969033 17.74307585803 0.14977908589 0.08808564356 0.14977908589 13.84263974033 0.25678969033 0.14977908589 0.14977911199 0.25678980591 0.14978158989 0.50357138907 0.25678969033 0.25678730191 0.25678718633 20.20792601485 0.08808564356 19.18338289755 0.14977908589 0.08808564356 0.14978158989 0.14977908589 0.14977911199 0.14978158989 0.25678730191 0.08808564356 0.14977911199 0.14977911199 0.25678980591 0.25678969033 0.25678730191 0.25678718633 0.08808313956 1.60808585763 0.28586498266 0.08808564356 0.25678980591 16.5605535297 0.25678730191 16.70818139663 0.14977911199 0.14978161599 0.50357138907 0.25678980591 0.14978161599 10.60774811019 0.25678730191 18.39930831279 33.53707124396 0.14977911199 0.50357389307 0.08808313956 0.08808564356 0.14977908589 0.25678718633 0.14978158989 0.25678718633 16.10431352667 22.86832822135 0.25678980591 0.50357138907 0.14978161599 0.14977911199 0.08808313956 0.14977911199 0.25678980591 0.08808564356 16.0506331734 3.76668235052 0.08808313956 0.08808564356 0.14977911199 0.14977911199 0.25678980591 0.14977911199 0.14978158989 0.25678980591 0.25678718633 0.25678969033 0.25678718633 0.25678730191 0.08808564356 0.14977911199 0.08808313956 0.25678980591 0.14978158989 0.14977911199 0.25678969033 0.25678969033 0.25678969033 0.25678730191 0.08808564356 6.33989161067 0.25678718633 0.14978161599 0.14978161599 0.14977911199 0.08808564356 0.25678730191 0.14978161599 0.14977908589 0.25678718633 0.25678969033 0.50357389307 15.27861049983 0.14977911199 0.25678980591 0.25678718633 0.25678980591 0.25678718633 0.08808564356 0.14978161599 0.25678718633 0.14978158989 0.14978161599 0.08808313956 0.25678980591 4.29267799389 0.08808313956 0.08808564356 3.23531851645 0.08808564356 0.25678969033 0.08808564356 0.14977911199 0.14977908589 0.25678980591 0.25678730191 0.25678969033 0.25678718633 0.14978158989 9.07886781039 0.25678730191 7.93464212321 0.25678730191 4.57329290739 0.25678718633 0.25678730191 0.14977908589 17.8906869705 0.14978161599 17.93466983354 0.25678980591 0.14977911199 0.14978161599 16.23072050699 19.59014115449 0.14978158989 0.25678718633 0.61672387694 11.62448850264 0.25678980591 0.14977911199 0.14977911199 0.25678980591 0.25678718633 0.25678718633 0.25678730191 0.14978161599 0.14977911199 0.25678730191 3.77644987216 0.25678730191 0.25678730191 8.99699026683 0.25678980591 0.25678969033 0.25678730191 0.08808313956 0.25678980591 0.25678718633 0.25678969033 0.25678730191 0.25678969033 12.98910538106 0.25678969033 0.08808313956 0.25678969033 0.25678718633 0.25678718633 0.14978158989 0.14977911199 0.25678718633 0.14978161599 0.14977911199 0.08808313956 0.25678969033 0.08808564356 0.25678730191 0.08808564356 0.08808564356 0.25678718633 0.14977911199 0.08808313956 0.25678980591 0.08808564356 0.25678980591 0.25678718633 0.14978158989 0.14978161599 0.25678730191 0.08808564356 0.25678718633 0.14977911199 0.25678980591 0.14977911199 0.50357138907 0.14978161599 0.25678718633 0.14978158989 14.1546467242 13.20435510033 21.431306646 5.06906585816 0.14977911199 0.08808564356 0.25678969033 0.14977908589 0.25678969033 0.25678718633 6.41469924327 0.50357389307 0.14977911199 0.25678980591 0.14977911199 0.25678730191 0.25678980591 0.14978158989 0.25678980591 0.14977911199 0.25678718633 0.25678980591 0.25678730191 13.58891268753 16.50248714103 0.25678969033 0.25678969033 0.14977911199 5.78163423371 6.21904618611 20.63290691468 0.25678718633 0.14978158989 7.97900600989 0.14977911199 0.25678969033 0.08808313956 2.18630530215 0.25678969033 0.25678969033 0.14977911199 0.25678730191 0.14978161599 2.65447883201 22.2495694029 0.14978158989 8.35001061641 0.14977911199 0.25678969033 0.25678718633 0.25678980591 4.00747055083 0.14977911199 14.98640057946 0.25678730191 16.51230460147 35.21675595306 0.14978161599 0.25678718633 8.54698979529 0.14977908589 0.08808313956 16.81216796092 0.25678969033 0.25678718633 8.7729549141 0.25678980591 0.25678718633 0.08808564356 0.7123258634 0.25678718633 0.25678969033 0.14977908589 18.44512579599 29.51341606323 0.08808564356 15.32643919546 0.25678980591 0.25678969033 0.14977911199 0.14978161599 0.08808564356 11.9392727475 0.14977911199 0.14977908589 0.25678969033 0.14978161599 0.47452370687 0.50357138907 0.08808564356 0.25678730191 0.08808564356 0.25678730191 0.25678980591 0.25678718633 0.25678969033 0.08808564356 0.14978161599 0.08808313956 12.20413769803 0.14977908589 0.14978158989 3.25296382372 0.14978158989 0.50357389307 0.25678718633 0.25678730191 7.1638234941 0.25678969033 0.14977911199 0.25678980591 0.14978161599 0.25678969033 0.25678980591 7.54625678788 0.14977908589 0.25678969033 0.25678730191 0.08808313956 0.08808564356 0.14978161599 0.14978158989 0.25678730191 8.17224101915 0.14977911199 0.14978161599 0.14977908589 0.25678969033 0.14977908589 0.14978161599 1.6803636167 0.14978161599 0.25678718633 0.25678980591 0.14977911199 0.14978158989 0.08808313956 16.67230848848 0.14977911199 0.25678980591 0.08808564356 4.26295369045 0.25678980591 5.13269209348 0.08808313956 0.25678718633 0.25678718633 0.14978161599 0.08808313956 0.83041983321 0.08808313956 0.25678969033 0.25678980591 9.54583881152 0.25678730191 0.14978161599 0.14977911199 15.57548411278 0.25678969033 0.25678730191 0.14977911199 1.54625589788 0.25678980591 0.25678730191 0.14978161599 0.14978161599 0.25678718633 7.83874110039 0.14978161599 0.14978161599 0.08808313956 0.14978161599 0.14977911199 0.14978161599 9.67524603656 0.65380811285 29.04141343102 0.08808313956 0.25678980591 0.14977908589 0.14978161599 0.08808564356 17.792203378 2.87621226102 0.25678969033 0.08808313956 0.14977908589 0.25678969033 0.25678718633 0.25678718633 0.25678969033 7.84137574788 0.25678969033 0.14978161599 0.14978161599 0.14978158989 0.08808313956 0.08808564356 0.25678718633 0.14978161599 0.25678969033 0.25678730191 0.14978161599 0.25678718633 0.08808313956 0.25678980591 0.25678730191 0.25678969033 15.30122243426 15.06977034192 0.14978161599 0.14977911199 0.14978161599 0.14978161599 0.14978158989 0.14977911199 0.08808313956 0.25678980591 0.08808313956 0.25678969033 0.14977908589 0.25678980591 0.25678969033 0.25678969033 0.08808313956 0.08808313956 0.14978158989 0.14977911199 0.08808564356 0.14977911199 0.14978158989 0.14977911199 0.08808564356 8.06490064063 5.38343177798 9.61489302214 29.82722362554 0.08808564356 0.25678718633 0.25678730191 11.02001252958 0.14977911199 0.14977911199 0.25678969033 0.25678718633 0.25678980591 0.25678718633 0.25678980591 0.25678718633 0.50357389307 4.94169098111 0.14978161599 0.50357138907 18.21667731717 0.25678969033 0.25678980591 16.76425626023 0.14977908589 0.25678718633 0.08808564356 0.25678718633 0.25678730191 19.00029379468 0.08808564356 0.25678718633 0.25678969033 0.25678969033 0.25678969033 0.14978161599 0.14978161599 1.7942919253 0.14978161599 0.25678718633 0.25678718633 0.14978161599 4.25295081982 0.14978161599 0.14977911199 0.25678980591 0.25678718633 0.25678969033 0.25678718633 4.34128262339 0.14978161599 0.25678980591 13.57736857163 0.25678969033 0.14977911199 0.08808564356 0.25678730191 0.25678718633 0.14978161599 0.50357138907 0.14977908589 0.14977908589 0.14978161599 0.14977911199 19.03603714276 0.08808313956 4.03222128968 0.08808564356 0.08808313956 12.3880550033 2.946306585 0.14978158989 17.94244237715 0.14978158989 0.25678969033 0.14977911199 0.50357389307 0.25678980591 11.5830021181 4.27009238531 0.14978161599 0.14978158989 0.08808313956 13.21403527131 0.14977908589 0.25678718633 0.25678969033 0.14977911199 0.14978158989 0.25678730191 0.08808564356 0.14978161599 0.25678969033 0.14977908589 0.08808564356 0.25678969033 9.73412433605 18.47042613975 0.25678718633 0.14977911199 0.25678969033 0.14977911199 9.40475514789 0.14978158989 16.14887813302 0.14978158989 0.14978158989 0.25678718633 0.25678718633 0.25678980591 0.14978158989 0.08808313956 0.25678980591 16.09313369564 0.14978161599 14.77992632348 0.25678718633 0.25678980591 15.28708004819 0.14978158989 4.4180657312 0.14978161599 0.14977911199 0.14978161599 20.15426123233 0.14977911199 9.67245361823 0.25678980591 0.14977911199 0.14978161599 0.25678718633 0.14978158989 0.08808313956 0.14978158989 0.14978158989 0.08808564356 0.25678718633 0.14977911199 0.14978161599 0.14978158989 0.14978161599 0.14978161599 0.14977911199 2.99951454137 0.25678980591 0.25678718633 0.14978161599 0.25678980591 0.14977911199 0.14978158989 0.25678718633 0.08808564356 0.08808564356 0.25678718633 0.14978161599 0.14978161599 14.55650218424 34.30448600954 37.32426420318 0.25678718633 19.13787302009 5.27837142583 0.50357138907 0.25678718633 18.80383098327 0.08808564356 0.25678718633 0.48118383633 0.08808564356 0.08808564356 0.14978161599 0.14977908589 0.08808313956 0.25678980591 2.82163051906 0.25678718633 0.25678969033 0.08808564356 0.25678980591 0.25678969033 10.06613747933 0.14977908589 0.25678980591 0.14977911199 0.14977911199 0.25678980591 0.34234648861 0.14978161599 0.50357138907 9.16630239436 0.14978161599 0.25678718633 0.14977911199 0.25678980591 0.14977908589 0.25678980591 0.14977911199 0.14977911199 8.34811368582 0.14978161599 0.25678718633 0.25678980591 0.14978161599 0.25678730191 0.14978158989 0.14977911199 0.25678718633 0.50357389307 0.14977911199 0.25678980591 0.25678718633 0.25678969033 0.25678969033 0.25678980591 0.25678718633 0.08808313956 0.14977908589 0.25678969033 0.14978161599 0.14977908589 3.84576164518 0.14978161599 0.25678718633 0.25678969033 0.50357389307 0.25678730191 0.25678980591 0.25678730191 0.25678718633 0.25678969033 0.25678969033 0.14978161599 0.14978158989 0.08808564356 0.08808313956 0.14978158989 0.25678718633 0.14977911199 0.25678980591 1.85989428062 0.08808564356 0.14978158989 8.28292211019 0.14978158989 0.25678969033 0.14977911199 19.38024747008 0.25678980591 0.5805662507 0.25678980591 15.16442134126 13.02732827134 0.14978161599 0.14977911199 0.14977908589 0.25678980591 0.25678718633 0.25678980591 6.17045864975 0.14977911199 0.25678969033 0.14977908589 0.14977911199 0.25678969033 0.14977911199 0.25678980591 0.25678718633 0.08808564356 0.25678718633 0.25678980591 0.25678969033 5.96496631047 0.14977911199 0.14977911199 0.25678980591 0.25678718633 0.25678730191 0.25678969033 18.8917580403 0.14978161599 0.25678730191 0.25678718633 0.14978158989 0.14977908589 0.14978161599 0.08808313956 0.25678730191 0.14978158989 0.08808313956 4.47081622925 0.14977911199 0.08808564356 0.14978161599 0.14978158989 0.25678718633 0.14978161599 0.25678730191 15.56544090805 0.08808564356 0.14977911199 0.08808313956 0.08808313956 0.14978161599 0.25678718633 0.25678969033 0.14978161599 0.14977911199 0.25678969033 0.14978161599 17.13439882456 25.46503318742 17.48915963072 28.42042210862 10.37418441838 12.26325983814 0.14978161599 0.25678730191 0.25678730191 0.14977911199 0.25678969033 0.25678718633 9.96695151137 0.08808564356 4.06130180343 0.14977908589 0.25678969033 0.25678718633 14.20440823732 14.72180006755 5.15751537381 76.55631225515 0.25678969033 14.71736431276 0.14977908589 13.45847108272 18.24069177658 11.51730226698 0.25678718633 11.08579810582 0.14978158989 0.25678969033 0.14977911199 0.25678980591 0.14978158989 0.25678969033 7.63500078683 25.48229205216 31.37592822428 16.3084793746 0.08808564356 11.88865651708 0.25678969033 0.50357138907 0.25678980591 0.14978161599 0.08808313956 0.25678969033 0.08808313956 0.25678969033 1.9789656353 0.08808313956 0.25678718633 0.08808564356 0.14977911199 18.36337362501 0.14977911199 15.73712282103 0.14978161599 0.25678969033 0.25678980591 4.22205503747 13.19473444563 51.44255314699 0.14978158989 0.14977908589 0.25678969033 8.93611389759 0.21827804656 0.25678969033 0.14978161599 0.25678718633 2.18995344076 0.14978161599 0.14977911199 0.14978158989 15.1403016145 0.25678980591 0.25678718633 0.25678980591 6.03130041627 0.25678730191 0.08808564356 0.25678980591 15.41939900471 1.52903448886 0.25678718633 0.25678969033 0.08808313956 14.88904452992 0.25678969033 0.14977911199 0.14977911199 0.08808564356 0.25678969033 0.14977908589 0.14977911199 0.25678980591 0.25678730191 0.14978161599 3.96505335293 0.08808313956 0.25678969033 0.25678969033 0.14978161599 0.25678718633 0.25678969033 0.25678730191 3.13832268764 0.14978161599 3.78019736608 0.25678969033 0.25678969033 0.25678969033 0.08808313956 0.14978161599 0.08808313956 0.25678980591 12.94678103465 14.17732363506 0.14978161599 0.14977911199 16.91844133026 0.93167762336 0.25678969033 0.14977908589 0.25678980591 5.16825746857 40.10506900759 0.25678718633 0.08808564356 0.25678969033 0.08808564356 1.75590429295 0.25678969033 0.25678730191 0.14978161599 0.25678718633 6.73889868553 0.14978161599 0.25678730191 0.25678718633 0.25678980591 0.25678718633 0.14977911199 0.08808564356 0.25678730191 0.08808564356 0.50357138907 0.08808564356 0.25678969033 0.14978158989 0.14978158989 0.25678730191 15.85003427243 0.14978158989 0.25678718633 0.25678980591 7.05016113854 5.58605811685 0.25678969033 0.25678718633 0.14977911199 0.08808564356 0.14978161599 0.25678718633 0.14977908589 0.25678969033 0.14977911199 0.25678980591 0.14977911199 0.25678980591 0.25678730191 15.46641384271 29.24611384423 0.50357389307 11.46345004702 0.25678969033 0.25678718633 0.50357138907 0.14978158989 0.08808313956 0.14977911199 0.25678969033 0.14977908589 0.25678969033 0.25678730191 0.14977911199 0.14978161599 0.14978161599 17.08978540874 0.50357138907 0.14978161599 0.14977911199 0.14977911199 0.14978161599 13.90685465417 0.25678969033 0.14977911199 0.14978158989 10.17633088167 0.14978161599 0.14977911199 0.08808564356 0.14977911199 0.25678980591 0.14977911199 0.08808564356 0.25678718633 0.14977911199 0.08808564356 0.14977911199 13.90369278025 0.25678969033 0.14977908589 0.25678730191 0.08808564356 0.08808313956 0.08808564356 14.2258794459 0.14978161599 0.14977911199 0.14977911199 0.14978161599 6.83200692805 0.08808313956 0.25678718633 0.14978161599 0.14977911199 0.14977911199 0.25678969033 0.25678969033 15.47446252422 10.89732262784 0.08808313956 0.14978158989 0.25678718633 0.25678969033 0.25678718633 0.25678718633 0.14978161599 0.14977908589 18.90679500154 0.25678969033 0.25678718633 0.25678718633 0.25678718633 0.25678969033 0.25678718633 0.08808313956 0.14978161599 0.14977911199 0.14978161599 0.14977908589 19.60591976849 0.14977908589 0.25678980591 18.56141091551 0.14977911199 0.25678980591 0.52416075056 0.25678730191 0.50357389307 0.14977908589 9.76630031103 0.25678718633 0.25678969033 0.25678969033 0.08808313956 0.14978161599 0.25678718633 0.25678980591 0.25678718633 0.50357138907 0.08808564356 0.14977911199 0.14978158989 0.25678980591 1.7921442798 0.25678718633 0.25678980591 0.25678969033 0.25678718633 0.25678980591 0.14977911199 0.25678969033 18.3821181423 0.25678969033 0.14978161599 13.99178575286 0.25678969033 0.08808564356 0.14978161599 0.08808313956 0.14977908589 0.14978158989 0.14977911199 0.14978161599 0.25678969033 0.14977911199 0.14978158989 0.14977908589 7.16142849532 0.25678969033 0.14977911199 0.25678969033 0.14977908589 0.25678969033 18.40758453496 24.96370325491 0.14977911199 5.92483550866 3.06079479203 0.14978161599 0.14977911199 0.14978158989 10.09401569027 9.45961176383 0.25678980591 0.14977908589 0.25678718633 0.25678969033 0.14978158989 0.25678718633 14.96760039303 0.25678969033 1.20274791784 0.50357138907 5.10886916925 12.08077455012 38.49058980396 34.71088943338 0.08808313956 0.25678969033 0.14978158989 0.25678980591 0.14978161599 11.71890081455 0.14978158989 0.08808313956 12.04913226882 16.81467168976 0.14978161599 0.08808313956 18.86873027416 0.25678730191 11.73013999749 0.14977911199 0.08808564356 0.14978161599 0.14977908589 0.25678969033 0.50357138907 0.14978161599 17.55628222525 5.06941972783 0.14977911199 0.14978158989 8.14819808826 30.11412880695 0.14977911199 0.25678980591 0.25678730191 0.25678730191 0.08808564356 3.58724804999 6.50660097044 6.29185952314 0.25678969033 0.25678980591 0.25678980591 0.25678969033 0.25678718633 0.08808313956 0.25678969033 6.21193898516 16.61474505738 0.14978158989 0.14978161599 0.25678730191 0.25678718633 0.25678969033 0.25678969033 0.25678718633 0.25678969033 0.14977911199 0.08808564356 18.67591466586 0.14978161599 15.63381883487 0.25678969033 1.16283404864 0.08808564356 0.50357138907 0.14978161599 0.14978158989 19.85489912319 0.25678718633 0.14978158989 0.25678730191 0.14978161599 3.21772837631 0.14977911199 0.14978161599 0.25678730191 0.08808564356"
General-1-20260518-19:31:59-10638,attr,LoRaNetworkTest.networkServer.app[0],delaySignal:vector,recordingmode,vector,,
General-1-20260518-19:31:59-10638,attr,LoRaNetworkTest.networkServer.app[0],delaySignal:vector,source,delaySignal,,
General-2-20260518-19:39:58-10647,vector,LoRaNetworkTest.networkServer.app[0],delaySignal:vector,,,"7281.49715620542 7301.49715870942 7477.84058101054 7908.20649132509 7948.88511516676 8088.27106829595 8356.16187136353 8393.51039976884 8503.10977587166 8523.10977336766 8573.86019404679 8599.82500398679 8762.80448356811 8850.80342348216 8886.83742876653 9119.02600923419 9231.75305060575 9359.11933200937 9445.36803806804 9726.27485736095 9880.85416139248 9942.64000888386 9975.05301542561 10079.43694155358 10276.65848163849 10334.79950017432 10359.12930970384 10388.96422642624 10433.9367166242 10459.25591002948 10479.25591002948 10525.8645649556 10568.99003385096 10676.90481359844 10763.41246375277 10937.26354323011 11180.13230227932 11200.13229977532 11220.13229977532 11240.13229977532 11278.39830897617 11298.39830897617 11390.58103390958 11862.48203802728 11954.48773567694 11990.71887821383 12113.44680608811 12139.91175751841 12159.91175751841 12295.21275017545 12341.37916469919 12361.37916469919 12539.1808055405 12689.66000481527 12709.66000231127 12729.66000231127 12785.39990406156 12805.39990406156 12825.39990656556 12845.39990406156 12955.09444879945 13038.93036931592 13131.96452980372 13173.39192148231 13279.83139992417 13362.85130107967 13408.05893802672 13613.57177441765 13646.74957582166 13734.1536165451 13769.79721006675 13830.40162837438 13869.56638523576 13987.07223302837 14061.75746148265 14081.75745897865 14107.71807534639 14131.57015741934 14430.28053731218 14465.38001823981 14485.38001823981 14534.52223570656 14599.77363687399 14619.77363436999 14639.77363436999 14659.77363436999 14679.77363436999 14699.77363436999 14898.0069675649 14918.0069650609 14938.0069650609 14958.0069650609 14978.0069650609 15131.252443444 15158.11869425657 15200.46753731212 15272.99478392757 15360.05077783783 15388.73560126543 15408.73560376943 15428.73560126543 15516.56078879525 15816.06368258268 15836.06368007868 16144.72395139414 16164.72394889014 16208.51201954177 16228.51201954177 16295.05067587239 16325.9429515682 16460.75689930795 16603.34711899833 16626.02190579741 16858.0520081996 17005.51503881244 17025.51503630844 17045.51503630844 17065.51503630844 17136.07889302173 17207.2277746067 17352.859032186 17401.75295386837 17474.26185550182 17517.57979233575 17830.46337226272 17850.46336975872 18110.91124176264 18130.91123925864 18163.00732261099 18303.61152461198 18403.18476791065 18569.60340304453 18625.6620982564 18648.14708252525 18683.97390241757 18900.05496374392 18930.50794676706 19000.35685651871 19342.68829084923 19362.68828834523 19382.68828834523 19449.36410954041 19469.36411204441 19494.71928014387 19616.20073073599 19775.20288265712 19934.39208916341 20028.75380996311 20063.07762808597 20161.66398024088 20206.39857122815 20305.00549720371 20325.00549720371 20471.86339857598 20505.02960463816 20628.45953744916 20672.64071058349 20829.98871338894 20889.45595604018 20922.41427570924 21209.99904515969 21246.32918802467 21321.65743422731 21362.51541379206 21408.22667140845 21581.42617922553 21681.75119213217 21855.50407401158 21922.62275317525 21964.45155004752 22001.71273619871 22047.67091164906 22223.17055531368 22261.67563882025 22281.67563882025 22340.72310902683 22416.61646973969 22585.98240986184 22678.257390378 22698.257390378 22721.19884444716 22749.00001770634 23051.10578239347 23134.22043956949 23456.06499011219 23737.68236294009 23861.66701490644 23881.66701240244 23960.77788218566 23981.07418442652 24127.99750254064 24195.99782612043 24322.42165245471 24342.42164995071 24363.30444280089 24418.31731448887 24438.31731448887 24519.24042459383 24539.24042208983 24672.68823917859 24692.68823667459 24863.88843191015 25002.03080375504 25030.70072780135 25173.09905863397 25210.16414430268 25430.87230827018 25469.50034710744 25573.65171416617 25595.02846979358 25825.8940342955 25924.50402314711 26055.05905172404 26124.80227178752 26200.1180904634 26226.7435550447 26351.64532904685 26371.64532654285 26576.02768101295 26637.88611764191 26689.79853372937 26867.12236926246 26950.81951092185 27117.89721240698 27173.72755910738 27258.3092585272 27303.86248170117 27328.70017707036 27429.18162227451 27457.88790137716 27542.07510471798 27659.50885748632 27754.94379809224 27774.94379809224 27802.90375953754 27943.69064600089 27985.96948829586 28376.63476118686 28483.71994315337 28517.88773116694 28644.47384531331 28679.82867031877 28733.58351529706 28897.29811718526 28956.52629917747 28976.52629917747 28996.52629917747 29016.52629917747 29036.52630168147 29056.52629917747 29076.52629917747 29121.17041822619 29466.19352330252 29553.40180377725 29644.88770004887 29664.88769754487 29874.80273237677 29971.52583213749 30308.8307710021 30328.8307684981 30537.00946331377 30619.05091386718 30733.66482188137 30838.24446255675 30910.57758246558 31043.2922721539 31063.2922696499 31139.6838661719 31198.82601411342 31218.82601160942 31238.82601160942 31332.69452270543 31385.06863468251 31467.02602349692 31487.02602099292 31613.53047057052 31658.33795631094 31717.13718061792 31749.18498416022 31938.11941542917 32011.78270307505 32069.60526019961 32245.9628931636 32679.01324303939 32715.11807825962 32845.39159411558 32876.12863303104 32940.25548281005 33033.11436619609 33058.73447557526 33261.68417815445 33363.59455171447 33598.63684124877 33618.63683874477 33748.73178647775 33940.16401580146 34017.47560197008 34075.11607136247 34157.07709146735 34246.23759445474 34266.23759195074 34386.64818311897 34406.64818061497 34426.64818061497 34535.97509012086 34555.97508761686 34898.58932563282 35022.15259000755 35082.42433313556 35146.9663833053 35242.82510124098 35371.09440991814 35470.78637515639 35661.96954072036 35690.65534708506 35844.83306212041 35983.14030164036 36021.58454373895 36136.53864074844 36156.53863824444 36176.53863824444 36305.56544999313 36373.60075798436 36685.74641944443 36708.5051666341 36855.50508268766 36892.71650846461 37045.42229802307 37156.46156120541 37176.46156370941 37206.93665172153 37274.42934656379 37331.73049215968 37376.67192037509 37396.67192037509 37416.67192037509 37560.73726823304 37584.78073513277 37604.78073513277 37673.69159328317 37693.69159578717 37718.98072703206 37972.92457345166 37993.69858870365 38157.95079942804 38305.42236661817 38325.42236411417 38453.74862516177 38557.862838355 38596.10652794036 38616.10652543636 38679.09125823046 38699.09125823046 38911.81446219553 39020.09489985038 39264.31207783042 39385.60509701796 39435.56628234782 39463.51065952723 39501.08552938437 39545.82087112124 39614.44804151392 39646.4604112047 39760.39801358696 39869.32958355684 39889.32958606084 39943.58551375373 40065.53600810944 40116.98097336377 40210.99820615718 40390.75212315841 40462.93757364951 40482.93757364951 40502.93757364951 40573.30767538683 40753.38313247458 40783.68213864438 40886.40713693186 40956.58737965208 41031.41302384717 41200.09066648652 41482.81275121 41538.12047261762 41562.12265416739 41680.36391838478 41700.36391588078 41764.59342168505 41836.9029342496 41856.9029317456 41876.9029317456 41896.9029317456 41916.9029317456 41936.9029317456 41978.10196531995 41998.10196281595 42018.10196281595 42236.53189598043 42256.53189347643 42338.71439749375 42404.19791076021 42454.74704134249 42518.21331983879 42805.77604583553 42840.61074087928 42922.96926491266 42950.88442354971 43024.11398561137 43139.13470520918 43235.75290286822 43255.75290286822 43281.5806808736 43401.16585265347 43542.54677330092 43571.67963435047 43804.09564244742 44069.92725853027 44139.79776654806 44302.70644098043 44322.70643847643 44482.6068746586 44740.31111384514 44769.0723485151 44832.07395086217 44861.55326002174 44964.06938924635 45220.82370762301 45612.08762577373 45880.44181912699 45908.41893132954 45928.41893132954 45948.41893132954 45968.41893132954 45988.41893132954 46075.14714755667 46095.1684689159 46228.82034991259 46248.82034740859 46268.82034740859 46288.82034740859 46308.82034740859 46399.07537198852 46427.45085255242 46474.60730632199 46753.11589277995 46786.04993908187 46852.29532115431 46994.32442023211 47058.49838095006 47193.56792171776 47213.56791921376 47281.11392819234 47305.54158197689 47345.62229186028 47458.0440732533 47587.26932480428 47639.81244944009 47867.74552596307 47970.31612434744 47998.21762908872 48176.93923733962 48280.98441170551 48451.53388060842 48471.53387810442 48713.81031496737 48736.306728024 48867.08161085445 48921.12487605325 49172.75451204477 49209.4926304502 49350.78431291223 49425.18705829947 49445.18705829947 49465.18705829947 49637.11025716455 49664.38058692519 49795.70420664642 50046.9257839009 50357.87476910958 50397.05419752139 50417.05419752139 50447.51381151228 50797.82979344054 50912.29781223825 50966.7165931915 51070.74131019858 51356.86079615254 51376.86079364854 51400.17245415692 51533.89727188113 51553.89726937713 51578.52653844676 51598.52653844676 51618.52653844676 51909.64445107048 51987.31988658998 52041.28414068309 52061.28413817909 52082.34889543781 52246.06949050888 52501.81321973996 52611.65954887118 52631.65955137518 52765.42308887346 52785.42308636946 52805.42308636946 52825.42308636946 52845.42308636946 52900.46581338524 53015.96802583034 53099.7951988939 53121.45635278335 53233.29028615973 53262.66465931998 53351.94209872778 53403.33038055621 53559.56121811505 53579.56121561105 53617.9893645836 53745.88086749256 54149.33659772164 54412.66711699676 54432.66711449276 54452.66711449276 54486.40018937238 54574.16198113594 54679.45023100086 54708.24296849754 55076.62338425685 55133.13137161945 55158.65928253304 55205.40111509169 55305.93104963776 55438.51435842743 55664.34491495528 55684.34491245128 55759.23663941176 55805.87189098412 55876.07578943218 55896.07578943218 56003.88755743842 56049.42888977374 56125.80238868236 56145.80238617836 56251.05149351119 56277.60052209335 56365.42022782391 56395.22839192185 56415.22838941785 56435.22838941785 56554.13932518617 56580.20246838739 56727.57764791347 57024.60740255585 57178.78502816239 57368.65992413996 57514.61543428402 57544.50353434312 57564.50353434312 57584.50353434312 57641.44360913388 57796.98186065698 57901.23250978122 58029.71566855257 58049.71566604857 58101.86157741164 58121.86157741164 58203.97957235473 58232.19434356119 58306.39520806582 58337.73708574788 58357.73708324388 58452.40547208951 58482.68898275672 58578.28761992549 58630.79422634972 58666.99890169731 58817.40733716527 58837.99892169423 59017.64291358961 59074.25422520292 59094.25422520292 59114.25422520292 59134.25422520292 59154.25422770692 59174.25422520292 59266.94355386244 59458.31640024933 59584.42979479049 59792.71445670615 59938.1769211922 60099.51753993234 60152.5762166825 60172.5762166825 60408.04953459251 60433.09677156836 60613.14100043636 60633.14099793236 60697.31201031843 60734.8158325034 60831.14899303255 60864.530634419 61092.18636387198 61210.46290507882 61262.29422889742 61360.46391405187 61402.70625238847 61701.61445709321 61755.26939403792 61883.22288124294 62039.11307360483 62177.97808450594 62197.97808200194 62244.04141971615 62309.63235979358 62482.32611071048 62509.10069686769 62593.74193736484 62613.74193986884 62643.77740387151 62762.15346221957 62813.4029396616 62833.4029396616 62896.86730462113 63013.03354513658 63290.73305046629 63371.55209637478 63511.51989142494 63604.38192813429 63660.95005180272 63744.89588427074 63774.97606502908 63794.97606753308 63841.87299947193 63908.30196775297 64042.48811771431 64129.99433080708 64149.99433080708 64169.99433331108 64189.99433080708 64603.59699236012 64820.59396355155 64840.59396104755 64988.22452287412 65055.80838999373 65197.93773285581 65259.10150195243 65281.07540181301 65583.67583293367 65741.14592981089 65866.96551676273 65924.47797468296 66007.58404332667 66269.7039689223 66502.11407379063 66532.22060543989 66554.25326307864 66574.25326307864 66635.40377232529 66672.65394538032 66692.65394538032 66712.65394538032 66752.20771741951 66854.84260227608 67093.3755486519 67132.55117905506 67169.34297903397 67189.34297903397 67212.60146140539 67236.61659042865 67347.57719636734 67375.52341255648 67435.49190463881 67559.67946950144 67741.73410704663 67780.6392252899 67837.5368780529 67884.54450286349 67989.5948150965 68030.75998102848 68175.61079917159 68209.18002386403 68229.18002386403 68497.81510617473 68539.89289036105 68628.52164643644 68748.85060442591 68785.80096430802 68874.49970390286 69037.37526373236 69057.37526122836 69136.02565436511 69174.34452595032 69202.00051375118 69224.67801371515 69244.67801371515 69264.67801371515 69284.67801371515 69304.67801621915 69324.67801371515 69384.87789405057 69434.99933122457 69485.49176330849 69511.24149405591 69531.24149405591 69649.81490554191 69788.60693039012 69808.60692788612 69917.5690114594 69939.1540430635 70219.02460080558 70283.67803505095 70315.27608504712 70440.81792677329 70522.27007943971 70566.27224438839 70589.3518665467 70642.58535599885 70741.61639623643 70781.1149272273 70828.90859165201 70848.90859165201 70868.90859415601 70926.9460640509 70958.93048572589 71097.6889517196 71223.42280524954 71327.87921579622 71576.10288522824 71596.10288272424 71616.10288272424 71637.25282430878 71657.25282430878 71677.25282430878 71733.35057083442 71753.35056833042 71773.35056833042 71793.35056833042 71835.30889936295 71855.30890186695 71875.82641151294 71906.68504283188 71926.68504283188 71975.12010965631 71995.12011216031 72015.12010965631 72038.03417822053 72104.7063685827 72184.73133846576 72207.22056088121 72286.06284118201 72388.90010684563 72509.48339742062 72761.49050998686 72781.49050748286 72819.80614635736 72839.80614635736 72859.80614635736 72924.01683517955 73045.71159537222 73230.7514580218 73266.12832750152 73440.2748382617 73492.49439881326 73517.13763014548 73537.13763014548 73668.18112047325 73759.39317043625 73779.39317043625 73892.61389059658 73958.21791377765 74069.30540022929 74266.80398622451 74288.15552760554 74373.23010666393 74393.23010916793 74413.23010666393 74433.23010666393 74506.8341667848 74575.30397658534 74697.10249519826 74717.10249269426 74756.88546481207 74778.23443667685 74798.23443667685 74818.23443918085 74911.43806618943 74931.43806618943 75015.22279134756 75035.22278884356 75055.22278884356 75188.07417248814 75241.05045170489 75424.57879312194 75717.21110371965 75737.21110121565 76472.4048990916 76529.27287145798 76549.27287145798 76650.80311994421 76690.10808360025 76857.30132873033 76948.56209866602 76998.41331192767 77152.6500917859 77217.73553234455 77237.73553234455 77310.45013368561 77330.45013118161 77350.45013118161 77568.57605698872 77657.72090396318 77709.07504320972 77755.28944419701 77865.22639534551 78010.5865869859 78030.5865844819 78236.38446226009 78379.48885853556 78588.14843179745 78617.08307854373 78657.11700710516 78677.11700710516 78769.59041917531 79197.50500672285 79266.12630300153 79376.70582302212 79442.42751562188 79488.71927958617 79508.71928209017 79648.62968077515 79720.87062973067 79791.0021051852 79818.20379871126 79857.29431272816 79877.29431272816 79926.05992269691 79998.14456846485 80241.30697445022 80278.14232611846 80590.88657547653 80610.88657297253 80630.88657297253 80777.70966840573 80828.07770792583 80969.01782727787 81011.35282004682 81049.06322645957 81076.38278438685 81262.35386105011 81282.50905344915 81610.76253410396 81712.52186692494 81752.59515583471 81812.43974804807 81832.83168274616 82004.43065648283 82055.30638638143 82102.15108522532 82122.15108522532 82165.1724426837 82197.47227496974 82238.65406824435 82310.35095336982 82330.35095086582 82446.19284531997 82496.30157191538 82748.08379616413 82808.86329433391 82834.91289145387 82854.91289145387 82895.54430231468 82915.54429981068 82938.16959427576 82978.29052145109 83063.8432997444 83084.43355534404 83221.38776168492 83241.38775918092 83416.00979569329 83574.87918040425 83594.87917790025 83625.64677749245 83691.39874618268 83728.82367008814 83888.2482994305 83954.34981329083 83974.75057476885 84324.64844587453 84367.98143510646 84387.98143510646 84550.48872505129 84581.39102143968 84601.39102143968 84856.85047358616 85084.60614863843 85178.33580540787 85300.97171398134 85518.28265571355 85580.22661810383 85620.084988846 85702.96949258327 85784.20416684305 85955.62446758985 86005.23723100359 86106.25968425887 86202.76724750439 86290.68712449735 86372.75944531474 86547.1369937017 86621.48440075477 86659.55341131785 86858.83216011263 86961.47899773341 87035.65160751524 87175.0450207781 87210.70298502584 87232.08114959044 87252.74799235473 87284.60259559978 87486.80661123446 87771.16480322599 87825.5630784495 87939.76459157035 87968.7758762196 88101.71449095757 88121.71448845357 88141.71448845357 88218.87688083546 88238.87688333946 88441.69396885778 88461.69396635378 88496.66954262574 88519.06949638083 88539.06949638083 88559.06949638083 88595.59977810655 88667.29907455741 88687.29907455741 88728.36134397865 88755.81002705941 88809.61645847585 88844.80324682486 88919.67000866369 88939.67000615969 88959.67000615969 88979.67000615969 88999.67000615969 89044.15236853561 89097.40410634963 89234.02868066884 89299.80630093228 89319.80630093228 89339.80630093228 89359.80630343628 89437.50863547735 89457.50863547735 89657.36188585885 89677.36188335485 89767.63427798541 89796.05695377363 90004.75815489404 90083.53828252285 90180.74608504543 90266.74777231268 90345.31913795993 90415.63337650251 90681.64120620749 90796.89004174099 90858.48008873118 90887.14599472854 91115.77479860255 91135.77479609855 91238.60135650036 91286.30888279528 91306.30888279528 91353.66670188555 91471.81466235225 91556.12672975627 91610.1118155372 91647.48737772968 92026.94507557315 92113.04678449747 92195.87360040615 92425.27875271472 92466.02238237183 92615.78217712552 92635.78217462152 92655.78217462152 92675.78217462152 92751.56107883598 92900.13560978917 93230.531118308 93250.531115804 93270.531115804 93290.531115804 93310.531115804 93330.531115804 93350.531115804 93426.28009579204 93466.10621931344 93610.00628417379 93699.50399071733 93765.8699074087 93800.43182071583 93877.68295682365 93903.35271212795 94009.74980388302 94053.00817419613 94203.77438614574 94231.75522759793 94310.19961918324 94360.94523170724 94380.94522920324 94431.13521712006 94496.7987149439 94530.1193165083 94575.81861133617 94630.52232423256 94714.44314314012 94750.95216441519 94783.82820967392 94876.14605286937 94897.09225443881 94974.81908038499 95025.97055902738 95084.11206410569 95121.78168215003 95265.7369340598 95333.96600361882 95491.71426940664 95533.09852307119 95557.87330628175 95620.54795846436 95755.00903811916 95900.5509135763 96017.31467646374 96075.07163699403 96324.1788622573 96463.68971653732 96635.57598138589 96655.57597888189 96675.57597888189 96815.20948883806 96882.46012317602 97278.33309105778 97301.20438999065 97321.20438999065 97537.23800554533 97703.36710885186 97746.12057764946 97771.93227229731 97797.23676482647 97937.38911664837 98048.29437168163 98122.25546044758 98307.03872131241 98327.03871880841 98347.03871880841 98452.26610753369 98472.26610502969 98705.65635115709 98725.65634865309 98764.49556356716 99277.38927041886 99398.59001031746 99419.38277982745 99658.17480202266 99678.17479951866 99826.75471295257 99862.04509465548 99883.19252354913 99909.47839661356 100004.06704643517 100031.36129054744 100099.33463664703 100140.69910611174 100367.12003007467 100472.98240685149 100550.0282029358 100655.60506421135 100827.37277878833 100847.37277628433 100995.65894012547 101070.53077532147 101154.06240158799 101253.52454905788 101273.52454905788 101293.52455156188 101382.36812170251 101424.83577143061 101463.01143401091 101528.65935743454 101678.61515439086 101702.69750922243 101769.76370198289 101789.76370198289 101838.51690122005 101858.51689871605 101971.25718785621 101996.90348665645 102059.72414466136 102158.97490903 102178.974906526 102205.09706012091 102362.66857217806 102600.42623042446 102680.24785323964 103017.93826172473 103093.22129795409 103125.57206302225 103145.57206552625 103204.27309530736 103224.27309530736 103789.54249962247 103841.09943999209 103912.94331591606 104084.83779070231 104147.8441482415 104239.51533012882 104330.23318672489 104371.88827700576 104829.87027289145 104861.27244545929 104934.83690301048 105000.40970028489 105049.38182204303 105213.28979575875 105269.84114937887 105376.01631227467 105471.86384735589 105675.41399390753 105744.49815144357 105829.27748350366 105977.53975397894 106026.14080217582 106046.14080217582 106109.28206864118 106136.76574726133 106236.70776210525 106301.15720949556 106330.15811138376 106430.65314776919 106653.7652575665 106987.83620883526 107038.18503696021 107058.18503696021 107078.18503696021 107098.18503696021 107228.67616111918 107248.67615861518 107285.38280504524 107324.56179638003 107344.56179638003 107364.56179888403 107592.66131954684 107637.3710829599 107657.3710829599 107677.3710829599 107821.73220500839 107900.72323589626 107975.71815307123 108172.94847819746 108355.76403626581 108377.90027642426 108397.90027642426 108504.2836098398 108702.50080008335 108841.50540432021 108877.21782398052 108897.21782398052 108928.14876063903 108977.53470322863 108997.53470072463 109055.61686702768 109075.61686702768 109095.61686702768 109320.380167795 109427.31980880247 109447.31981130647 109550.76737110462 109622.91865550184 109642.91865299784 109665.97039755602 109742.42923799472 109973.8856746662 110163.1323349892 110240.59171605784 110260.59171605784 110367.94077801649 110675.54599528623 110695.54599278223 110912.46837486814 110985.50774631875 111060.55283973037 111091.56001170178 111154.07325290787 111369.70329277339 111389.70329026939 111482.50814425025 111586.65152649714 111635.74341506111 111701.95228089243 111737.20709202602 111802.70884965455 111822.70884965455 111928.55654180104 112004.81424266819 112055.61070284836 112117.79708489274 112235.43235675758 112334.12983660454 112434.07643790143 112516.5601635984 112547.49722960206 112567.49723210606 112587.49722960206 112625.07335619495 112645.07335619495 112720.74377283061 112754.45305645546 113327.72925396679 113357.78687616675 113395.81674435808 113525.15325480023 113564.31749885131 113623.88023865233 113720.92255130863 113749.3261829145 113769.3261829145 113789.3261829145 113809.3261829145 113954.87197687557 113974.87197437157 114175.43958916659 114221.94502463261 114280.05139955566 114349.79669072821 114445.26618037415 114510.1282586584 114532.87594539664 114636.77528290269 114756.72536122713 114797.09635050882 114892.10678477203 114912.10678477203 114934.22273347522 115235.2511179091 115399.48976997203 115434.77023679405 115570.95924085757 115733.25915370394 115799.34061861298 115950.02411012975 116074.01492114933 116157.55237014328 116261.04810217643 116293.05849842687 116315.21684126463 116335.21684126463 116481.82321781824 116648.67144743432 116714.10760981188 116745.70448479536 116791.92629861038 116941.69701737537 116961.69701487137 117150.83054972154 117211.38686776432 117232.97301904551 117391.99929611559 117417.36970088208 117453.9084459533 117595.3335092435 117649.51400810024 117669.51400810024 117812.38944086268 117832.38943835868 118023.70285057841 118169.11178893539 118267.74123812905 118327.839381763 118579.22347559086 118603.01960656304 118693.9268155049 118854.27697280062 118996.04098274992 119022.68978504074 119393.48938518383 119456.11320859913 119477.40983990884 119532.70537300057 119750.35934106782 119827.09605586703 119919.88373741394 120147.55699233797 120228.34431708709 120297.81883451229 120317.81883200829 120402.55791562764 120434.47204148987 120588.98981446543 120723.19042109535 120847.07157851001 120919.67924049381 120939.67924049381 120959.67924049381 121042.17180772285 121062.17180521885 121152.17645031107 121230.47837655748 121335.41935720944 121443.59809591055 121463.59809340655 121611.37783887761 121631.37783637361 121678.35465457581 121791.05574098991 121824.87727329154 121864.81590179701 121895.69409550484 121977.46350051566 122216.19058680995 122451.19173317208 122514.12703920892 122674.96167533983 122694.96167283583 122754.64355538316 122914.61773505598 123069.94005631081 123208.39881956741 123239.6802980819 123259.6802980819 123279.6802980819 123678.6089461138 123930.9025677267 124046.24680033504 124200.11657485082 124286.65993617914 124321.9104146303 124402.26415600436 124527.29431001874 124558.53505126544 124692.18837963266 124768.90152298075 124788.90152298075 124808.90152298075 124828.90152548475 124848.90152298075 124868.90152298075 124888.90152298075 124979.16185908235 125014.77613008902 125256.55500641092 125341.20554074011 125371.05220173134 125521.87622468175 125550.72457989124 125683.35079890564 125726.20304131515 125746.20304131515 125790.62535163548 125810.62535413948 125900.85275380425 126127.54768956898 126232.62290697186 126252.62290947586 126468.76275335561 126540.23812335931 126679.66165454712 126781.53701569797 126816.50251340772 126937.55048604291 127009.71279576425 127291.53215473039 127390.51980382449 127568.55154781535 127588.55154531135 127608.55154531135 127628.55154531135 127903.07971330045 127954.71709599987 127974.71709599987 128034.47237857342 128071.27608872763 128171.95083135376 128191.95082884976 128267.35545705555 128333.80437642951 128355.45943553835 128402.7638920726 128426.33427599316 128446.33427599316 128494.74272074803 128517.93558657918 128595.91542775302 128690.78319244289 128710.78318993889 128759.02384463141 128784.85473267407 128863.73263949936 128955.45754085368 129025.14094162149 129069.43643393752 129144.16271575905 129164.16271826305 129233.68744179252 129269.00054932353 129292.45855583634 129312.45855333234 129394.25082849441 129505.64682711207 129731.62849215533 129751.62848965133 129790.60183809537 129967.3306022321 129992.10359202428 130052.13801998773 130124.25452445852 130144.25452195452 130251.88047158825 130318.40775674335 130380.32584755876 130400.32584505476 130492.24246035561 130613.53310971808 130651.89892748543 130862.14804785588 130887.03443105522 130993.33702741357 131013.33702490957 131050.43448876778 131176.12979333189 131246.73881145478 131329.84484432434 131349.84484182034 131387.01897374723 131423.0050487738 131516.48932932147 131598.27187700841 131816.61414257083 132062.78755310394 132432.88815771201 132565.51312899455 132622.71972555441 133120.05321195649 133158.08146721004 133208.69791207256 133228.69791207256 133261.2244675923 133820.67123873092 133872.20555050977 133923.23349368706 134040.93131537327 134100.06758937337 134191.57368969273 134244.6487133106 134264.6487133106 134284.6487133106 134453.94618768488 134543.66019282268 134688.62657201136 134708.62656950736 134728.62656950736 134770.3332195241 134910.99897666702 135052.91784798408 135135.37817966184 135180.95565409961 135292.06622504966 135330.03462933805 135392.59158457664 135428.69816596355 135452.15050442442 135653.92592335157 135718.24283371335 135738.24283371335 135949.50467630927 136149.70615998446 136207.91611858571 136272.54342380217 136498.91798320819 136540.19083290763 136560.19083290763 136592.29130533546 136678.80933486507 136740.02776346096 136799.23852082899 136849.02513503946 136869.02513503946 136940.96435390711 137039.65794662864 137129.66925271015 137177.90339809664 137252.66177945897 137272.66177695497 137306.55202170796 137503.60036116157 137637.16820266926 137825.28357439342 137914.28623845138 137934.28623845138 138042.04277322902 138124.67589901464 138154.54384894467 138210.09223718656 138474.56885592946 138662.95736016047 138689.09208866115 138720.12071510928 138814.6850433403 138866.28313567736 138931.18537828968 138960.24958841508 139114.90866838224 139250.57229017988 139551.39194838758 139571.39194588358 139644.75744146866 139716.73468067543 139736.73467817143 139848.33196087645 139868.33195837245 139888.33195837245 140018.93549857723 140038.93549607323 140170.03620901758 140300.46970019631 140337.53752110721 140357.53752110721 140377.53752110721 140416.32334313775 140719.87233101212 140750.46096338156 140874.67037058653 140913.49837838276 141029.09955276298 141254.46121769341 141324.80244778142 141430.44234427204 141450.44234176804 141619.06773111641 141680.63324801438 141852.05874337546 141928.0504850152 142106.75475989497 142142.4115599724 142313.05720799533 142340.02683352833 142365.03927018371 142426.52183296493 142446.52183546893 142489.08480430568 142650.52836930571 142682.23364097609 142749.77770327638 142769.77770327638 142896.40167125177 143078.12310329857 143360.57267350508 143456.24821983245 143490.17489080577 143711.42741426413 143731.42741176013 143795.78739931708 143998.69233368351 144020.0815564824 144093.63949011557 144113.63949011557 144152.71061962212 144338.64145721572 144628.44265978849 144666.11939322426 144753.30490374646 144877.24905674403 144995.67539810445 145241.20444365606 145322.27441251722 145384.25028681963 145428.83557959644 145448.83557959644 145512.90978634878 145546.90476134393 145729.5806431975 145967.98781567115 146431.81781901641 146459.02537649777 146501.32252486637 146677.00709292196 146697.00709041796 146728.2037939149 146782.15242099017 146814.64295369759 146841.59930559158 146976.72087208885 147028.75791969357 147107.73792784759 147127.73792534359 147258.96727975579 147307.62763783604 147327.62763783604 147347.62763783604 147443.25790840805 147542.98208762499 147562.98208762499 147694.64518689285 147743.94590585552 147763.94590585552 147847.29427481843 147921.96378406034 147962.46474378976 147986.89437886652 148006.89437636252 148174.76784957309 148238.118359081 148332.92832331538 148352.92832081138 148444.88010503703 148494.33341774633 148538.65401194601 148787.65161086475 148850.47007091861 148944.74863767857 148964.74863517457 149129.29630250036 149149.29629999636 149169.29629999636 149190.82053384272 149210.82053384272 149241.67031911651 149307.20686283064 149453.95185471235 149546.3523392661 149604.72217576745 150134.87465445682 150154.87465195282 150204.91418365735 150268.87892768586 150399.87940186023 150480.43250847134 150550.08350837782 150667.6067618908 150825.19672255533 150873.9798799677 150987.74440527605 151052.36665553413 151142.01673655361 151162.03223505092 151219.6676662897 151321.82358595706 151422.73506989788 151442.73507240188 151854.78294382457 151937.12411413398 152268.56816911389 152349.72690096982 152371.42881714069 152440.43161280758 152548.36481801818 152664.78514377674 152720.51388157149 152740.99828694187 153065.59527352871 153233.82366581486 153276.18561987203 153296.18561987203 153428.61881757187 153474.83181622437 153503.8907188171 153539.65378407926 153592.3040716053 153643.5156230349 153786.72017118851 153829.92287017171 153938.11378892145 153979.80749324758 154103.61004668668 154123.8028481419 154328.1075084163 154367.47801187692 154387.47801187692 154447.53022061599 154544.10878426731 154672.66469486488 154772.524888681 154792.524888681 154812.524891185 154879.22558495074 154899.90255206819 154928.67938206968 154995.39255328952 155126.62574542145 155520.84573987298 155620.30454669966 155642.98467982496 155834.50634429528 155893.00440931326 155952.88799517981 156073.92268045661 156225.88321276041 156385.69385919051 156405.69385668651 156525.28361357228 156545.28361106828 156698.71438979739 156777.7896449969 156812.50578570221 156862.49120822611 157130.41807918716 157150.41807668316 157198.75388472534 157261.27741156455 157303.19661164972 157447.96992696537 157493.93753668393 157557.88765553084 157591.47757754925 157653.3328902553 157775.59046982486 157841.15468969014 157861.15468969014 158034.92482555824 158054.92482305424 158090.57978562231 158208.5674868233 158330.56238063607 158355.84878215441 158642.97990208848 158662.97989958448 158920.73784627968 158992.66317787974 159037.71877635551 159181.23965508356 159378.19600630414 159440.88383340397 159487.95548236432 159566.93195384835 159611.38911891598 159631.38911891598 159651.38911891598 159783.43795552673 159803.43795302273 159886.26767642151 160045.17296228204 160072.04073616583 160107.15215370033 160326.94583472176 160457.22109190126 160477.22108939726 160519.35979683684 160598.37334016036 160739.49718175889 160778.48505384397 160798.48505384397 160867.2522774038 160950.53361985914 160970.53361985914 160996.46782368337 161094.2263638363 161400.8153212625 161636.7941216727 162225.6363394847 162245.6363369807 162372.8731904674 162395.83058270042 162415.83058270042 162579.53034891788 162599.53034641388 162619.53034641388 162770.07456727264 162975.64999926075 163065.06011690286 163113.12315765206 163141.45101368631 163249.89832839363 163319.40924551136 163432.29417910614 163461.03051185081 163710.4918230022 163754.7347287242 163803.01192042621 163885.38791318602 164113.65312436722 164137.59535654244 164228.95110220536 164366.11641098969 164408.24811168451 164575.27384994401 164654.72302520702 164704.93399191466 164895.98269922352 165191.24350215254 165211.24349964854 165275.47480523966 165337.86329862542 165383.86549017971 165641.78414443761 165872.26888088001 165927.02004722753 166045.15911510539 166149.9167315791 166265.08086421701 166285.08086171301 166333.05160946447 166455.4357454759 166475.4357429719 166495.4357429719 166562.83833723184 166594.25438091354 166725.21321780443 166755.61891615909 166781.23106864678 166858.01229977445 166894.07421469347 166918.40633545909 166981.9717761901 167029.294014664 167197.78781001745 167349.8981093318 167369.8981068278 167389.8981068278 167427.17453306662 167518.36600346132 167564.14389146363 167597.36712283885 167821.18182287888 167841.18182037488 167887.82180221664 167969.25352118378 167991.57496790811 168059.80175203566 168122.6206584183 168210.11741118922 168230.11741118922 168298.47114359105 168358.39781877633 168378.39781877633 168398.39781877633 168434.24543647336 168454.24543396936 168508.3977305033 168593.28088080906 168631.98744140391 168909.15020641655 168929.15020391255 168949.15020391255 169012.77431774423 169032.77432024823 169083.93427965812 169196.86167365701 169323.7183994127 169408.46886162548 169454.39112926301 169691.27884187456 169819.52945231814 169907.48420569828 169927.48420569828 169961.44124086565 169986.935775801 170020.04592985085 170162.42359196772 170243.1460400927 170365.82909934914 170457.98156487836 170557.08577278726 170577.08577028326 170633.40950614473 170659.64258856009 170697.58039241549 170717.58038991149 170780.82917300141 170936.66217309585 171034.08051916419 171070.37920451238 171092.05000970292 171179.91970997581 171205.98850715965 171225.98850465565 171373.09224855384 171506.86652846667 171554.18155381882 171602.1579141404 171681.78908089191 171741.42193813501 171766.74558168069 171820.06616566725 171859.74718533481 171906.11029150309 171926.11029150309 172062.13276183035 172436.48713772015 172527.37103094644 172648.60260616318 172669.37354731803 172701.01770184579 172726.58013123081 172948.19239621492 172968.19239371092 173122.40889616623 173318.73668091059 173455.77729920257 173475.77729669857 173537.41897010681 173641.5168440341 173692.44831663799 173795.71317712963 173827.54085843617 173879.67486119624 173948.69243200089 174010.68945626954 174062.39460835128 174131.64433176886 174157.07544819292 174218.89218076186 174489.91143900678 174558.07772614038 174641.50259301132 174661.50259050732 174729.72025692964 174749.72025692964 175074.86771728513 175398.18573275775 175429.29075753658 175500.76721305685 175569.96981216255 175608.92009081611 175779.34122959411 175840.3518299914 175943.25840088368 176029.88440965808 176052.35897051532 176269.694887015 176292.83203355635 176320.22210307659 176506.91593170843 176526.91592920443 176555.11728289403 176595.30631032247 176652.53192618876 176679.86525016752 176759.90523421957 176831.04398460836 176992.12944706675 177025.22470790425 177082.89981880853 177132.02544191541 177193.12957324497 177213.12957324497 177247.30580244116 177305.95105395201 177518.20549507847 177584.95632133986 177741.95739323957 177822.15509452538 177919.31222542136 178353.3397613046 178448.08099766547 178583.49562798459 178649.83267787871 178809.32272647754 178852.95367847912 178893.06756582072 178913.06756582072 178967.73175775274 179071.7799740178 179091.7799765218 179253.57220283062 179513.73525380065 179659.53883065928 179706.36059002025 179777.54420466581 179827.7341153357 179915.72494135986 179942.90528684152 180048.69377745612 180068.69377495212 180247.51512622369 180267.51512371969 180325.39517153724 180459.27747651635 180493.97994567362 180560.87670818861 180580.87671069261 180724.61133062594 181085.81512325829 181218.72021877436 181238.72021627036 181258.72021627036 181378.30687602947 181693.32978054436 181913.03012829396 181959.22133104351 182069.5242689659 182363.57790165423 182384.56816713577 182432.42283055403 182597.16231158752 182638.00635998084 182689.15734213655 182730.45631753485 182858.05213666334 183016.58390592334 183097.73997184928 183122.08539312993 183286.05414327041 183313.44374752557 183488.07493772654 183511.70842949785 183557.93674374921 183694.68464161252 184081.55345764045 184101.55345513645 184155.72833985513 184213.28282291007 184272.53914187568 184438.14987870614 184479.18053059884 184521.32384917049 184782.91529019438 184843.33736899937 184962.18151470489 185244.48701528147 185313.93926836485 185333.93926836485 185389.90109498526 185422.69339594318 185465.06602171985 185502.54238302276 185579.68287377291 185748.15007725172 185833.01980448952 185897.55047394637 186057.09297459003 186123.12424261676 186171.81865696508 186205.25834976005 186228.83691289373 186484.00153229312 186746.07530029168 186807.40659470895 186852.65694330476 186899.85413420863 186971.94521757199 187437.67512599638 187457.67512349238 187530.880415212 187686.94494793849 187711.1908239127 187733.68598193073 187757.03842262229 187832.70575085222 187933.52465505409 187953.52465755809 187973.61071468236 188071.39121332889 188091.39121583289 188505.93961787633 188572.85096607109 188798.22629762405 188848.6157258772 188881.93940548037 189015.84241343223 189054.43252852419 189135.51826531292 189186.71143327564 189235.46144076333 189353.84394538532 189373.84394288132 189561.74796873634 189856.44882694987 189940.24943079968 190079.79833791669 190213.73643759131 190359.25805492916 190493.79079977178 190619.97864344283 190848.80576568887 191084.14339173179 191104.14338922779 191163.43091808935 191232.35207524191 191258.14410761856 191352.82234700863 191426.39596266173 191515.21415870572 191586.00489299501 191606.00489299501 191903.01718731886 191971.85692097015 191991.85692097015 192361.78414850755 192405.45537534836 192524.13412585121 192544.13412334721 193206.03011527809 193226.03011277409 193301.9012157167 193404.70165142389 193435.72444265917 193455.72444265917 193552.98637079141 193589.23633966074 193660.6026906506 193680.6026931546 193737.16594876712 193884.52075260024 193972.57736244513 194000.1619026632 194020.1619051672 194212.2278743252 194263.91438903254 194340.92254281967 194600.53114882407 194742.50594107823 194898.5052563169 195059.58880348548 195199.90590384713 195219.90590134313 195258.59291363603 195318.32944897929 195524.05807515407 195603.61567088745 195711.63758039704 195731.63757789304 195955.73997524085 196041.91209892342 196163.91552130438 196195.8764165029 196292.03731924049 196312.03731673649 196332.03731673649 196565.34647029417 196649.94699337446 196721.2422398987 196960.17653989071 197095.57907916708 197198.86210059635 197230.51735492096 197305.3992488707 197559.84763065157 197644.03822172486 197719.97029527051 197776.90832628389 197796.90832628389 197866.08491429508 197959.28562906732 197979.28562906732 198150.93060247212 198265.90121624257 198389.89331480489 198968.94123583792 199245.61405529448 199511.59293893108 199641.6945360873 199737.50852033924 199757.50852033924 199828.53600496987 199947.66045402546 200022.82488835569 200073.26634702351 200199.54937330805 200219.54937080405 200406.10689929624 200426.10689679224 200446.10689679224 200630.43863253111 200716.8504532636 200961.22452910464 201027.05551979413 201072.50229999379 201114.10419968202 201209.64947469458 201270.72614400531 201312.81657067608 201403.32570998769 201477.42715976971 201509.7383482402 201559.6698108233 201579.6698083193 201599.6698083193 201993.47176431381 202099.9352479878 202139.25424388827 202240.10388750213 202294.03468030251 202400.97958874824 202486.01341820852 202506.01341570452 202572.95989360903 202656.57389984544 202676.57389734144 202703.10253857971 202744.78290366274 202764.78290366274 202824.54700492218 202853.55566260682 202947.67227712507 202997.55379887087 203103.30919831984 203199.33619839259 203299.33824137043 203323.22796231307 203466.65617355425 203541.92033122747 203628.19146930384 203672.00446512986 203713.23882982481 203786.19281721152 203818.75920567323 203861.48661412439 203902.23355325807 203922.23355576207 203942.23355325807 203962.23355325807 204088.51543519825 204238.49270802054 204318.43887724139 204393.19568691159 204531.82799859086 204607.82619702546 204631.7280479542 204651.7280479542 204716.14672047324 204743.50531970108 204862.83260334013 204888.12058415426 204909.54613407309 204938.71933856531 205347.07529632665 205381.51504057637 205511.55488499548 205580.36096431141 205911.33869340016 206013.32335116287 206033.32335366687 206160.10685356694 206180.10685106294 206220.33238201142 206240.33238201142 206277.26073648562 206339.4772605619 206457.92398106502 206575.16338566959 206607.93849122084 206957.29910836454 207074.57617090573 207094.57617340973 207114.57617090573 207240.24689384523 207260.24689134123 207312.98437257525 207364.77514812261 207430.14384207802 207513.9585040501 207533.9585015461 207553.9585015461 207734.99255823338 207836.82329612197 207955.44840033285 207975.44839782885 208061.37238146734 208096.64401772859 208116.64401522459 208236.85451184324 208390.88866208612 208565.97907104986 208616.3941443788 208708.68301968863 208773.68066555966 208859.51875848297 208993.42456167099 209077.7560129165 209184.96361828927 209219.58222946325 209387.20538646898 209447.14529159926 209545.68830773859 209575.47801584334 209595.47801584334 209801.60842887447 209908.99005056485 209930.66404751428 210000.30196580879 210060.6233691734 210154.4534491496 210174.4534491496 210269.42102775402 210334.12109747389 210354.12109747389 210374.12109747389 210501.63824396511 210659.43313699165 210679.43313448765 210857.62859727336 210877.62859476936 210927.41449447039 210947.41449447039 210980.67390714723 211274.41766520121 211322.76114157912 211674.72442470034 211745.99768710921 211777.75651522851 211922.74680291496 211942.74680041096 211980.72601161933 212002.06691742616 212092.28213639376 212176.54393981596 212249.58478628821 212423.54367907089 212447.19009988279 212469.24464529117 212752.77684640394 212772.77684389994 212892.46832616227 212934.87933104284 213043.92538733394 213108.93526203479 213167.14258389066 213251.85870767943 213271.85870767943 213291.85871018343 213311.85870767943 213382.44932522969 213402.44932522969 213422.44932773369 213564.2523223954 213699.32525682328 213986.55236532373 214041.95510790504 214102.16698424761 214141.75613984372 214209.23498211335 214229.23498211335 214270.47880668547 214411.65723408897 214479.23649599021 214499.23649599021 214519.23649599021 214581.04386830545 214770.91994958161 214899.66846564684 215138.44334088726 215345.53671449538 215365.53671199138 215389.0911381122 215520.34445273099 215564.56623555515 215584.56623555515 215691.11799220873 215843.58364114294 215869.80777274124 215978.66754874746 216110.39759190728 216285.14708775144 216572.61859919783 216592.61859669383 216666.2361943086 216889.05895920569 216945.83120482353 216965.83120482353 217017.70842648997 217063.38721549353 217133.24478479721 217304.99722644717 217405.95090291249 217425.95090541649 217519.07715693673 217664.96110021062 217698.05789585344 217761.67362171184 217783.37043641252 217861.93764158035 217917.0180134031 217937.0180134031 217964.52653884904 218265.46101794486 218668.28289401579 218688.28289151179 218720.87143953962 218740.87143953962 218760.87143953962 218911.33135158344 219137.76148196367 219274.04210482193 219313.31887170312 219446.02286081655 219578.69363147985 219662.34930363898 219719.83256594038 219812.97789766775 219832.97789766775 219993.98810545928 220056.68786883233 220256.01009976676 220422.67564963512 220499.08894258728 220662.17343403004 220682.17343152604 220864.27687452338 220884.27687201938 220980.38256138429 221000.38256388829 221037.91030088129 221137.53578450482 221246.87926838805 221370.89290557543 221391.95390760421 221413.0810610261 221524.4907530571 221544.4907505531 221613.24560786787 221633.24560786787 221778.81897917391 221926.77081201274 222172.94057154938 222223.71119474754 222243.71119474754 222405.04418701327 222518.89946942209 222667.64141600984 222934.44808646662 222984.01310290529 223010.74086167654 223137.02133992357 223157.02133741957 223193.43330642149 223213.43330642149 223268.45998707834 223639.49229955401 223659.49229705001 223757.02395723524 223839.30190152201 223869.05909866723 223891.27052733486 224073.87632993663 224166.53491513093 224186.53491513093 224231.00215552232 224319.1350560605 224417.47730583216 224491.24880418671 224930.79666506407 225215.27031826708 225333.76281143852 225414.96267169864 225517.90131708753 225592.82124232362 225915.63451461068 225935.63451210668 226002.6840898991 226057.67697898166 226131.61632920573 226176.69243758353 226246.36059703256 226407.20156852563 226517.78415287103 226600.99744886969 226650.87911250937 226670.87911250937 226827.67360663506 226857.52840588233 227101.52860004485 227258.32790218977 227330.70080039123 227360.86472409058 227488.44196226893 227515.15469145654 227572.73377419265 227596.32293538753 227616.32293789153 227723.83209615727 227802.06589156776 227903.22582545509 227952.36655211961 228205.61598699774 228225.61598449374 228271.42902929043 228564.96027580268 228650.4297402862 228684.25312707429 228744.28175250469 228819.38279993401 228859.10298187187 229040.82774646634 229097.12774938154 229125.28943935123 229197.79623176904 229217.79622926504 229245.48691236424 229272.27499871213 229294.87003793418 229314.87003793418 229350.05785247214 229424.50966805128 229451.97651387715 229538.45251585958 229575.14790175329 229653.5191821456 229919.5147660376 230048.1709750771 230128.0193279923 230235.242906549 230255.242904045 230275.242904045 230325.63015778661 230346.59222057313 230408.35312562448 230428.35312312048 230481.4975863535 230503.20798140521 230523.20798140521 230543.20798390921 230567.05734351075 230587.05734351075 230750.44555365506 230845.48060704403 230865.48060704403 230895.3707059732 231260.14914729046 231450.56779843086 231510.3177835118 231530.3177835118 231875.49857664344 231906.33521470352 231948.71359142651 232034.44915381494 232146.70503337695 232182.37994699068 232296.01340627206 232695.14473000717 232715.14472750317 232759.60708957886 232808.42132072412 232839.02701798942 232859.02701548542 233178.79246197849 233198.79245947449 233218.79245947449 233325.013638411 233345.013635907 233393.32140313359 233416.6288287169 233545.20251354022 233573.95047353654 233626.11651735968 233718.40317374322 233738.40317123922 233799.90239688384 233819.90239688384 233839.90239938784 233877.27998933139 233908.7744432119 233990.59754656586 234069.26110274803 234227.49020874818 234331.02022867292 234426.48519801334 234582.52787383219 234623.00762744193 234744.82913362201 234971.78149918485 235067.70672857041 235134.75007708978 235160.62372468125 235214.74191641605 235234.83217581432 235263.415620369 235304.15487260091 235459.90857610628 235479.90857360228 235609.64545384673 236013.05410494392 236328.40793498806 236420.81022610234 236440.81022610234 236486.41663188794 236544.36199969829 236706.00987807237 236776.26177666169 236827.51541207975 236928.23218278056 237080.05258328673 237237.54406919533 237386.35565152197 237644.94283684022 237725.02395437874 237745.02395437874 237765.02395688274 237785.02395437874 237813.81408050076 237867.69025037326 237887.69025287726 237933.31577873897 237953.31577873897 238035.62580231782 238416.00933756416 238436.00933506016 238601.84686940201 238794.56864242805 238822.36501613543 238868.67856779349 238900.81702473265 238924.73759930045 239014.6413965178 239041.12688051191 239332.45933111597 239368.85568376354 239609.74015315438 239707.00634423357 239995.17282378652 240070.644060024 240090.644060024 240476.06690024255 240729.59098112839 240770.8053008424 240806.28795423646 240934.01451542453 241012.86426126939 241049.31146821427 241069.31147071827 241089.31146821427 241204.14896825097 241290.10086503197 241334.77334154736 241407.45422618302 241451.58795762154 241471.58796012554 241491.58795762154 241511.58795762154 241531.58795762154 241649.1258223916 241709.90179840555 241743.84135729583 241793.42428202755 241813.42427952355 241833.42427952355 242195.76982287286 242272.65259875934 242311.31959240129 242394.63510124954 242511.02695095251 242531.02695345651 242551.02695095251 242571.02695095251 242591.02695095251 242643.73307275933 242663.73307526333 242791.21687420148 242828.33624198863 242848.33624198863 242938.1383396539 242958.1383371499 242978.1383371499 243003.01465076715 243072.85944852615 243178.55301293648 243209.40424354576 243482.80766067207 243502.80765816807 243555.01118256457 243693.87365806252 243741.5370964809 243780.43978060947 243801.42423867614 243821.42424118014 243841.42423867614 243861.42423867614 243881.42423867614 243901.42423867614 243921.42423867614 244021.508826246 244164.02819952631 244241.95258527415 244374.82751144166 244466.82256937669 244565.66488778672 244917.52056331647 244962.88428413767 244982.88428413767 245002.88428413767 245047.94136145565 245096.83537903373 245217.60483380866 245280.91728907549 245300.91728907549 245464.60787834338 245571.29771169884 245631.60422131809 245830.29049955056 245870.96695668277 245937.51034574502 245980.91253531729 246031.44921185982 246076.16062526979 246277.97859119354 246375.66491296286 246405.3265465986 246431.36281462833 246458.27190202326 246478.27190202326 246524.62134018875 246564.46432004756 246600.54291018743 246630.07860106298 246650.07860106298 246675.20549606149 246737.37064945309 246757.37064694909 246814.89680584421 247263.16652817249 247306.94676921376 247402.74167858264 247595.14621056836 247649.08675700594 247681.68729143122 247709.69830239766 247949.18550077243 247989.28912940086 248053.88296793059 248075.7031296695 248127.54199367564 248147.54199367564 248218.43417007819 248253.61641639021 248473.47689167212 248574.89606760361 248628.90179906228 248662.31698914644 248686.92762005829 248918.60548793926 249121.43750763489 249282.75472705151 249302.75472454751 249367.78730425556 249407.66354913669 249454.9500271788 249478.23499492112 249590.32769879133 249652.86310935879 249928.06869602676 250074.03919127181 250219.36194515565 250313.54754882202 250529.48416398684 250775.54268179395 250894.85920362908 250914.85920613308 250934.85920362908 251070.85784090907 251246.57853394169 251325.31076080372 251351.99310592913 251421.18253686977 251777.36350162338 251797.36349911938 251817.36349911938 252039.39775280824 252107.52759152124 252204.37798954163 252566.05857607047 252724.18296163089 252749.06508844474 252806.05811689521 252944.27669845279 253075.55100263244 253140.43730655898 253230.54759113593 253250.54758863193 253380.42531428079 253418.32537008134 253555.53099778415 253584.94507850953 253606.14130699441 253693.53663114764 253799.27120642131 253819.27120892531 253845.04739401511 253909.72560254048 253985.8602962777 254072.27888642823 254315.24213655444 254347.37068339874 254419.03480818731 254480.95873490605 254658.6003549657 254678.6003524617 254822.4112258646 254867.79733442817 254887.79733442817 254907.79733442817 255180.80122156597 255371.10965402856 255431.65754991191 255543.25522034943 255767.34015451866 255831.38301899733 255854.64295924126 255923.72448315471 255981.34972575729 256045.15802254586 256195.27571023065 256241.38802122463 256267.5126973472 256347.96858826305 256396.95443375344 256639.0360443537 256685.79911204429 256905.65463293194 257026.02030608316 257254.42656179578 257276.1493615744 257296.1493615744 257430.64567713738 257739.53892014897 257776.31481824145 257815.47766276472 257910.14837586946 257930.14837336546 258006.81322315312 258051.28886460583 258151.8997499068 258171.8997524108 258530.69047990877 258589.82710492675 258708.09334926612 258842.44852063482 258996.08723166263 259106.98431679705 259196.43247735428","0.50357138907 16.74233360547 0.14978161599 0.14978161599 0.08808313956 0.14978161599 0.25678969033 0.25678730191 0.14978161599 4.55677952752 0.14977908589 0.14977908589 0.08808564356 0.25678718633 0.25678969033 0.08808564356 0.14977911199 0.14978161599 0.25678718633 0.14978158989 0.25678969033 0.14977911199 0.25678718633 0.25678969033 0.08808564356 0.08808313956 0.25678718633 0.50357138907 0.08808564356 0.14977908589 16.24893767922 0.14977911199 0.14978158989 0.14977908589 0.25678980591 0.14978161599 0.25678969033 14.11513087398 12.700966472 39.38110169795 0.14977911199 6.58751651319 0.08808564356 0.14978161599 0.25678718633 0.25678980591 0.25678969033 0.14977908589 1.93782186844 0.25678969033 0.14977908589 12.96753125788 0.08808564356 0.14978161599 15.0681975761 28.89673880522 0.08808313956 4.2381937285 14.77405292579 3.41563190972 0.14978161599 0.50357138907 0.25678980591 0.25678718633 0.14978161599 0.25678718633 0.08808564356 0.14978158989 0.25678718633 0.08808564356 0.14977908589 0.08808313956 0.14978161599 0.08808313956 0.14978161599 18.94693955897 0.25678730191 0.25678718633 0.25678980591 0.14977911199 15.00817183686 0.14977911199 0.14978161599 15.03656670591 26.93183090013 12.65010140823 38.53731185984 24.41799647218 0.25678980591 2.88794384976 16.85013570877 22.90381097921 80.0469665578 0.14978161599 0.25678730191 0.14977911199 0.25678980591 0.14977911199 0.25678718633 5.61701461454 9.8601391408 0.25678718633 0.25678969033 9.14828599218 0.25678980591 9.92032017933 0.14977911199 2.45112049563 0.25678969033 0.25678718633 0.25678969033 0.25678980591 0.14977911199 0.25678969033 0.25678969033 16.96195144851 15.97984311555 34.33646811063 0.25678980591 0.25678718633 0.08808564356 0.14977911199 0.14978158989 0.14977911199 0.14978161599 1.33205208836 0.25678969033 12.61519101366 0.14977911199 0.25678969033 0.14977908589 0.25678980591 0.14977911199 0.08808313956 0.14977908589 0.14978161599 0.14977911199 0.25678718633 0.14978161599 7.46958458045 17.62664427997 0.14977908589 0.7336921965 0.25678718633 0.08808564356 0.14978161599 0.08808564356 0.25678730191 0.25678980591 0.14977908589 0.50357389307 0.14977908589 12.92067295837 0.25678980591 0.25678718633 0.14978161599 0.25678718633 0.08808564356 0.14977908589 0.14977908589 0.14978161599 0.08808313956 0.08808313956 0.25678980591 0.08808313956 0.08808564356 0.14977911199 0.25678969033 0.25678718633 0.25678718633 0.14978161599 0.25678718633 0.14978158989 0.25678718633 9.20409223065 0.08808313956 0.25678980591 0.50357389307 0.25678730191 14.14336372249 0.14978158989 0.14977911199 0.14978161599 0.14977911199 0.14978158989 0.08808564356 0.25678969033 1.30370466092 0.25678730191 0.14977911199 0.25678969033 0.14977911199 0.08808564356 2.06464875272 0.14977911199 0.14977908589 12.68595620508 0.14978158989 16.59521240231 0.25678969033 18.21752797409 0.08808564356 0.25678969033 0.25678730191 0.25678969033 0.25678730191 0.14978158989 0.25678730191 0.14978158989 0.25678730191 0.14978161599 0.08808313956 0.25678980591 0.14977911199 0.14978161599 0.14977911199 0.25678969033 15.91914051577 0.25678969033 0.14977908589 0.25678718633 0.14978158989 0.25678718633 0.25678969033 0.08808313956 0.25678980591 0.14977908589 0.25678730191 0.14978161599 0.08808313956 0.25678718633 0.08808564356 0.08808313956 14.87858456597 0.25678969033 0.14978161599 0.14977911199 0.25678969033 0.08808313956 0.25678969033 0.14978161599 0.25678718633 0.25678730191 0.14978161599 0.50357138907 1.60491649869 8.67081526342 3.97660056333 16.18606896045 15.09797063119 4.079976574 0.08808313956 0.50357389307 0.25678730191 0.08808564356 17.608914688 0.25678969033 0.14977911199 0.14978161599 18.02060636162 0.14978158989 0.08808313956 0.14978161599 0.14977908589 0.14978161599 0.08808564356 16.3921583605 0.25678718633 0.25678980591 10.57837654322 20.48106936207 0.14978161599 0.25678718633 0.08808564356 13.15913919532 0.08808564356 0.14977908589 0.25678730191 0.25678969033 0.14978161599 0.25678730191 0.08808564356 0.14978161599 0.25678980591 0.14977911199 0.14978161599 0.14977908589 0.08808313956 0.14978161599 0.14977908589 0.50357389307 0.14977911199 0.25678980591 4.27918864889 0.14978161599 0.14978161599 0.14977908589 0.25678980591 0.14977911199 0.08808564356 16.43936192708 0.08808564356 12.51630230463 25.38117394709 0.25678969033 15.34517225652 0.14978161599 0.14978161599 0.14977911199 0.25678969033 0.14977908589 0.25678980591 0.08808313956 0.25678969033 0.25678718633 0.08808564356 0.14978158989 0.25678718633 0.25678969033 7.84204463615 2.03646237421 0.08808564356 0.25678718633 0.14978161599 0.14977911199 0.08808564356 0.25678718633 0.25678980591 0.14977911199 12.88378728679 0.14977911199 0.25678718633 0.14978158989 0.25678718633 7.04292976913 4.92422768562 0.08808564356 0.25678718633 4.23800164563 0.50357138907 14.35993177781 0.25678730191 0.25678969033 0.14977911199 0.25678969033 0.14978161599 15.36342269854 0.25678969033 0.25678718633 0.25678969033 15.26692409601 0.25678718633 13.50991693457 0.14978161599 0.14977908589 0.14978161599 0.25678969033 0.14977911199 0.25678718633 0.14977911199 0.08808564356 0.14977911199 0.25678730191 0.14978158989 0.14977911199 7.49046164478 0.14977908589 0.14978158989 0.14977908589 0.25678980591 0.14978158989 0.08808313956 4.10950840737 11.32575123893 0.25678969033 0.14978161599 0.14977911199 0.25678969033 0.08808313956 0.14978161599 0.14978161599 0.14978161599 0.25678730191 0.25678718633 0.14978161599 3.53280570109 0.50357138907 0.25678969033 1.30436336672 14.97171312197 4.28382044544 9.31398340629 19.80531861481 0.25678980591 6.71538226961 15.42906024718 0.14978158989 5.23134088983 0.14977911199 0.14978161599 0.08808313956 0.25678730191 0.25678980591 0.08808313956 0.25678718633 0.25678969033 0.14977908589 0.08808564356 0.14977911199 16.0978229156 0.25678969033 0.25678718633 0.14978161599 0.14977908589 0.25678980591 0.08808564356 0.08808313956 0.14978161599 0.95478141728 0.14978161599 0.08808564356 0.25678730191 0.25678718633 0.25678969033 0.14977908589 0.25678969033 0.08808564356 0.08808564356 0.25678730191 2.50101359198 5.82475217553 9.18348123518 9.63093769938 0.25678980591 0.14977911199 0.14978161599 15.63193282678 29.93889849363 3.0832378561 5.62935178738 0.25678980591 0.08808313956 0.25678718633 0.25678969033 0.25678718633 0.25678730191 0.14978161599 0.14977911199 0.14978161599 14.21340629374 0.14977911199 0.14977911199 0.14978161599 0.25678718633 0.14978161599 0.08808313956 0.25678969033 0.25678718633 0.25678980591 0.08808564356 0.25678730191 0.14978161599 19.42915519093 0.14978161599 0.14977911199 0.14978161599 0.50357138907 0.08808564356 0.14977911199 0.14978161599 0.14977911199 5.83599999464 22.68710559769 0.25678969033 0.14977911199 0.25678969033 0.25678969033 0.14978161599 0.25678730191 7.13291948425 0.14977911199 0.14978158989 0.14977911199 0.14978161599 0.50357138907 0.14978158989 3.39892825169 0.25678718633 0.25678980591 10.10429493256 0.08808313956 3.80382983848 6.67129398217 0.50357389307 0.14977911199 0.14978158989 15.88748488944 0.25678718633 0.08808564356 0.14978161599 0.14977908589 11.17121076554 0.25678980591 12.67429840685 2.60107799615 2.05243860598 22.42406155986 0.14978161599 0.08808313956 0.08808564356 0.25678730191 0.14978161599 0.14977911199 0.14977911199 0.14978161599 0.14978161599 2.25211461981 0.08808313956 0.08808564356 0.14978161599 0.08808564356 7.8495187157 10.83078500558 0.25678718633 0.25678969033 0.25678718633 0.25678969033 0.25678969033 0.25678718633 0.08808313956 0.25678969033 0.14977911199 0.14978161599 0.14978158989 13.99063162795 0.14977911199 0.25678980591 0.14977908589 19.62415424414 0.14978161599 0.25678730191 0.25678980591 3.83110862016 0.08808564356 0.25678718633 0.14977911199 0.14978158989 5.50652686685 20.63288896829 0.25678969033 0.25678730191 0.14978161599 0.14978161599 0.14978158989 0.25678980591 0.14978161599 0.14977911199 14.61845691975 25.2974347911 0.25678969033 0.14978158989 0.14977911199 0.25678969033 15.22522519093 0.08808313956 19.78609319017 0.25678969033 0.25678730191 0.14977911199 0.14978161599 15.31053533717 0.25678730191 0.25678969033 0.14977911199 0.08808564356 0.08808313956 0.14978161599 0.14977911199 0.25678969033 0.25678730191 15.18213953914 19.43596402221 10.31104388323 40.00023244743 6.53358069779 0.14977908589 0.25678969033 0.25678969033 0.14978161599 0.14978161599 0.14978161599 0.14977911199 19.36650176862 0.50357389307 0.14977911199 0.50357389307 15.41778948608 0.14977908589 0.25678980591 0.25678730191 0.14978158989 0.25678969033 0.25678730191 0.25678980591 0.14977908589 0.50357389307 0.25678980591 0.25678718633 0.14978158989 0.50357389307 0.25678980591 5.38424221615 0.14977911199 0.14978161599 0.14978161599 0.25678730191 0.25678718633 9.79794169471 0.14977911199 0.25678980591 0.25678718633 13.04413353492 0.25678980591 0.14977908589 0.14978161599 0.14977911199 0.14978158989 0.25678730191 0.25678980591 0.25678718633 0.14977908589 14.45093338953 0.50357138907 0.25678730191 0.14978161599 0.14977911199 2.4869714007 4.63357485709 7.34706941532 0.25678980591 0.25678969033 13.43047382916 0.25678969033 0.14977908589 0.14978161599 0.14977908589 0.25678718633 0.25678980591 0.08808564356 0.08808564356 0.25678718633 0.25678980591 0.14978161599 0.14978161599 0.25678730191 0.14977908589 18.97126035271 0.14978158989 0.25678718633 7.12002337412 6.51103693074 0.50357138907 0.25678969033 0.14978161599 0.50357138907 0.25678730191 17.75302322969 0.25678730191 0.50357389307 0.14977911199 0.08808564356 0.14977911199 0.25678969033 0.14978161599 0.25678718633 0.14977911199 0.14978158989 0.14977911199 0.25678969033 0.08808564356 0.25678730191 7.78934714714 0.25678969033 0.25678718633 0.50357389307 0.14978161599 0.14977911199 0.08808564356 0.08808564356 4.01385105369 0.25678718633 0.14978161599 0.25678718633 0.14977908589 14.993211157 31.06500648493 15.39147186346 21.74045316782 17.80680917174 0.25678718633 0.25678969033 0.50357138907 0.14977908589 17.29542963206 0.25678980591 0.25678969033 16.08736512692 0.14978161599 0.14977911199 0.14978158989 0.08808313956 0.14977908589 0.25678980591 0.25678718633 0.08808564356 0.14977911199 0.25678718633 0.25678980591 0.25678730191 0.14977911199 5.01185728072 1.66462656867 0.14977911199 0.08808313956 0.08808564356 0.25678980591 0.50357138907 0.25678980591 7.37839037585 9.11875558316 0.25678718633 9.61284587976 13.20195619193 0.14978158989 16.3166106185 2.02496272939 14.71447097058 0.14977908589 8.63858932968 0.25678718633 0.14977908589 7.30243424157 0.25678718633 15.58071976323 10.83220491733 0.25678718633 0.14977911199 0.25678980591 0.25678718633 0.25678718633 0.14978158989 0.08808564356 0.08808564356 0.77596405915 0.25678718633 19.28429432339 2.89563852896 0.25678980591 0.08808564356 0.14978161599 0.25678730191 0.14978158989 0.08808313956 0.14977911199 13.6470181916 0.25678980591 0.14977908589 6.04945590736 0.25678980591 0.25678718633 0.25678980591 0.08808564356 0.25678730191 0.25678730191 17.07978811583 9.24438984197 16.49580258409 0.14977911199 0.25678980591 0.25678969033 3.08980556077 0.25678718633 0.14977911199 10.16697403322 18.24594778323 0.25678730191 6.08463879861 0.25678980591 16.93924587606 20.14640476691 0.08808564356 0.08808313956 0.14978158989 0.08808564356 17.16484384929 0.25678969033 0.14977908589 18.06327979523 0.14978158989 0.14977911199 0.25678969033 0.25678718633 0.14978161599 0.14978158989 0.08808313956 2.47519039562 0.25678980591 11.46899491464 4.2274325719 0.25678980591 0.08808313956 0.25678969033 0.08808313956 0.14978161599 0.25678980591 18.84999039472 0.25678969033 0.25678980591 0.14978161599 0.25678730191 0.14977911199 10.51178963342 0.25678969033 0.14978158989 0.08808313956 0.14978161599 0.25678730191 0.08808313956 19.46256156496 0.50357389307 0.25678730191 0.14978158989 0.25678718633 0.25678718633 3.62592334113 0.25678969033 0.08808313956 0.25678969033 0.25678718633 0.08808564356 9.7607652421 14.81051900249 0.14978158989 0.25678718633 0.25678969033 0.08808313956 0.14977908589 0.14977911199 0.14978161599 0.25678730191 0.08808564356 0.14977908589 0.14978158989 0.14977908589 0.14977908589 0.14978161599 0.25678718633 0.14977911199 9.75658773181 0.25678980591 0.08808313956 0.08808313956 0.50357389307 15.87463692488 0.14978161599 0.14977911199 0.25678969033 0.14977908589 0.25678718633 8.85549293442 0.25678980591 7.1538297244 0.08808313956 0.14977911199 0.25678980591 0.14977908589 0.08808564356 18.96605701007 0.14978161599 0.08808564356 16.10357624832 0.14977908589 0.14977911199 0.14978161599 0.14978158989 0.14977911199 0.50357138907 0.14978158989 0.14977908589 18.1884062459 0.14978161599 0.25678718633 11.2097371514 0.50357389307 0.14978161599 0.25678730191 0.25678969033 0.08808564356 0.14977911199 0.14977911199 0.14978161599 0.25678718633 0.25678980591 0.08808313956 0.14978161599 0.14977911199 0.25678980591 0.14977911199 0.25678969033 0.25678718633 0.14977911199 0.14978161599 0.50357138907 0.25678980591 0.14978158989 0.25678730191 0.14977908589 0.25678718633 0.25678718633 0.08808564356 0.14978158989 0.14977908589 0.14978158989 0.14977908589 0.08808564356 17.90033796042 28.61867413783 0.08808313956 12.69780603324 0.08808564356 10.17656092127 0.08808313956 0.25678718633 4.4692633996 6.43396628716 0.25678969033 0.14977911199 15.38825926151 0.25678980591 0.14977911199 0.25678718633 0.25678730191 0.08808564356 18.66130851013 19.44634628605 30.20054859352 34.46473740448 0.08808564356 0.08808313956 0.14978161599 0.25678718633 15.67162968529 24.99029036847 25.76535281819 0.25678730191 1.83336062238 0.14978158989 2.97250083058 0.25678718633 0.14978161599 0.25678969033 0.14977911199 0.25678969033 0.25678718633 0.25678980591 0.25678718633 0.08808564356 0.14977911199 0.25678969033 0.25678730191 0.08808564356 10.66760596976 0.14978161599 0.08808313956 8.54359037796 0.14977908589 0.25678969033 0.14977908589 0.50357389307 0.14977911199 0.25678980591 0.08808313956 0.25678969033 0.14978161599 0.08808313956 0.14978158989 1.57239203176 24.15792456383 30.114495541 0.08808564356 0.25678980591 0.25678969033 3.0408191768 3.68800076777 12.8753120754 27.47352048603 34.8657923836 34.28094200926 0.08808564356 0.14977911199 0.14978161599 0.08808313956 0.14978158989 0.14977911199 0.25678718633 0.08808564356 0.25678730191 0.25678969033 0.25678969033 0.14977911199 0.08808313956 0.08808564356 17.53016304758 0.25678718633 0.25678980591 0.25678718633 0.25678718633 0.14978158989 0.25678730191 0.25678969033 0.25678718633 0.14978161599 0.25678718633 0.25678730191 0.14978158989 0.08808313956 0.25678718633 0.14978161599 0.08808313956 0.25678980591 0.14977908589 0.50357138907 0.14978158989 0.25678980591 0.25678980591 0.08808313956 0.14978158989 0.14978158989 0.14978161599 0.25678969033 14.28346114296 13.42068702028 0.14978161599 0.25678718633 0.25678969033 0.14977908589 8.310745433 0.14978158989 0.25678980591 0.25678718633 0.25678730191 0.14977911199 0.14978161599 0.08808313956 0.25678969033 0.14978161599 8.46298153267 23.92592476634 0.14978158989 0.69062443262 0.14978161599 1.14255289257 0.08808313956 0.25678980591 0.14978158989 0.08808313956 0.14978158989 6.91122170432 0.25678980591 0.14977911199 0.25678718633 0.25678730191 0.14978161599 0.14977908589 0.14977911199 0.08808564356 0.14978158989 0.25678718633 0.25678969033 0.25678718633 0.14978158989 4.76119123711 0.14978158989 0.25678718633 0.25678980591 0.25678718633 6.80037023918 12.5240777833 0.25678730191 0.14978158989 0.25678718633 0.25678718633 0.25678980591 0.14977911199 0.25678730191 18.6152328943 0.14978161599 8.97885822042 0.25678980591 0.25678730191 0.25678730191 0.14978158989 3.95522272428 0.14977911199 0.25678969033 0.14978161599 0.14977908589 0.14978161599 0.14977908589 0.14977911199 12.81535782858 0.08808313956 19.57332878096 0.25678969033 0.25678718633 0.14978158989 0.25678969033 0.25678718633 0.08808564356 0.14977908589 0.25678969033 0.25678969033 0.25678718633 0.25678718633 0.50357389307 0.25678730191 0.25678980591 0.25678718633 0.25678980591 0.25678718633 0.25678980591 0.14977911199 0.25678980591 0.14978161599 0.14977911199 16.83000790229 0.25678969033 0.25678730191 0.14978158989 0.25678730191 0.25678718633 0.25678980591 0.25678980591 0.25678969033 0.14977908589 2.85340870555 6.21240713317 38.30384637796 0.14978158989 5.24073526494 0.14977908589 0.08808313956 14.66865635725 17.41580553056 0.25678980591 0.25678730191 6.00423800525 7.12781877188 0.25678980591 0.25678718633 0.25678969033 0.14978161599 0.14978161599 0.14977911199 0.93090083399 0.14978158989 0.14978158989 0.50357389307 0.14977908589 4.01321953072 0.25678730191 0.14978158989 10.00300153837 0.14977908589 11.53874306915 3.9908449354 0.08808564356 0.25678718633 2.04247861921 0.08808313956 0.08808564356 5.28415344764 0.14977911199 0.14977911199 0.14978161599 0.25678980591 0.08808313956 11.39359099497 0.14978161599 0.25678969033 2.05239754852 0.14978161599 0.14977911199 0.08808564356 0.08808313956 0.08808313956 0.25678980591 5.32339356334 0.14977911199 0.25678969033 0.25678718633 0.25678730191 0.25678969033 0.14977911199 15.42361868726 0.25678980591 0.25678718633 0.14978158989 0.14977911199 0.25678969033 0.50357138907 0.14978161599 0.14977911199 0.14977911199 3.0008619216 22.14615131867 0.08808313956 2.03979363478 0.14978161599 0.14977908589 0.14978161599 0.25678730191 0.25678718633 0.25678969033 0.08808313956 0.08808313956 0.25678969033 0.25678730191 17.27186777095 2.81234024921 8.42130738933 0.08808564356 6.92401680614 0.14978161599 0.25678730191 0.14977908589 0.25678969033 0.25678718633 0.14978161599 0.14977911199 0.08808564356 0.14977911199 0.25678980591 0.08808313956 1.5016613615 0.14978161599 0.14978161599 0.25678969033 0.25678718633 0.08808564356 0.14978161599 0.14977908589 0.14978161599 0.14978161599 0.25678730191 0.25678969033 0.08808313956 0.25678718633 0.78640842491 0.14978158989 0.25678969033 0.25678730191 0.25678718633 0.14978161599 0.25678980591 1.04487529498 0.14978161599 0.14977908589 0.25678730191 0.25678969033 0.14977908589 0.08808313956 0.14978158989 0.08808313956 8.14315997809 0.25678969033 14.4366768015 0.25678969033 0.25678969033 0.25678718633 0.25678980591 0.14978158989 0.08808313956 0.14977911199 0.25678980591 0.14978158989 0.14977911199 0.25678969033 0.14977908589 0.14977908589 0.14978158989 0.25678969033 0.14977911199 0.14978161599 0.14978158989 0.14977908589 0.08808564356 14.14052999106 0.14977908589 0.25678969033 0.25678969033 0.14978161599 0.14978161599 0.25678718633 14.02970416338 0.577463522 0.14978158989 7.81236468046 0.25678730191 0.08808564356 0.14977908589 0.14978161599 4.9794152196 0.25678969033 7.00334021029 0.08808313956 0.25678980591 0.25678718633 0.14977911199 0.25678730191 0.25678969033 0.25678980591 0.25678969033 0.14977911199 0.25678980591 11.96776633061 0.08808313956 0.25678980591 0.25678969033 0.25678969033 0.25678730191 6.08287524316 11.95460863171 0.14978161599 0.14978161599 0.25678718633 0.14978161599 0.14977911199 0.25678969033 0.14977908589 0.50357389307 0.25678718633 0.25678969033 0.14977911199 0.6807232301 7.62648672519 0.16389931138 1.40715042204 2.33640361835 17.74276154144 0.08808564356 0.14977911199 0.14978158989 0.14977911199 0.14977911199 0.25678980591 0.08808313956 0.08808564356 0.14977911199 1.68484491369 0.25678730191 13.72177570839 0.08808313956 0.25678980591 0.08808313956 16.23860799789 0.25678980591 0.25678730191 0.25678980591 0.08808313956 0.50357389307 0.25678980591 0.08808313956 0.14978161599 0.14977908589 0.14978161599 6.71934794745 25.41170139646 13.7106130577 0.25678969033 0.14977911199 3.83655078922 0.14978158989 0.25678730191 0.08808564356 11.11619348407 0.25678730191 0.08808564356 0.25678730191 0.25678718633 0.14977911199 1.11545207716 0.25678980591 0.14977911199 0.25678718633 0.14978161599 13.30396169685 0.25678730191 0.50357138907 0.25678969033 0.14977908589 0.14978161599 0.25678730191 0.14977908589 19.79057195156 0.14977908589 0.14977908589 0.14978161599 5.55867830957 0.25678718633 0.08808564356 0.14978158989 19.56803053423 0.14977911199 0.25678980591 0.25678730191 0.50357138907 0.14978158989 12.73183653264 0.14978158989 0.25678730191 0.14978161599 3.15031574457 0.14977911199 0.08808564356 0.25678718633 0.25678969033 0.08808313956 0.14978158989 1.9866020584 0.50357138907 0.08808564356 0.25678730191 0.14978158989 14.24403599906 0.25678718633 0.25678730191 0.14978161599 0.50357138907 0.14978158989 0.14978161599 0.14978161599 0.14978158989 0.14977911199 0.08808564356 0.25678718633 0.25678718633 12.98140491768 0.25678969033 0.25678980591 0.50357138907 0.25678730191 0.14978161599 0.25678718633 0.14978161599 0.14977911199 17.35744652026 1.74259953017 0.25678969033 0.08808313956 0.14978161599 17.20404802602 27.19032189228 0.25678730191 0.25678969033 0.14978161599 0.14977911199 0.25678980591 0.14977911199 0.25678969033 0.25678730191 0.25678718633 0.14978158989 0.14978161599 0.25678718633 15.89562195727 0.14978161599 0.25678980591 0.14977908589 0.14978161599 0.08808564356 0.08808313956 7.61506062129 0.25678730191 0.14978161599 0.14977911199 0.14978161599 0.14977908589 14.94914694699 0.25678969033 0.08808313956 0.08808564356 0.14977911199 0.14978161599 5.085002136 0.14977911199 0.25678980591 0.25678969033 0.14978161599 0.25678718633 0.78363020757 0.25678969033 0.14977908589 0.14977911199 0.25678969033 0.14978161599 0.14978158989 0.14977911199 0.14977908589 0.25678980591 0.25678718633 0.14977911199 0.08808564356 0.14978161599 0.14978161599 0.08808564356 1.14050177788 0.14977908589 0.08808564356 0.72614615159 0.25678980591 14.15313098042 14.56059765895 0.14978161599 12.31206478755 0.14978158989 0.25678980591 0.14977911199 6.01430045275 4.63624963073 0.14977911199 0.25678969033 0.25678718633 0.25678980591 0.25678718633 0.25678980591 0.08808564356 0.14977908589 0.25678980591 15.37019962581 0.25678969033 0.25678718633 0.14978161599 0.14977911199 0.08808564356 0.25678730191 0.25678980591 0.25678730191 0.14977911199 0.14977911199 11.26358483946 0.25678730191 0.25678969033 0.25678718633 0.08808313956 2.71591108718 0.14978158989 0.08808564356 0.25678969033 0.25678730191 0.08808564356 0.50357389307 11.72073894467 0.25678718633 0.50357389307 0.25678730191 0.08808313956 17.85403600372 0.25678969033 0.25678980591 0.25678980591 0.25678730191 0.14978161599 0.14978158989 0.08808313956 0.14978161599 0.25678730191 0.08808564356 0.08808313956 19.15312829832 0.14978158989 0.50357138907 0.14978161599 0.08808564356 0.25678980591 0.14977911199 0.25678718633 0.08808564356 12.53429996498 0.14977911199 0.25678730191 0.14978158989 0.14977911199 0.14978158989 0.14977911199 0.50357389307 19.86488253773 0.14978161599 0.50357138907 7.61331508479 12.53227796862 0.08808564356 0.25678718633 2.3388127715 0.25678980591 0.14977908589 5.05481266222 0.08808564356 0.08808313956 0.25678718633 0.14978161599 9.80011887402 0.25678969033 0.25678718633 0.14978161599 16.79819493849 0.14977911199 0.25678969033 0.25678730191 0.25678969033 0.25678718633 0.08808564356 4.33466148165 0.25678969033 14.4652401649 31.87769877351 0.08808313956 4.46295625498 0.14977911199 0.25678980591 0.25678969033 0.25678730191 0.14978158989 0.14978158989 12.68683826546 0.25678718633 0.14978158989 0.14978161599 0.25678730191 0.25678969033 0.25678730191 0.25678980591 0.25678718633 0.08808564356 0.25678730191 0.25678980591 0.08808313956 0.08808313956 0.08808564356 0.14977908589 19.9922109242 0.25678969033 0.14977908589 0.14978158989 0.14977911199 0.25678730191 0.08808564356 0.14977911199 0.14978161599 0.25678730191 0.14977911199 0.14978161599 0.25678980591 0.14977911199 5.18486554727 0.25678980591 0.14977911199 0.25678718633 0.25678718633 0.14978161599 0.14977908589 0.14978158989 0.14977908589 0.08808564356 0.25678718633 0.50357389307 0.08808313956 0.25678980591 0.14977908589 2.85805917262 0.25678718633 0.08808564356 0.25678980591 0.50357138907 3.44296527461 1.58831099959 0.14977911199 0.14977908589 0.08808313956 0.14978161599 0.14978161599 0.25678980591 0.08808313956 0.25678969033 0.14978161599 0.25678718633 0.08808313956 0.25678969033 0.14978161599 0.08808564356 14.31529771902 0.14978161599 18.06773455162 0.25678980591 0.25678730191 0.08808313956 0.25678980591 0.08808564356 18.92386675705 0.50357138907 0.25678969033 0.14977911199 0.25678980591 0.25678730191 0.14977911199 0.25678980591 0.25678730191 0.25678980591 0.14977911199 12.68890648764 0.08808564356 3.75730885058 0.25678730191 0.50357389307 0.14978158989 0.14977911199 0.25678969033 17.07886035774 0.08808564356 0.14977908589 0.25678730191 0.14978161599 0.25678969033 0.14977911199 0.14977911199 0.14978158989 0.25678730191 14.53481730955 15.05528880139 0.14978158989 14.02984445577 0.14977911199 0.25678969033 0.14977911199 0.14977911199 0.25678980591 0.14978158989 15.36532372478 0.14977908589 0.14978161599 0.14978161599 0.14977908589 5.36736418522 0.14978161599 0.50357138907 6.03346924648 0.25678969033 0.14977908589 0.14978161599 0.14978158989 0.14978161599 2.98240879194 0.14978158989 0.25678718633 19.07177895202 0.14978158989 10.32251688228 3.03951007327 0.25678980591 0.25678969033 0.25678730191 0.25678969033 0.25678730191 0.25678980591 0.08808313956 0.14978161599 0.08808313956 0.25678980591 0.25678718633 0.25678730191 0.14978161599 0.14978158989 0.14977911199 0.25678730191 0.14978158989 0.08808313956 0.25678969033 0.14977911199 0.25678969033 0.25678980591 0.08808564356 13.0533712118 0.14977911199 0.25678980591 0.14977911199 0.14978158989 0.14978158989 0.25678718633 0.08808564356 0.14977911199 0.08808564356 16.09062464912 0.25678730191 0.14978161599 14.91736689979 6.02733164358 0.14977908589 0.08808564356 0.08808564356 0.25678718633 0.14977911199 0.14978161599 0.08808313956 0.14977911199 0.14978161599 0.08808313956 0.25678980591 0.25678969033 15.05627639511 4.76693227949 0.08808313956 0.14978161599 0.14977911199 0.14977911199 0.14978158989 12.53267235341 0.25678730191 0.25678969033 0.14977911199 0.25678718633 0.25678980591 0.14977908589 15.4578237057 0.50357389307 0.14977911199 2.65811825756 12.5076890536 0.25678980591 13.79795571927 0.14977911199 0.50357389307 0.14977911199 0.08808564356 6.38529341528 7.27255675442 0.25678730191 16.65517189136 0.08808313956 0.08808564356 0.14978158989 0.14977908589 0.25678980591 0.25678980591 0.50357389307 0.25678718633 19.15223659254 0.08808564356 0.25678730191 0.14977908589 0.14978161599 0.14977911199 0.08808564356 0.08808313956 0.25678980591 1.60265583923 0.14977911199 0.50357138907 0.14978161599 10.86668021399 0.14977908589 0.14978158989 0.14977911199 0.08808564356 0.25678718633 0.08808313956 0.25678969033 1.83567768587 0.25678980591 0.25678980591 0.14977911199 0.14977911199 0.25678969033 0.25678718633 0.25678718633 0.08808564356 0.08808313956 0.25678718633 3.67649902416 0.14978161599 0.14978161599 0.25678730191 0.14978161599 0.08808313956 0.14977908589 0.25678730191 0.25678980591 14.97813321243 0.08808564356 0.25678980591 0.08808564356 4.527831905 0.25678730191 0.25678969033 0.08808313956 0.14978161599 0.14977911199 0.14977911199 0.14978161599 0.14977911199 0.14977911199 0.25678969033 0.14977911199 0.14977908589 0.14978158989 0.08808313956 0.25678980591 8.62937205744 0.08808313956 13.49054616155 0.08808564356 0.14978161599 0.08808313956 0.08808313956 0.25678980591 0.25678718633 0.25678980591 0.14977911199 0.25678980591 0.25678718633 0.08808313956 0.08808564356 0.25678718633 0.08808313956 0.25678969033 10.71578161349 0.25678730191 0.14977911199 0.14978161599 0.14977908589 0.25678718633 0.25678969033 0.14978161599 0.08808313956 0.14977908589 0.25678969033 0.08808313956 7.71128100755 0.25678718633 0.25678969033 0.14978161599 0.08808313956 0.25678969033 0.25678730191 0.14978161599 0.14978158989 0.25678730191 0.08808564356 0.25678718633 0.25678969033 0.25678718633 0.25678730191 0.47184911989 0.25678969033 0.25678718633 18.70140590971 0.14978161599 0.14978161599 0.08808564356 0.25678718633 0.14977908589 0.25678980591 0.25678718633 0.25678730191 0.50357389307 13.49278114279 0.25678980591 13.19085188094 0.25678730191 0.14978161599 0.14977911199 0.14977911199 2.42072618114 0.50357389307 0.14978158989 0.14978161599 8.18672652993 6.23299779431 0.14978161599 0.25678969033 0.25678969033 0.08808313956 0.25678969033 0.08808564356 0.25678718633 0.14977908589 0.14978161599 0.25678718633 0.08808313956 0.25678969033 0.14978158989 0.08808564356 0.14977911199 0.25678718633 0.14978161599 0.25678718633 0.25678969033 0.14977908589 0.25678730191 0.25678969033 0.14978161599 8.75111139488 0.08808313956 0.25678980591 0.25678730191 0.08808564356 0.25678730191 0.14977908589 0.14978158989 0.14977908589 0.25678969033 0.14978158989 0.14977911199 3.98696272381 0.25678969033 0.25678730191 0.08808313956 0.08808313956 0.14978158989 0.25678969033 0.25678718633 0.08808564356 0.25678969033 0.14977908589 0.25678718633 0.50357389307 0.14977911199 0.14978158989 0.25678969033 0.14977908589 0.14977911199 0.25678969033 0.14977911199 0.14978161599 10.18013546435 0.25678718633 0.14978158989 0.25678730191 0.25678718633 0.14977911199 0.25678969033 0.14977911199 10.54218282214 0.25678718633 0.14977911199 19.33664290807 0.14978158989 0.25678718633 0.25678969033 0.25678730191 0.25678730191 0.08808564356 0.25678718633 0.25678718633 0.25678969033 0.25678718633 0.25678980591 5.51516655254 0.25678969033 0.14978161599 0.25678730191 0.14978161599 0.08808564356 0.25678969033 0.25678980591 0.50357389307 0.14978161599 0.25678969033 2.2221455521 0.50357138907 0.14978158989 0.25678718633 0.08808564356 0.14977908589 0.25678980591 0.25678718633 4.27883022276 0.25678969033 0.14977911199 17.84937253352 0.14978158989 0.25678718633 0.14978161599 19.80995475775 0.25678980591 17.90797120269 0.14977911199 0.14978161599 0.14977911199 4.99074228049 0.25678980591 0.14977911199 0.08808313956 8.15556424582 0.25678718633 0.25678980591 0.25678718633 0.25678730191 1.07484619084 0.25678969033 0.14977911199 0.25678969033 0.25678969033 0.08808564356 0.25678969033 0.08808564356 0.14978158989 0.62204013668 0.25678730191 0.08808313956 0.25678969033 0.14977908589 0.14978161599 16.30297956107 0.25678969033 0.14977911199 0.14978158989 0.25678730191 0.14978161599 2.4914035833 17.39724231628 0.14978161599 0.25678718633 0.25678980591 0.14978161599 0.25678969033 0.25678730191 0.14978161599 0.25678718633 0.25678980591 0.14977908589 0.25678969033 0.08808313956 12.36371234265 0.25678980591 0.14977908589 3.46217392428 0.50357389307 0.50357138907 0.25678969033 0.14978161599 0.25678980591 0.25678980591 0.25678980591 0.14977911199 3.2086914073 0.08808564356 0.25678730191 0.25678969033 0.25678718633 0.08808564356 3.18255299012 0.14978161599 19.59471351957 37.79819899145 0.08808564356 0.14977911199 0.08808564356 0.25678730191 0.25678718633 0.14978161599 0.14977911199 0.08808564356 0.08808313956 0.25678969033 0.14977911199 0.14977911199 0.14978161599 14.00006374512 12.89766922172 0.25678969033 0.08808313956 0.14978161599 0.25678718633 0.14978158989 0.14977911199 0.14978161599 1.17595090471 0.14977908589 0.25678969033 15.81410132771 0.25678718633 0.08808313956 7.19714329288 0.14978158989 0.50357138907 0.50357389307 0.25678718633 0.25678969033 0.50357138907 0.14978158989 0.14977911199 0.25678980591 0.14977911199 0.25678969033 0.25678730191 0.08808313956 0.25678980591 0.08808313956 0.08808313956 0.25678718633 0.93184039518 3.97705550359 17.13077489176 0.14978158989 0.25678980591 0.14977911199 0.50357389307 0.25678969033 0.14977911199 0.08808313956 11.81327028528 0.25678969033 0.14977911199 0.14978161599 0.25678718633 0.08808313956 0.08808313956 0.25678980591 0.08808313956 0.14978161599 0.14977911199 0.14978158989 0.14977911199 18.86719133888 0.25678980591 11.4781401738 0.14977908589 16.46497053177 0.14977908589 0.14978161599 0.14977911199 0.25678969033 0.25678718633 0.14978161599 0.25678718633 15.82821349774 4.75911242667 0.14978161599 17.94595132582 0.14977911199 0.14978161599 0.25678718633 0.08808564356 11.23919795181 24.63121302392 0.25678980591 0.14977911199 0.25678980591 17.88958855667 0.25678730191 0.25678980591 12.68706156026 0.25678969033 0.14978158989 0.08808564356 0.08808313956 0.25678980591 0.14977908589 0.50357389307 0.14978161599 0.14977908589 0.08808564356 0.25678718633 0.25678980591 0.50357138907 0.14978158989 0.50357138907 7.73786641877 0.14978161599 0.08808313956 0.50357389307 0.14977908589 0.14978158989 0.25678718633 8.42167289388 0.25678980591 0.50357138907 17.96242484632 2.45052989415 0.14978161599 0.14978161599 17.47038763512 0.14978161599 11.12306137737 0.14977908589 12.00799258443 0.25678969033 0.14978161599 0.25678718633 0.25678980591 0.25678718633 0.14977911199 0.08808564356 5.43375883647 0.14977911199 0.14977911199 0.14978161599 0.14977911199 0.14978158989 0.14978158989 0.14977911199 0.14977911199 0.25678980591 17.47680914804 0.14978161599 0.25678718633 0.14978158989 0.14977911199 0.25678969033 0.14977911199 16.72973268507 22.45212011437 11.05607307518 0.14977911199 17.26651459406 6.21373094279 0.25678969033 0.25678969033 0.25678969033 0.25678718633 0.50357138907 0.25678980591 0.25678718633 5.44201490274 0.25678969033 0.14978158989 0.25678730191 16.07551789578 29.42810623523 0.14978158989 0.14978158989 0.25678969033 0.08808564356 0.25678969033 9.28012897908 0.14977911199 0.25678969033 0.50357138907 8.14007880896 0.14978161599 0.25678969033 0.25678730191 0.25678969033 0.50357389307 0.25678969033 0.14978161599 8.05427276534 0.14977911199 0.25678980591 0.50357138907 8.00607693623 0.14978161599 0.08808313956 0.14977911199 0.25678980591 0.14977911199 6.9813686942 0.25678730191 0.25678980591 0.25678718633 0.25678718633 0.08808313956 0.25678980591 0.08808313956 8.35507986985 0.25678718633 0.25678980591 0.14978158989 10.60068234633 0.14977911199 9.20350906993 12.77973973253 0.50357389307 0.25678969033 0.25678969033 0.25678718633 0.25678980591 0.14978161599 0.25678718633 0.14978161599 0.25678718633 18.39833723553 0.14978161599 0.25678718633 0.14978158989 0.25678969033 0.14977911199 0.14978161599 12.6653620476 0.50357389307 17.53698215798 0.25678718633 8.16564387745 0.25678718633 0.14978161599 0.25678718633 0.14978161599 0.08808313956 0.14977911199 0.25678969033 12.51939873269 0.50357138907 11.56493378115 0.25678969033 0.14978161599 0.25678969033 0.14977911199 3.13950716045 0.25678980591 0.14977908589 0.25678980591 0.25678969033 0.14977911199 0.25678730191 0.14978161599 0.67296974315 0.08808313956 18.53348949686 0.25678969033 0.50357389307 2.97516861902 0.14977911199 0.25678980591 0.14977911199 0.50357138907 0.14978158989 0.25678730191 1.03606669416 0.25678969033 0.25678718633 0.25678969033 0.25678718633 0.14978161599 0.14978161599 0.14977911199 0.08808564356 0.25678730191 0.14978161599 0.50357389307 5.01913982798 0.14977911199 0.14978161599 0.14977908589 0.25678718633 0.25678980591 0.25678969033 0.25678718633 0.25678969033 0.08808313956 2.5887070923 0.25678969033 0.14977911199 0.14978161599 0.14978161599 0.14977908589 0.08808313956 0.25678980591 0.14977911199 0.14977911199 0.14977911199 17.46543937783 0.25678730191 0.14978161599 0.14977911199 0.08808564356 0.08808564356 18.53445718477 0.25678730191 0.08808564356 0.25678730191 0.25678718633 0.14978161599 0.14977911199 0.14977911199 0.08808564356 0.08808313956 0.25678718633 0.25678980591 14.79144842923 0.25678718633 0.14977911199 0.25678730191 16.47304632712 0.25678980591 0.50357138907 0.14977911199 0.14978161599 0.14977908589 0.14977908589 0.14978158989 0.25678969033 0.25678730191 0.14978161599 19.42839382513 22.93273959659 0.14977911199 0.08808313956 0.25678980591 5.21290504711 0.25678730191 0.14977908589 17.07591728219 22.75811277974 0.14977908589 9.23213404958 0.14978161599 0.25678718633 3.34700053105 0.25678969033 0.08808564356 0.14978161599 0.25678718633 18.70260777371 0.08808564356 0.14977911199 0.25678718633 0.50357389307 0.25678718633 0.14978158989 0.25678718633 0.25678980591 7.5208041823 0.08808313956 0.25678718633 0.25678969033 13.65467442411 0.25678980591 19.0568722186 8.3657124489 0.25678980591 6.60595666638 0.25678718633 0.08808313956 0.14978158989 0.25678730191 0.25678718633 0.08808564356 0.53126099425 0.14977911199 18.56896354519 13.45361730872 0.14977908589 0.25678730191 0.14978161599 0.25678718633 0.25678969033 0.25678718633 0.25678980591 0.25678969033 0.25678718633 0.25678980591 0.25678969033 0.25678718633 0.08808564356 0.14977911199 0.14977911199 0.25678730191 0.08808564356 0.14977911199 0.14978158989 1.13720638729 0.25678969033 0.14978158989 0.25678969033 0.25678730191 14.66473727643 0.08808564356 0.08808313956 0.25678969033 0.25678718633 0.25678969033 0.14977908589 0.14978161599 0.25678969033 0.14978161599 0.25678969033 0.25678730191 18.20369896736 19.41160785589 43.43595432996 0.14977911199 0.14977908589 15.47342160341 0.25678730191 6.19221652475 0.25678969033 0.25678969033 14.45150683166 0.25678969033 0.08808564356 0.25678730191 0.14977908589 0.25678718633 0.08808564356 0.14977908589 0.08808313956 0.14978161599 0.14977908589 0.14978161599 0.08808313956 0.25678969033 0.14977908589 5.19539575911 0.14978158989 0.14978158989 0.14977908589 0.25678718633 0.25678969033 0.25678730191 0.25678730191 18.44463280953 10.41766053074 0.25678969033 0.25678730191 0.25678969033 0.08808313956 0.08808313956 10.51092433268 3.47580625347 45.81313461629 17.72685972334 0.14978161599 0.25678730191 0.14977911199 0.08808564356 20.20351567363 22.59955902675 0.08808564356 0.25678718633 0.25678718633 0.14978161599 0.25678730191 10.65010485025 20.25637200317 10.0042067727 13.01466403596 0.14977911199 3.29894866132 0.25678980591 0.25678718633 14.62728924533 0.14978161599 15.55357684088 10.78947956972 0.14977911199 0.25678969033 0.14977911199 0.50357389307 0.50357389307 4.57322070857 0.25678718633 0.14978158989 0.14977908589 0.14977911199 0.14977911199 15.24110050304 16.44300258246 29.11875174443 35.82247422914 20.00771266093 38.66423058506 0.25678969033 0.14978158989 0.14977911199 0.08808564356 0.14977911199 0.25678980591 0.14978158989 0.25678730191 11.09521952258 21.78561855948 0.08808564356 0.08808313956 0.25678980591 0.50357138907 7.30050137409 0.25678969033 0.14977911199 0.25678980591 0.14978161599 0.25678730191 0.08808313956 0.25678980591 0.50357138907 0.08808313956 0.25678969033 0.25678718633 0.25678969033 0.14977908589 0.14977908589 17.34009893365 0.14977911199 0.14978161599 0.14977908589 0.25678718633 8.9952755693 0.25678718633 0.08808564356 9.08321208566 0.25678718633 0.14978161599 0.14977911199 0.25678969033 0.14978158989 0.14977908589 0.25678718633 0.14977908589 0.14978158989 0.14977911199 0.14977908589 0.25678969033 0.14977908589 10.84911237428 0.25678969033 0.14977911199 0.25678969033 0.25678718633 0.14978158989 0.08808313956 0.08808313956 0.25678969033 0.25678980591 0.25678980591 15.76525512291 0.50357138907 0.25678980591 0.14977911199 0.14977908589 0.14978161599 0.14977908589 0.25678969033 0.14978161599 0.25678980591 0.14977911199 0.14978158989 0.08808564356 0.25678730191 14.50533405557 27.42250909438 0.14978158989 0.14978161599 0.14977911199 0.25678718633 0.50357389307 0.14978161599 12.53259452687 8.70193710724 0.25678980591 0.08808313956 0.25678969033 0.25678969033 0.14978161599 0.14977908589 0.14977908589 0.25678980591 0.25678980591 0.25678718633 0.14978161599 1.11418257026 0.14978161599 0.25678718633 0.08808564356 0.25678730191 0.08808313956 0.25678969033 0.14977911199 3.31722178456 0.08808313956 0.08808313956 0.25678969033 0.25678718633 0.25678969033 0.14977908589 0.14977911199 0.14978158989 0.08808564356 6.63288160275 0.14978158989 0.25678718633 13.1561385682 21.50305609034 0.25678969033 0.25678969033 0.14977911199 0.08808564356 0.14978161599 0.25678730191 0.25678718633 0.25678980591 0.14977911199 0.14978161599 0.14978161599 0.14977908589 0.14977908589 0.14978161599 0.25678730191 0.14978161599 0.14977911199 0.14978158989 0.14978161599 0.14978161599 0.25678718633 8.3786556151 0.14978161599 0.25678980591 0.14977908589 0.25678718633 0.14978161599 10.00542169567 0.50357138907 0.14978161599 0.50357138907 17.67975540764 0.50357389307 0.25678718633 0.25678969033 0.14978161599 0.08808564356 0.50357138907 0.25678969033"
General-2-20260518-19:39:58-10647,attr,LoRaNetworkTest.networkServer.app[0],delaySignal:vector,recordingmode,vector,,
General-2-20260518-19:39:58-10647,attr,LoRaNetworkTest.networkServer.app[0],delaySignal:vector,source,delaySignal,,
