run,type,module,name,attrname,attrvalue,value
General-9-20260518-02:22:33-2782,runattr,,,configname,General,
General-9-20260518-02:22:33-2782,runattr,,,datetime,20260518-02:22:33,
General-9-20260518-02:22:33-2782,runattr,,,datetimef,20260518-022233,
General-9-20260518-02:22:33-2782,runattr,,,experiment,General,
General-9-20260518-02:22:33-2782,runattr,,,inifile,n100-gw1.ini,
General-9-20260518-02:22:33-2782,runattr,,,iterationvars,"$0=""avg""",
General-9-20260518-02:22:33-2782,runattr,,,iterationvarsd,avg,
General-9-20260518-02:22:33-2782,runattr,,,iterationvarsf,avg-,
General-9-20260518-02:22:33-2782,runattr,,,measurement,"$0=""avg""",
General-9-20260518-02:22:33-2782,runattr,,,network,flora.simulations.LoRaNetworkTest,
General-9-20260518-02:22:33-2782,runattr,,,processid,2782,
General-9-20260518-02:22:33-2782,runattr,,,repetition,9,
General-9-20260518-02:22:33-2782,runattr,,,replication,#9,
General-9-20260518-02:22:33-2782,runattr,,,resultdir,results,
General-9-20260518-02:22:33-2782,runattr,,,runnumber,9,
General-9-20260518-02:22:33-2782,runattr,,,seedset,9,
General-9-20260518-02:22:33-2782,config,,,image-path,../../../inet4.4/images,
General-9-20260518-02:22:33-2782,config,,,network,flora.simulations.LoRaNetworkTest,
General-9-20260518-02:22:33-2782,config,,,output-vector-file,../results/n100-gw1-s9.ini.vec,
General-9-20260518-02:22:33-2782,config,,,**.maxTransmissionDuration,4s,
General-9-20260518-02:22:33-2782,config,,,**.energyDetection,-110dBm,
General-9-20260518-02:22:33-2782,config,,,**.vector-recording,true,
General-9-20260518-02:22:33-2782,config,,,rng-class,cMersenneTwister,
General-9-20260518-02:22:33-2782,config,,,**.loRaGW[*].numUdpApps,1,
General-9-20260518-02:22:33-2782,config,,,**.loRaGW[0].packetForwarder.localPort,2000,
General-9-20260518-02:22:33-2782,config,,,**.loRaGW[0].packetForwarder.destPort,1000,
General-9-20260518-02:22:33-2782,config,,,**.loRaGW[0].packetForwarder.destAddresses,"""networkServer""",
General-9-20260518-02:22:33-2782,config,,,**.loRaGW[0].packetForwarder.indexNumber,0,
General-9-20260518-02:22:33-2782,config,,,**.networkServer.numApps,1,
General-9-20260518-02:22:33-2782,config,,,**.networkServer.**.evaluateADRinServer,true,
General-9-20260518-02:22:33-2782,config,,,**.networkServer.app[0].typename,NetworkServerApp,
General-9-20260518-02:22:33-2782,config,,,**.networkServer.app[0].destAddresses,"""loRaGW[0]""",
General-9-20260518-02:22:33-2782,config,,,**.networkServer.app[0].destPort,2000,
General-9-20260518-02:22:33-2782,config,,,**.networkServer.app[0].localPort,1000,
General-9-20260518-02:22:33-2782,config,,,**.networkServer.app[0].adrMethod,"""avg""",
General-9-20260518-02:22:33-2782,config,,,**.numberOfPacketsToSend,0,
General-9-20260518-02:22:33-2782,config,,,sim-time-limit,3d,
General-9-20260518-02:22:33-2782,config,,,warmup-period,2h,
General-9-20260518-02:22:33-2782,config,,,simtime-resolution,-11,
General-9-20260518-02:22:33-2782,config,,,repeat,20,
General-9-20260518-02:22:33-2782,config,,,**.loRaNodes[0].app[0].timeToFirstPacket,12h 50ms,
General-9-20260518-02:22:33-2782,config,,,**.loRaNodes[0].app[0].timeToNextPacket,1h,
General-9-20260518-02:22:33-2782,config,,,**.loRaNodes[1].app[0].timeToFirstPacket,"uniform(4h, 5h)",
General-9-20260518-02:22:33-2782,config,,,**.loRaNodes[1].app[0].timeToNextPacket,1h,
General-9-20260518-02:22:33-2782,config,,,**.loRaNodes[2].app[0].timeToFirstPacket,12h,
General-9-20260518-02:22:33-2782,config,,,**.loRaNodes[3].app[0].timeToFirstPacket,12h 100ms,
General-9-20260518-02:22:33-2782,config,,,**.loRaNodes[4].app[0].timeToFirstPacket,12h 200ms,
General-9-20260518-02:22:33-2782,config,,,**.loRaNodes[5].app[0].timeToFirstPacket,12h 300ms,
General-9-20260518-02:22:33-2782,config,,,**.loRaNodes[{2..5}].app[0].timeToNextPacket,24h,
General-9-20260518-02:22:33-2782,config,,,**.alohaChannelModel,false,
General-9-20260518-02:22:33-2782,config,,,**.loRaNodes[*].**.initFromDisplayString,false,
General-9-20260518-02:22:33-2782,config,,,**.loRaNodes[*].**.evaluateADRinNode,true,
General-9-20260518-02:22:33-2782,config,,,**.loRaNodes[*].**initialLoRaBW,125 kHz,
General-9-20260518-02:22:33-2782,config,,,**.loRaNodes[*].**initialLoRaCR,4,
General-9-20260518-02:22:33-2782,config,,,**.loRaNodes[*].numApps,1,
General-9-20260518-02:22:33-2782,config,,,**.loRaNodes[*].app[0].typename,SimpleLoRaApp,
General-9-20260518-02:22:33-2782,config,,,**.LoRaGWNic.radio.iAmGateway,true,
General-9-20260518-02:22:33-2782,config,,,**.loRaGW[*].**.initFromDisplayString,false,
General-9-20260518-02:22:33-2782,config,,,**.loRaNodes[*].LoRaNic.radio.energyConsumer.typename,LoRaEnergyConsumer,
General-9-20260518-02:22:33-2782,config,,,**.loRaNodes[*].**.energySourceModule,"""^.IdealEpEnergyStorage""",
General-9-20260518-02:22:33-2782,config,,,**.loRaNodes[*].LoRaNic.radio.energyConsumer.configFile,"xmldoc(""../energyConsumptionParameters.xml"")",
General-9-20260518-02:22:33-2782,config,,,**.sigma,3.57,
General-9-20260518-02:22:33-2782,config,,,**.constraintAreaMinX,0m,
General-9-20260518-02:22:33-2782,config,,,**.constraintAreaMinY,0m,
General-9-20260518-02:22:33-2782,config,,,**.constraintAreaMinZ,0m,
General-9-20260518-02:22:33-2782,config,,,**.constraintAreaMaxZ,0m,
General-9-20260518-02:22:33-2782,config,,,LoRaNetworkTest.**.radio.separateTransmissionParts,false,
General-9-20260518-02:22:33-2782,config,,,LoRaNetworkTest.**.radio.separateReceptionParts,false,
General-9-20260518-02:22:33-2782,config,,,**.ipv4Delayer.config,"xmldoc(""../cloudDelays.xml"")",
General-9-20260518-02:22:33-2782,config,,,**.radio.radioMediumModule,"""LoRaMedium""",
General-9-20260518-02:22:33-2782,config,,,**.LoRaMedium.pathLossType,"""LoRaLogNormalShadowing""",
General-9-20260518-02:22:33-2782,config,,,**.minInterferenceTime,0s,
General-9-20260518-02:22:33-2782,config,,,**.displayAddresses,false,
General-9-20260518-02:22:33-2782,config,,,**.numberOfNodes,6,
General-9-20260518-02:22:33-2782,config,,,**.numberOfGateways,1,
General-9-20260518-02:22:33-2782,config,,,**.constraintAreaMaxX,2376.0m,
General-9-20260518-02:22:33-2782,config,,,**.constraintAreaMaxY,1090.0m,
General-9-20260518-02:22:33-2782,config,,,**.loRaGW[0].**.initialX,544.00m,
General-9-20260518-02:22:33-2782,config,,,**.loRaGW[0].**.initialY,544.00m,
General-9-20260518-02:22:33-2782,config,,,output-scalar-file,../results/n100-gw1-s9.ini.sca,
General-9-20260518-02:22:33-2782,config,,,**.loRaNodes[0..1].app[0].sendInterval,1h,
General-9-20260518-02:22:33-2782,config,,,**.loRaNodes[0].**.initialX,510.63m,
General-9-20260518-02:22:33-2782,config,,,**.loRaNodes[0].**.initialY,500.08m,
General-9-20260518-02:22:33-2782,config,,,**.loRaNodes[1].**.initialX,470.29m,
General-9-20260518-02:22:33-2782,config,,,**.loRaNodes[1].**.initialY,520.24m,
General-9-20260518-02:22:33-2782,config,,,**.loRaNodes[2].**.initialX,500.60m,
General-9-20260518-02:22:33-2782,config,,,**.loRaNodes[2].**.initialY,590.25m,
General-9-20260518-02:22:33-2782,config,,,**.loRaNodes[3].**.initialX,535.86m,
General-9-20260518-02:22:33-2782,config,,,**.loRaNodes[3].**.initialY,590.63m,
General-9-20260518-02:22:33-2782,config,,,**.loRaNodes[2..3].app[0].sendInterval,exponential(8760h),
General-9-20260518-02:22:33-2782,config,,,**.loRaNodes[4..5].app[0].sendInterval,exponential(4h),
General-9-20260518-02:22:33-2782,config,,,**.loRaNodes[4].**.initialX,650.85m,
General-9-20260518-02:22:33-2782,config,,,**.loRaNodes[4].**.initialY,510.11m,
General-9-20260518-02:22:33-2782,config,,,**.loRaNodes[5].**.initialX,680.27m,
General-9-20260518-02:22:33-2782,config,,,**.loRaNodes[5].**.initialY,520.84m,
General-9-20260518-02:22:33-2782,config,,,**.loRaNodes[0].**initialLoRaSF,8,
General-9-20260518-02:22:33-2782,config,,,**.loRaNodes[0].**initialLoRaTP,8dBm,
General-9-20260518-02:22:33-2782,config,,,**.loRaNodes[1].**initialLoRaSF,9,
General-9-20260518-02:22:33-2782,config,,,**.loRaNodes[1].**initialLoRaTP,8dBm,
General-9-20260518-02:22:33-2782,config,,,**.loRaNodes[2].**initialLoRaSF,7,
General-9-20260518-02:22:33-2782,config,,,**.loRaNodes[2].**initialLoRaTP,8dBm,
General-9-20260518-02:22:33-2782,config,,,**.loRaNodes[3].**initialLoRaSF,7,
General-9-20260518-02:22:33-2782,config,,,**.loRaNodes[3].**initialLoRaTP,2dBm,
General-9-20260518-02:22:33-2782,config,,,**.loRaNodes[4].**initialLoRaSF,8,
General-9-20260518-02:22:33-2782,config,,,**.loRaNodes[4].**initialLoRaTP,8dBm,
General-9-20260518-02:22:33-2782,config,,,**.loRaNodes[5].**initialLoRaSF,7,
General-9-20260518-02:22:33-2782,config,,,**.loRaNodes[5].**initialLoRaTP,2dBm,
General-9-20260518-02:22:33-2782,config,,,**.vector-recording,false,
General-9-20260518-02:22:33-2782,config,,,**.loRaGW[*].packetForwarder.highQueueLength.vector-recording,true,
General-9-20260518-02:22:33-2782,config,,,**.loRaGW[*].packetForwarder.lowQueueLength.vector-recording,true,
General-9-20260518-02:22:33-2782,config,,,**.networkServer.app[0].delaySignal.vector-recording,true,
General-9-20260518-02:22:33-2782,config,,,**.loRaNodes[*].app[0].packetsSent:scalar,true,
General-9-20260518-02:22:33-2782,config,,,**.networkServer.app[0].totalReceivedPackets:scalar,true,
General-9-20260518-02:22:33-2782,config,,,**.loRaGW[*].**.packetDropRate:scalar,true,
General-0-20260518-01:47:11-2687,runattr,,,configname,General,
General-0-20260518-01:47:11-2687,runattr,,,datetime,20260518-01:47:11,
General-0-20260518-01:47:11-2687,runattr,,,datetimef,20260518-014711,
General-0-20260518-01:47:11-2687,runattr,,,experiment,General,
General-0-20260518-01:47:11-2687,runattr,,,inifile,n100-gw1.ini,
General-0-20260518-01:47:11-2687,runattr,,,iterationvars,"$0=""avg""",
General-0-20260518-01:47:11-2687,runattr,,,iterationvarsd,avg,
General-0-20260518-01:47:11-2687,runattr,,,iterationvarsf,avg-,
General-0-20260518-01:47:11-2687,runattr,,,measurement,"$0=""avg""",
General-0-20260518-01:47:11-2687,runattr,,,network,flora.simulations.LoRaNetworkTest,
General-0-20260518-01:47:11-2687,runattr,,,processid,2687,
General-0-20260518-01:47:11-2687,runattr,,,repetition,0,
General-0-20260518-01:47:11-2687,runattr,,,replication,#0,
General-0-20260518-01:47:11-2687,runattr,,,resultdir,results,
General-0-20260518-01:47:11-2687,runattr,,,runnumber,0,
General-0-20260518-01:47:11-2687,runattr,,,seedset,0,
General-0-20260518-01:47:11-2687,config,,,image-path,../../../inet4.4/images,
General-0-20260518-01:47:11-2687,config,,,network,flora.simulations.LoRaNetworkTest,
General-0-20260518-01:47:11-2687,config,,,output-vector-file,../results/n100-gw1-s0.ini.vec,
General-0-20260518-01:47:11-2687,config,,,**.maxTransmissionDuration,4s,
General-0-20260518-01:47:11-2687,config,,,**.energyDetection,-110dBm,
General-0-20260518-01:47:11-2687,config,,,**.vector-recording,true,
General-0-20260518-01:47:11-2687,config,,,rng-class,cMersenneTwister,
General-0-20260518-01:47:11-2687,config,,,**.loRaGW[*].numUdpApps,1,
General-0-20260518-01:47:11-2687,config,,,**.loRaGW[0].packetForwarder.localPort,2000,
General-0-20260518-01:47:11-2687,config,,,**.loRaGW[0].packetForwarder.destPort,1000,
General-0-20260518-01:47:11-2687,config,,,**.loRaGW[0].packetForwarder.destAddresses,"""networkServer""",
General-0-20260518-01:47:11-2687,config,,,**.loRaGW[0].packetForwarder.indexNumber,0,
General-0-20260518-01:47:11-2687,config,,,**.networkServer.numApps,1,
General-0-20260518-01:47:11-2687,config,,,**.networkServer.**.evaluateADRinServer,true,
General-0-20260518-01:47:11-2687,config,,,**.networkServer.app[0].typename,NetworkServerApp,
General-0-20260518-01:47:11-2687,config,,,**.networkServer.app[0].destAddresses,"""loRaGW[0]""",
General-0-20260518-01:47:11-2687,config,,,**.networkServer.app[0].destPort,2000,
General-0-20260518-01:47:11-2687,config,,,**.networkServer.app[0].localPort,1000,
General-0-20260518-01:47:11-2687,config,,,**.networkServer.app[0].adrMethod,"""avg""",
General-0-20260518-01:47:11-2687,config,,,**.numberOfPacketsToSend,0,
General-0-20260518-01:47:11-2687,config,,,sim-time-limit,3d,
General-0-20260518-01:47:11-2687,config,,,warmup-period,2h,
General-0-20260518-01:47:11-2687,config,,,simtime-resolution,-11,
General-0-20260518-01:47:11-2687,config,,,repeat,20,
General-0-20260518-01:47:11-2687,config,,,**.loRaNodes[0].app[0].timeToFirstPacket,12h 50ms,
General-0-20260518-01:47:11-2687,config,,,**.loRaNodes[0].app[0].timeToNextPacket,1h,
General-0-20260518-01:47:11-2687,config,,,**.loRaNodes[1].app[0].timeToFirstPacket,"uniform(4h, 5h)",
General-0-20260518-01:47:11-2687,config,,,**.loRaNodes[1].app[0].timeToNextPacket,1h,
General-0-20260518-01:47:11-2687,config,,,**.loRaNodes[2].app[0].timeToFirstPacket,12h,
General-0-20260518-01:47:11-2687,config,,,**.loRaNodes[3].app[0].timeToFirstPacket,12h 100ms,
General-0-20260518-01:47:11-2687,config,,,**.loRaNodes[4].app[0].timeToFirstPacket,12h 200ms,
General-0-20260518-01:47:11-2687,config,,,**.loRaNodes[5].app[0].timeToFirstPacket,12h 300ms,
General-0-20260518-01:47:11-2687,config,,,**.loRaNodes[{2..5}].app[0].timeToNextPacket,24h,
General-0-20260518-01:47:11-2687,config,,,**.alohaChannelModel,false,
General-0-20260518-01:47:11-2687,config,,,**.loRaNodes[*].**.initFromDisplayString,false,
General-0-20260518-01:47:11-2687,config,,,**.loRaNodes[*].**.evaluateADRinNode,true,
General-0-20260518-01:47:11-2687,config,,,**.loRaNodes[*].**initialLoRaBW,125 kHz,
General-0-20260518-01:47:11-2687,config,,,**.loRaNodes[*].**initialLoRaCR,4,
General-0-20260518-01:47:11-2687,config,,,**.loRaNodes[*].numApps,1,
General-0-20260518-01:47:11-2687,config,,,**.loRaNodes[*].app[0].typename,SimpleLoRaApp,
General-0-20260518-01:47:11-2687,config,,,**.LoRaGWNic.radio.iAmGateway,true,
General-0-20260518-01:47:11-2687,config,,,**.loRaGW[*].**.initFromDisplayString,false,
General-0-20260518-01:47:11-2687,config,,,**.loRaNodes[*].LoRaNic.radio.energyConsumer.typename,LoRaEnergyConsumer,
General-0-20260518-01:47:11-2687,config,,,**.loRaNodes[*].**.energySourceModule,"""^.IdealEpEnergyStorage""",
General-0-20260518-01:47:11-2687,config,,,**.loRaNodes[*].LoRaNic.radio.energyConsumer.configFile,"xmldoc(""../energyConsumptionParameters.xml"")",
General-0-20260518-01:47:11-2687,config,,,**.sigma,3.57,
General-0-20260518-01:47:11-2687,config,,,**.constraintAreaMinX,0m,
General-0-20260518-01:47:11-2687,config,,,**.constraintAreaMinY,0m,
General-0-20260518-01:47:11-2687,config,,,**.constraintAreaMinZ,0m,
General-0-20260518-01:47:11-2687,config,,,**.constraintAreaMaxZ,0m,
General-0-20260518-01:47:11-2687,config,,,LoRaNetworkTest.**.radio.separateTransmissionParts,false,
General-0-20260518-01:47:11-2687,config,,,LoRaNetworkTest.**.radio.separateReceptionParts,false,
General-0-20260518-01:47:11-2687,config,,,**.ipv4Delayer.config,"xmldoc(""../cloudDelays.xml"")",
General-0-20260518-01:47:11-2687,config,,,**.radio.radioMediumModule,"""LoRaMedium""",
General-0-20260518-01:47:11-2687,config,,,**.LoRaMedium.pathLossType,"""LoRaLogNormalShadowing""",
General-0-20260518-01:47:11-2687,config,,,**.minInterferenceTime,0s,
General-0-20260518-01:47:11-2687,config,,,**.displayAddresses,false,
General-0-20260518-01:47:11-2687,config,,,**.numberOfNodes,6,
General-0-20260518-01:47:11-2687,config,,,**.numberOfGateways,1,
General-0-20260518-01:47:11-2687,config,,,**.constraintAreaMaxX,2376.0m,
General-0-20260518-01:47:11-2687,config,,,**.constraintAreaMaxY,1090.0m,
General-0-20260518-01:47:11-2687,config,,,**.loRaGW[0].**.initialX,544.00m,
General-0-20260518-01:47:11-2687,config,,,**.loRaGW[0].**.initialY,544.00m,
General-0-20260518-01:47:11-2687,config,,,output-scalar-file,../results/n100-gw1-s0.ini.sca,
General-0-20260518-01:47:11-2687,config,,,**.loRaNodes[0..1].app[0].sendInterval,1h,
General-0-20260518-01:47:11-2687,config,,,**.loRaNodes[0].**.initialX,510.63m,
General-0-20260518-01:47:11-2687,config,,,**.loRaNodes[0].**.initialY,500.08m,
General-0-20260518-01:47:11-2687,config,,,**.loRaNodes[1].**.initialX,470.29m,
General-0-20260518-01:47:11-2687,config,,,**.loRaNodes[1].**.initialY,520.24m,
General-0-20260518-01:47:11-2687,config,,,**.loRaNodes[2].**.initialX,500.60m,
General-0-20260518-01:47:11-2687,config,,,**.loRaNodes[2].**.initialY,590.25m,
General-0-20260518-01:47:11-2687,config,,,**.loRaNodes[3].**.initialX,535.86m,
General-0-20260518-01:47:11-2687,config,,,**.loRaNodes[3].**.initialY,590.63m,
General-0-20260518-01:47:11-2687,config,,,**.loRaNodes[2..3].app[0].sendInterval,exponential(8760h),
General-0-20260518-01:47:11-2687,config,,,**.loRaNodes[4..5].app[0].sendInterval,exponential(4h),
General-0-20260518-01:47:11-2687,config,,,**.loRaNodes[4].**.initialX,650.85m,
General-0-20260518-01:47:11-2687,config,,,**.loRaNodes[4].**.initialY,510.11m,
General-0-20260518-01:47:11-2687,config,,,**.loRaNodes[5].**.initialX,680.27m,
General-0-20260518-01:47:11-2687,config,,,**.loRaNodes[5].**.initialY,520.84m,
General-0-20260518-01:47:11-2687,config,,,**.loRaNodes[0].**initialLoRaSF,8,
General-0-20260518-01:47:11-2687,config,,,**.loRaNodes[0].**initialLoRaTP,8dBm,
General-0-20260518-01:47:11-2687,config,,,**.loRaNodes[1].**initialLoRaSF,9,
General-0-20260518-01:47:11-2687,config,,,**.loRaNodes[1].**initialLoRaTP,8dBm,
General-0-20260518-01:47:11-2687,config,,,**.loRaNodes[2].**initialLoRaSF,7,
General-0-20260518-01:47:11-2687,config,,,**.loRaNodes[2].**initialLoRaTP,8dBm,
General-0-20260518-01:47:11-2687,config,,,**.loRaNodes[3].**initialLoRaSF,7,
General-0-20260518-01:47:11-2687,config,,,**.loRaNodes[3].**initialLoRaTP,2dBm,
General-0-20260518-01:47:11-2687,config,,,**.loRaNodes[4].**initialLoRaSF,8,
General-0-20260518-01:47:11-2687,config,,,**.loRaNodes[4].**initialLoRaTP,8dBm,
General-0-20260518-01:47:11-2687,config,,,**.loRaNodes[5].**initialLoRaSF,7,
General-0-20260518-01:47:11-2687,config,,,**.loRaNodes[5].**initialLoRaTP,2dBm,
General-0-20260518-01:47:11-2687,config,,,**.vector-recording,false,
General-0-20260518-01:47:11-2687,config,,,**.loRaGW[*].packetForwarder.highQueueLength.vector-recording,true,
General-0-20260518-01:47:11-2687,config,,,**.loRaGW[*].packetForwarder.lowQueueLength.vector-recording,true,
General-0-20260518-01:47:11-2687,config,,,**.networkServer.app[0].delaySignal.vector-recording,true,
General-0-20260518-01:47:11-2687,config,,,**.loRaNodes[*].app[0].packetsSent:scalar,true,
General-0-20260518-01:47:11-2687,config,,,**.networkServer.app[0].totalReceivedPackets:scalar,true,
General-0-20260518-01:47:11-2687,config,,,**.loRaGW[*].**.packetDropRate:scalar,true,
General-18-20260518-02:57:32-2852,runattr,,,configname,General,
General-18-20260518-02:57:32-2852,runattr,,,datetime,20260518-02:57:32,
General-18-20260518-02:57:32-2852,runattr,,,datetimef,20260518-025732,
General-18-20260518-02:57:32-2852,runattr,,,experiment,General,
General-18-20260518-02:57:32-2852,runattr,,,inifile,n100-gw1.ini,
General-18-20260518-02:57:32-2852,runattr,,,iterationvars,"$0=""avg""",
General-18-20260518-02:57:32-2852,runattr,,,iterationvarsd,avg,
General-18-20260518-02:57:32-2852,runattr,,,iterationvarsf,avg-,
General-18-20260518-02:57:32-2852,runattr,,,measurement,"$0=""avg""",
General-18-20260518-02:57:32-2852,runattr,,,network,flora.simulations.LoRaNetworkTest,
General-18-20260518-02:57:32-2852,runattr,,,processid,2852,
General-18-20260518-02:57:32-2852,runattr,,,repetition,18,
General-18-20260518-02:57:32-2852,runattr,,,replication,#18,
General-18-20260518-02:57:32-2852,runattr,,,resultdir,results,
General-18-20260518-02:57:32-2852,runattr,,,runnumber,18,
General-18-20260518-02:57:32-2852,runattr,,,seedset,18,
General-18-20260518-02:57:32-2852,config,,,image-path,../../../inet4.4/images,
General-18-20260518-02:57:32-2852,config,,,network,flora.simulations.LoRaNetworkTest,
General-18-20260518-02:57:32-2852,config,,,output-vector-file,../results/n100-gw1-s18.ini.vec,
General-18-20260518-02:57:32-2852,config,,,**.maxTransmissionDuration,4s,
General-18-20260518-02:57:32-2852,config,,,**.energyDetection,-110dBm,
General-18-20260518-02:57:32-2852,config,,,**.vector-recording,true,
General-18-20260518-02:57:32-2852,config,,,rng-class,cMersenneTwister,
General-18-20260518-02:57:32-2852,config,,,**.loRaGW[*].numUdpApps,1,
General-18-20260518-02:57:32-2852,config,,,**.loRaGW[0].packetForwarder.localPort,2000,
General-18-20260518-02:57:32-2852,config,,,**.loRaGW[0].packetForwarder.destPort,1000,
General-18-20260518-02:57:32-2852,config,,,**.loRaGW[0].packetForwarder.destAddresses,"""networkServer""",
General-18-20260518-02:57:32-2852,config,,,**.loRaGW[0].packetForwarder.indexNumber,0,
General-18-20260518-02:57:32-2852,config,,,**.networkServer.numApps,1,
General-18-20260518-02:57:32-2852,config,,,**.networkServer.**.evaluateADRinServer,true,
General-18-20260518-02:57:32-2852,config,,,**.networkServer.app[0].typename,NetworkServerApp,
General-18-20260518-02:57:32-2852,config,,,**.networkServer.app[0].destAddresses,"""loRaGW[0]""",
General-18-20260518-02:57:32-2852,config,,,**.networkServer.app[0].destPort,2000,
General-18-20260518-02:57:32-2852,config,,,**.networkServer.app[0].localPort,1000,
General-18-20260518-02:57:32-2852,config,,,**.networkServer.app[0].adrMethod,"""avg""",
General-18-20260518-02:57:32-2852,config,,,**.numberOfPacketsToSend,0,
General-18-20260518-02:57:32-2852,config,,,sim-time-limit,3d,
General-18-20260518-02:57:32-2852,config,,,warmup-period,2h,
General-18-20260518-02:57:32-2852,config,,,simtime-resolution,-11,
General-18-20260518-02:57:32-2852,config,,,repeat,20,
General-18-20260518-02:57:32-2852,config,,,**.loRaNodes[0].app[0].timeToFirstPacket,12h 50ms,
General-18-20260518-02:57:32-2852,config,,,**.loRaNodes[0].app[0].timeToNextPacket,1h,
General-18-20260518-02:57:32-2852,config,,,**.loRaNodes[1].app[0].timeToFirstPacket,"uniform(4h, 5h)",
General-18-20260518-02:57:32-2852,config,,,**.loRaNodes[1].app[0].timeToNextPacket,1h,
General-18-20260518-02:57:32-2852,config,,,**.loRaNodes[2].app[0].timeToFirstPacket,12h,
General-18-20260518-02:57:32-2852,config,,,**.loRaNodes[3].app[0].timeToFirstPacket,12h 100ms,
General-18-20260518-02:57:32-2852,config,,,**.loRaNodes[4].app[0].timeToFirstPacket,12h 200ms,
General-18-20260518-02:57:32-2852,config,,,**.loRaNodes[5].app[0].timeToFirstPacket,12h 300ms,
General-18-20260518-02:57:32-2852,config,,,**.loRaNodes[{2..5}].app[0].timeToNextPacket,24h,
General-18-20260518-02:57:32-2852,config,,,**.alohaChannelModel,false,
General-18-20260518-02:57:32-2852,config,,,**.loRaNodes[*].**.initFromDisplayString,false,
General-18-20260518-02:57:32-2852,config,,,**.loRaNodes[*].**.evaluateADRinNode,true,
General-18-20260518-02:57:32-2852,config,,,**.loRaNodes[*].**initialLoRaBW,125 kHz,
General-18-20260518-02:57:32-2852,config,,,**.loRaNodes[*].**initialLoRaCR,4,
General-18-20260518-02:57:32-2852,config,,,**.loRaNodes[*].numApps,1,
General-18-20260518-02:57:32-2852,config,,,**.loRaNodes[*].app[0].typename,SimpleLoRaApp,
General-18-20260518-02:57:32-2852,config,,,**.LoRaGWNic.radio.iAmGateway,true,
General-18-20260518-02:57:32-2852,config,,,**.loRaGW[*].**.initFromDisplayString,false,
General-18-20260518-02:57:32-2852,config,,,**.loRaNodes[*].LoRaNic.radio.energyConsumer.typename,LoRaEnergyConsumer,
General-18-20260518-02:57:32-2852,config,,,**.loRaNodes[*].**.energySourceModule,"""^.IdealEpEnergyStorage""",
General-18-20260518-02:57:32-2852,config,,,**.loRaNodes[*].LoRaNic.radio.energyConsumer.configFile,"xmldoc(""../energyConsumptionParameters.xml"")",
General-18-20260518-02:57:32-2852,config,,,**.sigma,3.57,
General-18-20260518-02:57:32-2852,config,,,**.constraintAreaMinX,0m,
General-18-20260518-02:57:32-2852,config,,,**.constraintAreaMinY,0m,
General-18-20260518-02:57:32-2852,config,,,**.constraintAreaMinZ,0m,
General-18-20260518-02:57:32-2852,config,,,**.constraintAreaMaxZ,0m,
General-18-20260518-02:57:32-2852,config,,,LoRaNetworkTest.**.radio.separateTransmissionParts,false,
General-18-20260518-02:57:32-2852,config,,,LoRaNetworkTest.**.radio.separateReceptionParts,false,
General-18-20260518-02:57:32-2852,config,,,**.ipv4Delayer.config,"xmldoc(""../cloudDelays.xml"")",
General-18-20260518-02:57:32-2852,config,,,**.radio.radioMediumModule,"""LoRaMedium""",
General-18-20260518-02:57:32-2852,config,,,**.LoRaMedium.pathLossType,"""LoRaLogNormalShadowing""",
General-18-20260518-02:57:32-2852,config,,,**.minInterferenceTime,0s,
General-18-20260518-02:57:32-2852,config,,,**.displayAddresses,false,
General-18-20260518-02:57:32-2852,config,,,**.numberOfNodes,6,
General-18-20260518-02:57:32-2852,config,,,**.numberOfGateways,1,
General-18-20260518-02:57:32-2852,config,,,**.constraintAreaMaxX,2376.0m,
General-18-20260518-02:57:32-2852,config,,,**.constraintAreaMaxY,1090.0m,
General-18-20260518-02:57:32-2852,config,,,**.loRaGW[0].**.initialX,544.00m,
General-18-20260518-02:57:32-2852,config,,,**.loRaGW[0].**.initialY,544.00m,
General-18-20260518-02:57:32-2852,config,,,output-scalar-file,../results/n100-gw1-s18.ini.sca,
General-18-20260518-02:57:32-2852,config,,,**.loRaNodes[0..1].app[0].sendInterval,1h,
General-18-20260518-02:57:32-2852,config,,,**.loRaNodes[0].**.initialX,510.63m,
General-18-20260518-02:57:32-2852,config,,,**.loRaNodes[0].**.initialY,500.08m,
General-18-20260518-02:57:32-2852,config,,,**.loRaNodes[1].**.initialX,470.29m,
General-18-20260518-02:57:32-2852,config,,,**.loRaNodes[1].**.initialY,520.24m,
General-18-20260518-02:57:32-2852,config,,,**.loRaNodes[2].**.initialX,500.60m,
General-18-20260518-02:57:32-2852,config,,,**.loRaNodes[2].**.initialY,590.25m,
General-18-20260518-02:57:32-2852,config,,,**.loRaNodes[3].**.initialX,535.86m,
General-18-20260518-02:57:32-2852,config,,,**.loRaNodes[3].**.initialY,590.63m,
General-18-20260518-02:57:32-2852,config,,,**.loRaNodes[2..3].app[0].sendInterval,exponential(8760h),
General-18-20260518-02:57:32-2852,config,,,**.loRaNodes[4..5].app[0].sendInterval,exponential(4h),
General-18-20260518-02:57:32-2852,config,,,**.loRaNodes[4].**.initialX,650.85m,
General-18-20260518-02:57:32-2852,config,,,**.loRaNodes[4].**.initialY,510.11m,
General-18-20260518-02:57:32-2852,config,,,**.loRaNodes[5].**.initialX,680.27m,
General-18-20260518-02:57:32-2852,config,,,**.loRaNodes[5].**.initialY,520.84m,
General-18-20260518-02:57:32-2852,config,,,**.loRaNodes[0].**initialLoRaSF,8,
General-18-20260518-02:57:32-2852,config,,,**.loRaNodes[0].**initialLoRaTP,8dBm,
General-18-20260518-02:57:32-2852,config,,,**.loRaNodes[1].**initialLoRaSF,9,
General-18-20260518-02:57:32-2852,config,,,**.loRaNodes[1].**initialLoRaTP,8dBm,
General-18-20260518-02:57:32-2852,config,,,**.loRaNodes[2].**initialLoRaSF,7,
General-18-20260518-02:57:32-2852,config,,,**.loRaNodes[2].**initialLoRaTP,8dBm,
General-18-20260518-02:57:32-2852,config,,,**.loRaNodes[3].**initialLoRaSF,7,
General-18-20260518-02:57:32-2852,config,,,**.loRaNodes[3].**initialLoRaTP,2dBm,
General-18-20260518-02:57:32-2852,config,,,**.loRaNodes[4].**initialLoRaSF,8,
General-18-20260518-02:57:32-2852,config,,,**.loRaNodes[4].**initialLoRaTP,8dBm,
General-18-20260518-02:57:32-2852,config,,,**.loRaNodes[5].**initialLoRaSF,7,
General-18-20260518-02:57:32-2852,config,,,**.loRaNodes[5].**initialLoRaTP,2dBm,
General-18-20260518-02:57:32-2852,config,,,**.vector-recording,false,
General-18-20260518-02:57:32-2852,config,,,**.loRaGW[*].packetForwarder.highQueueLength.vector-recording,true,
General-18-20260518-02:57:32-2852,config,,,**.loRaGW[*].packetForwarder.lowQueueLength.vector-recording,true,
General-18-20260518-02:57:32-2852,config,,,**.networkServer.app[0].delaySignal.vector-recording,true,
General-18-20260518-02:57:32-2852,config,,,**.loRaNodes[*].app[0].packetsSent:scalar,true,
General-18-20260518-02:57:32-2852,config,,,**.networkServer.app[0].totalReceivedPackets:scalar,true,
General-18-20260518-02:57:32-2852,config,,,**.loRaGW[*].**.packetDropRate:scalar,true,
General-19-20260518-03:01:23-2858,runattr,,,configname,General,
General-19-20260518-03:01:23-2858,runattr,,,datetime,20260518-03:01:23,
General-19-20260518-03:01:23-2858,runattr,,,datetimef,20260518-030123,
General-19-20260518-03:01:23-2858,runattr,,,experiment,General,
General-19-20260518-03:01:23-2858,runattr,,,inifile,n100-gw1.ini,
General-19-20260518-03:01:23-2858,runattr,,,iterationvars,"$0=""avg""",
General-19-20260518-03:01:23-2858,runattr,,,iterationvarsd,avg,
General-19-20260518-03:01:23-2858,runattr,,,iterationvarsf,avg-,
General-19-20260518-03:01:23-2858,runattr,,,measurement,"$0=""avg""",
General-19-20260518-03:01:23-2858,runattr,,,network,flora.simulations.LoRaNetworkTest,
General-19-20260518-03:01:23-2858,runattr,,,processid,2858,
General-19-20260518-03:01:23-2858,runattr,,,repetition,19,
General-19-20260518-03:01:23-2858,runattr,,,replication,#19,
General-19-20260518-03:01:23-2858,runattr,,,resultdir,results,
General-19-20260518-03:01:23-2858,runattr,,,runnumber,19,
General-19-20260518-03:01:23-2858,runattr,,,seedset,19,
General-19-20260518-03:01:23-2858,config,,,image-path,../../../inet4.4/images,
General-19-20260518-03:01:23-2858,config,,,network,flora.simulations.LoRaNetworkTest,
General-19-20260518-03:01:23-2858,config,,,output-vector-file,../results/n100-gw1-s19.ini.vec,
General-19-20260518-03:01:23-2858,config,,,**.maxTransmissionDuration,4s,
General-19-20260518-03:01:23-2858,config,,,**.energyDetection,-110dBm,
General-19-20260518-03:01:23-2858,config,,,**.vector-recording,true,
General-19-20260518-03:01:23-2858,config,,,rng-class,cMersenneTwister,
General-19-20260518-03:01:23-2858,config,,,**.loRaGW[*].numUdpApps,1,
General-19-20260518-03:01:23-2858,config,,,**.loRaGW[0].packetForwarder.localPort,2000,
General-19-20260518-03:01:23-2858,config,,,**.loRaGW[0].packetForwarder.destPort,1000,
General-19-20260518-03:01:23-2858,config,,,**.loRaGW[0].packetForwarder.destAddresses,"""networkServer""",
General-19-20260518-03:01:23-2858,config,,,**.loRaGW[0].packetForwarder.indexNumber,0,
General-19-20260518-03:01:23-2858,config,,,**.networkServer.numApps,1,
General-19-20260518-03:01:23-2858,config,,,**.networkServer.**.evaluateADRinServer,true,
General-19-20260518-03:01:23-2858,config,,,**.networkServer.app[0].typename,NetworkServerApp,
General-19-20260518-03:01:23-2858,config,,,**.networkServer.app[0].destAddresses,"""loRaGW[0]""",
General-19-20260518-03:01:23-2858,config,,,**.networkServer.app[0].destPort,2000,
General-19-20260518-03:01:23-2858,config,,,**.networkServer.app[0].localPort,1000,
General-19-20260518-03:01:23-2858,config,,,**.networkServer.app[0].adrMethod,"""avg""",
General-19-20260518-03:01:23-2858,config,,,**.numberOfPacketsToSend,0,
General-19-20260518-03:01:23-2858,config,,,sim-time-limit,3d,
General-19-20260518-03:01:23-2858,config,,,warmup-period,2h,
General-19-20260518-03:01:23-2858,config,,,simtime-resolution,-11,
General-19-20260518-03:01:23-2858,config,,,repeat,20,
General-19-20260518-03:01:23-2858,config,,,**.loRaNodes[0].app[0].timeToFirstPacket,12h 50ms,
General-19-20260518-03:01:23-2858,config,,,**.loRaNodes[0].app[0].timeToNextPacket,1h,
General-19-20260518-03:01:23-2858,config,,,**.loRaNodes[1].app[0].timeToFirstPacket,"uniform(4h, 5h)",
General-19-20260518-03:01:23-2858,config,,,**.loRaNodes[1].app[0].timeToNextPacket,1h,
General-19-20260518-03:01:23-2858,config,,,**.loRaNodes[2].app[0].timeToFirstPacket,12h,
General-19-20260518-03:01:23-2858,config,,,**.loRaNodes[3].app[0].timeToFirstPacket,12h 100ms,
General-19-20260518-03:01:23-2858,config,,,**.loRaNodes[4].app[0].timeToFirstPacket,12h 200ms,
General-19-20260518-03:01:23-2858,config,,,**.loRaNodes[5].app[0].timeToFirstPacket,12h 300ms,
General-19-20260518-03:01:23-2858,config,,,**.loRaNodes[{2..5}].app[0].timeToNextPacket,24h,
General-19-20260518-03:01:23-2858,config,,,**.alohaChannelModel,false,
General-19-20260518-03:01:23-2858,config,,,**.loRaNodes[*].**.initFromDisplayString,false,
General-19-20260518-03:01:23-2858,config,,,**.loRaNodes[*].**.evaluateADRinNode,true,
General-19-20260518-03:01:23-2858,config,,,**.loRaNodes[*].**initialLoRaBW,125 kHz,
General-19-20260518-03:01:23-2858,config,,,**.loRaNodes[*].**initialLoRaCR,4,
General-19-20260518-03:01:23-2858,config,,,**.loRaNodes[*].numApps,1,
General-19-20260518-03:01:23-2858,config,,,**.loRaNodes[*].app[0].typename,SimpleLoRaApp,
General-19-20260518-03:01:23-2858,config,,,**.LoRaGWNic.radio.iAmGateway,true,
General-19-20260518-03:01:23-2858,config,,,**.loRaGW[*].**.initFromDisplayString,false,
General-19-20260518-03:01:23-2858,config,,,**.loRaNodes[*].LoRaNic.radio.energyConsumer.typename,LoRaEnergyConsumer,
General-19-20260518-03:01:23-2858,config,,,**.loRaNodes[*].**.energySourceModule,"""^.IdealEpEnergyStorage""",
General-19-20260518-03:01:23-2858,config,,,**.loRaNodes[*].LoRaNic.radio.energyConsumer.configFile,"xmldoc(""../energyConsumptionParameters.xml"")",
General-19-20260518-03:01:23-2858,config,,,**.sigma,3.57,
General-19-20260518-03:01:23-2858,config,,,**.constraintAreaMinX,0m,
General-19-20260518-03:01:23-2858,config,,,**.constraintAreaMinY,0m,
General-19-20260518-03:01:23-2858,config,,,**.constraintAreaMinZ,0m,
General-19-20260518-03:01:23-2858,config,,,**.constraintAreaMaxZ,0m,
General-19-20260518-03:01:23-2858,config,,,LoRaNetworkTest.**.radio.separateTransmissionParts,false,
General-19-20260518-03:01:23-2858,config,,,LoRaNetworkTest.**.radio.separateReceptionParts,false,
General-19-20260518-03:01:23-2858,config,,,**.ipv4Delayer.config,"xmldoc(""../cloudDelays.xml"")",
General-19-20260518-03:01:23-2858,config,,,**.radio.radioMediumModule,"""LoRaMedium""",
General-19-20260518-03:01:23-2858,config,,,**.LoRaMedium.pathLossType,"""LoRaLogNormalShadowing""",
General-19-20260518-03:01:23-2858,config,,,**.minInterferenceTime,0s,
General-19-20260518-03:01:23-2858,config,,,**.displayAddresses,false,
General-19-20260518-03:01:23-2858,config,,,**.numberOfNodes,6,
General-19-20260518-03:01:23-2858,config,,,**.numberOfGateways,1,
General-19-20260518-03:01:23-2858,config,,,**.constraintAreaMaxX,2376.0m,
General-19-20260518-03:01:23-2858,config,,,**.constraintAreaMaxY,1090.0m,
General-19-20260518-03:01:23-2858,config,,,**.loRaGW[0].**.initialX,544.00m,
General-19-20260518-03:01:23-2858,config,,,**.loRaGW[0].**.initialY,544.00m,
General-19-20260518-03:01:23-2858,config,,,output-scalar-file,../results/n100-gw1-s19.ini.sca,
General-19-20260518-03:01:23-2858,config,,,**.loRaNodes[0..1].app[0].sendInterval,1h,
General-19-20260518-03:01:23-2858,config,,,**.loRaNodes[0].**.initialX,510.63m,
General-19-20260518-03:01:23-2858,config,,,**.loRaNodes[0].**.initialY,500.08m,
General-19-20260518-03:01:23-2858,config,,,**.loRaNodes[1].**.initialX,470.29m,
General-19-20260518-03:01:23-2858,config,,,**.loRaNodes[1].**.initialY,520.24m,
General-19-20260518-03:01:23-2858,config,,,**.loRaNodes[2].**.initialX,500.60m,
General-19-20260518-03:01:23-2858,config,,,**.loRaNodes[2].**.initialY,590.25m,
General-19-20260518-03:01:23-2858,config,,,**.loRaNodes[3].**.initialX,535.86m,
General-19-20260518-03:01:23-2858,config,,,**.loRaNodes[3].**.initialY,590.63m,
General-19-20260518-03:01:23-2858,config,,,**.loRaNodes[2..3].app[0].sendInterval,exponential(8760h),
General-19-20260518-03:01:23-2858,config,,,**.loRaNodes[4..5].app[0].sendInterval,exponential(4h),
General-19-20260518-03:01:23-2858,config,,,**.loRaNodes[4].**.initialX,650.85m,
General-19-20260518-03:01:23-2858,config,,,**.loRaNodes[4].**.initialY,510.11m,
General-19-20260518-03:01:23-2858,config,,,**.loRaNodes[5].**.initialX,680.27m,
General-19-20260518-03:01:23-2858,config,,,**.loRaNodes[5].**.initialY,520.84m,
General-19-20260518-03:01:23-2858,config,,,**.loRaNodes[0].**initialLoRaSF,8,
General-19-20260518-03:01:23-2858,config,,,**.loRaNodes[0].**initialLoRaTP,8dBm,
General-19-20260518-03:01:23-2858,config,,,**.loRaNodes[1].**initialLoRaSF,9,
General-19-20260518-03:01:23-2858,config,,,**.loRaNodes[1].**initialLoRaTP,8dBm,
General-19-20260518-03:01:23-2858,config,,,**.loRaNodes[2].**initialLoRaSF,7,
General-19-20260518-03:01:23-2858,config,,,**.loRaNodes[2].**initialLoRaTP,8dBm,
General-19-20260518-03:01:23-2858,config,,,**.loRaNodes[3].**initialLoRaSF,7,
General-19-20260518-03:01:23-2858,config,,,**.loRaNodes[3].**initialLoRaTP,2dBm,
General-19-20260518-03:01:23-2858,config,,,**.loRaNodes[4].**initialLoRaSF,8,
General-19-20260518-03:01:23-2858,config,,,**.loRaNodes[4].**initialLoRaTP,8dBm,
General-19-20260518-03:01:23-2858,config,,,**.loRaNodes[5].**initialLoRaSF,7,
General-19-20260518-03:01:23-2858,config,,,**.loRaNodes[5].**initialLoRaTP,2dBm,
General-19-20260518-03:01:23-2858,config,,,**.vector-recording,false,
General-19-20260518-03:01:23-2858,config,,,**.loRaGW[*].packetForwarder.highQueueLength.vector-recording,true,
General-19-20260518-03:01:23-2858,config,,,**.loRaGW[*].packetForwarder.lowQueueLength.vector-recording,true,
General-19-20260518-03:01:23-2858,config,,,**.networkServer.app[0].delaySignal.vector-recording,true,
General-19-20260518-03:01:23-2858,config,,,**.loRaNodes[*].app[0].packetsSent:scalar,true,
General-19-20260518-03:01:23-2858,config,,,**.networkServer.app[0].totalReceivedPackets:scalar,true,
General-19-20260518-03:01:23-2858,config,,,**.loRaGW[*].**.packetDropRate:scalar,true,
General-8-20260518-02:18:37-2774,runattr,,,configname,General,
General-8-20260518-02:18:37-2774,runattr,,,datetime,20260518-02:18:37,
General-8-20260518-02:18:37-2774,runattr,,,datetimef,20260518-021837,
General-8-20260518-02:18:37-2774,runattr,,,experiment,General,
General-8-20260518-02:18:37-2774,runattr,,,inifile,n100-gw1.ini,
General-8-20260518-02:18:37-2774,runattr,,,iterationvars,"$0=""avg""",
General-8-20260518-02:18:37-2774,runattr,,,iterationvarsd,avg,
General-8-20260518-02:18:37-2774,runattr,,,iterationvarsf,avg-,
General-8-20260518-02:18:37-2774,runattr,,,measurement,"$0=""avg""",
General-8-20260518-02:18:37-2774,runattr,,,network,flora.simulations.LoRaNetworkTest,
General-8-20260518-02:18:37-2774,runattr,,,processid,2774,
General-8-20260518-02:18:37-2774,runattr,,,repetition,8,
General-8-20260518-02:18:37-2774,runattr,,,replication,#8,
General-8-20260518-02:18:37-2774,runattr,,,resultdir,results,
General-8-20260518-02:18:37-2774,runattr,,,runnumber,8,
General-8-20260518-02:18:37-2774,runattr,,,seedset,8,
General-8-20260518-02:18:37-2774,config,,,image-path,../../../inet4.4/images,
General-8-20260518-02:18:37-2774,config,,,network,flora.simulations.LoRaNetworkTest,
General-8-20260518-02:18:37-2774,config,,,output-vector-file,../results/n100-gw1-s8.ini.vec,
General-8-20260518-02:18:37-2774,config,,,**.maxTransmissionDuration,4s,
General-8-20260518-02:18:37-2774,config,,,**.energyDetection,-110dBm,
General-8-20260518-02:18:37-2774,config,,,**.vector-recording,true,
General-8-20260518-02:18:37-2774,config,,,rng-class,cMersenneTwister,
General-8-20260518-02:18:37-2774,config,,,**.loRaGW[*].numUdpApps,1,
General-8-20260518-02:18:37-2774,config,,,**.loRaGW[0].packetForwarder.localPort,2000,
General-8-20260518-02:18:37-2774,config,,,**.loRaGW[0].packetForwarder.destPort,1000,
General-8-20260518-02:18:37-2774,config,,,**.loRaGW[0].packetForwarder.destAddresses,"""networkServer""",
General-8-20260518-02:18:37-2774,config,,,**.loRaGW[0].packetForwarder.indexNumber,0,
General-8-20260518-02:18:37-2774,config,,,**.networkServer.numApps,1,
General-8-20260518-02:18:37-2774,config,,,**.networkServer.**.evaluateADRinServer,true,
General-8-20260518-02:18:37-2774,config,,,**.networkServer.app[0].typename,NetworkServerApp,
General-8-20260518-02:18:37-2774,config,,,**.networkServer.app[0].destAddresses,"""loRaGW[0]""",
General-8-20260518-02:18:37-2774,config,,,**.networkServer.app[0].destPort,2000,
General-8-20260518-02:18:37-2774,config,,,**.networkServer.app[0].localPort,1000,
General-8-20260518-02:18:37-2774,config,,,**.networkServer.app[0].adrMethod,"""avg""",
General-8-20260518-02:18:37-2774,config,,,**.numberOfPacketsToSend,0,
General-8-20260518-02:18:37-2774,config,,,sim-time-limit,3d,
General-8-20260518-02:18:37-2774,config,,,warmup-period,2h,
General-8-20260518-02:18:37-2774,config,,,simtime-resolution,-11,
General-8-20260518-02:18:37-2774,config,,,repeat,20,
General-8-20260518-02:18:37-2774,config,,,**.loRaNodes[0].app[0].timeToFirstPacket,12h 50ms,
General-8-20260518-02:18:37-2774,config,,,**.loRaNodes[0].app[0].timeToNextPacket,1h,
General-8-20260518-02:18:37-2774,config,,,**.loRaNodes[1].app[0].timeToFirstPacket,"uniform(4h, 5h)",
General-8-20260518-02:18:37-2774,config,,,**.loRaNodes[1].app[0].timeToNextPacket,1h,
General-8-20260518-02:18:37-2774,config,,,**.loRaNodes[2].app[0].timeToFirstPacket,12h,
General-8-20260518-02:18:37-2774,config,,,**.loRaNodes[3].app[0].timeToFirstPacket,12h 100ms,
General-8-20260518-02:18:37-2774,config,,,**.loRaNodes[4].app[0].timeToFirstPacket,12h 200ms,
General-8-20260518-02:18:37-2774,config,,,**.loRaNodes[5].app[0].timeToFirstPacket,12h 300ms,
General-8-20260518-02:18:37-2774,config,,,**.loRaNodes[{2..5}].app[0].timeToNextPacket,24h,
General-8-20260518-02:18:37-2774,config,,,**.alohaChannelModel,false,
General-8-20260518-02:18:37-2774,config,,,**.loRaNodes[*].**.initFromDisplayString,false,
General-8-20260518-02:18:37-2774,config,,,**.loRaNodes[*].**.evaluateADRinNode,true,
General-8-20260518-02:18:37-2774,config,,,**.loRaNodes[*].**initialLoRaBW,125 kHz,
General-8-20260518-02:18:37-2774,config,,,**.loRaNodes[*].**initialLoRaCR,4,
General-8-20260518-02:18:37-2774,config,,,**.loRaNodes[*].numApps,1,
General-8-20260518-02:18:37-2774,config,,,**.loRaNodes[*].app[0].typename,SimpleLoRaApp,
General-8-20260518-02:18:37-2774,config,,,**.LoRaGWNic.radio.iAmGateway,true,
General-8-20260518-02:18:37-2774,config,,,**.loRaGW[*].**.initFromDisplayString,false,
General-8-20260518-02:18:37-2774,config,,,**.loRaNodes[*].LoRaNic.radio.energyConsumer.typename,LoRaEnergyConsumer,
General-8-20260518-02:18:37-2774,config,,,**.loRaNodes[*].**.energySourceModule,"""^.IdealEpEnergyStorage""",
General-8-20260518-02:18:37-2774,config,,,**.loRaNodes[*].LoRaNic.radio.energyConsumer.configFile,"xmldoc(""../energyConsumptionParameters.xml"")",
General-8-20260518-02:18:37-2774,config,,,**.sigma,3.57,
General-8-20260518-02:18:37-2774,config,,,**.constraintAreaMinX,0m,
General-8-20260518-02:18:37-2774,config,,,**.constraintAreaMinY,0m,
General-8-20260518-02:18:37-2774,config,,,**.constraintAreaMinZ,0m,
General-8-20260518-02:18:37-2774,config,,,**.constraintAreaMaxZ,0m,
General-8-20260518-02:18:37-2774,config,,,LoRaNetworkTest.**.radio.separateTransmissionParts,false,
General-8-20260518-02:18:37-2774,config,,,LoRaNetworkTest.**.radio.separateReceptionParts,false,
General-8-20260518-02:18:37-2774,config,,,**.ipv4Delayer.config,"xmldoc(""../cloudDelays.xml"")",
General-8-20260518-02:18:37-2774,config,,,**.radio.radioMediumModule,"""LoRaMedium""",
General-8-20260518-02:18:37-2774,config,,,**.LoRaMedium.pathLossType,"""LoRaLogNormalShadowing""",
General-8-20260518-02:18:37-2774,config,,,**.minInterferenceTime,0s,
General-8-20260518-02:18:37-2774,config,,,**.displayAddresses,false,
General-8-20260518-02:18:37-2774,config,,,**.numberOfNodes,6,
General-8-20260518-02:18:37-2774,config,,,**.numberOfGateways,1,
General-8-20260518-02:18:37-2774,config,,,**.constraintAreaMaxX,2376.0m,
General-8-20260518-02:18:37-2774,config,,,**.constraintAreaMaxY,1090.0m,
General-8-20260518-02:18:37-2774,config,,,**.loRaGW[0].**.initialX,544.00m,
General-8-20260518-02:18:37-2774,config,,,**.loRaGW[0].**.initialY,544.00m,
General-8-20260518-02:18:37-2774,config,,,output-scalar-file,../results/n100-gw1-s8.ini.sca,
General-8-20260518-02:18:37-2774,config,,,**.loRaNodes[0..1].app[0].sendInterval,1h,
General-8-20260518-02:18:37-2774,config,,,**.loRaNodes[0].**.initialX,510.63m,
General-8-20260518-02:18:37-2774,config,,,**.loRaNodes[0].**.initialY,500.08m,
General-8-20260518-02:18:37-2774,config,,,**.loRaNodes[1].**.initialX,470.29m,
General-8-20260518-02:18:37-2774,config,,,**.loRaNodes[1].**.initialY,520.24m,
General-8-20260518-02:18:37-2774,config,,,**.loRaNodes[2].**.initialX,500.60m,
General-8-20260518-02:18:37-2774,config,,,**.loRaNodes[2].**.initialY,590.25m,
General-8-20260518-02:18:37-2774,config,,,**.loRaNodes[3].**.initialX,535.86m,
General-8-20260518-02:18:37-2774,config,,,**.loRaNodes[3].**.initialY,590.63m,
General-8-20260518-02:18:37-2774,config,,,**.loRaNodes[2..3].app[0].sendInterval,exponential(8760h),
General-8-20260518-02:18:37-2774,config,,,**.loRaNodes[4..5].app[0].sendInterval,exponential(4h),
General-8-20260518-02:18:37-2774,config,,,**.loRaNodes[4].**.initialX,650.85m,
General-8-20260518-02:18:37-2774,config,,,**.loRaNodes[4].**.initialY,510.11m,
General-8-20260518-02:18:37-2774,config,,,**.loRaNodes[5].**.initialX,680.27m,
General-8-20260518-02:18:37-2774,config,,,**.loRaNodes[5].**.initialY,520.84m,
General-8-20260518-02:18:37-2774,config,,,**.loRaNodes[0].**initialLoRaSF,8,
General-8-20260518-02:18:37-2774,config,,,**.loRaNodes[0].**initialLoRaTP,8dBm,
General-8-20260518-02:18:37-2774,config,,,**.loRaNodes[1].**initialLoRaSF,9,
General-8-20260518-02:18:37-2774,config,,,**.loRaNodes[1].**initialLoRaTP,8dBm,
General-8-20260518-02:18:37-2774,config,,,**.loRaNodes[2].**initialLoRaSF,7,
General-8-20260518-02:18:37-2774,config,,,**.loRaNodes[2].**initialLoRaTP,8dBm,
General-8-20260518-02:18:37-2774,config,,,**.loRaNodes[3].**initialLoRaSF,7,
General-8-20260518-02:18:37-2774,config,,,**.loRaNodes[3].**initialLoRaTP,2dBm,
General-8-20260518-02:18:37-2774,config,,,**.loRaNodes[4].**initialLoRaSF,8,
General-8-20260518-02:18:37-2774,config,,,**.loRaNodes[4].**initialLoRaTP,8dBm,
General-8-20260518-02:18:37-2774,config,,,**.loRaNodes[5].**initialLoRaSF,7,
General-8-20260518-02:18:37-2774,config,,,**.loRaNodes[5].**initialLoRaTP,2dBm,
General-8-20260518-02:18:37-2774,config,,,**.vector-recording,false,
General-8-20260518-02:18:37-2774,config,,,**.loRaGW[*].packetForwarder.highQueueLength.vector-recording,true,
General-8-20260518-02:18:37-2774,config,,,**.loRaGW[*].packetForwarder.lowQueueLength.vector-recording,true,
General-8-20260518-02:18:37-2774,config,,,**.networkServer.app[0].delaySignal.vector-recording,true,
General-8-20260518-02:18:37-2774,config,,,**.loRaNodes[*].app[0].packetsSent:scalar,true,
General-8-20260518-02:18:37-2774,config,,,**.networkServer.app[0].totalReceivedPackets:scalar,true,
General-8-20260518-02:18:37-2774,config,,,**.loRaGW[*].**.packetDropRate:scalar,true,
General-6-20260518-02:10:41-2744,runattr,,,configname,General,
General-6-20260518-02:10:41-2744,runattr,,,datetime,20260518-02:10:41,
General-6-20260518-02:10:41-2744,runattr,,,datetimef,20260518-021041,
General-6-20260518-02:10:41-2744,runattr,,,experiment,General,
General-6-20260518-02:10:41-2744,runattr,,,inifile,n100-gw1.ini,
General-6-20260518-02:10:41-2744,runattr,,,iterationvars,"$0=""avg""",
General-6-20260518-02:10:41-2744,runattr,,,iterationvarsd,avg,
General-6-20260518-02:10:41-2744,runattr,,,iterationvarsf,avg-,
General-6-20260518-02:10:41-2744,runattr,,,measurement,"$0=""avg""",
General-6-20260518-02:10:41-2744,runattr,,,network,flora.simulations.LoRaNetworkTest,
General-6-20260518-02:10:41-2744,runattr,,,processid,2744,
General-6-20260518-02:10:41-2744,runattr,,,repetition,6,
General-6-20260518-02:10:41-2744,runattr,,,replication,#6,
General-6-20260518-02:10:41-2744,runattr,,,resultdir,results,
General-6-20260518-02:10:41-2744,runattr,,,runnumber,6,
General-6-20260518-02:10:41-2744,runattr,,,seedset,6,
General-6-20260518-02:10:41-2744,config,,,image-path,../../../inet4.4/images,
General-6-20260518-02:10:41-2744,config,,,network,flora.simulations.LoRaNetworkTest,
General-6-20260518-02:10:41-2744,config,,,output-vector-file,../results/n100-gw1-s6.ini.vec,
General-6-20260518-02:10:41-2744,config,,,**.maxTransmissionDuration,4s,
General-6-20260518-02:10:41-2744,config,,,**.energyDetection,-110dBm,
General-6-20260518-02:10:41-2744,config,,,**.vector-recording,true,
General-6-20260518-02:10:41-2744,config,,,rng-class,cMersenneTwister,
General-6-20260518-02:10:41-2744,config,,,**.loRaGW[*].numUdpApps,1,
General-6-20260518-02:10:41-2744,config,,,**.loRaGW[0].packetForwarder.localPort,2000,
General-6-20260518-02:10:41-2744,config,,,**.loRaGW[0].packetForwarder.destPort,1000,
General-6-20260518-02:10:41-2744,config,,,**.loRaGW[0].packetForwarder.destAddresses,"""networkServer""",
General-6-20260518-02:10:41-2744,config,,,**.loRaGW[0].packetForwarder.indexNumber,0,
General-6-20260518-02:10:41-2744,config,,,**.networkServer.numApps,1,
General-6-20260518-02:10:41-2744,config,,,**.networkServer.**.evaluateADRinServer,true,
General-6-20260518-02:10:41-2744,config,,,**.networkServer.app[0].typename,NetworkServerApp,
General-6-20260518-02:10:41-2744,config,,,**.networkServer.app[0].destAddresses,"""loRaGW[0]""",
General-6-20260518-02:10:41-2744,config,,,**.networkServer.app[0].destPort,2000,
General-6-20260518-02:10:41-2744,config,,,**.networkServer.app[0].localPort,1000,
General-6-20260518-02:10:41-2744,config,,,**.networkServer.app[0].adrMethod,"""avg""",
General-6-20260518-02:10:41-2744,config,,,**.numberOfPacketsToSend,0,
General-6-20260518-02:10:41-2744,config,,,sim-time-limit,3d,
General-6-20260518-02:10:41-2744,config,,,warmup-period,2h,
General-6-20260518-02:10:41-2744,config,,,simtime-resolution,-11,
General-6-20260518-02:10:41-2744,config,,,repeat,20,
General-6-20260518-02:10:41-2744,config,,,**.loRaNodes[0].app[0].timeToFirstPacket,12h 50ms,
General-6-20260518-02:10:41-2744,config,,,**.loRaNodes[0].app[0].timeToNextPacket,1h,
General-6-20260518-02:10:41-2744,config,,,**.loRaNodes[1].app[0].timeToFirstPacket,"uniform(4h, 5h)",
General-6-20260518-02:10:41-2744,config,,,**.loRaNodes[1].app[0].timeToNextPacket,1h,
General-6-20260518-02:10:41-2744,config,,,**.loRaNodes[2].app[0].timeToFirstPacket,12h,
General-6-20260518-02:10:41-2744,config,,,**.loRaNodes[3].app[0].timeToFirstPacket,12h 100ms,
General-6-20260518-02:10:41-2744,config,,,**.loRaNodes[4].app[0].timeToFirstPacket,12h 200ms,
General-6-20260518-02:10:41-2744,config,,,**.loRaNodes[5].app[0].timeToFirstPacket,12h 300ms,
General-6-20260518-02:10:41-2744,config,,,**.loRaNodes[{2..5}].app[0].timeToNextPacket,24h,
General-6-20260518-02:10:41-2744,config,,,**.alohaChannelModel,false,
General-6-20260518-02:10:41-2744,config,,,**.loRaNodes[*].**.initFromDisplayString,false,
General-6-20260518-02:10:41-2744,config,,,**.loRaNodes[*].**.evaluateADRinNode,true,
General-6-20260518-02:10:41-2744,config,,,**.loRaNodes[*].**initialLoRaBW,125 kHz,
General-6-20260518-02:10:41-2744,config,,,**.loRaNodes[*].**initialLoRaCR,4,
General-6-20260518-02:10:41-2744,config,,,**.loRaNodes[*].numApps,1,
General-6-20260518-02:10:41-2744,config,,,**.loRaNodes[*].app[0].typename,SimpleLoRaApp,
General-6-20260518-02:10:41-2744,config,,,**.LoRaGWNic.radio.iAmGateway,true,
General-6-20260518-02:10:41-2744,config,,,**.loRaGW[*].**.initFromDisplayString,false,
General-6-20260518-02:10:41-2744,config,,,**.loRaNodes[*].LoRaNic.radio.energyConsumer.typename,LoRaEnergyConsumer,
General-6-20260518-02:10:41-2744,config,,,**.loRaNodes[*].**.energySourceModule,"""^.IdealEpEnergyStorage""",
General-6-20260518-02:10:41-2744,config,,,**.loRaNodes[*].LoRaNic.radio.energyConsumer.configFile,"xmldoc(""../energyConsumptionParameters.xml"")",
General-6-20260518-02:10:41-2744,config,,,**.sigma,3.57,
General-6-20260518-02:10:41-2744,config,,,**.constraintAreaMinX,0m,
General-6-20260518-02:10:41-2744,config,,,**.constraintAreaMinY,0m,
General-6-20260518-02:10:41-2744,config,,,**.constraintAreaMinZ,0m,
General-6-20260518-02:10:41-2744,config,,,**.constraintAreaMaxZ,0m,
General-6-20260518-02:10:41-2744,config,,,LoRaNetworkTest.**.radio.separateTransmissionParts,false,
General-6-20260518-02:10:41-2744,config,,,LoRaNetworkTest.**.radio.separateReceptionParts,false,
General-6-20260518-02:10:41-2744,config,,,**.ipv4Delayer.config,"xmldoc(""../cloudDelays.xml"")",
General-6-20260518-02:10:41-2744,config,,,**.radio.radioMediumModule,"""LoRaMedium""",
General-6-20260518-02:10:41-2744,config,,,**.LoRaMedium.pathLossType,"""LoRaLogNormalShadowing""",
General-6-20260518-02:10:41-2744,config,,,**.minInterferenceTime,0s,
General-6-20260518-02:10:41-2744,config,,,**.displayAddresses,false,
General-6-20260518-02:10:41-2744,config,,,**.numberOfNodes,6,
General-6-20260518-02:10:41-2744,config,,,**.numberOfGateways,1,
General-6-20260518-02:10:41-2744,config,,,**.constraintAreaMaxX,2376.0m,
General-6-20260518-02:10:41-2744,config,,,**.constraintAreaMaxY,1090.0m,
General-6-20260518-02:10:41-2744,config,,,**.loRaGW[0].**.initialX,544.00m,
General-6-20260518-02:10:41-2744,config,,,**.loRaGW[0].**.initialY,544.00m,
General-6-20260518-02:10:41-2744,config,,,output-scalar-file,../results/n100-gw1-s6.ini.sca,
General-6-20260518-02:10:41-2744,config,,,**.loRaNodes[0..1].app[0].sendInterval,1h,
General-6-20260518-02:10:41-2744,config,,,**.loRaNodes[0].**.initialX,510.63m,
General-6-20260518-02:10:41-2744,config,,,**.loRaNodes[0].**.initialY,500.08m,
General-6-20260518-02:10:41-2744,config,,,**.loRaNodes[1].**.initialX,470.29m,
General-6-20260518-02:10:41-2744,config,,,**.loRaNodes[1].**.initialY,520.24m,
General-6-20260518-02:10:41-2744,config,,,**.loRaNodes[2].**.initialX,500.60m,
General-6-20260518-02:10:41-2744,config,,,**.loRaNodes[2].**.initialY,590.25m,
General-6-20260518-02:10:41-2744,config,,,**.loRaNodes[3].**.initialX,535.86m,
General-6-20260518-02:10:41-2744,config,,,**.loRaNodes[3].**.initialY,590.63m,
General-6-20260518-02:10:41-2744,config,,,**.loRaNodes[2..3].app[0].sendInterval,exponential(8760h),
General-6-20260518-02:10:41-2744,config,,,**.loRaNodes[4..5].app[0].sendInterval,exponential(4h),
General-6-20260518-02:10:41-2744,config,,,**.loRaNodes[4].**.initialX,650.85m,
General-6-20260518-02:10:41-2744,config,,,**.loRaNodes[4].**.initialY,510.11m,
General-6-20260518-02:10:41-2744,config,,,**.loRaNodes[5].**.initialX,680.27m,
General-6-20260518-02:10:41-2744,config,,,**.loRaNodes[5].**.initialY,520.84m,
General-6-20260518-02:10:41-2744,config,,,**.loRaNodes[0].**initialLoRaSF,8,
General-6-20260518-02:10:41-2744,config,,,**.loRaNodes[0].**initialLoRaTP,8dBm,
General-6-20260518-02:10:41-2744,config,,,**.loRaNodes[1].**initialLoRaSF,9,
General-6-20260518-02:10:41-2744,config,,,**.loRaNodes[1].**initialLoRaTP,8dBm,
General-6-20260518-02:10:41-2744,config,,,**.loRaNodes[2].**initialLoRaSF,7,
General-6-20260518-02:10:41-2744,config,,,**.loRaNodes[2].**initialLoRaTP,8dBm,
General-6-20260518-02:10:41-2744,config,,,**.loRaNodes[3].**initialLoRaSF,7,
General-6-20260518-02:10:41-2744,config,,,**.loRaNodes[3].**initialLoRaTP,2dBm,
General-6-20260518-02:10:41-2744,config,,,**.loRaNodes[4].**initialLoRaSF,8,
General-6-20260518-02:10:41-2744,config,,,**.loRaNodes[4].**initialLoRaTP,8dBm,
General-6-20260518-02:10:41-2744,config,,,**.loRaNodes[5].**initialLoRaSF,7,
General-6-20260518-02:10:41-2744,config,,,**.loRaNodes[5].**initialLoRaTP,2dBm,
General-6-20260518-02:10:41-2744,config,,,**.vector-recording,false,
General-6-20260518-02:10:41-2744,config,,,**.loRaGW[*].packetForwarder.highQueueLength.vector-recording,true,
General-6-20260518-02:10:41-2744,config,,,**.loRaGW[*].packetForwarder.lowQueueLength.vector-recording,true,
General-6-20260518-02:10:41-2744,config,,,**.networkServer.app[0].delaySignal.vector-recording,true,
General-6-20260518-02:10:41-2744,config,,,**.loRaNodes[*].app[0].packetsSent:scalar,true,
General-6-20260518-02:10:41-2744,config,,,**.networkServer.app[0].totalReceivedPackets:scalar,true,
General-6-20260518-02:10:41-2744,config,,,**.loRaGW[*].**.packetDropRate:scalar,true,
General-4-20260518-02:02:57-2731,runattr,,,configname,General,
General-4-20260518-02:02:57-2731,runattr,,,datetime,20260518-02:02:57,
General-4-20260518-02:02:57-2731,runattr,,,datetimef,20260518-020257,
General-4-20260518-02:02:57-2731,runattr,,,experiment,General,
General-4-20260518-02:02:57-2731,runattr,,,inifile,n100-gw1.ini,
General-4-20260518-02:02:57-2731,runattr,,,iterationvars,"$0=""avg""",
General-4-20260518-02:02:57-2731,runattr,,,iterationvarsd,avg,
General-4-20260518-02:02:57-2731,runattr,,,iterationvarsf,avg-,
General-4-20260518-02:02:57-2731,runattr,,,measurement,"$0=""avg""",
General-4-20260518-02:02:57-2731,runattr,,,network,flora.simulations.LoRaNetworkTest,
General-4-20260518-02:02:57-2731,runattr,,,processid,2731,
General-4-20260518-02:02:57-2731,runattr,,,repetition,4,
General-4-20260518-02:02:57-2731,runattr,,,replication,#4,
General-4-20260518-02:02:57-2731,runattr,,,resultdir,results,
General-4-20260518-02:02:57-2731,runattr,,,runnumber,4,
General-4-20260518-02:02:57-2731,runattr,,,seedset,4,
General-4-20260518-02:02:57-2731,config,,,image-path,../../../inet4.4/images,
General-4-20260518-02:02:57-2731,config,,,network,flora.simulations.LoRaNetworkTest,
General-4-20260518-02:02:57-2731,config,,,output-vector-file,../results/n100-gw1-s4.ini.vec,
General-4-20260518-02:02:57-2731,config,,,**.maxTransmissionDuration,4s,
General-4-20260518-02:02:57-2731,config,,,**.energyDetection,-110dBm,
General-4-20260518-02:02:57-2731,config,,,**.vector-recording,true,
General-4-20260518-02:02:57-2731,config,,,rng-class,cMersenneTwister,
General-4-20260518-02:02:57-2731,config,,,**.loRaGW[*].numUdpApps,1,
General-4-20260518-02:02:57-2731,config,,,**.loRaGW[0].packetForwarder.localPort,2000,
General-4-20260518-02:02:57-2731,config,,,**.loRaGW[0].packetForwarder.destPort,1000,
General-4-20260518-02:02:57-2731,config,,,**.loRaGW[0].packetForwarder.destAddresses,"""networkServer""",
General-4-20260518-02:02:57-2731,config,,,**.loRaGW[0].packetForwarder.indexNumber,0,
General-4-20260518-02:02:57-2731,config,,,**.networkServer.numApps,1,
General-4-20260518-02:02:57-2731,config,,,**.networkServer.**.evaluateADRinServer,true,
General-4-20260518-02:02:57-2731,config,,,**.networkServer.app[0].typename,NetworkServerApp,
General-4-20260518-02:02:57-2731,config,,,**.networkServer.app[0].destAddresses,"""loRaGW[0]""",
General-4-20260518-02:02:57-2731,config,,,**.networkServer.app[0].destPort,2000,
General-4-20260518-02:02:57-2731,config,,,**.networkServer.app[0].localPort,1000,
General-4-20260518-02:02:57-2731,config,,,**.networkServer.app[0].adrMethod,"""avg""",
General-4-20260518-02:02:57-2731,config,,,**.numberOfPacketsToSend,0,
General-4-20260518-02:02:57-2731,config,,,sim-time-limit,3d,
General-4-20260518-02:02:57-2731,config,,,warmup-period,2h,
General-4-20260518-02:02:57-2731,config,,,simtime-resolution,-11,
General-4-20260518-02:02:57-2731,config,,,repeat,20,
General-4-20260518-02:02:57-2731,config,,,**.loRaNodes[0].app[0].timeToFirstPacket,12h 50ms,
General-4-20260518-02:02:57-2731,config,,,**.loRaNodes[0].app[0].timeToNextPacket,1h,
General-4-20260518-02:02:57-2731,config,,,**.loRaNodes[1].app[0].timeToFirstPacket,"uniform(4h, 5h)",
General-4-20260518-02:02:57-2731,config,,,**.loRaNodes[1].app[0].timeToNextPacket,1h,
General-4-20260518-02:02:57-2731,config,,,**.loRaNodes[2].app[0].timeToFirstPacket,12h,
General-4-20260518-02:02:57-2731,config,,,**.loRaNodes[3].app[0].timeToFirstPacket,12h 100ms,
General-4-20260518-02:02:57-2731,config,,,**.loRaNodes[4].app[0].timeToFirstPacket,12h 200ms,
General-4-20260518-02:02:57-2731,config,,,**.loRaNodes[5].app[0].timeToFirstPacket,12h 300ms,
General-4-20260518-02:02:57-2731,config,,,**.loRaNodes[{2..5}].app[0].timeToNextPacket,24h,
General-4-20260518-02:02:57-2731,config,,,**.alohaChannelModel,false,
General-4-20260518-02:02:57-2731,config,,,**.loRaNodes[*].**.initFromDisplayString,false,
General-4-20260518-02:02:57-2731,config,,,**.loRaNodes[*].**.evaluateADRinNode,true,
General-4-20260518-02:02:57-2731,config,,,**.loRaNodes[*].**initialLoRaBW,125 kHz,
General-4-20260518-02:02:57-2731,config,,,**.loRaNodes[*].**initialLoRaCR,4,
General-4-20260518-02:02:57-2731,config,,,**.loRaNodes[*].numApps,1,
General-4-20260518-02:02:57-2731,config,,,**.loRaNodes[*].app[0].typename,SimpleLoRaApp,
General-4-20260518-02:02:57-2731,config,,,**.LoRaGWNic.radio.iAmGateway,true,
General-4-20260518-02:02:57-2731,config,,,**.loRaGW[*].**.initFromDisplayString,false,
General-4-20260518-02:02:57-2731,config,,,**.loRaNodes[*].LoRaNic.radio.energyConsumer.typename,LoRaEnergyConsumer,
General-4-20260518-02:02:57-2731,config,,,**.loRaNodes[*].**.energySourceModule,"""^.IdealEpEnergyStorage""",
General-4-20260518-02:02:57-2731,config,,,**.loRaNodes[*].LoRaNic.radio.energyConsumer.configFile,"xmldoc(""../energyConsumptionParameters.xml"")",
General-4-20260518-02:02:57-2731,config,,,**.sigma,3.57,
General-4-20260518-02:02:57-2731,config,,,**.constraintAreaMinX,0m,
General-4-20260518-02:02:57-2731,config,,,**.constraintAreaMinY,0m,
General-4-20260518-02:02:57-2731,config,,,**.constraintAreaMinZ,0m,
General-4-20260518-02:02:57-2731,config,,,**.constraintAreaMaxZ,0m,
General-4-20260518-02:02:57-2731,config,,,LoRaNetworkTest.**.radio.separateTransmissionParts,false,
General-4-20260518-02:02:57-2731,config,,,LoRaNetworkTest.**.radio.separateReceptionParts,false,
General-4-20260518-02:02:57-2731,config,,,**.ipv4Delayer.config,"xmldoc(""../cloudDelays.xml"")",
General-4-20260518-02:02:57-2731,config,,,**.radio.radioMediumModule,"""LoRaMedium""",
General-4-20260518-02:02:57-2731,config,,,**.LoRaMedium.pathLossType,"""LoRaLogNormalShadowing""",
General-4-20260518-02:02:57-2731,config,,,**.minInterferenceTime,0s,
General-4-20260518-02:02:57-2731,config,,,**.displayAddresses,false,
General-4-20260518-02:02:57-2731,config,,,**.numberOfNodes,6,
General-4-20260518-02:02:57-2731,config,,,**.numberOfGateways,1,
General-4-20260518-02:02:57-2731,config,,,**.constraintAreaMaxX,2376.0m,
General-4-20260518-02:02:57-2731,config,,,**.constraintAreaMaxY,1090.0m,
General-4-20260518-02:02:57-2731,config,,,**.loRaGW[0].**.initialX,544.00m,
General-4-20260518-02:02:57-2731,config,,,**.loRaGW[0].**.initialY,544.00m,
General-4-20260518-02:02:57-2731,config,,,output-scalar-file,../results/n100-gw1-s4.ini.sca,
General-4-20260518-02:02:57-2731,config,,,**.loRaNodes[0..1].app[0].sendInterval,1h,
General-4-20260518-02:02:57-2731,config,,,**.loRaNodes[0].**.initialX,510.63m,
General-4-20260518-02:02:57-2731,config,,,**.loRaNodes[0].**.initialY,500.08m,
General-4-20260518-02:02:57-2731,config,,,**.loRaNodes[1].**.initialX,470.29m,
General-4-20260518-02:02:57-2731,config,,,**.loRaNodes[1].**.initialY,520.24m,
General-4-20260518-02:02:57-2731,config,,,**.loRaNodes[2].**.initialX,500.60m,
General-4-20260518-02:02:57-2731,config,,,**.loRaNodes[2].**.initialY,590.25m,
General-4-20260518-02:02:57-2731,config,,,**.loRaNodes[3].**.initialX,535.86m,
General-4-20260518-02:02:57-2731,config,,,**.loRaNodes[3].**.initialY,590.63m,
General-4-20260518-02:02:57-2731,config,,,**.loRaNodes[2..3].app[0].sendInterval,exponential(8760h),
General-4-20260518-02:02:57-2731,config,,,**.loRaNodes[4..5].app[0].sendInterval,exponential(4h),
General-4-20260518-02:02:57-2731,config,,,**.loRaNodes[4].**.initialX,650.85m,
General-4-20260518-02:02:57-2731,config,,,**.loRaNodes[4].**.initialY,510.11m,
General-4-20260518-02:02:57-2731,config,,,**.loRaNodes[5].**.initialX,680.27m,
General-4-20260518-02:02:57-2731,config,,,**.loRaNodes[5].**.initialY,520.84m,
General-4-20260518-02:02:57-2731,config,,,**.loRaNodes[0].**initialLoRaSF,8,
General-4-20260518-02:02:57-2731,config,,,**.loRaNodes[0].**initialLoRaTP,8dBm,
General-4-20260518-02:02:57-2731,config,,,**.loRaNodes[1].**initialLoRaSF,9,
General-4-20260518-02:02:57-2731,config,,,**.loRaNodes[1].**initialLoRaTP,8dBm,
General-4-20260518-02:02:57-2731,config,,,**.loRaNodes[2].**initialLoRaSF,7,
General-4-20260518-02:02:57-2731,config,,,**.loRaNodes[2].**initialLoRaTP,8dBm,
General-4-20260518-02:02:57-2731,config,,,**.loRaNodes[3].**initialLoRaSF,7,
General-4-20260518-02:02:57-2731,config,,,**.loRaNodes[3].**initialLoRaTP,2dBm,
General-4-20260518-02:02:57-2731,config,,,**.loRaNodes[4].**initialLoRaSF,8,
General-4-20260518-02:02:57-2731,config,,,**.loRaNodes[4].**initialLoRaTP,8dBm,
General-4-20260518-02:02:57-2731,config,,,**.loRaNodes[5].**initialLoRaSF,7,
General-4-20260518-02:02:57-2731,config,,,**.loRaNodes[5].**initialLoRaTP,2dBm,
General-4-20260518-02:02:57-2731,config,,,**.vector-recording,false,
General-4-20260518-02:02:57-2731,config,,,**.loRaGW[*].packetForwarder.highQueueLength.vector-recording,true,
General-4-20260518-02:02:57-2731,config,,,**.loRaGW[*].packetForwarder.lowQueueLength.vector-recording,true,
General-4-20260518-02:02:57-2731,config,,,**.networkServer.app[0].delaySignal.vector-recording,true,
General-4-20260518-02:02:57-2731,config,,,**.loRaNodes[*].app[0].packetsSent:scalar,true,
General-4-20260518-02:02:57-2731,config,,,**.networkServer.app[0].totalReceivedPackets:scalar,true,
General-4-20260518-02:02:57-2731,config,,,**.loRaGW[*].**.packetDropRate:scalar,true,
General-12-20260518-02:34:11-2806,runattr,,,configname,General,
General-12-20260518-02:34:11-2806,runattr,,,datetime,20260518-02:34:11,
General-12-20260518-02:34:11-2806,runattr,,,datetimef,20260518-023411,
General-12-20260518-02:34:11-2806,runattr,,,experiment,General,
General-12-20260518-02:34:11-2806,runattr,,,inifile,n100-gw1.ini,
General-12-20260518-02:34:11-2806,runattr,,,iterationvars,"$0=""avg""",
General-12-20260518-02:34:11-2806,runattr,,,iterationvarsd,avg,
General-12-20260518-02:34:11-2806,runattr,,,iterationvarsf,avg-,
General-12-20260518-02:34:11-2806,runattr,,,measurement,"$0=""avg""",
General-12-20260518-02:34:11-2806,runattr,,,network,flora.simulations.LoRaNetworkTest,
General-12-20260518-02:34:11-2806,runattr,,,processid,2806,
General-12-20260518-02:34:11-2806,runattr,,,repetition,12,
General-12-20260518-02:34:11-2806,runattr,,,replication,#12,
General-12-20260518-02:34:11-2806,runattr,,,resultdir,results,
General-12-20260518-02:34:11-2806,runattr,,,runnumber,12,
General-12-20260518-02:34:11-2806,runattr,,,seedset,12,
General-12-20260518-02:34:11-2806,config,,,image-path,../../../inet4.4/images,
General-12-20260518-02:34:11-2806,config,,,network,flora.simulations.LoRaNetworkTest,
General-12-20260518-02:34:11-2806,config,,,output-vector-file,../results/n100-gw1-s12.ini.vec,
General-12-20260518-02:34:11-2806,config,,,**.maxTransmissionDuration,4s,
General-12-20260518-02:34:11-2806,config,,,**.energyDetection,-110dBm,
General-12-20260518-02:34:11-2806,config,,,**.vector-recording,true,
General-12-20260518-02:34:11-2806,config,,,rng-class,cMersenneTwister,
General-12-20260518-02:34:11-2806,config,,,**.loRaGW[*].numUdpApps,1,
General-12-20260518-02:34:11-2806,config,,,**.loRaGW[0].packetForwarder.localPort,2000,
General-12-20260518-02:34:11-2806,config,,,**.loRaGW[0].packetForwarder.destPort,1000,
General-12-20260518-02:34:11-2806,config,,,**.loRaGW[0].packetForwarder.destAddresses,"""networkServer""",
General-12-20260518-02:34:11-2806,config,,,**.loRaGW[0].packetForwarder.indexNumber,0,
General-12-20260518-02:34:11-2806,config,,,**.networkServer.numApps,1,
General-12-20260518-02:34:11-2806,config,,,**.networkServer.**.evaluateADRinServer,true,
General-12-20260518-02:34:11-2806,config,,,**.networkServer.app[0].typename,NetworkServerApp,
General-12-20260518-02:34:11-2806,config,,,**.networkServer.app[0].destAddresses,"""loRaGW[0]""",
General-12-20260518-02:34:11-2806,config,,,**.networkServer.app[0].destPort,2000,
General-12-20260518-02:34:11-2806,config,,,**.networkServer.app[0].localPort,1000,
General-12-20260518-02:34:11-2806,config,,,**.networkServer.app[0].adrMethod,"""avg""",
General-12-20260518-02:34:11-2806,config,,,**.numberOfPacketsToSend,0,
General-12-20260518-02:34:11-2806,config,,,sim-time-limit,3d,
General-12-20260518-02:34:11-2806,config,,,warmup-period,2h,
General-12-20260518-02:34:11-2806,config,,,simtime-resolution,-11,
General-12-20260518-02:34:11-2806,config,,,repeat,20,
General-12-20260518-02:34:11-2806,config,,,**.loRaNodes[0].app[0].timeToFirstPacket,12h 50ms,
General-12-20260518-02:34:11-2806,config,,,**.loRaNodes[0].app[0].timeToNextPacket,1h,
General-12-20260518-02:34:11-2806,config,,,**.loRaNodes[1].app[0].timeToFirstPacket,"uniform(4h, 5h)",
General-12-20260518-02:34:11-2806,config,,,**.loRaNodes[1].app[0].timeToNextPacket,1h,
General-12-20260518-02:34:11-2806,config,,,**.loRaNodes[2].app[0].timeToFirstPacket,12h,
General-12-20260518-02:34:11-2806,config,,,**.loRaNodes[3].app[0].timeToFirstPacket,12h 100ms,
General-12-20260518-02:34:11-2806,config,,,**.loRaNodes[4].app[0].timeToFirstPacket,12h 200ms,
General-12-20260518-02:34:11-2806,config,,,**.loRaNodes[5].app[0].timeToFirstPacket,12h 300ms,
General-12-20260518-02:34:11-2806,config,,,**.loRaNodes[{2..5}].app[0].timeToNextPacket,24h,
General-12-20260518-02:34:11-2806,config,,,**.alohaChannelModel,false,
General-12-20260518-02:34:11-2806,config,,,**.loRaNodes[*].**.initFromDisplayString,false,
General-12-20260518-02:34:11-2806,config,,,**.loRaNodes[*].**.evaluateADRinNode,true,
General-12-20260518-02:34:11-2806,config,,,**.loRaNodes[*].**initialLoRaBW,125 kHz,
General-12-20260518-02:34:11-2806,config,,,**.loRaNodes[*].**initialLoRaCR,4,
General-12-20260518-02:34:11-2806,config,,,**.loRaNodes[*].numApps,1,
General-12-20260518-02:34:11-2806,config,,,**.loRaNodes[*].app[0].typename,SimpleLoRaApp,
General-12-20260518-02:34:11-2806,config,,,**.LoRaGWNic.radio.iAmGateway,true,
General-12-20260518-02:34:11-2806,config,,,**.loRaGW[*].**.initFromDisplayString,false,
General-12-20260518-02:34:11-2806,config,,,**.loRaNodes[*].LoRaNic.radio.energyConsumer.typename,LoRaEnergyConsumer,
General-12-20260518-02:34:11-2806,config,,,**.loRaNodes[*].**.energySourceModule,"""^.IdealEpEnergyStorage""",
General-12-20260518-02:34:11-2806,config,,,**.loRaNodes[*].LoRaNic.radio.energyConsumer.configFile,"xmldoc(""../energyConsumptionParameters.xml"")",
General-12-20260518-02:34:11-2806,config,,,**.sigma,3.57,
General-12-20260518-02:34:11-2806,config,,,**.constraintAreaMinX,0m,
General-12-20260518-02:34:11-2806,config,,,**.constraintAreaMinY,0m,
General-12-20260518-02:34:11-2806,config,,,**.constraintAreaMinZ,0m,
General-12-20260518-02:34:11-2806,config,,,**.constraintAreaMaxZ,0m,
General-12-20260518-02:34:11-2806,config,,,LoRaNetworkTest.**.radio.separateTransmissionParts,false,
General-12-20260518-02:34:11-2806,config,,,LoRaNetworkTest.**.radio.separateReceptionParts,false,
General-12-20260518-02:34:11-2806,config,,,**.ipv4Delayer.config,"xmldoc(""../cloudDelays.xml"")",
General-12-20260518-02:34:11-2806,config,,,**.radio.radioMediumModule,"""LoRaMedium""",
General-12-20260518-02:34:11-2806,config,,,**.LoRaMedium.pathLossType,"""LoRaLogNormalShadowing""",
General-12-20260518-02:34:11-2806,config,,,**.minInterferenceTime,0s,
General-12-20260518-02:34:11-2806,config,,,**.displayAddresses,false,
General-12-20260518-02:34:11-2806,config,,,**.numberOfNodes,6,
General-12-20260518-02:34:11-2806,config,,,**.numberOfGateways,1,
General-12-20260518-02:34:11-2806,config,,,**.constraintAreaMaxX,2376.0m,
General-12-20260518-02:34:11-2806,config,,,**.constraintAreaMaxY,1090.0m,
General-12-20260518-02:34:11-2806,config,,,**.loRaGW[0].**.initialX,544.00m,
General-12-20260518-02:34:11-2806,config,,,**.loRaGW[0].**.initialY,544.00m,
General-12-20260518-02:34:11-2806,config,,,output-scalar-file,../results/n100-gw1-s12.ini.sca,
General-12-20260518-02:34:11-2806,config,,,**.loRaNodes[0..1].app[0].sendInterval,1h,
General-12-20260518-02:34:11-2806,config,,,**.loRaNodes[0].**.initialX,510.63m,
General-12-20260518-02:34:11-2806,config,,,**.loRaNodes[0].**.initialY,500.08m,
General-12-20260518-02:34:11-2806,config,,,**.loRaNodes[1].**.initialX,470.29m,
General-12-20260518-02:34:11-2806,config,,,**.loRaNodes[1].**.initialY,520.24m,
General-12-20260518-02:34:11-2806,config,,,**.loRaNodes[2].**.initialX,500.60m,
General-12-20260518-02:34:11-2806,config,,,**.loRaNodes[2].**.initialY,590.25m,
General-12-20260518-02:34:11-2806,config,,,**.loRaNodes[3].**.initialX,535.86m,
General-12-20260518-02:34:11-2806,config,,,**.loRaNodes[3].**.initialY,590.63m,
General-12-20260518-02:34:11-2806,config,,,**.loRaNodes[2..3].app[0].sendInterval,exponential(8760h),
General-12-20260518-02:34:11-2806,config,,,**.loRaNodes[4..5].app[0].sendInterval,exponential(4h),
General-12-20260518-02:34:11-2806,config,,,**.loRaNodes[4].**.initialX,650.85m,
General-12-20260518-02:34:11-2806,config,,,**.loRaNodes[4].**.initialY,510.11m,
General-12-20260518-02:34:11-2806,config,,,**.loRaNodes[5].**.initialX,680.27m,
General-12-20260518-02:34:11-2806,config,,,**.loRaNodes[5].**.initialY,520.84m,
General-12-20260518-02:34:11-2806,config,,,**.loRaNodes[0].**initialLoRaSF,8,
General-12-20260518-02:34:11-2806,config,,,**.loRaNodes[0].**initialLoRaTP,8dBm,
General-12-20260518-02:34:11-2806,config,,,**.loRaNodes[1].**initialLoRaSF,9,
General-12-20260518-02:34:11-2806,config,,,**.loRaNodes[1].**initialLoRaTP,8dBm,
General-12-20260518-02:34:11-2806,config,,,**.loRaNodes[2].**initialLoRaSF,7,
General-12-20260518-02:34:11-2806,config,,,**.loRaNodes[2].**initialLoRaTP,8dBm,
General-12-20260518-02:34:11-2806,config,,,**.loRaNodes[3].**initialLoRaSF,7,
General-12-20260518-02:34:11-2806,config,,,**.loRaNodes[3].**initialLoRaTP,2dBm,
General-12-20260518-02:34:11-2806,config,,,**.loRaNodes[4].**initialLoRaSF,8,
General-12-20260518-02:34:11-2806,config,,,**.loRaNodes[4].**initialLoRaTP,8dBm,
General-12-20260518-02:34:11-2806,config,,,**.loRaNodes[5].**initialLoRaSF,7,
General-12-20260518-02:34:11-2806,config,,,**.loRaNodes[5].**initialLoRaTP,2dBm,
General-12-20260518-02:34:11-2806,config,,,**.vector-recording,false,
General-12-20260518-02:34:11-2806,config,,,**.loRaGW[*].packetForwarder.highQueueLength.vector-recording,true,
General-12-20260518-02:34:11-2806,config,,,**.loRaGW[*].packetForwarder.lowQueueLength.vector-recording,true,
General-12-20260518-02:34:11-2806,config,,,**.networkServer.app[0].delaySignal.vector-recording,true,
General-12-20260518-02:34:11-2806,config,,,**.loRaNodes[*].app[0].packetsSent:scalar,true,
General-12-20260518-02:34:11-2806,config,,,**.networkServer.app[0].totalReceivedPackets:scalar,true,
General-12-20260518-02:34:11-2806,config,,,**.loRaGW[*].**.packetDropRate:scalar,true,
General-11-20260518-02:30:21-2796,runattr,,,configname,General,
General-11-20260518-02:30:21-2796,runattr,,,datetime,20260518-02:30:21,
General-11-20260518-02:30:21-2796,runattr,,,datetimef,20260518-023021,
General-11-20260518-02:30:21-2796,runattr,,,experiment,General,
General-11-20260518-02:30:21-2796,runattr,,,inifile,n100-gw1.ini,
General-11-20260518-02:30:21-2796,runattr,,,iterationvars,"$0=""avg""",
General-11-20260518-02:30:21-2796,runattr,,,iterationvarsd,avg,
General-11-20260518-02:30:21-2796,runattr,,,iterationvarsf,avg-,
General-11-20260518-02:30:21-2796,runattr,,,measurement,"$0=""avg""",
General-11-20260518-02:30:21-2796,runattr,,,network,flora.simulations.LoRaNetworkTest,
General-11-20260518-02:30:21-2796,runattr,,,processid,2796,
General-11-20260518-02:30:21-2796,runattr,,,repetition,11,
General-11-20260518-02:30:21-2796,runattr,,,replication,#11,
General-11-20260518-02:30:21-2796,runattr,,,resultdir,results,
General-11-20260518-02:30:21-2796,runattr,,,runnumber,11,
General-11-20260518-02:30:21-2796,runattr,,,seedset,11,
General-11-20260518-02:30:21-2796,config,,,image-path,../../../inet4.4/images,
General-11-20260518-02:30:21-2796,config,,,network,flora.simulations.LoRaNetworkTest,
General-11-20260518-02:30:21-2796,config,,,output-vector-file,../results/n100-gw1-s11.ini.vec,
General-11-20260518-02:30:21-2796,config,,,**.maxTransmissionDuration,4s,
General-11-20260518-02:30:21-2796,config,,,**.energyDetection,-110dBm,
General-11-20260518-02:30:21-2796,config,,,**.vector-recording,true,
General-11-20260518-02:30:21-2796,config,,,rng-class,cMersenneTwister,
General-11-20260518-02:30:21-2796,config,,,**.loRaGW[*].numUdpApps,1,
General-11-20260518-02:30:21-2796,config,,,**.loRaGW[0].packetForwarder.localPort,2000,
General-11-20260518-02:30:21-2796,config,,,**.loRaGW[0].packetForwarder.destPort,1000,
General-11-20260518-02:30:21-2796,config,,,**.loRaGW[0].packetForwarder.destAddresses,"""networkServer""",
General-11-20260518-02:30:21-2796,config,,,**.loRaGW[0].packetForwarder.indexNumber,0,
General-11-20260518-02:30:21-2796,config,,,**.networkServer.numApps,1,
General-11-20260518-02:30:21-2796,config,,,**.networkServer.**.evaluateADRinServer,true,
General-11-20260518-02:30:21-2796,config,,,**.networkServer.app[0].typename,NetworkServerApp,
General-11-20260518-02:30:21-2796,config,,,**.networkServer.app[0].destAddresses,"""loRaGW[0]""",
General-11-20260518-02:30:21-2796,config,,,**.networkServer.app[0].destPort,2000,
General-11-20260518-02:30:21-2796,config,,,**.networkServer.app[0].localPort,1000,
General-11-20260518-02:30:21-2796,config,,,**.networkServer.app[0].adrMethod,"""avg""",
General-11-20260518-02:30:21-2796,config,,,**.numberOfPacketsToSend,0,
General-11-20260518-02:30:21-2796,config,,,sim-time-limit,3d,
General-11-20260518-02:30:21-2796,config,,,warmup-period,2h,
General-11-20260518-02:30:21-2796,config,,,simtime-resolution,-11,
General-11-20260518-02:30:21-2796,config,,,repeat,20,
General-11-20260518-02:30:21-2796,config,,,**.loRaNodes[0].app[0].timeToFirstPacket,12h 50ms,
General-11-20260518-02:30:21-2796,config,,,**.loRaNodes[0].app[0].timeToNextPacket,1h,
General-11-20260518-02:30:21-2796,config,,,**.loRaNodes[1].app[0].timeToFirstPacket,"uniform(4h, 5h)",
General-11-20260518-02:30:21-2796,config,,,**.loRaNodes[1].app[0].timeToNextPacket,1h,
General-11-20260518-02:30:21-2796,config,,,**.loRaNodes[2].app[0].timeToFirstPacket,12h,
General-11-20260518-02:30:21-2796,config,,,**.loRaNodes[3].app[0].timeToFirstPacket,12h 100ms,
General-11-20260518-02:30:21-2796,config,,,**.loRaNodes[4].app[0].timeToFirstPacket,12h 200ms,
General-11-20260518-02:30:21-2796,config,,,**.loRaNodes[5].app[0].timeToFirstPacket,12h 300ms,
General-11-20260518-02:30:21-2796,config,,,**.loRaNodes[{2..5}].app[0].timeToNextPacket,24h,
General-11-20260518-02:30:21-2796,config,,,**.alohaChannelModel,false,
General-11-20260518-02:30:21-2796,config,,,**.loRaNodes[*].**.initFromDisplayString,false,
General-11-20260518-02:30:21-2796,config,,,**.loRaNodes[*].**.evaluateADRinNode,true,
General-11-20260518-02:30:21-2796,config,,,**.loRaNodes[*].**initialLoRaBW,125 kHz,
General-11-20260518-02:30:21-2796,config,,,**.loRaNodes[*].**initialLoRaCR,4,
General-11-20260518-02:30:21-2796,config,,,**.loRaNodes[*].numApps,1,
General-11-20260518-02:30:21-2796,config,,,**.loRaNodes[*].app[0].typename,SimpleLoRaApp,
General-11-20260518-02:30:21-2796,config,,,**.LoRaGWNic.radio.iAmGateway,true,
General-11-20260518-02:30:21-2796,config,,,**.loRaGW[*].**.initFromDisplayString,false,
General-11-20260518-02:30:21-2796,config,,,**.loRaNodes[*].LoRaNic.radio.energyConsumer.typename,LoRaEnergyConsumer,
General-11-20260518-02:30:21-2796,config,,,**.loRaNodes[*].**.energySourceModule,"""^.IdealEpEnergyStorage""",
General-11-20260518-02:30:21-2796,config,,,**.loRaNodes[*].LoRaNic.radio.energyConsumer.configFile,"xmldoc(""../energyConsumptionParameters.xml"")",
General-11-20260518-02:30:21-2796,config,,,**.sigma,3.57,
General-11-20260518-02:30:21-2796,config,,,**.constraintAreaMinX,0m,
General-11-20260518-02:30:21-2796,config,,,**.constraintAreaMinY,0m,
General-11-20260518-02:30:21-2796,config,,,**.constraintAreaMinZ,0m,
General-11-20260518-02:30:21-2796,config,,,**.constraintAreaMaxZ,0m,
General-11-20260518-02:30:21-2796,config,,,LoRaNetworkTest.**.radio.separateTransmissionParts,false,
General-11-20260518-02:30:21-2796,config,,,LoRaNetworkTest.**.radio.separateReceptionParts,false,
General-11-20260518-02:30:21-2796,config,,,**.ipv4Delayer.config,"xmldoc(""../cloudDelays.xml"")",
General-11-20260518-02:30:21-2796,config,,,**.radio.radioMediumModule,"""LoRaMedium""",
General-11-20260518-02:30:21-2796,config,,,**.LoRaMedium.pathLossType,"""LoRaLogNormalShadowing""",
General-11-20260518-02:30:21-2796,config,,,**.minInterferenceTime,0s,
General-11-20260518-02:30:21-2796,config,,,**.displayAddresses,false,
General-11-20260518-02:30:21-2796,config,,,**.numberOfNodes,6,
General-11-20260518-02:30:21-2796,config,,,**.numberOfGateways,1,
General-11-20260518-02:30:21-2796,config,,,**.constraintAreaMaxX,2376.0m,
General-11-20260518-02:30:21-2796,config,,,**.constraintAreaMaxY,1090.0m,
General-11-20260518-02:30:21-2796,config,,,**.loRaGW[0].**.initialX,544.00m,
General-11-20260518-02:30:21-2796,config,,,**.loRaGW[0].**.initialY,544.00m,
General-11-20260518-02:30:21-2796,config,,,output-scalar-file,../results/n100-gw1-s11.ini.sca,
General-11-20260518-02:30:21-2796,config,,,**.loRaNodes[0..1].app[0].sendInterval,1h,
General-11-20260518-02:30:21-2796,config,,,**.loRaNodes[0].**.initialX,510.63m,
General-11-20260518-02:30:21-2796,config,,,**.loRaNodes[0].**.initialY,500.08m,
General-11-20260518-02:30:21-2796,config,,,**.loRaNodes[1].**.initialX,470.29m,
General-11-20260518-02:30:21-2796,config,,,**.loRaNodes[1].**.initialY,520.24m,
General-11-20260518-02:30:21-2796,config,,,**.loRaNodes[2].**.initialX,500.60m,
General-11-20260518-02:30:21-2796,config,,,**.loRaNodes[2].**.initialY,590.25m,
General-11-20260518-02:30:21-2796,config,,,**.loRaNodes[3].**.initialX,535.86m,
General-11-20260518-02:30:21-2796,config,,,**.loRaNodes[3].**.initialY,590.63m,
General-11-20260518-02:30:21-2796,config,,,**.loRaNodes[2..3].app[0].sendInterval,exponential(8760h),
General-11-20260518-02:30:21-2796,config,,,**.loRaNodes[4..5].app[0].sendInterval,exponential(4h),
General-11-20260518-02:30:21-2796,config,,,**.loRaNodes[4].**.initialX,650.85m,
General-11-20260518-02:30:21-2796,config,,,**.loRaNodes[4].**.initialY,510.11m,
General-11-20260518-02:30:21-2796,config,,,**.loRaNodes[5].**.initialX,680.27m,
General-11-20260518-02:30:21-2796,config,,,**.loRaNodes[5].**.initialY,520.84m,
General-11-20260518-02:30:21-2796,config,,,**.loRaNodes[0].**initialLoRaSF,8,
General-11-20260518-02:30:21-2796,config,,,**.loRaNodes[0].**initialLoRaTP,8dBm,
General-11-20260518-02:30:21-2796,config,,,**.loRaNodes[1].**initialLoRaSF,9,
General-11-20260518-02:30:21-2796,config,,,**.loRaNodes[1].**initialLoRaTP,8dBm,
General-11-20260518-02:30:21-2796,config,,,**.loRaNodes[2].**initialLoRaSF,7,
General-11-20260518-02:30:21-2796,config,,,**.loRaNodes[2].**initialLoRaTP,8dBm,
General-11-20260518-02:30:21-2796,config,,,**.loRaNodes[3].**initialLoRaSF,7,
General-11-20260518-02:30:21-2796,config,,,**.loRaNodes[3].**initialLoRaTP,2dBm,
General-11-20260518-02:30:21-2796,config,,,**.loRaNodes[4].**initialLoRaSF,8,
General-11-20260518-02:30:21-2796,config,,,**.loRaNodes[4].**initialLoRaTP,8dBm,
General-11-20260518-02:30:21-2796,config,,,**.loRaNodes[5].**initialLoRaSF,7,
General-11-20260518-02:30:21-2796,config,,,**.loRaNodes[5].**initialLoRaTP,2dBm,
General-11-20260518-02:30:21-2796,config,,,**.vector-recording,false,
General-11-20260518-02:30:21-2796,config,,,**.loRaGW[*].packetForwarder.highQueueLength.vector-recording,true,
General-11-20260518-02:30:21-2796,config,,,**.loRaGW[*].packetForwarder.lowQueueLength.vector-recording,true,
General-11-20260518-02:30:21-2796,config,,,**.networkServer.app[0].delaySignal.vector-recording,true,
General-11-20260518-02:30:21-2796,config,,,**.loRaNodes[*].app[0].packetsSent:scalar,true,
General-11-20260518-02:30:21-2796,config,,,**.networkServer.app[0].totalReceivedPackets:scalar,true,
General-11-20260518-02:30:21-2796,config,,,**.loRaGW[*].**.packetDropRate:scalar,true,
General-14-20260518-02:41:47-2821,runattr,,,configname,General,
General-14-20260518-02:41:47-2821,runattr,,,datetime,20260518-02:41:47,
General-14-20260518-02:41:47-2821,runattr,,,datetimef,20260518-024147,
General-14-20260518-02:41:47-2821,runattr,,,experiment,General,
General-14-20260518-02:41:47-2821,runattr,,,inifile,n100-gw1.ini,
General-14-20260518-02:41:47-2821,runattr,,,iterationvars,"$0=""avg""",
General-14-20260518-02:41:47-2821,runattr,,,iterationvarsd,avg,
General-14-20260518-02:41:47-2821,runattr,,,iterationvarsf,avg-,
General-14-20260518-02:41:47-2821,runattr,,,measurement,"$0=""avg""",
General-14-20260518-02:41:47-2821,runattr,,,network,flora.simulations.LoRaNetworkTest,
General-14-20260518-02:41:47-2821,runattr,,,processid,2821,
General-14-20260518-02:41:47-2821,runattr,,,repetition,14,
General-14-20260518-02:41:47-2821,runattr,,,replication,#14,
General-14-20260518-02:41:47-2821,runattr,,,resultdir,results,
General-14-20260518-02:41:47-2821,runattr,,,runnumber,14,
General-14-20260518-02:41:47-2821,runattr,,,seedset,14,
General-14-20260518-02:41:47-2821,config,,,image-path,../../../inet4.4/images,
General-14-20260518-02:41:47-2821,config,,,network,flora.simulations.LoRaNetworkTest,
General-14-20260518-02:41:47-2821,config,,,output-vector-file,../results/n100-gw1-s14.ini.vec,
General-14-20260518-02:41:47-2821,config,,,**.maxTransmissionDuration,4s,
General-14-20260518-02:41:47-2821,config,,,**.energyDetection,-110dBm,
General-14-20260518-02:41:47-2821,config,,,**.vector-recording,true,
General-14-20260518-02:41:47-2821,config,,,rng-class,cMersenneTwister,
General-14-20260518-02:41:47-2821,config,,,**.loRaGW[*].numUdpApps,1,
General-14-20260518-02:41:47-2821,config,,,**.loRaGW[0].packetForwarder.localPort,2000,
General-14-20260518-02:41:47-2821,config,,,**.loRaGW[0].packetForwarder.destPort,1000,
General-14-20260518-02:41:47-2821,config,,,**.loRaGW[0].packetForwarder.destAddresses,"""networkServer""",
General-14-20260518-02:41:47-2821,config,,,**.loRaGW[0].packetForwarder.indexNumber,0,
General-14-20260518-02:41:47-2821,config,,,**.networkServer.numApps,1,
General-14-20260518-02:41:47-2821,config,,,**.networkServer.**.evaluateADRinServer,true,
General-14-20260518-02:41:47-2821,config,,,**.networkServer.app[0].typename,NetworkServerApp,
General-14-20260518-02:41:47-2821,config,,,**.networkServer.app[0].destAddresses,"""loRaGW[0]""",
General-14-20260518-02:41:47-2821,config,,,**.networkServer.app[0].destPort,2000,
General-14-20260518-02:41:47-2821,config,,,**.networkServer.app[0].localPort,1000,
General-14-20260518-02:41:47-2821,config,,,**.networkServer.app[0].adrMethod,"""avg""",
General-14-20260518-02:41:47-2821,config,,,**.numberOfPacketsToSend,0,
General-14-20260518-02:41:47-2821,config,,,sim-time-limit,3d,
General-14-20260518-02:41:47-2821,config,,,warmup-period,2h,
General-14-20260518-02:41:47-2821,config,,,simtime-resolution,-11,
General-14-20260518-02:41:47-2821,config,,,repeat,20,
General-14-20260518-02:41:47-2821,config,,,**.loRaNodes[0].app[0].timeToFirstPacket,12h 50ms,
General-14-20260518-02:41:47-2821,config,,,**.loRaNodes[0].app[0].timeToNextPacket,1h,
General-14-20260518-02:41:47-2821,config,,,**.loRaNodes[1].app[0].timeToFirstPacket,"uniform(4h, 5h)",
General-14-20260518-02:41:47-2821,config,,,**.loRaNodes[1].app[0].timeToNextPacket,1h,
General-14-20260518-02:41:47-2821,config,,,**.loRaNodes[2].app[0].timeToFirstPacket,12h,
General-14-20260518-02:41:47-2821,config,,,**.loRaNodes[3].app[0].timeToFirstPacket,12h 100ms,
General-14-20260518-02:41:47-2821,config,,,**.loRaNodes[4].app[0].timeToFirstPacket,12h 200ms,
General-14-20260518-02:41:47-2821,config,,,**.loRaNodes[5].app[0].timeToFirstPacket,12h 300ms,
General-14-20260518-02:41:47-2821,config,,,**.loRaNodes[{2..5}].app[0].timeToNextPacket,24h,
General-14-20260518-02:41:47-2821,config,,,**.alohaChannelModel,false,
General-14-20260518-02:41:47-2821,config,,,**.loRaNodes[*].**.initFromDisplayString,false,
General-14-20260518-02:41:47-2821,config,,,**.loRaNodes[*].**.evaluateADRinNode,true,
General-14-20260518-02:41:47-2821,config,,,**.loRaNodes[*].**initialLoRaBW,125 kHz,
General-14-20260518-02:41:47-2821,config,,,**.loRaNodes[*].**initialLoRaCR,4,
General-14-20260518-02:41:47-2821,config,,,**.loRaNodes[*].numApps,1,
General-14-20260518-02:41:47-2821,config,,,**.loRaNodes[*].app[0].typename,SimpleLoRaApp,
General-14-20260518-02:41:47-2821,config,,,**.LoRaGWNic.radio.iAmGateway,true,
General-14-20260518-02:41:47-2821,config,,,**.loRaGW[*].**.initFromDisplayString,false,
General-14-20260518-02:41:47-2821,config,,,**.loRaNodes[*].LoRaNic.radio.energyConsumer.typename,LoRaEnergyConsumer,
General-14-20260518-02:41:47-2821,config,,,**.loRaNodes[*].**.energySourceModule,"""^.IdealEpEnergyStorage""",
General-14-20260518-02:41:47-2821,config,,,**.loRaNodes[*].LoRaNic.radio.energyConsumer.configFile,"xmldoc(""../energyConsumptionParameters.xml"")",
General-14-20260518-02:41:47-2821,config,,,**.sigma,3.57,
General-14-20260518-02:41:47-2821,config,,,**.constraintAreaMinX,0m,
General-14-20260518-02:41:47-2821,config,,,**.constraintAreaMinY,0m,
General-14-20260518-02:41:47-2821,config,,,**.constraintAreaMinZ,0m,
General-14-20260518-02:41:47-2821,config,,,**.constraintAreaMaxZ,0m,
General-14-20260518-02:41:47-2821,config,,,LoRaNetworkTest.**.radio.separateTransmissionParts,false,
General-14-20260518-02:41:47-2821,config,,,LoRaNetworkTest.**.radio.separateReceptionParts,false,
General-14-20260518-02:41:47-2821,config,,,**.ipv4Delayer.config,"xmldoc(""../cloudDelays.xml"")",
General-14-20260518-02:41:47-2821,config,,,**.radio.radioMediumModule,"""LoRaMedium""",
General-14-20260518-02:41:47-2821,config,,,**.LoRaMedium.pathLossType,"""LoRaLogNormalShadowing""",
General-14-20260518-02:41:47-2821,config,,,**.minInterferenceTime,0s,
General-14-20260518-02:41:47-2821,config,,,**.displayAddresses,false,
General-14-20260518-02:41:47-2821,config,,,**.numberOfNodes,6,
General-14-20260518-02:41:47-2821,config,,,**.numberOfGateways,1,
General-14-20260518-02:41:47-2821,config,,,**.constraintAreaMaxX,2376.0m,
General-14-20260518-02:41:47-2821,config,,,**.constraintAreaMaxY,1090.0m,
General-14-20260518-02:41:47-2821,config,,,**.loRaGW[0].**.initialX,544.00m,
General-14-20260518-02:41:47-2821,config,,,**.loRaGW[0].**.initialY,544.00m,
General-14-20260518-02:41:47-2821,config,,,output-scalar-file,../results/n100-gw1-s14.ini.sca,
General-14-20260518-02:41:47-2821,config,,,**.loRaNodes[0..1].app[0].sendInterval,1h,
General-14-20260518-02:41:47-2821,config,,,**.loRaNodes[0].**.initialX,510.63m,
General-14-20260518-02:41:47-2821,config,,,**.loRaNodes[0].**.initialY,500.08m,
General-14-20260518-02:41:47-2821,config,,,**.loRaNodes[1].**.initialX,470.29m,
General-14-20260518-02:41:47-2821,config,,,**.loRaNodes[1].**.initialY,520.24m,
General-14-20260518-02:41:47-2821,config,,,**.loRaNodes[2].**.initialX,500.60m,
General-14-20260518-02:41:47-2821,config,,,**.loRaNodes[2].**.initialY,590.25m,
General-14-20260518-02:41:47-2821,config,,,**.loRaNodes[3].**.initialX,535.86m,
General-14-20260518-02:41:47-2821,config,,,**.loRaNodes[3].**.initialY,590.63m,
General-14-20260518-02:41:47-2821,config,,,**.loRaNodes[2..3].app[0].sendInterval,exponential(8760h),
General-14-20260518-02:41:47-2821,config,,,**.loRaNodes[4..5].app[0].sendInterval,exponential(4h),
General-14-20260518-02:41:47-2821,config,,,**.loRaNodes[4].**.initialX,650.85m,
General-14-20260518-02:41:47-2821,config,,,**.loRaNodes[4].**.initialY,510.11m,
General-14-20260518-02:41:47-2821,config,,,**.loRaNodes[5].**.initialX,680.27m,
General-14-20260518-02:41:47-2821,config,,,**.loRaNodes[5].**.initialY,520.84m,
General-14-20260518-02:41:47-2821,config,,,**.loRaNodes[0].**initialLoRaSF,8,
General-14-20260518-02:41:47-2821,config,,,**.loRaNodes[0].**initialLoRaTP,8dBm,
General-14-20260518-02:41:47-2821,config,,,**.loRaNodes[1].**initialLoRaSF,9,
General-14-20260518-02:41:47-2821,config,,,**.loRaNodes[1].**initialLoRaTP,8dBm,
General-14-20260518-02:41:47-2821,config,,,**.loRaNodes[2].**initialLoRaSF,7,
General-14-20260518-02:41:47-2821,config,,,**.loRaNodes[2].**initialLoRaTP,8dBm,
General-14-20260518-02:41:47-2821,config,,,**.loRaNodes[3].**initialLoRaSF,7,
General-14-20260518-02:41:47-2821,config,,,**.loRaNodes[3].**initialLoRaTP,2dBm,
General-14-20260518-02:41:47-2821,config,,,**.loRaNodes[4].**initialLoRaSF,8,
General-14-20260518-02:41:47-2821,config,,,**.loRaNodes[4].**initialLoRaTP,8dBm,
General-14-20260518-02:41:47-2821,config,,,**.loRaNodes[5].**initialLoRaSF,7,
General-14-20260518-02:41:47-2821,config,,,**.loRaNodes[5].**initialLoRaTP,2dBm,
General-14-20260518-02:41:47-2821,config,,,**.vector-recording,false,
General-14-20260518-02:41:47-2821,config,,,**.loRaGW[*].packetForwarder.highQueueLength.vector-recording,true,
General-14-20260518-02:41:47-2821,config,,,**.loRaGW[*].packetForwarder.lowQueueLength.vector-recording,true,
General-14-20260518-02:41:47-2821,config,,,**.networkServer.app[0].delaySignal.vector-recording,true,
General-14-20260518-02:41:47-2821,config,,,**.loRaNodes[*].app[0].packetsSent:scalar,true,
General-14-20260518-02:41:47-2821,config,,,**.networkServer.app[0].totalReceivedPackets:scalar,true,
General-14-20260518-02:41:47-2821,config,,,**.loRaGW[*].**.packetDropRate:scalar,true,
General-3-20260518-01:59:04-2724,runattr,,,configname,General,
General-3-20260518-01:59:04-2724,runattr,,,datetime,20260518-01:59:04,
General-3-20260518-01:59:04-2724,runattr,,,datetimef,20260518-015904,
General-3-20260518-01:59:04-2724,runattr,,,experiment,General,
General-3-20260518-01:59:04-2724,runattr,,,inifile,n100-gw1.ini,
General-3-20260518-01:59:04-2724,runattr,,,iterationvars,"$0=""avg""",
General-3-20260518-01:59:04-2724,runattr,,,iterationvarsd,avg,
General-3-20260518-01:59:04-2724,runattr,,,iterationvarsf,avg-,
General-3-20260518-01:59:04-2724,runattr,,,measurement,"$0=""avg""",
General-3-20260518-01:59:04-2724,runattr,,,network,flora.simulations.LoRaNetworkTest,
General-3-20260518-01:59:04-2724,runattr,,,processid,2724,
General-3-20260518-01:59:04-2724,runattr,,,repetition,3,
General-3-20260518-01:59:04-2724,runattr,,,replication,#3,
General-3-20260518-01:59:04-2724,runattr,,,resultdir,results,
General-3-20260518-01:59:04-2724,runattr,,,runnumber,3,
General-3-20260518-01:59:04-2724,runattr,,,seedset,3,
General-3-20260518-01:59:04-2724,config,,,image-path,../../../inet4.4/images,
General-3-20260518-01:59:04-2724,config,,,network,flora.simulations.LoRaNetworkTest,
General-3-20260518-01:59:04-2724,config,,,output-vector-file,../results/n100-gw1-s3.ini.vec,
General-3-20260518-01:59:04-2724,config,,,**.maxTransmissionDuration,4s,
General-3-20260518-01:59:04-2724,config,,,**.energyDetection,-110dBm,
General-3-20260518-01:59:04-2724,config,,,**.vector-recording,true,
General-3-20260518-01:59:04-2724,config,,,rng-class,cMersenneTwister,
General-3-20260518-01:59:04-2724,config,,,**.loRaGW[*].numUdpApps,1,
General-3-20260518-01:59:04-2724,config,,,**.loRaGW[0].packetForwarder.localPort,2000,
General-3-20260518-01:59:04-2724,config,,,**.loRaGW[0].packetForwarder.destPort,1000,
General-3-20260518-01:59:04-2724,config,,,**.loRaGW[0].packetForwarder.destAddresses,"""networkServer""",
General-3-20260518-01:59:04-2724,config,,,**.loRaGW[0].packetForwarder.indexNumber,0,
General-3-20260518-01:59:04-2724,config,,,**.networkServer.numApps,1,
General-3-20260518-01:59:04-2724,config,,,**.networkServer.**.evaluateADRinServer,true,
General-3-20260518-01:59:04-2724,config,,,**.networkServer.app[0].typename,NetworkServerApp,
General-3-20260518-01:59:04-2724,config,,,**.networkServer.app[0].destAddresses,"""loRaGW[0]""",
General-3-20260518-01:59:04-2724,config,,,**.networkServer.app[0].destPort,2000,
General-3-20260518-01:59:04-2724,config,,,**.networkServer.app[0].localPort,1000,
General-3-20260518-01:59:04-2724,config,,,**.networkServer.app[0].adrMethod,"""avg""",
General-3-20260518-01:59:04-2724,config,,,**.numberOfPacketsToSend,0,
General-3-20260518-01:59:04-2724,config,,,sim-time-limit,3d,
General-3-20260518-01:59:04-2724,config,,,warmup-period,2h,
General-3-20260518-01:59:04-2724,config,,,simtime-resolution,-11,
General-3-20260518-01:59:04-2724,config,,,repeat,20,
General-3-20260518-01:59:04-2724,config,,,**.loRaNodes[0].app[0].timeToFirstPacket,12h 50ms,
General-3-20260518-01:59:04-2724,config,,,**.loRaNodes[0].app[0].timeToNextPacket,1h,
General-3-20260518-01:59:04-2724,config,,,**.loRaNodes[1].app[0].timeToFirstPacket,"uniform(4h, 5h)",
General-3-20260518-01:59:04-2724,config,,,**.loRaNodes[1].app[0].timeToNextPacket,1h,
General-3-20260518-01:59:04-2724,config,,,**.loRaNodes[2].app[0].timeToFirstPacket,12h,
General-3-20260518-01:59:04-2724,config,,,**.loRaNodes[3].app[0].timeToFirstPacket,12h 100ms,
General-3-20260518-01:59:04-2724,config,,,**.loRaNodes[4].app[0].timeToFirstPacket,12h 200ms,
General-3-20260518-01:59:04-2724,config,,,**.loRaNodes[5].app[0].timeToFirstPacket,12h 300ms,
General-3-20260518-01:59:04-2724,config,,,**.loRaNodes[{2..5}].app[0].timeToNextPacket,24h,
General-3-20260518-01:59:04-2724,config,,,**.alohaChannelModel,false,
General-3-20260518-01:59:04-2724,config,,,**.loRaNodes[*].**.initFromDisplayString,false,
General-3-20260518-01:59:04-2724,config,,,**.loRaNodes[*].**.evaluateADRinNode,true,
General-3-20260518-01:59:04-2724,config,,,**.loRaNodes[*].**initialLoRaBW,125 kHz,
General-3-20260518-01:59:04-2724,config,,,**.loRaNodes[*].**initialLoRaCR,4,
General-3-20260518-01:59:04-2724,config,,,**.loRaNodes[*].numApps,1,
General-3-20260518-01:59:04-2724,config,,,**.loRaNodes[*].app[0].typename,SimpleLoRaApp,
General-3-20260518-01:59:04-2724,config,,,**.LoRaGWNic.radio.iAmGateway,true,
General-3-20260518-01:59:04-2724,config,,,**.loRaGW[*].**.initFromDisplayString,false,
General-3-20260518-01:59:04-2724,config,,,**.loRaNodes[*].LoRaNic.radio.energyConsumer.typename,LoRaEnergyConsumer,
General-3-20260518-01:59:04-2724,config,,,**.loRaNodes[*].**.energySourceModule,"""^.IdealEpEnergyStorage""",
General-3-20260518-01:59:04-2724,config,,,**.loRaNodes[*].LoRaNic.radio.energyConsumer.configFile,"xmldoc(""../energyConsumptionParameters.xml"")",
General-3-20260518-01:59:04-2724,config,,,**.sigma,3.57,
General-3-20260518-01:59:04-2724,config,,,**.constraintAreaMinX,0m,
General-3-20260518-01:59:04-2724,config,,,**.constraintAreaMinY,0m,
General-3-20260518-01:59:04-2724,config,,,**.constraintAreaMinZ,0m,
General-3-20260518-01:59:04-2724,config,,,**.constraintAreaMaxZ,0m,
General-3-20260518-01:59:04-2724,config,,,LoRaNetworkTest.**.radio.separateTransmissionParts,false,
General-3-20260518-01:59:04-2724,config,,,LoRaNetworkTest.**.radio.separateReceptionParts,false,
General-3-20260518-01:59:04-2724,config,,,**.ipv4Delayer.config,"xmldoc(""../cloudDelays.xml"")",
General-3-20260518-01:59:04-2724,config,,,**.radio.radioMediumModule,"""LoRaMedium""",
General-3-20260518-01:59:04-2724,config,,,**.LoRaMedium.pathLossType,"""LoRaLogNormalShadowing""",
General-3-20260518-01:59:04-2724,config,,,**.minInterferenceTime,0s,
General-3-20260518-01:59:04-2724,config,,,**.displayAddresses,false,
General-3-20260518-01:59:04-2724,config,,,**.numberOfNodes,6,
General-3-20260518-01:59:04-2724,config,,,**.numberOfGateways,1,
General-3-20260518-01:59:04-2724,config,,,**.constraintAreaMaxX,2376.0m,
General-3-20260518-01:59:04-2724,config,,,**.constraintAreaMaxY,1090.0m,
General-3-20260518-01:59:04-2724,config,,,**.loRaGW[0].**.initialX,544.00m,
General-3-20260518-01:59:04-2724,config,,,**.loRaGW[0].**.initialY,544.00m,
General-3-20260518-01:59:04-2724,config,,,output-scalar-file,../results/n100-gw1-s3.ini.sca,
General-3-20260518-01:59:04-2724,config,,,**.loRaNodes[0..1].app[0].sendInterval,1h,
General-3-20260518-01:59:04-2724,config,,,**.loRaNodes[0].**.initialX,510.63m,
General-3-20260518-01:59:04-2724,config,,,**.loRaNodes[0].**.initialY,500.08m,
General-3-20260518-01:59:04-2724,config,,,**.loRaNodes[1].**.initialX,470.29m,
General-3-20260518-01:59:04-2724,config,,,**.loRaNodes[1].**.initialY,520.24m,
General-3-20260518-01:59:04-2724,config,,,**.loRaNodes[2].**.initialX,500.60m,
General-3-20260518-01:59:04-2724,config,,,**.loRaNodes[2].**.initialY,590.25m,
General-3-20260518-01:59:04-2724,config,,,**.loRaNodes[3].**.initialX,535.86m,
General-3-20260518-01:59:04-2724,config,,,**.loRaNodes[3].**.initialY,590.63m,
General-3-20260518-01:59:04-2724,config,,,**.loRaNodes[2..3].app[0].sendInterval,exponential(8760h),
General-3-20260518-01:59:04-2724,config,,,**.loRaNodes[4..5].app[0].sendInterval,exponential(4h),
General-3-20260518-01:59:04-2724,config,,,**.loRaNodes[4].**.initialX,650.85m,
General-3-20260518-01:59:04-2724,config,,,**.loRaNodes[4].**.initialY,510.11m,
General-3-20260518-01:59:04-2724,config,,,**.loRaNodes[5].**.initialX,680.27m,
General-3-20260518-01:59:04-2724,config,,,**.loRaNodes[5].**.initialY,520.84m,
General-3-20260518-01:59:04-2724,config,,,**.loRaNodes[0].**initialLoRaSF,8,
General-3-20260518-01:59:04-2724,config,,,**.loRaNodes[0].**initialLoRaTP,8dBm,
General-3-20260518-01:59:04-2724,config,,,**.loRaNodes[1].**initialLoRaSF,9,
General-3-20260518-01:59:04-2724,config,,,**.loRaNodes[1].**initialLoRaTP,8dBm,
General-3-20260518-01:59:04-2724,config,,,**.loRaNodes[2].**initialLoRaSF,7,
General-3-20260518-01:59:04-2724,config,,,**.loRaNodes[2].**initialLoRaTP,8dBm,
General-3-20260518-01:59:04-2724,config,,,**.loRaNodes[3].**initialLoRaSF,7,
General-3-20260518-01:59:04-2724,config,,,**.loRaNodes[3].**initialLoRaTP,2dBm,
General-3-20260518-01:59:04-2724,config,,,**.loRaNodes[4].**initialLoRaSF,8,
General-3-20260518-01:59:04-2724,config,,,**.loRaNodes[4].**initialLoRaTP,8dBm,
General-3-20260518-01:59:04-2724,config,,,**.loRaNodes[5].**initialLoRaSF,7,
General-3-20260518-01:59:04-2724,config,,,**.loRaNodes[5].**initialLoRaTP,2dBm,
General-3-20260518-01:59:04-2724,config,,,**.vector-recording,false,
General-3-20260518-01:59:04-2724,config,,,**.loRaGW[*].packetForwarder.highQueueLength.vector-recording,true,
General-3-20260518-01:59:04-2724,config,,,**.loRaGW[*].packetForwarder.lowQueueLength.vector-recording,true,
General-3-20260518-01:59:04-2724,config,,,**.networkServer.app[0].delaySignal.vector-recording,true,
General-3-20260518-01:59:04-2724,config,,,**.loRaNodes[*].app[0].packetsSent:scalar,true,
General-3-20260518-01:59:04-2724,config,,,**.networkServer.app[0].totalReceivedPackets:scalar,true,
General-3-20260518-01:59:04-2724,config,,,**.loRaGW[*].**.packetDropRate:scalar,true,
General-16-20260518-02:49:41-2836,runattr,,,configname,General,
General-16-20260518-02:49:41-2836,runattr,,,datetime,20260518-02:49:41,
General-16-20260518-02:49:41-2836,runattr,,,datetimef,20260518-024941,
General-16-20260518-02:49:41-2836,runattr,,,experiment,General,
General-16-20260518-02:49:41-2836,runattr,,,inifile,n100-gw1.ini,
General-16-20260518-02:49:41-2836,runattr,,,iterationvars,"$0=""avg""",
General-16-20260518-02:49:41-2836,runattr,,,iterationvarsd,avg,
General-16-20260518-02:49:41-2836,runattr,,,iterationvarsf,avg-,
General-16-20260518-02:49:41-2836,runattr,,,measurement,"$0=""avg""",
General-16-20260518-02:49:41-2836,runattr,,,network,flora.simulations.LoRaNetworkTest,
General-16-20260518-02:49:41-2836,runattr,,,processid,2836,
General-16-20260518-02:49:41-2836,runattr,,,repetition,16,
General-16-20260518-02:49:41-2836,runattr,,,replication,#16,
General-16-20260518-02:49:41-2836,runattr,,,resultdir,results,
General-16-20260518-02:49:41-2836,runattr,,,runnumber,16,
General-16-20260518-02:49:41-2836,runattr,,,seedset,16,
General-16-20260518-02:49:41-2836,config,,,image-path,../../../inet4.4/images,
General-16-20260518-02:49:41-2836,config,,,network,flora.simulations.LoRaNetworkTest,
General-16-20260518-02:49:41-2836,config,,,output-vector-file,../results/n100-gw1-s16.ini.vec,
General-16-20260518-02:49:41-2836,config,,,**.maxTransmissionDuration,4s,
General-16-20260518-02:49:41-2836,config,,,**.energyDetection,-110dBm,
General-16-20260518-02:49:41-2836,config,,,**.vector-recording,true,
General-16-20260518-02:49:41-2836,config,,,rng-class,cMersenneTwister,
General-16-20260518-02:49:41-2836,config,,,**.loRaGW[*].numUdpApps,1,
General-16-20260518-02:49:41-2836,config,,,**.loRaGW[0].packetForwarder.localPort,2000,
General-16-20260518-02:49:41-2836,config,,,**.loRaGW[0].packetForwarder.destPort,1000,
General-16-20260518-02:49:41-2836,config,,,**.loRaGW[0].packetForwarder.destAddresses,"""networkServer""",
General-16-20260518-02:49:41-2836,config,,,**.loRaGW[0].packetForwarder.indexNumber,0,
General-16-20260518-02:49:41-2836,config,,,**.networkServer.numApps,1,
General-16-20260518-02:49:41-2836,config,,,**.networkServer.**.evaluateADRinServer,true,
General-16-20260518-02:49:41-2836,config,,,**.networkServer.app[0].typename,NetworkServerApp,
General-16-20260518-02:49:41-2836,config,,,**.networkServer.app[0].destAddresses,"""loRaGW[0]""",
General-16-20260518-02:49:41-2836,config,,,**.networkServer.app[0].destPort,2000,
General-16-20260518-02:49:41-2836,config,,,**.networkServer.app[0].localPort,1000,
General-16-20260518-02:49:41-2836,config,,,**.networkServer.app[0].adrMethod,"""avg""",
General-16-20260518-02:49:41-2836,config,,,**.numberOfPacketsToSend,0,
General-16-20260518-02:49:41-2836,config,,,sim-time-limit,3d,
General-16-20260518-02:49:41-2836,config,,,warmup-period,2h,
General-16-20260518-02:49:41-2836,config,,,simtime-resolution,-11,
General-16-20260518-02:49:41-2836,config,,,repeat,20,
General-16-20260518-02:49:41-2836,config,,,**.loRaNodes[0].app[0].timeToFirstPacket,12h 50ms,
General-16-20260518-02:49:41-2836,config,,,**.loRaNodes[0].app[0].timeToNextPacket,1h,
General-16-20260518-02:49:41-2836,config,,,**.loRaNodes[1].app[0].timeToFirstPacket,"uniform(4h, 5h)",
General-16-20260518-02:49:41-2836,config,,,**.loRaNodes[1].app[0].timeToNextPacket,1h,
General-16-20260518-02:49:41-2836,config,,,**.loRaNodes[2].app[0].timeToFirstPacket,12h,
General-16-20260518-02:49:41-2836,config,,,**.loRaNodes[3].app[0].timeToFirstPacket,12h 100ms,
General-16-20260518-02:49:41-2836,config,,,**.loRaNodes[4].app[0].timeToFirstPacket,12h 200ms,
General-16-20260518-02:49:41-2836,config,,,**.loRaNodes[5].app[0].timeToFirstPacket,12h 300ms,
General-16-20260518-02:49:41-2836,config,,,**.loRaNodes[{2..5}].app[0].timeToNextPacket,24h,
General-16-20260518-02:49:41-2836,config,,,**.alohaChannelModel,false,
General-16-20260518-02:49:41-2836,config,,,**.loRaNodes[*].**.initFromDisplayString,false,
General-16-20260518-02:49:41-2836,config,,,**.loRaNodes[*].**.evaluateADRinNode,true,
General-16-20260518-02:49:41-2836,config,,,**.loRaNodes[*].**initialLoRaBW,125 kHz,
General-16-20260518-02:49:41-2836,config,,,**.loRaNodes[*].**initialLoRaCR,4,
General-16-20260518-02:49:41-2836,config,,,**.loRaNodes[*].numApps,1,
General-16-20260518-02:49:41-2836,config,,,**.loRaNodes[*].app[0].typename,SimpleLoRaApp,
General-16-20260518-02:49:41-2836,config,,,**.LoRaGWNic.radio.iAmGateway,true,
General-16-20260518-02:49:41-2836,config,,,**.loRaGW[*].**.initFromDisplayString,false,
General-16-20260518-02:49:41-2836,config,,,**.loRaNodes[*].LoRaNic.radio.energyConsumer.typename,LoRaEnergyConsumer,
General-16-20260518-02:49:41-2836,config,,,**.loRaNodes[*].**.energySourceModule,"""^.IdealEpEnergyStorage""",
General-16-20260518-02:49:41-2836,config,,,**.loRaNodes[*].LoRaNic.radio.energyConsumer.configFile,"xmldoc(""../energyConsumptionParameters.xml"")",
General-16-20260518-02:49:41-2836,config,,,**.sigma,3.57,
General-16-20260518-02:49:41-2836,config,,,**.constraintAreaMinX,0m,
General-16-20260518-02:49:41-2836,config,,,**.constraintAreaMinY,0m,
General-16-20260518-02:49:41-2836,config,,,**.constraintAreaMinZ,0m,
General-16-20260518-02:49:41-2836,config,,,**.constraintAreaMaxZ,0m,
General-16-20260518-02:49:41-2836,config,,,LoRaNetworkTest.**.radio.separateTransmissionParts,false,
General-16-20260518-02:49:41-2836,config,,,LoRaNetworkTest.**.radio.separateReceptionParts,false,
General-16-20260518-02:49:41-2836,config,,,**.ipv4Delayer.config,"xmldoc(""../cloudDelays.xml"")",
General-16-20260518-02:49:41-2836,config,,,**.radio.radioMediumModule,"""LoRaMedium""",
General-16-20260518-02:49:41-2836,config,,,**.LoRaMedium.pathLossType,"""LoRaLogNormalShadowing""",
General-16-20260518-02:49:41-2836,config,,,**.minInterferenceTime,0s,
General-16-20260518-02:49:41-2836,config,,,**.displayAddresses,false,
General-16-20260518-02:49:41-2836,config,,,**.numberOfNodes,6,
General-16-20260518-02:49:41-2836,config,,,**.numberOfGateways,1,
General-16-20260518-02:49:41-2836,config,,,**.constraintAreaMaxX,2376.0m,
General-16-20260518-02:49:41-2836,config,,,**.constraintAreaMaxY,1090.0m,
General-16-20260518-02:49:41-2836,config,,,**.loRaGW[0].**.initialX,544.00m,
General-16-20260518-02:49:41-2836,config,,,**.loRaGW[0].**.initialY,544.00m,
General-16-20260518-02:49:41-2836,config,,,output-scalar-file,../results/n100-gw1-s16.ini.sca,
General-16-20260518-02:49:41-2836,config,,,**.loRaNodes[0..1].app[0].sendInterval,1h,
General-16-20260518-02:49:41-2836,config,,,**.loRaNodes[0].**.initialX,510.63m,
General-16-20260518-02:49:41-2836,config,,,**.loRaNodes[0].**.initialY,500.08m,
General-16-20260518-02:49:41-2836,config,,,**.loRaNodes[1].**.initialX,470.29m,
General-16-20260518-02:49:41-2836,config,,,**.loRaNodes[1].**.initialY,520.24m,
General-16-20260518-02:49:41-2836,config,,,**.loRaNodes[2].**.initialX,500.60m,
General-16-20260518-02:49:41-2836,config,,,**.loRaNodes[2].**.initialY,590.25m,
General-16-20260518-02:49:41-2836,config,,,**.loRaNodes[3].**.initialX,535.86m,
General-16-20260518-02:49:41-2836,config,,,**.loRaNodes[3].**.initialY,590.63m,
General-16-20260518-02:49:41-2836,config,,,**.loRaNodes[2..3].app[0].sendInterval,exponential(8760h),
General-16-20260518-02:49:41-2836,config,,,**.loRaNodes[4..5].app[0].sendInterval,exponential(4h),
General-16-20260518-02:49:41-2836,config,,,**.loRaNodes[4].**.initialX,650.85m,
General-16-20260518-02:49:41-2836,config,,,**.loRaNodes[4].**.initialY,510.11m,
General-16-20260518-02:49:41-2836,config,,,**.loRaNodes[5].**.initialX,680.27m,
General-16-20260518-02:49:41-2836,config,,,**.loRaNodes[5].**.initialY,520.84m,
General-16-20260518-02:49:41-2836,config,,,**.loRaNodes[0].**initialLoRaSF,8,
General-16-20260518-02:49:41-2836,config,,,**.loRaNodes[0].**initialLoRaTP,8dBm,
General-16-20260518-02:49:41-2836,config,,,**.loRaNodes[1].**initialLoRaSF,9,
General-16-20260518-02:49:41-2836,config,,,**.loRaNodes[1].**initialLoRaTP,8dBm,
General-16-20260518-02:49:41-2836,config,,,**.loRaNodes[2].**initialLoRaSF,7,
General-16-20260518-02:49:41-2836,config,,,**.loRaNodes[2].**initialLoRaTP,8dBm,
General-16-20260518-02:49:41-2836,config,,,**.loRaNodes[3].**initialLoRaSF,7,
General-16-20260518-02:49:41-2836,config,,,**.loRaNodes[3].**initialLoRaTP,2dBm,
General-16-20260518-02:49:41-2836,config,,,**.loRaNodes[4].**initialLoRaSF,8,
General-16-20260518-02:49:41-2836,config,,,**.loRaNodes[4].**initialLoRaTP,8dBm,
General-16-20260518-02:49:41-2836,config,,,**.loRaNodes[5].**initialLoRaSF,7,
General-16-20260518-02:49:41-2836,config,,,**.loRaNodes[5].**initialLoRaTP,2dBm,
General-16-20260518-02:49:41-2836,config,,,**.vector-recording,false,
General-16-20260518-02:49:41-2836,config,,,**.loRaGW[*].packetForwarder.highQueueLength.vector-recording,true,
General-16-20260518-02:49:41-2836,config,,,**.loRaGW[*].packetForwarder.lowQueueLength.vector-recording,true,
General-16-20260518-02:49:41-2836,config,,,**.networkServer.app[0].delaySignal.vector-recording,true,
General-16-20260518-02:49:41-2836,config,,,**.loRaNodes[*].app[0].packetsSent:scalar,true,
General-16-20260518-02:49:41-2836,config,,,**.networkServer.app[0].totalReceivedPackets:scalar,true,
General-16-20260518-02:49:41-2836,config,,,**.loRaGW[*].**.packetDropRate:scalar,true,
General-5-20260518-02:06:45-2738,runattr,,,configname,General,
General-5-20260518-02:06:45-2738,runattr,,,datetime,20260518-02:06:45,
General-5-20260518-02:06:45-2738,runattr,,,datetimef,20260518-020645,
General-5-20260518-02:06:45-2738,runattr,,,experiment,General,
General-5-20260518-02:06:45-2738,runattr,,,inifile,n100-gw1.ini,
General-5-20260518-02:06:45-2738,runattr,,,iterationvars,"$0=""avg""",
General-5-20260518-02:06:45-2738,runattr,,,iterationvarsd,avg,
General-5-20260518-02:06:45-2738,runattr,,,iterationvarsf,avg-,
General-5-20260518-02:06:45-2738,runattr,,,measurement,"$0=""avg""",
General-5-20260518-02:06:45-2738,runattr,,,network,flora.simulations.LoRaNetworkTest,
General-5-20260518-02:06:45-2738,runattr,,,processid,2738,
General-5-20260518-02:06:45-2738,runattr,,,repetition,5,
General-5-20260518-02:06:45-2738,runattr,,,replication,#5,
General-5-20260518-02:06:45-2738,runattr,,,resultdir,results,
General-5-20260518-02:06:45-2738,runattr,,,runnumber,5,
General-5-20260518-02:06:45-2738,runattr,,,seedset,5,
General-5-20260518-02:06:45-2738,config,,,image-path,../../../inet4.4/images,
General-5-20260518-02:06:45-2738,config,,,network,flora.simulations.LoRaNetworkTest,
General-5-20260518-02:06:45-2738,config,,,output-vector-file,../results/n100-gw1-s5.ini.vec,
General-5-20260518-02:06:45-2738,config,,,**.maxTransmissionDuration,4s,
General-5-20260518-02:06:45-2738,config,,,**.energyDetection,-110dBm,
General-5-20260518-02:06:45-2738,config,,,**.vector-recording,true,
General-5-20260518-02:06:45-2738,config,,,rng-class,cMersenneTwister,
General-5-20260518-02:06:45-2738,config,,,**.loRaGW[*].numUdpApps,1,
General-5-20260518-02:06:45-2738,config,,,**.loRaGW[0].packetForwarder.localPort,2000,
General-5-20260518-02:06:45-2738,config,,,**.loRaGW[0].packetForwarder.destPort,1000,
General-5-20260518-02:06:45-2738,config,,,**.loRaGW[0].packetForwarder.destAddresses,"""networkServer""",
General-5-20260518-02:06:45-2738,config,,,**.loRaGW[0].packetForwarder.indexNumber,0,
General-5-20260518-02:06:45-2738,config,,,**.networkServer.numApps,1,
General-5-20260518-02:06:45-2738,config,,,**.networkServer.**.evaluateADRinServer,true,
General-5-20260518-02:06:45-2738,config,,,**.networkServer.app[0].typename,NetworkServerApp,
General-5-20260518-02:06:45-2738,config,,,**.networkServer.app[0].destAddresses,"""loRaGW[0]""",
General-5-20260518-02:06:45-2738,config,,,**.networkServer.app[0].destPort,2000,
General-5-20260518-02:06:45-2738,config,,,**.networkServer.app[0].localPort,1000,
General-5-20260518-02:06:45-2738,config,,,**.networkServer.app[0].adrMethod,"""avg""",
General-5-20260518-02:06:45-2738,config,,,**.numberOfPacketsToSend,0,
General-5-20260518-02:06:45-2738,config,,,sim-time-limit,3d,
General-5-20260518-02:06:45-2738,config,,,warmup-period,2h,
General-5-20260518-02:06:45-2738,config,,,simtime-resolution,-11,
General-5-20260518-02:06:45-2738,config,,,repeat,20,
General-5-20260518-02:06:45-2738,config,,,**.loRaNodes[0].app[0].timeToFirstPacket,12h 50ms,
General-5-20260518-02:06:45-2738,config,,,**.loRaNodes[0].app[0].timeToNextPacket,1h,
General-5-20260518-02:06:45-2738,config,,,**.loRaNodes[1].app[0].timeToFirstPacket,"uniform(4h, 5h)",
General-5-20260518-02:06:45-2738,config,,,**.loRaNodes[1].app[0].timeToNextPacket,1h,
General-5-20260518-02:06:45-2738,config,,,**.loRaNodes[2].app[0].timeToFirstPacket,12h,
General-5-20260518-02:06:45-2738,config,,,**.loRaNodes[3].app[0].timeToFirstPacket,12h 100ms,
General-5-20260518-02:06:45-2738,config,,,**.loRaNodes[4].app[0].timeToFirstPacket,12h 200ms,
General-5-20260518-02:06:45-2738,config,,,**.loRaNodes[5].app[0].timeToFirstPacket,12h 300ms,
General-5-20260518-02:06:45-2738,config,,,**.loRaNodes[{2..5}].app[0].timeToNextPacket,24h,
General-5-20260518-02:06:45-2738,config,,,**.alohaChannelModel,false,
General-5-20260518-02:06:45-2738,config,,,**.loRaNodes[*].**.initFromDisplayString,false,
General-5-20260518-02:06:45-2738,config,,,**.loRaNodes[*].**.evaluateADRinNode,true,
General-5-20260518-02:06:45-2738,config,,,**.loRaNodes[*].**initialLoRaBW,125 kHz,
General-5-20260518-02:06:45-2738,config,,,**.loRaNodes[*].**initialLoRaCR,4,
General-5-20260518-02:06:45-2738,config,,,**.loRaNodes[*].numApps,1,
General-5-20260518-02:06:45-2738,config,,,**.loRaNodes[*].app[0].typename,SimpleLoRaApp,
General-5-20260518-02:06:45-2738,config,,,**.LoRaGWNic.radio.iAmGateway,true,
General-5-20260518-02:06:45-2738,config,,,**.loRaGW[*].**.initFromDisplayString,false,
General-5-20260518-02:06:45-2738,config,,,**.loRaNodes[*].LoRaNic.radio.energyConsumer.typename,LoRaEnergyConsumer,
General-5-20260518-02:06:45-2738,config,,,**.loRaNodes[*].**.energySourceModule,"""^.IdealEpEnergyStorage""",
General-5-20260518-02:06:45-2738,config,,,**.loRaNodes[*].LoRaNic.radio.energyConsumer.configFile,"xmldoc(""../energyConsumptionParameters.xml"")",
General-5-20260518-02:06:45-2738,config,,,**.sigma,3.57,
General-5-20260518-02:06:45-2738,config,,,**.constraintAreaMinX,0m,
General-5-20260518-02:06:45-2738,config,,,**.constraintAreaMinY,0m,
General-5-20260518-02:06:45-2738,config,,,**.constraintAreaMinZ,0m,
General-5-20260518-02:06:45-2738,config,,,**.constraintAreaMaxZ,0m,
General-5-20260518-02:06:45-2738,config,,,LoRaNetworkTest.**.radio.separateTransmissionParts,false,
General-5-20260518-02:06:45-2738,config,,,LoRaNetworkTest.**.radio.separateReceptionParts,false,
General-5-20260518-02:06:45-2738,config,,,**.ipv4Delayer.config,"xmldoc(""../cloudDelays.xml"")",
General-5-20260518-02:06:45-2738,config,,,**.radio.radioMediumModule,"""LoRaMedium""",
General-5-20260518-02:06:45-2738,config,,,**.LoRaMedium.pathLossType,"""LoRaLogNormalShadowing""",
General-5-20260518-02:06:45-2738,config,,,**.minInterferenceTime,0s,
General-5-20260518-02:06:45-2738,config,,,**.displayAddresses,false,
General-5-20260518-02:06:45-2738,config,,,**.numberOfNodes,6,
General-5-20260518-02:06:45-2738,config,,,**.numberOfGateways,1,
General-5-20260518-02:06:45-2738,config,,,**.constraintAreaMaxX,2376.0m,
General-5-20260518-02:06:45-2738,config,,,**.constraintAreaMaxY,1090.0m,
General-5-20260518-02:06:45-2738,config,,,**.loRaGW[0].**.initialX,544.00m,
General-5-20260518-02:06:45-2738,config,,,**.loRaGW[0].**.initialY,544.00m,
General-5-20260518-02:06:45-2738,config,,,output-scalar-file,../results/n100-gw1-s5.ini.sca,
General-5-20260518-02:06:45-2738,config,,,**.loRaNodes[0..1].app[0].sendInterval,1h,
General-5-20260518-02:06:45-2738,config,,,**.loRaNodes[0].**.initialX,510.63m,
General-5-20260518-02:06:45-2738,config,,,**.loRaNodes[0].**.initialY,500.08m,
General-5-20260518-02:06:45-2738,config,,,**.loRaNodes[1].**.initialX,470.29m,
General-5-20260518-02:06:45-2738,config,,,**.loRaNodes[1].**.initialY,520.24m,
General-5-20260518-02:06:45-2738,config,,,**.loRaNodes[2].**.initialX,500.60m,
General-5-20260518-02:06:45-2738,config,,,**.loRaNodes[2].**.initialY,590.25m,
General-5-20260518-02:06:45-2738,config,,,**.loRaNodes[3].**.initialX,535.86m,
General-5-20260518-02:06:45-2738,config,,,**.loRaNodes[3].**.initialY,590.63m,
General-5-20260518-02:06:45-2738,config,,,**.loRaNodes[2..3].app[0].sendInterval,exponential(8760h),
General-5-20260518-02:06:45-2738,config,,,**.loRaNodes[4..5].app[0].sendInterval,exponential(4h),
General-5-20260518-02:06:45-2738,config,,,**.loRaNodes[4].**.initialX,650.85m,
General-5-20260518-02:06:45-2738,config,,,**.loRaNodes[4].**.initialY,510.11m,
General-5-20260518-02:06:45-2738,config,,,**.loRaNodes[5].**.initialX,680.27m,
General-5-20260518-02:06:45-2738,config,,,**.loRaNodes[5].**.initialY,520.84m,
General-5-20260518-02:06:45-2738,config,,,**.loRaNodes[0].**initialLoRaSF,8,
General-5-20260518-02:06:45-2738,config,,,**.loRaNodes[0].**initialLoRaTP,8dBm,
General-5-20260518-02:06:45-2738,config,,,**.loRaNodes[1].**initialLoRaSF,9,
General-5-20260518-02:06:45-2738,config,,,**.loRaNodes[1].**initialLoRaTP,8dBm,
General-5-20260518-02:06:45-2738,config,,,**.loRaNodes[2].**initialLoRaSF,7,
General-5-20260518-02:06:45-2738,config,,,**.loRaNodes[2].**initialLoRaTP,8dBm,
General-5-20260518-02:06:45-2738,config,,,**.loRaNodes[3].**initialLoRaSF,7,
General-5-20260518-02:06:45-2738,config,,,**.loRaNodes[3].**initialLoRaTP,2dBm,
General-5-20260518-02:06:45-2738,config,,,**.loRaNodes[4].**initialLoRaSF,8,
General-5-20260518-02:06:45-2738,config,,,**.loRaNodes[4].**initialLoRaTP,8dBm,
General-5-20260518-02:06:45-2738,config,,,**.loRaNodes[5].**initialLoRaSF,7,
General-5-20260518-02:06:45-2738,config,,,**.loRaNodes[5].**initialLoRaTP,2dBm,
General-5-20260518-02:06:45-2738,config,,,**.vector-recording,false,
General-5-20260518-02:06:45-2738,config,,,**.loRaGW[*].packetForwarder.highQueueLength.vector-recording,true,
General-5-20260518-02:06:45-2738,config,,,**.loRaGW[*].packetForwarder.lowQueueLength.vector-recording,true,
General-5-20260518-02:06:45-2738,config,,,**.networkServer.app[0].delaySignal.vector-recording,true,
General-5-20260518-02:06:45-2738,config,,,**.loRaNodes[*].app[0].packetsSent:scalar,true,
General-5-20260518-02:06:45-2738,config,,,**.networkServer.app[0].totalReceivedPackets:scalar,true,
General-5-20260518-02:06:45-2738,config,,,**.loRaGW[*].**.packetDropRate:scalar,true,
General-15-20260518-02:45:41-2829,runattr,,,configname,General,
General-15-20260518-02:45:41-2829,runattr,,,datetime,20260518-02:45:41,
General-15-20260518-02:45:41-2829,runattr,,,datetimef,20260518-024541,
General-15-20260518-02:45:41-2829,runattr,,,experiment,General,
General-15-20260518-02:45:41-2829,runattr,,,inifile,n100-gw1.ini,
General-15-20260518-02:45:41-2829,runattr,,,iterationvars,"$0=""avg""",
General-15-20260518-02:45:41-2829,runattr,,,iterationvarsd,avg,
General-15-20260518-02:45:41-2829,runattr,,,iterationvarsf,avg-,
General-15-20260518-02:45:41-2829,runattr,,,measurement,"$0=""avg""",
General-15-20260518-02:45:41-2829,runattr,,,network,flora.simulations.LoRaNetworkTest,
General-15-20260518-02:45:41-2829,runattr,,,processid,2829,
General-15-20260518-02:45:41-2829,runattr,,,repetition,15,
General-15-20260518-02:45:41-2829,runattr,,,replication,#15,
General-15-20260518-02:45:41-2829,runattr,,,resultdir,results,
General-15-20260518-02:45:41-2829,runattr,,,runnumber,15,
General-15-20260518-02:45:41-2829,runattr,,,seedset,15,
General-15-20260518-02:45:41-2829,config,,,image-path,../../../inet4.4/images,
General-15-20260518-02:45:41-2829,config,,,network,flora.simulations.LoRaNetworkTest,
General-15-20260518-02:45:41-2829,config,,,output-vector-file,../results/n100-gw1-s15.ini.vec,
General-15-20260518-02:45:41-2829,config,,,**.maxTransmissionDuration,4s,
General-15-20260518-02:45:41-2829,config,,,**.energyDetection,-110dBm,
General-15-20260518-02:45:41-2829,config,,,**.vector-recording,true,
General-15-20260518-02:45:41-2829,config,,,rng-class,cMersenneTwister,
General-15-20260518-02:45:41-2829,config,,,**.loRaGW[*].numUdpApps,1,
General-15-20260518-02:45:41-2829,config,,,**.loRaGW[0].packetForwarder.localPort,2000,
General-15-20260518-02:45:41-2829,config,,,**.loRaGW[0].packetForwarder.destPort,1000,
General-15-20260518-02:45:41-2829,config,,,**.loRaGW[0].packetForwarder.destAddresses,"""networkServer""",
General-15-20260518-02:45:41-2829,config,,,**.loRaGW[0].packetForwarder.indexNumber,0,
General-15-20260518-02:45:41-2829,config,,,**.networkServer.numApps,1,
General-15-20260518-02:45:41-2829,config,,,**.networkServer.**.evaluateADRinServer,true,
General-15-20260518-02:45:41-2829,config,,,**.networkServer.app[0].typename,NetworkServerApp,
General-15-20260518-02:45:41-2829,config,,,**.networkServer.app[0].destAddresses,"""loRaGW[0]""",
General-15-20260518-02:45:41-2829,config,,,**.networkServer.app[0].destPort,2000,
General-15-20260518-02:45:41-2829,config,,,**.networkServer.app[0].localPort,1000,
General-15-20260518-02:45:41-2829,config,,,**.networkServer.app[0].adrMethod,"""avg""",
General-15-20260518-02:45:41-2829,config,,,**.numberOfPacketsToSend,0,
General-15-20260518-02:45:41-2829,config,,,sim-time-limit,3d,
General-15-20260518-02:45:41-2829,config,,,warmup-period,2h,
General-15-20260518-02:45:41-2829,config,,,simtime-resolution,-11,
General-15-20260518-02:45:41-2829,config,,,repeat,20,
General-15-20260518-02:45:41-2829,config,,,**.loRaNodes[0].app[0].timeToFirstPacket,12h 50ms,
General-15-20260518-02:45:41-2829,config,,,**.loRaNodes[0].app[0].timeToNextPacket,1h,
General-15-20260518-02:45:41-2829,config,,,**.loRaNodes[1].app[0].timeToFirstPacket,"uniform(4h, 5h)",
General-15-20260518-02:45:41-2829,config,,,**.loRaNodes[1].app[0].timeToNextPacket,1h,
General-15-20260518-02:45:41-2829,config,,,**.loRaNodes[2].app[0].timeToFirstPacket,12h,
General-15-20260518-02:45:41-2829,config,,,**.loRaNodes[3].app[0].timeToFirstPacket,12h 100ms,
General-15-20260518-02:45:41-2829,config,,,**.loRaNodes[4].app[0].timeToFirstPacket,12h 200ms,
General-15-20260518-02:45:41-2829,config,,,**.loRaNodes[5].app[0].timeToFirstPacket,12h 300ms,
General-15-20260518-02:45:41-2829,config,,,**.loRaNodes[{2..5}].app[0].timeToNextPacket,24h,
General-15-20260518-02:45:41-2829,config,,,**.alohaChannelModel,false,
General-15-20260518-02:45:41-2829,config,,,**.loRaNodes[*].**.initFromDisplayString,false,
General-15-20260518-02:45:41-2829,config,,,**.loRaNodes[*].**.evaluateADRinNode,true,
General-15-20260518-02:45:41-2829,config,,,**.loRaNodes[*].**initialLoRaBW,125 kHz,
General-15-20260518-02:45:41-2829,config,,,**.loRaNodes[*].**initialLoRaCR,4,
General-15-20260518-02:45:41-2829,config,,,**.loRaNodes[*].numApps,1,
General-15-20260518-02:45:41-2829,config,,,**.loRaNodes[*].app[0].typename,SimpleLoRaApp,
General-15-20260518-02:45:41-2829,config,,,**.LoRaGWNic.radio.iAmGateway,true,
General-15-20260518-02:45:41-2829,config,,,**.loRaGW[*].**.initFromDisplayString,false,
General-15-20260518-02:45:41-2829,config,,,**.loRaNodes[*].LoRaNic.radio.energyConsumer.typename,LoRaEnergyConsumer,
General-15-20260518-02:45:41-2829,config,,,**.loRaNodes[*].**.energySourceModule,"""^.IdealEpEnergyStorage""",
General-15-20260518-02:45:41-2829,config,,,**.loRaNodes[*].LoRaNic.radio.energyConsumer.configFile,"xmldoc(""../energyConsumptionParameters.xml"")",
General-15-20260518-02:45:41-2829,config,,,**.sigma,3.57,
General-15-20260518-02:45:41-2829,config,,,**.constraintAreaMinX,0m,
General-15-20260518-02:45:41-2829,config,,,**.constraintAreaMinY,0m,
General-15-20260518-02:45:41-2829,config,,,**.constraintAreaMinZ,0m,
General-15-20260518-02:45:41-2829,config,,,**.constraintAreaMaxZ,0m,
General-15-20260518-02:45:41-2829,config,,,LoRaNetworkTest.**.radio.separateTransmissionParts,false,
General-15-20260518-02:45:41-2829,config,,,LoRaNetworkTest.**.radio.separateReceptionParts,false,
General-15-20260518-02:45:41-2829,config,,,**.ipv4Delayer.config,"xmldoc(""../cloudDelays.xml"")",
General-15-20260518-02:45:41-2829,config,,,**.radio.radioMediumModule,"""LoRaMedium""",
General-15-20260518-02:45:41-2829,config,,,**.LoRaMedium.pathLossType,"""LoRaLogNormalShadowing""",
General-15-20260518-02:45:41-2829,config,,,**.minInterferenceTime,0s,
General-15-20260518-02:45:41-2829,config,,,**.displayAddresses,false,
General-15-20260518-02:45:41-2829,config,,,**.numberOfNodes,6,
General-15-20260518-02:45:41-2829,config,,,**.numberOfGateways,1,
General-15-20260518-02:45:41-2829,config,,,**.constraintAreaMaxX,2376.0m,
General-15-20260518-02:45:41-2829,config,,,**.constraintAreaMaxY,1090.0m,
General-15-20260518-02:45:41-2829,config,,,**.loRaGW[0].**.initialX,544.00m,
General-15-20260518-02:45:41-2829,config,,,**.loRaGW[0].**.initialY,544.00m,
General-15-20260518-02:45:41-2829,config,,,output-scalar-file,../results/n100-gw1-s15.ini.sca,
General-15-20260518-02:45:41-2829,config,,,**.loRaNodes[0..1].app[0].sendInterval,1h,
General-15-20260518-02:45:41-2829,config,,,**.loRaNodes[0].**.initialX,510.63m,
General-15-20260518-02:45:41-2829,config,,,**.loRaNodes[0].**.initialY,500.08m,
General-15-20260518-02:45:41-2829,config,,,**.loRaNodes[1].**.initialX,470.29m,
General-15-20260518-02:45:41-2829,config,,,**.loRaNodes[1].**.initialY,520.24m,
General-15-20260518-02:45:41-2829,config,,,**.loRaNodes[2].**.initialX,500.60m,
General-15-20260518-02:45:41-2829,config,,,**.loRaNodes[2].**.initialY,590.25m,
General-15-20260518-02:45:41-2829,config,,,**.loRaNodes[3].**.initialX,535.86m,
General-15-20260518-02:45:41-2829,config,,,**.loRaNodes[3].**.initialY,590.63m,
General-15-20260518-02:45:41-2829,config,,,**.loRaNodes[2..3].app[0].sendInterval,exponential(8760h),
General-15-20260518-02:45:41-2829,config,,,**.loRaNodes[4..5].app[0].sendInterval,exponential(4h),
General-15-20260518-02:45:41-2829,config,,,**.loRaNodes[4].**.initialX,650.85m,
General-15-20260518-02:45:41-2829,config,,,**.loRaNodes[4].**.initialY,510.11m,
General-15-20260518-02:45:41-2829,config,,,**.loRaNodes[5].**.initialX,680.27m,
General-15-20260518-02:45:41-2829,config,,,**.loRaNodes[5].**.initialY,520.84m,
General-15-20260518-02:45:41-2829,config,,,**.loRaNodes[0].**initialLoRaSF,8,
General-15-20260518-02:45:41-2829,config,,,**.loRaNodes[0].**initialLoRaTP,8dBm,
General-15-20260518-02:45:41-2829,config,,,**.loRaNodes[1].**initialLoRaSF,9,
General-15-20260518-02:45:41-2829,config,,,**.loRaNodes[1].**initialLoRaTP,8dBm,
General-15-20260518-02:45:41-2829,config,,,**.loRaNodes[2].**initialLoRaSF,7,
General-15-20260518-02:45:41-2829,config,,,**.loRaNodes[2].**initialLoRaTP,8dBm,
General-15-20260518-02:45:41-2829,config,,,**.loRaNodes[3].**initialLoRaSF,7,
General-15-20260518-02:45:41-2829,config,,,**.loRaNodes[3].**initialLoRaTP,2dBm,
General-15-20260518-02:45:41-2829,config,,,**.loRaNodes[4].**initialLoRaSF,8,
General-15-20260518-02:45:41-2829,config,,,**.loRaNodes[4].**initialLoRaTP,8dBm,
General-15-20260518-02:45:41-2829,config,,,**.loRaNodes[5].**initialLoRaSF,7,
General-15-20260518-02:45:41-2829,config,,,**.loRaNodes[5].**initialLoRaTP,2dBm,
General-15-20260518-02:45:41-2829,config,,,**.vector-recording,false,
General-15-20260518-02:45:41-2829,config,,,**.loRaGW[*].packetForwarder.highQueueLength.vector-recording,true,
General-15-20260518-02:45:41-2829,config,,,**.loRaGW[*].packetForwarder.lowQueueLength.vector-recording,true,
General-15-20260518-02:45:41-2829,config,,,**.networkServer.app[0].delaySignal.vector-recording,true,
General-15-20260518-02:45:41-2829,config,,,**.loRaNodes[*].app[0].packetsSent:scalar,true,
General-15-20260518-02:45:41-2829,config,,,**.networkServer.app[0].totalReceivedPackets:scalar,true,
General-15-20260518-02:45:41-2829,config,,,**.loRaGW[*].**.packetDropRate:scalar,true,
General-7-20260518-02:14:43-2751,runattr,,,configname,General,
General-7-20260518-02:14:43-2751,runattr,,,datetime,20260518-02:14:43,
General-7-20260518-02:14:43-2751,runattr,,,datetimef,20260518-021443,
General-7-20260518-02:14:43-2751,runattr,,,experiment,General,
General-7-20260518-02:14:43-2751,runattr,,,inifile,n100-gw1.ini,
General-7-20260518-02:14:43-2751,runattr,,,iterationvars,"$0=""avg""",
General-7-20260518-02:14:43-2751,runattr,,,iterationvarsd,avg,
General-7-20260518-02:14:43-2751,runattr,,,iterationvarsf,avg-,
General-7-20260518-02:14:43-2751,runattr,,,measurement,"$0=""avg""",
General-7-20260518-02:14:43-2751,runattr,,,network,flora.simulations.LoRaNetworkTest,
General-7-20260518-02:14:43-2751,runattr,,,processid,2751,
General-7-20260518-02:14:43-2751,runattr,,,repetition,7,
General-7-20260518-02:14:43-2751,runattr,,,replication,#7,
General-7-20260518-02:14:43-2751,runattr,,,resultdir,results,
General-7-20260518-02:14:43-2751,runattr,,,runnumber,7,
General-7-20260518-02:14:43-2751,runattr,,,seedset,7,
General-7-20260518-02:14:43-2751,config,,,image-path,../../../inet4.4/images,
General-7-20260518-02:14:43-2751,config,,,network,flora.simulations.LoRaNetworkTest,
General-7-20260518-02:14:43-2751,config,,,output-vector-file,../results/n100-gw1-s7.ini.vec,
General-7-20260518-02:14:43-2751,config,,,**.maxTransmissionDuration,4s,
General-7-20260518-02:14:43-2751,config,,,**.energyDetection,-110dBm,
General-7-20260518-02:14:43-2751,config,,,**.vector-recording,true,
General-7-20260518-02:14:43-2751,config,,,rng-class,cMersenneTwister,
General-7-20260518-02:14:43-2751,config,,,**.loRaGW[*].numUdpApps,1,
General-7-20260518-02:14:43-2751,config,,,**.loRaGW[0].packetForwarder.localPort,2000,
General-7-20260518-02:14:43-2751,config,,,**.loRaGW[0].packetForwarder.destPort,1000,
General-7-20260518-02:14:43-2751,config,,,**.loRaGW[0].packetForwarder.destAddresses,"""networkServer""",
General-7-20260518-02:14:43-2751,config,,,**.loRaGW[0].packetForwarder.indexNumber,0,
General-7-20260518-02:14:43-2751,config,,,**.networkServer.numApps,1,
General-7-20260518-02:14:43-2751,config,,,**.networkServer.**.evaluateADRinServer,true,
General-7-20260518-02:14:43-2751,config,,,**.networkServer.app[0].typename,NetworkServerApp,
General-7-20260518-02:14:43-2751,config,,,**.networkServer.app[0].destAddresses,"""loRaGW[0]""",
General-7-20260518-02:14:43-2751,config,,,**.networkServer.app[0].destPort,2000,
General-7-20260518-02:14:43-2751,config,,,**.networkServer.app[0].localPort,1000,
General-7-20260518-02:14:43-2751,config,,,**.networkServer.app[0].adrMethod,"""avg""",
General-7-20260518-02:14:43-2751,config,,,**.numberOfPacketsToSend,0,
General-7-20260518-02:14:43-2751,config,,,sim-time-limit,3d,
General-7-20260518-02:14:43-2751,config,,,warmup-period,2h,
General-7-20260518-02:14:43-2751,config,,,simtime-resolution,-11,
General-7-20260518-02:14:43-2751,config,,,repeat,20,
General-7-20260518-02:14:43-2751,config,,,**.loRaNodes[0].app[0].timeToFirstPacket,12h 50ms,
General-7-20260518-02:14:43-2751,config,,,**.loRaNodes[0].app[0].timeToNextPacket,1h,
General-7-20260518-02:14:43-2751,config,,,**.loRaNodes[1].app[0].timeToFirstPacket,"uniform(4h, 5h)",
General-7-20260518-02:14:43-2751,config,,,**.loRaNodes[1].app[0].timeToNextPacket,1h,
General-7-20260518-02:14:43-2751,config,,,**.loRaNodes[2].app[0].timeToFirstPacket,12h,
General-7-20260518-02:14:43-2751,config,,,**.loRaNodes[3].app[0].timeToFirstPacket,12h 100ms,
General-7-20260518-02:14:43-2751,config,,,**.loRaNodes[4].app[0].timeToFirstPacket,12h 200ms,
General-7-20260518-02:14:43-2751,config,,,**.loRaNodes[5].app[0].timeToFirstPacket,12h 300ms,
General-7-20260518-02:14:43-2751,config,,,**.loRaNodes[{2..5}].app[0].timeToNextPacket,24h,
General-7-20260518-02:14:43-2751,config,,,**.alohaChannelModel,false,
General-7-20260518-02:14:43-2751,config,,,**.loRaNodes[*].**.initFromDisplayString,false,
General-7-20260518-02:14:43-2751,config,,,**.loRaNodes[*].**.evaluateADRinNode,true,
General-7-20260518-02:14:43-2751,config,,,**.loRaNodes[*].**initialLoRaBW,125 kHz,
General-7-20260518-02:14:43-2751,config,,,**.loRaNodes[*].**initialLoRaCR,4,
General-7-20260518-02:14:43-2751,config,,,**.loRaNodes[*].numApps,1,
General-7-20260518-02:14:43-2751,config,,,**.loRaNodes[*].app[0].typename,SimpleLoRaApp,
General-7-20260518-02:14:43-2751,config,,,**.LoRaGWNic.radio.iAmGateway,true,
General-7-20260518-02:14:43-2751,config,,,**.loRaGW[*].**.initFromDisplayString,false,
General-7-20260518-02:14:43-2751,config,,,**.loRaNodes[*].LoRaNic.radio.energyConsumer.typename,LoRaEnergyConsumer,
General-7-20260518-02:14:43-2751,config,,,**.loRaNodes[*].**.energySourceModule,"""^.IdealEpEnergyStorage""",
General-7-20260518-02:14:43-2751,config,,,**.loRaNodes[*].LoRaNic.radio.energyConsumer.configFile,"xmldoc(""../energyConsumptionParameters.xml"")",
General-7-20260518-02:14:43-2751,config,,,**.sigma,3.57,
General-7-20260518-02:14:43-2751,config,,,**.constraintAreaMinX,0m,
General-7-20260518-02:14:43-2751,config,,,**.constraintAreaMinY,0m,
General-7-20260518-02:14:43-2751,config,,,**.constraintAreaMinZ,0m,
General-7-20260518-02:14:43-2751,config,,,**.constraintAreaMaxZ,0m,
General-7-20260518-02:14:43-2751,config,,,LoRaNetworkTest.**.radio.separateTransmissionParts,false,
General-7-20260518-02:14:43-2751,config,,,LoRaNetworkTest.**.radio.separateReceptionParts,false,
General-7-20260518-02:14:43-2751,config,,,**.ipv4Delayer.config,"xmldoc(""../cloudDelays.xml"")",
General-7-20260518-02:14:43-2751,config,,,**.radio.radioMediumModule,"""LoRaMedium""",
General-7-20260518-02:14:43-2751,config,,,**.LoRaMedium.pathLossType,"""LoRaLogNormalShadowing""",
General-7-20260518-02:14:43-2751,config,,,**.minInterferenceTime,0s,
General-7-20260518-02:14:43-2751,config,,,**.displayAddresses,false,
General-7-20260518-02:14:43-2751,config,,,**.numberOfNodes,6,
General-7-20260518-02:14:43-2751,config,,,**.numberOfGateways,1,
General-7-20260518-02:14:43-2751,config,,,**.constraintAreaMaxX,2376.0m,
General-7-20260518-02:14:43-2751,config,,,**.constraintAreaMaxY,1090.0m,
General-7-20260518-02:14:43-2751,config,,,**.loRaGW[0].**.initialX,544.00m,
General-7-20260518-02:14:43-2751,config,,,**.loRaGW[0].**.initialY,544.00m,
General-7-20260518-02:14:43-2751,config,,,output-scalar-file,../results/n100-gw1-s7.ini.sca,
General-7-20260518-02:14:43-2751,config,,,**.loRaNodes[0..1].app[0].sendInterval,1h,
General-7-20260518-02:14:43-2751,config,,,**.loRaNodes[0].**.initialX,510.63m,
General-7-20260518-02:14:43-2751,config,,,**.loRaNodes[0].**.initialY,500.08m,
General-7-20260518-02:14:43-2751,config,,,**.loRaNodes[1].**.initialX,470.29m,
General-7-20260518-02:14:43-2751,config,,,**.loRaNodes[1].**.initialY,520.24m,
General-7-20260518-02:14:43-2751,config,,,**.loRaNodes[2].**.initialX,500.60m,
General-7-20260518-02:14:43-2751,config,,,**.loRaNodes[2].**.initialY,590.25m,
General-7-20260518-02:14:43-2751,config,,,**.loRaNodes[3].**.initialX,535.86m,
General-7-20260518-02:14:43-2751,config,,,**.loRaNodes[3].**.initialY,590.63m,
General-7-20260518-02:14:43-2751,config,,,**.loRaNodes[2..3].app[0].sendInterval,exponential(8760h),
General-7-20260518-02:14:43-2751,config,,,**.loRaNodes[4..5].app[0].sendInterval,exponential(4h),
General-7-20260518-02:14:43-2751,config,,,**.loRaNodes[4].**.initialX,650.85m,
General-7-20260518-02:14:43-2751,config,,,**.loRaNodes[4].**.initialY,510.11m,
General-7-20260518-02:14:43-2751,config,,,**.loRaNodes[5].**.initialX,680.27m,
General-7-20260518-02:14:43-2751,config,,,**.loRaNodes[5].**.initialY,520.84m,
General-7-20260518-02:14:43-2751,config,,,**.loRaNodes[0].**initialLoRaSF,8,
General-7-20260518-02:14:43-2751,config,,,**.loRaNodes[0].**initialLoRaTP,8dBm,
General-7-20260518-02:14:43-2751,config,,,**.loRaNodes[1].**initialLoRaSF,9,
General-7-20260518-02:14:43-2751,config,,,**.loRaNodes[1].**initialLoRaTP,8dBm,
General-7-20260518-02:14:43-2751,config,,,**.loRaNodes[2].**initialLoRaSF,7,
General-7-20260518-02:14:43-2751,config,,,**.loRaNodes[2].**initialLoRaTP,8dBm,
General-7-20260518-02:14:43-2751,config,,,**.loRaNodes[3].**initialLoRaSF,7,
General-7-20260518-02:14:43-2751,config,,,**.loRaNodes[3].**initialLoRaTP,2dBm,
General-7-20260518-02:14:43-2751,config,,,**.loRaNodes[4].**initialLoRaSF,8,
General-7-20260518-02:14:43-2751,config,,,**.loRaNodes[4].**initialLoRaTP,8dBm,
General-7-20260518-02:14:43-2751,config,,,**.loRaNodes[5].**initialLoRaSF,7,
General-7-20260518-02:14:43-2751,config,,,**.loRaNodes[5].**initialLoRaTP,2dBm,
General-7-20260518-02:14:43-2751,config,,,**.vector-recording,false,
General-7-20260518-02:14:43-2751,config,,,**.loRaGW[*].packetForwarder.highQueueLength.vector-recording,true,
General-7-20260518-02:14:43-2751,config,,,**.loRaGW[*].packetForwarder.lowQueueLength.vector-recording,true,
General-7-20260518-02:14:43-2751,config,,,**.networkServer.app[0].delaySignal.vector-recording,true,
General-7-20260518-02:14:43-2751,config,,,**.loRaNodes[*].app[0].packetsSent:scalar,true,
General-7-20260518-02:14:43-2751,config,,,**.networkServer.app[0].totalReceivedPackets:scalar,true,
General-7-20260518-02:14:43-2751,config,,,**.loRaGW[*].**.packetDropRate:scalar,true,
General-1-20260518-01:51:15-2706,runattr,,,configname,General,
General-1-20260518-01:51:15-2706,runattr,,,datetime,20260518-01:51:15,
General-1-20260518-01:51:15-2706,runattr,,,datetimef,20260518-015115,
General-1-20260518-01:51:15-2706,runattr,,,experiment,General,
General-1-20260518-01:51:15-2706,runattr,,,inifile,n100-gw1.ini,
General-1-20260518-01:51:15-2706,runattr,,,iterationvars,"$0=""avg""",
General-1-20260518-01:51:15-2706,runattr,,,iterationvarsd,avg,
General-1-20260518-01:51:15-2706,runattr,,,iterationvarsf,avg-,
General-1-20260518-01:51:15-2706,runattr,,,measurement,"$0=""avg""",
General-1-20260518-01:51:15-2706,runattr,,,network,flora.simulations.LoRaNetworkTest,
General-1-20260518-01:51:15-2706,runattr,,,processid,2706,
General-1-20260518-01:51:15-2706,runattr,,,repetition,1,
General-1-20260518-01:51:15-2706,runattr,,,replication,#1,
General-1-20260518-01:51:15-2706,runattr,,,resultdir,results,
General-1-20260518-01:51:15-2706,runattr,,,runnumber,1,
General-1-20260518-01:51:15-2706,runattr,,,seedset,1,
General-1-20260518-01:51:15-2706,config,,,image-path,../../../inet4.4/images,
General-1-20260518-01:51:15-2706,config,,,network,flora.simulations.LoRaNetworkTest,
General-1-20260518-01:51:15-2706,config,,,output-vector-file,../results/n100-gw1-s1.ini.vec,
General-1-20260518-01:51:15-2706,config,,,**.maxTransmissionDuration,4s,
General-1-20260518-01:51:15-2706,config,,,**.energyDetection,-110dBm,
General-1-20260518-01:51:15-2706,config,,,**.vector-recording,true,
General-1-20260518-01:51:15-2706,config,,,rng-class,cMersenneTwister,
General-1-20260518-01:51:15-2706,config,,,**.loRaGW[*].numUdpApps,1,
General-1-20260518-01:51:15-2706,config,,,**.loRaGW[0].packetForwarder.localPort,2000,
General-1-20260518-01:51:15-2706,config,,,**.loRaGW[0].packetForwarder.destPort,1000,
General-1-20260518-01:51:15-2706,config,,,**.loRaGW[0].packetForwarder.destAddresses,"""networkServer""",
General-1-20260518-01:51:15-2706,config,,,**.loRaGW[0].packetForwarder.indexNumber,0,
General-1-20260518-01:51:15-2706,config,,,**.networkServer.numApps,1,
General-1-20260518-01:51:15-2706,config,,,**.networkServer.**.evaluateADRinServer,true,
General-1-20260518-01:51:15-2706,config,,,**.networkServer.app[0].typename,NetworkServerApp,
General-1-20260518-01:51:15-2706,config,,,**.networkServer.app[0].destAddresses,"""loRaGW[0]""",
General-1-20260518-01:51:15-2706,config,,,**.networkServer.app[0].destPort,2000,
General-1-20260518-01:51:15-2706,config,,,**.networkServer.app[0].localPort,1000,
General-1-20260518-01:51:15-2706,config,,,**.networkServer.app[0].adrMethod,"""avg""",
General-1-20260518-01:51:15-2706,config,,,**.numberOfPacketsToSend,0,
General-1-20260518-01:51:15-2706,config,,,sim-time-limit,3d,
General-1-20260518-01:51:15-2706,config,,,warmup-period,2h,
General-1-20260518-01:51:15-2706,config,,,simtime-resolution,-11,
General-1-20260518-01:51:15-2706,config,,,repeat,20,
General-1-20260518-01:51:15-2706,config,,,**.loRaNodes[0].app[0].timeToFirstPacket,12h 50ms,
General-1-20260518-01:51:15-2706,config,,,**.loRaNodes[0].app[0].timeToNextPacket,1h,
General-1-20260518-01:51:15-2706,config,,,**.loRaNodes[1].app[0].timeToFirstPacket,"uniform(4h, 5h)",
General-1-20260518-01:51:15-2706,config,,,**.loRaNodes[1].app[0].timeToNextPacket,1h,
General-1-20260518-01:51:15-2706,config,,,**.loRaNodes[2].app[0].timeToFirstPacket,12h,
General-1-20260518-01:51:15-2706,config,,,**.loRaNodes[3].app[0].timeToFirstPacket,12h 100ms,
General-1-20260518-01:51:15-2706,config,,,**.loRaNodes[4].app[0].timeToFirstPacket,12h 200ms,
General-1-20260518-01:51:15-2706,config,,,**.loRaNodes[5].app[0].timeToFirstPacket,12h 300ms,
General-1-20260518-01:51:15-2706,config,,,**.loRaNodes[{2..5}].app[0].timeToNextPacket,24h,
General-1-20260518-01:51:15-2706,config,,,**.alohaChannelModel,false,
General-1-20260518-01:51:15-2706,config,,,**.loRaNodes[*].**.initFromDisplayString,false,
General-1-20260518-01:51:15-2706,config,,,**.loRaNodes[*].**.evaluateADRinNode,true,
General-1-20260518-01:51:15-2706,config,,,**.loRaNodes[*].**initialLoRaBW,125 kHz,
General-1-20260518-01:51:15-2706,config,,,**.loRaNodes[*].**initialLoRaCR,4,
General-1-20260518-01:51:15-2706,config,,,**.loRaNodes[*].numApps,1,
General-1-20260518-01:51:15-2706,config,,,**.loRaNodes[*].app[0].typename,SimpleLoRaApp,
General-1-20260518-01:51:15-2706,config,,,**.LoRaGWNic.radio.iAmGateway,true,
General-1-20260518-01:51:15-2706,config,,,**.loRaGW[*].**.initFromDisplayString,false,
General-1-20260518-01:51:15-2706,config,,,**.loRaNodes[*].LoRaNic.radio.energyConsumer.typename,LoRaEnergyConsumer,
General-1-20260518-01:51:15-2706,config,,,**.loRaNodes[*].**.energySourceModule,"""^.IdealEpEnergyStorage""",
General-1-20260518-01:51:15-2706,config,,,**.loRaNodes[*].LoRaNic.radio.energyConsumer.configFile,"xmldoc(""../energyConsumptionParameters.xml"")",
General-1-20260518-01:51:15-2706,config,,,**.sigma,3.57,
General-1-20260518-01:51:15-2706,config,,,**.constraintAreaMinX,0m,
General-1-20260518-01:51:15-2706,config,,,**.constraintAreaMinY,0m,
General-1-20260518-01:51:15-2706,config,,,**.constraintAreaMinZ,0m,
General-1-20260518-01:51:15-2706,config,,,**.constraintAreaMaxZ,0m,
General-1-20260518-01:51:15-2706,config,,,LoRaNetworkTest.**.radio.separateTransmissionParts,false,
General-1-20260518-01:51:15-2706,config,,,LoRaNetworkTest.**.radio.separateReceptionParts,false,
General-1-20260518-01:51:15-2706,config,,,**.ipv4Delayer.config,"xmldoc(""../cloudDelays.xml"")",
General-1-20260518-01:51:15-2706,config,,,**.radio.radioMediumModule,"""LoRaMedium""",
General-1-20260518-01:51:15-2706,config,,,**.LoRaMedium.pathLossType,"""LoRaLogNormalShadowing""",
General-1-20260518-01:51:15-2706,config,,,**.minInterferenceTime,0s,
General-1-20260518-01:51:15-2706,config,,,**.displayAddresses,false,
General-1-20260518-01:51:15-2706,config,,,**.numberOfNodes,6,
General-1-20260518-01:51:15-2706,config,,,**.numberOfGateways,1,
General-1-20260518-01:51:15-2706,config,,,**.constraintAreaMaxX,2376.0m,
General-1-20260518-01:51:15-2706,config,,,**.constraintAreaMaxY,1090.0m,
General-1-20260518-01:51:15-2706,config,,,**.loRaGW[0].**.initialX,544.00m,
General-1-20260518-01:51:15-2706,config,,,**.loRaGW[0].**.initialY,544.00m,
General-1-20260518-01:51:15-2706,config,,,output-scalar-file,../results/n100-gw1-s1.ini.sca,
General-1-20260518-01:51:15-2706,config,,,**.loRaNodes[0..1].app[0].sendInterval,1h,
General-1-20260518-01:51:15-2706,config,,,**.loRaNodes[0].**.initialX,510.63m,
General-1-20260518-01:51:15-2706,config,,,**.loRaNodes[0].**.initialY,500.08m,
General-1-20260518-01:51:15-2706,config,,,**.loRaNodes[1].**.initialX,470.29m,
General-1-20260518-01:51:15-2706,config,,,**.loRaNodes[1].**.initialY,520.24m,
General-1-20260518-01:51:15-2706,config,,,**.loRaNodes[2].**.initialX,500.60m,
General-1-20260518-01:51:15-2706,config,,,**.loRaNodes[2].**.initialY,590.25m,
General-1-20260518-01:51:15-2706,config,,,**.loRaNodes[3].**.initialX,535.86m,
General-1-20260518-01:51:15-2706,config,,,**.loRaNodes[3].**.initialY,590.63m,
General-1-20260518-01:51:15-2706,config,,,**.loRaNodes[2..3].app[0].sendInterval,exponential(8760h),
General-1-20260518-01:51:15-2706,config,,,**.loRaNodes[4..5].app[0].sendInterval,exponential(4h),
General-1-20260518-01:51:15-2706,config,,,**.loRaNodes[4].**.initialX,650.85m,
General-1-20260518-01:51:15-2706,config,,,**.loRaNodes[4].**.initialY,510.11m,
General-1-20260518-01:51:15-2706,config,,,**.loRaNodes[5].**.initialX,680.27m,
General-1-20260518-01:51:15-2706,config,,,**.loRaNodes[5].**.initialY,520.84m,
General-1-20260518-01:51:15-2706,config,,,**.loRaNodes[0].**initialLoRaSF,8,
General-1-20260518-01:51:15-2706,config,,,**.loRaNodes[0].**initialLoRaTP,8dBm,
General-1-20260518-01:51:15-2706,config,,,**.loRaNodes[1].**initialLoRaSF,9,
General-1-20260518-01:51:15-2706,config,,,**.loRaNodes[1].**initialLoRaTP,8dBm,
General-1-20260518-01:51:15-2706,config,,,**.loRaNodes[2].**initialLoRaSF,7,
General-1-20260518-01:51:15-2706,config,,,**.loRaNodes[2].**initialLoRaTP,8dBm,
General-1-20260518-01:51:15-2706,config,,,**.loRaNodes[3].**initialLoRaSF,7,
General-1-20260518-01:51:15-2706,config,,,**.loRaNodes[3].**initialLoRaTP,2dBm,
General-1-20260518-01:51:15-2706,config,,,**.loRaNodes[4].**initialLoRaSF,8,
General-1-20260518-01:51:15-2706,config,,,**.loRaNodes[4].**initialLoRaTP,8dBm,
General-1-20260518-01:51:15-2706,config,,,**.loRaNodes[5].**initialLoRaSF,7,
General-1-20260518-01:51:15-2706,config,,,**.loRaNodes[5].**initialLoRaTP,2dBm,
General-1-20260518-01:51:15-2706,config,,,**.vector-recording,false,
General-1-20260518-01:51:15-2706,config,,,**.loRaGW[*].packetForwarder.highQueueLength.vector-recording,true,
General-1-20260518-01:51:15-2706,config,,,**.loRaGW[*].packetForwarder.lowQueueLength.vector-recording,true,
General-1-20260518-01:51:15-2706,config,,,**.networkServer.app[0].delaySignal.vector-recording,true,
General-1-20260518-01:51:15-2706,config,,,**.loRaNodes[*].app[0].packetsSent:scalar,true,
General-1-20260518-01:51:15-2706,config,,,**.networkServer.app[0].totalReceivedPackets:scalar,true,
General-1-20260518-01:51:15-2706,config,,,**.loRaGW[*].**.packetDropRate:scalar,true,
General-10-20260518-02:26:30-2790,runattr,,,configname,General,
General-10-20260518-02:26:30-2790,runattr,,,datetime,20260518-02:26:30,
General-10-20260518-02:26:30-2790,runattr,,,datetimef,20260518-022630,
General-10-20260518-02:26:30-2790,runattr,,,experiment,General,
General-10-20260518-02:26:30-2790,runattr,,,inifile,n100-gw1.ini,
General-10-20260518-02:26:30-2790,runattr,,,iterationvars,"$0=""avg""",
General-10-20260518-02:26:30-2790,runattr,,,iterationvarsd,avg,
General-10-20260518-02:26:30-2790,runattr,,,iterationvarsf,avg-,
General-10-20260518-02:26:30-2790,runattr,,,measurement,"$0=""avg""",
General-10-20260518-02:26:30-2790,runattr,,,network,flora.simulations.LoRaNetworkTest,
General-10-20260518-02:26:30-2790,runattr,,,processid,2790,
General-10-20260518-02:26:30-2790,runattr,,,repetition,10,
General-10-20260518-02:26:30-2790,runattr,,,replication,#10,
General-10-20260518-02:26:30-2790,runattr,,,resultdir,results,
General-10-20260518-02:26:30-2790,runattr,,,runnumber,10,
General-10-20260518-02:26:30-2790,runattr,,,seedset,10,
General-10-20260518-02:26:30-2790,config,,,image-path,../../../inet4.4/images,
General-10-20260518-02:26:30-2790,config,,,network,flora.simulations.LoRaNetworkTest,
General-10-20260518-02:26:30-2790,config,,,output-vector-file,../results/n100-gw1-s10.ini.vec,
General-10-20260518-02:26:30-2790,config,,,**.maxTransmissionDuration,4s,
General-10-20260518-02:26:30-2790,config,,,**.energyDetection,-110dBm,
General-10-20260518-02:26:30-2790,config,,,**.vector-recording,true,
General-10-20260518-02:26:30-2790,config,,,rng-class,cMersenneTwister,
General-10-20260518-02:26:30-2790,config,,,**.loRaGW[*].numUdpApps,1,
General-10-20260518-02:26:30-2790,config,,,**.loRaGW[0].packetForwarder.localPort,2000,
General-10-20260518-02:26:30-2790,config,,,**.loRaGW[0].packetForwarder.destPort,1000,
General-10-20260518-02:26:30-2790,config,,,**.loRaGW[0].packetForwarder.destAddresses,"""networkServer""",
General-10-20260518-02:26:30-2790,config,,,**.loRaGW[0].packetForwarder.indexNumber,0,
General-10-20260518-02:26:30-2790,config,,,**.networkServer.numApps,1,
General-10-20260518-02:26:30-2790,config,,,**.networkServer.**.evaluateADRinServer,true,
General-10-20260518-02:26:30-2790,config,,,**.networkServer.app[0].typename,NetworkServerApp,
General-10-20260518-02:26:30-2790,config,,,**.networkServer.app[0].destAddresses,"""loRaGW[0]""",
General-10-20260518-02:26:30-2790,config,,,**.networkServer.app[0].destPort,2000,
General-10-20260518-02:26:30-2790,config,,,**.networkServer.app[0].localPort,1000,
General-10-20260518-02:26:30-2790,config,,,**.networkServer.app[0].adrMethod,"""avg""",
General-10-20260518-02:26:30-2790,config,,,**.numberOfPacketsToSend,0,
General-10-20260518-02:26:30-2790,config,,,sim-time-limit,3d,
General-10-20260518-02:26:30-2790,config,,,warmup-period,2h,
General-10-20260518-02:26:30-2790,config,,,simtime-resolution,-11,
General-10-20260518-02:26:30-2790,config,,,repeat,20,
General-10-20260518-02:26:30-2790,config,,,**.loRaNodes[0].app[0].timeToFirstPacket,12h 50ms,
General-10-20260518-02:26:30-2790,config,,,**.loRaNodes[0].app[0].timeToNextPacket,1h,
General-10-20260518-02:26:30-2790,config,,,**.loRaNodes[1].app[0].timeToFirstPacket,"uniform(4h, 5h)",
General-10-20260518-02:26:30-2790,config,,,**.loRaNodes[1].app[0].timeToNextPacket,1h,
General-10-20260518-02:26:30-2790,config,,,**.loRaNodes[2].app[0].timeToFirstPacket,12h,
General-10-20260518-02:26:30-2790,config,,,**.loRaNodes[3].app[0].timeToFirstPacket,12h 100ms,
General-10-20260518-02:26:30-2790,config,,,**.loRaNodes[4].app[0].timeToFirstPacket,12h 200ms,
General-10-20260518-02:26:30-2790,config,,,**.loRaNodes[5].app[0].timeToFirstPacket,12h 300ms,
General-10-20260518-02:26:30-2790,config,,,**.loRaNodes[{2..5}].app[0].timeToNextPacket,24h,
General-10-20260518-02:26:30-2790,config,,,**.alohaChannelModel,false,
General-10-20260518-02:26:30-2790,config,,,**.loRaNodes[*].**.initFromDisplayString,false,
General-10-20260518-02:26:30-2790,config,,,**.loRaNodes[*].**.evaluateADRinNode,true,
General-10-20260518-02:26:30-2790,config,,,**.loRaNodes[*].**initialLoRaBW,125 kHz,
General-10-20260518-02:26:30-2790,config,,,**.loRaNodes[*].**initialLoRaCR,4,
General-10-20260518-02:26:30-2790,config,,,**.loRaNodes[*].numApps,1,
General-10-20260518-02:26:30-2790,config,,,**.loRaNodes[*].app[0].typename,SimpleLoRaApp,
General-10-20260518-02:26:30-2790,config,,,**.LoRaGWNic.radio.iAmGateway,true,
General-10-20260518-02:26:30-2790,config,,,**.loRaGW[*].**.initFromDisplayString,false,
General-10-20260518-02:26:30-2790,config,,,**.loRaNodes[*].LoRaNic.radio.energyConsumer.typename,LoRaEnergyConsumer,
General-10-20260518-02:26:30-2790,config,,,**.loRaNodes[*].**.energySourceModule,"""^.IdealEpEnergyStorage""",
General-10-20260518-02:26:30-2790,config,,,**.loRaNodes[*].LoRaNic.radio.energyConsumer.configFile,"xmldoc(""../energyConsumptionParameters.xml"")",
General-10-20260518-02:26:30-2790,config,,,**.sigma,3.57,
General-10-20260518-02:26:30-2790,config,,,**.constraintAreaMinX,0m,
General-10-20260518-02:26:30-2790,config,,,**.constraintAreaMinY,0m,
General-10-20260518-02:26:30-2790,config,,,**.constraintAreaMinZ,0m,
General-10-20260518-02:26:30-2790,config,,,**.constraintAreaMaxZ,0m,
General-10-20260518-02:26:30-2790,config,,,LoRaNetworkTest.**.radio.separateTransmissionParts,false,
General-10-20260518-02:26:30-2790,config,,,LoRaNetworkTest.**.radio.separateReceptionParts,false,
General-10-20260518-02:26:30-2790,config,,,**.ipv4Delayer.config,"xmldoc(""../cloudDelays.xml"")",
General-10-20260518-02:26:30-2790,config,,,**.radio.radioMediumModule,"""LoRaMedium""",
General-10-20260518-02:26:30-2790,config,,,**.LoRaMedium.pathLossType,"""LoRaLogNormalShadowing""",
General-10-20260518-02:26:30-2790,config,,,**.minInterferenceTime,0s,
General-10-20260518-02:26:30-2790,config,,,**.displayAddresses,false,
General-10-20260518-02:26:30-2790,config,,,**.numberOfNodes,6,
General-10-20260518-02:26:30-2790,config,,,**.numberOfGateways,1,
General-10-20260518-02:26:30-2790,config,,,**.constraintAreaMaxX,2376.0m,
General-10-20260518-02:26:30-2790,config,,,**.constraintAreaMaxY,1090.0m,
General-10-20260518-02:26:30-2790,config,,,**.loRaGW[0].**.initialX,544.00m,
General-10-20260518-02:26:30-2790,config,,,**.loRaGW[0].**.initialY,544.00m,
General-10-20260518-02:26:30-2790,config,,,output-scalar-file,../results/n100-gw1-s10.ini.sca,
General-10-20260518-02:26:30-2790,config,,,**.loRaNodes[0..1].app[0].sendInterval,1h,
General-10-20260518-02:26:30-2790,config,,,**.loRaNodes[0].**.initialX,510.63m,
General-10-20260518-02:26:30-2790,config,,,**.loRaNodes[0].**.initialY,500.08m,
General-10-20260518-02:26:30-2790,config,,,**.loRaNodes[1].**.initialX,470.29m,
General-10-20260518-02:26:30-2790,config,,,**.loRaNodes[1].**.initialY,520.24m,
General-10-20260518-02:26:30-2790,config,,,**.loRaNodes[2].**.initialX,500.60m,
General-10-20260518-02:26:30-2790,config,,,**.loRaNodes[2].**.initialY,590.25m,
General-10-20260518-02:26:30-2790,config,,,**.loRaNodes[3].**.initialX,535.86m,
General-10-20260518-02:26:30-2790,config,,,**.loRaNodes[3].**.initialY,590.63m,
General-10-20260518-02:26:30-2790,config,,,**.loRaNodes[2..3].app[0].sendInterval,exponential(8760h),
General-10-20260518-02:26:30-2790,config,,,**.loRaNodes[4..5].app[0].sendInterval,exponential(4h),
General-10-20260518-02:26:30-2790,config,,,**.loRaNodes[4].**.initialX,650.85m,
General-10-20260518-02:26:30-2790,config,,,**.loRaNodes[4].**.initialY,510.11m,
General-10-20260518-02:26:30-2790,config,,,**.loRaNodes[5].**.initialX,680.27m,
General-10-20260518-02:26:30-2790,config,,,**.loRaNodes[5].**.initialY,520.84m,
General-10-20260518-02:26:30-2790,config,,,**.loRaNodes[0].**initialLoRaSF,8,
General-10-20260518-02:26:30-2790,config,,,**.loRaNodes[0].**initialLoRaTP,8dBm,
General-10-20260518-02:26:30-2790,config,,,**.loRaNodes[1].**initialLoRaSF,9,
General-10-20260518-02:26:30-2790,config,,,**.loRaNodes[1].**initialLoRaTP,8dBm,
General-10-20260518-02:26:30-2790,config,,,**.loRaNodes[2].**initialLoRaSF,7,
General-10-20260518-02:26:30-2790,config,,,**.loRaNodes[2].**initialLoRaTP,8dBm,
General-10-20260518-02:26:30-2790,config,,,**.loRaNodes[3].**initialLoRaSF,7,
General-10-20260518-02:26:30-2790,config,,,**.loRaNodes[3].**initialLoRaTP,2dBm,
General-10-20260518-02:26:30-2790,config,,,**.loRaNodes[4].**initialLoRaSF,8,
General-10-20260518-02:26:30-2790,config,,,**.loRaNodes[4].**initialLoRaTP,8dBm,
General-10-20260518-02:26:30-2790,config,,,**.loRaNodes[5].**initialLoRaSF,7,
General-10-20260518-02:26:30-2790,config,,,**.loRaNodes[5].**initialLoRaTP,2dBm,
General-10-20260518-02:26:30-2790,config,,,**.vector-recording,false,
General-10-20260518-02:26:30-2790,config,,,**.loRaGW[*].packetForwarder.highQueueLength.vector-recording,true,
General-10-20260518-02:26:30-2790,config,,,**.loRaGW[*].packetForwarder.lowQueueLength.vector-recording,true,
General-10-20260518-02:26:30-2790,config,,,**.networkServer.app[0].delaySignal.vector-recording,true,
General-10-20260518-02:26:30-2790,config,,,**.loRaNodes[*].app[0].packetsSent:scalar,true,
General-10-20260518-02:26:30-2790,config,,,**.networkServer.app[0].totalReceivedPackets:scalar,true,
General-10-20260518-02:26:30-2790,config,,,**.loRaGW[*].**.packetDropRate:scalar,true,
General-13-20260518-02:37:59-2814,runattr,,,configname,General,
General-13-20260518-02:37:59-2814,runattr,,,datetime,20260518-02:37:59,
General-13-20260518-02:37:59-2814,runattr,,,datetimef,20260518-023759,
General-13-20260518-02:37:59-2814,runattr,,,experiment,General,
General-13-20260518-02:37:59-2814,runattr,,,inifile,n100-gw1.ini,
General-13-20260518-02:37:59-2814,runattr,,,iterationvars,"$0=""avg""",
General-13-20260518-02:37:59-2814,runattr,,,iterationvarsd,avg,
General-13-20260518-02:37:59-2814,runattr,,,iterationvarsf,avg-,
General-13-20260518-02:37:59-2814,runattr,,,measurement,"$0=""avg""",
General-13-20260518-02:37:59-2814,runattr,,,network,flora.simulations.LoRaNetworkTest,
General-13-20260518-02:37:59-2814,runattr,,,processid,2814,
General-13-20260518-02:37:59-2814,runattr,,,repetition,13,
General-13-20260518-02:37:59-2814,runattr,,,replication,#13,
General-13-20260518-02:37:59-2814,runattr,,,resultdir,results,
General-13-20260518-02:37:59-2814,runattr,,,runnumber,13,
General-13-20260518-02:37:59-2814,runattr,,,seedset,13,
General-13-20260518-02:37:59-2814,config,,,image-path,../../../inet4.4/images,
General-13-20260518-02:37:59-2814,config,,,network,flora.simulations.LoRaNetworkTest,
General-13-20260518-02:37:59-2814,config,,,output-vector-file,../results/n100-gw1-s13.ini.vec,
General-13-20260518-02:37:59-2814,config,,,**.maxTransmissionDuration,4s,
General-13-20260518-02:37:59-2814,config,,,**.energyDetection,-110dBm,
General-13-20260518-02:37:59-2814,config,,,**.vector-recording,true,
General-13-20260518-02:37:59-2814,config,,,rng-class,cMersenneTwister,
General-13-20260518-02:37:59-2814,config,,,**.loRaGW[*].numUdpApps,1,
General-13-20260518-02:37:59-2814,config,,,**.loRaGW[0].packetForwarder.localPort,2000,
General-13-20260518-02:37:59-2814,config,,,**.loRaGW[0].packetForwarder.destPort,1000,
General-13-20260518-02:37:59-2814,config,,,**.loRaGW[0].packetForwarder.destAddresses,"""networkServer""",
General-13-20260518-02:37:59-2814,config,,,**.loRaGW[0].packetForwarder.indexNumber,0,
General-13-20260518-02:37:59-2814,config,,,**.networkServer.numApps,1,
General-13-20260518-02:37:59-2814,config,,,**.networkServer.**.evaluateADRinServer,true,
General-13-20260518-02:37:59-2814,config,,,**.networkServer.app[0].typename,NetworkServerApp,
General-13-20260518-02:37:59-2814,config,,,**.networkServer.app[0].destAddresses,"""loRaGW[0]""",
General-13-20260518-02:37:59-2814,config,,,**.networkServer.app[0].destPort,2000,
General-13-20260518-02:37:59-2814,config,,,**.networkServer.app[0].localPort,1000,
General-13-20260518-02:37:59-2814,config,,,**.networkServer.app[0].adrMethod,"""avg""",
General-13-20260518-02:37:59-2814,config,,,**.numberOfPacketsToSend,0,
General-13-20260518-02:37:59-2814,config,,,sim-time-limit,3d,
General-13-20260518-02:37:59-2814,config,,,warmup-period,2h,
General-13-20260518-02:37:59-2814,config,,,simtime-resolution,-11,
General-13-20260518-02:37:59-2814,config,,,repeat,20,
General-13-20260518-02:37:59-2814,config,,,**.loRaNodes[0].app[0].timeToFirstPacket,12h 50ms,
General-13-20260518-02:37:59-2814,config,,,**.loRaNodes[0].app[0].timeToNextPacket,1h,
General-13-20260518-02:37:59-2814,config,,,**.loRaNodes[1].app[0].timeToFirstPacket,"uniform(4h, 5h)",
General-13-20260518-02:37:59-2814,config,,,**.loRaNodes[1].app[0].timeToNextPacket,1h,
General-13-20260518-02:37:59-2814,config,,,**.loRaNodes[2].app[0].timeToFirstPacket,12h,
General-13-20260518-02:37:59-2814,config,,,**.loRaNodes[3].app[0].timeToFirstPacket,12h 100ms,
General-13-20260518-02:37:59-2814,config,,,**.loRaNodes[4].app[0].timeToFirstPacket,12h 200ms,
General-13-20260518-02:37:59-2814,config,,,**.loRaNodes[5].app[0].timeToFirstPacket,12h 300ms,
General-13-20260518-02:37:59-2814,config,,,**.loRaNodes[{2..5}].app[0].timeToNextPacket,24h,
General-13-20260518-02:37:59-2814,config,,,**.alohaChannelModel,false,
General-13-20260518-02:37:59-2814,config,,,**.loRaNodes[*].**.initFromDisplayString,false,
General-13-20260518-02:37:59-2814,config,,,**.loRaNodes[*].**.evaluateADRinNode,true,
General-13-20260518-02:37:59-2814,config,,,**.loRaNodes[*].**initialLoRaBW,125 kHz,
General-13-20260518-02:37:59-2814,config,,,**.loRaNodes[*].**initialLoRaCR,4,
General-13-20260518-02:37:59-2814,config,,,**.loRaNodes[*].numApps,1,
General-13-20260518-02:37:59-2814,config,,,**.loRaNodes[*].app[0].typename,SimpleLoRaApp,
General-13-20260518-02:37:59-2814,config,,,**.LoRaGWNic.radio.iAmGateway,true,
General-13-20260518-02:37:59-2814,config,,,**.loRaGW[*].**.initFromDisplayString,false,
General-13-20260518-02:37:59-2814,config,,,**.loRaNodes[*].LoRaNic.radio.energyConsumer.typename,LoRaEnergyConsumer,
General-13-20260518-02:37:59-2814,config,,,**.loRaNodes[*].**.energySourceModule,"""^.IdealEpEnergyStorage""",
General-13-20260518-02:37:59-2814,config,,,**.loRaNodes[*].LoRaNic.radio.energyConsumer.configFile,"xmldoc(""../energyConsumptionParameters.xml"")",
General-13-20260518-02:37:59-2814,config,,,**.sigma,3.57,
General-13-20260518-02:37:59-2814,config,,,**.constraintAreaMinX,0m,
General-13-20260518-02:37:59-2814,config,,,**.constraintAreaMinY,0m,
General-13-20260518-02:37:59-2814,config,,,**.constraintAreaMinZ,0m,
General-13-20260518-02:37:59-2814,config,,,**.constraintAreaMaxZ,0m,
General-13-20260518-02:37:59-2814,config,,,LoRaNetworkTest.**.radio.separateTransmissionParts,false,
General-13-20260518-02:37:59-2814,config,,,LoRaNetworkTest.**.radio.separateReceptionParts,false,
General-13-20260518-02:37:59-2814,config,,,**.ipv4Delayer.config,"xmldoc(""../cloudDelays.xml"")",
General-13-20260518-02:37:59-2814,config,,,**.radio.radioMediumModule,"""LoRaMedium""",
General-13-20260518-02:37:59-2814,config,,,**.LoRaMedium.pathLossType,"""LoRaLogNormalShadowing""",
General-13-20260518-02:37:59-2814,config,,,**.minInterferenceTime,0s,
General-13-20260518-02:37:59-2814,config,,,**.displayAddresses,false,
General-13-20260518-02:37:59-2814,config,,,**.numberOfNodes,6,
General-13-20260518-02:37:59-2814,config,,,**.numberOfGateways,1,
General-13-20260518-02:37:59-2814,config,,,**.constraintAreaMaxX,2376.0m,
General-13-20260518-02:37:59-2814,config,,,**.constraintAreaMaxY,1090.0m,
General-13-20260518-02:37:59-2814,config,,,**.loRaGW[0].**.initialX,544.00m,
General-13-20260518-02:37:59-2814,config,,,**.loRaGW[0].**.initialY,544.00m,
General-13-20260518-02:37:59-2814,config,,,output-scalar-file,../results/n100-gw1-s13.ini.sca,
General-13-20260518-02:37:59-2814,config,,,**.loRaNodes[0..1].app[0].sendInterval,1h,
General-13-20260518-02:37:59-2814,config,,,**.loRaNodes[0].**.initialX,510.63m,
General-13-20260518-02:37:59-2814,config,,,**.loRaNodes[0].**.initialY,500.08m,
General-13-20260518-02:37:59-2814,config,,,**.loRaNodes[1].**.initialX,470.29m,
General-13-20260518-02:37:59-2814,config,,,**.loRaNodes[1].**.initialY,520.24m,
General-13-20260518-02:37:59-2814,config,,,**.loRaNodes[2].**.initialX,500.60m,
General-13-20260518-02:37:59-2814,config,,,**.loRaNodes[2].**.initialY,590.25m,
General-13-20260518-02:37:59-2814,config,,,**.loRaNodes[3].**.initialX,535.86m,
General-13-20260518-02:37:59-2814,config,,,**.loRaNodes[3].**.initialY,590.63m,
General-13-20260518-02:37:59-2814,config,,,**.loRaNodes[2..3].app[0].sendInterval,exponential(8760h),
General-13-20260518-02:37:59-2814,config,,,**.loRaNodes[4..5].app[0].sendInterval,exponential(4h),
General-13-20260518-02:37:59-2814,config,,,**.loRaNodes[4].**.initialX,650.85m,
General-13-20260518-02:37:59-2814,config,,,**.loRaNodes[4].**.initialY,510.11m,
General-13-20260518-02:37:59-2814,config,,,**.loRaNodes[5].**.initialX,680.27m,
General-13-20260518-02:37:59-2814,config,,,**.loRaNodes[5].**.initialY,520.84m,
General-13-20260518-02:37:59-2814,config,,,**.loRaNodes[0].**initialLoRaSF,8,
General-13-20260518-02:37:59-2814,config,,,**.loRaNodes[0].**initialLoRaTP,8dBm,
General-13-20260518-02:37:59-2814,config,,,**.loRaNodes[1].**initialLoRaSF,9,
General-13-20260518-02:37:59-2814,config,,,**.loRaNodes[1].**initialLoRaTP,8dBm,
General-13-20260518-02:37:59-2814,config,,,**.loRaNodes[2].**initialLoRaSF,7,
General-13-20260518-02:37:59-2814,config,,,**.loRaNodes[2].**initialLoRaTP,8dBm,
General-13-20260518-02:37:59-2814,config,,,**.loRaNodes[3].**initialLoRaSF,7,
General-13-20260518-02:37:59-2814,config,,,**.loRaNodes[3].**initialLoRaTP,2dBm,
General-13-20260518-02:37:59-2814,config,,,**.loRaNodes[4].**initialLoRaSF,8,
General-13-20260518-02:37:59-2814,config,,,**.loRaNodes[4].**initialLoRaTP,8dBm,
General-13-20260518-02:37:59-2814,config,,,**.loRaNodes[5].**initialLoRaSF,7,
General-13-20260518-02:37:59-2814,config,,,**.loRaNodes[5].**initialLoRaTP,2dBm,
General-13-20260518-02:37:59-2814,config,,,**.vector-recording,false,
General-13-20260518-02:37:59-2814,config,,,**.loRaGW[*].packetForwarder.highQueueLength.vector-recording,true,
General-13-20260518-02:37:59-2814,config,,,**.loRaGW[*].packetForwarder.lowQueueLength.vector-recording,true,
General-13-20260518-02:37:59-2814,config,,,**.networkServer.app[0].delaySignal.vector-recording,true,
General-13-20260518-02:37:59-2814,config,,,**.loRaNodes[*].app[0].packetsSent:scalar,true,
General-13-20260518-02:37:59-2814,config,,,**.networkServer.app[0].totalReceivedPackets:scalar,true,
General-13-20260518-02:37:59-2814,config,,,**.loRaGW[*].**.packetDropRate:scalar,true,
General-2-20260518-01:55:11-2713,runattr,,,configname,General,
General-2-20260518-01:55:11-2713,runattr,,,datetime,20260518-01:55:11,
General-2-20260518-01:55:11-2713,runattr,,,datetimef,20260518-015511,
General-2-20260518-01:55:11-2713,runattr,,,experiment,General,
General-2-20260518-01:55:11-2713,runattr,,,inifile,n100-gw1.ini,
General-2-20260518-01:55:11-2713,runattr,,,iterationvars,"$0=""avg""",
General-2-20260518-01:55:11-2713,runattr,,,iterationvarsd,avg,
General-2-20260518-01:55:11-2713,runattr,,,iterationvarsf,avg-,
General-2-20260518-01:55:11-2713,runattr,,,measurement,"$0=""avg""",
General-2-20260518-01:55:11-2713,runattr,,,network,flora.simulations.LoRaNetworkTest,
General-2-20260518-01:55:11-2713,runattr,,,processid,2713,
General-2-20260518-01:55:11-2713,runattr,,,repetition,2,
General-2-20260518-01:55:11-2713,runattr,,,replication,#2,
General-2-20260518-01:55:11-2713,runattr,,,resultdir,results,
General-2-20260518-01:55:11-2713,runattr,,,runnumber,2,
General-2-20260518-01:55:11-2713,runattr,,,seedset,2,
General-2-20260518-01:55:11-2713,config,,,image-path,../../../inet4.4/images,
General-2-20260518-01:55:11-2713,config,,,network,flora.simulations.LoRaNetworkTest,
General-2-20260518-01:55:11-2713,config,,,output-vector-file,../results/n100-gw1-s2.ini.vec,
General-2-20260518-01:55:11-2713,config,,,**.maxTransmissionDuration,4s,
General-2-20260518-01:55:11-2713,config,,,**.energyDetection,-110dBm,
General-2-20260518-01:55:11-2713,config,,,**.vector-recording,true,
General-2-20260518-01:55:11-2713,config,,,rng-class,cMersenneTwister,
General-2-20260518-01:55:11-2713,config,,,**.loRaGW[*].numUdpApps,1,
General-2-20260518-01:55:11-2713,config,,,**.loRaGW[0].packetForwarder.localPort,2000,
General-2-20260518-01:55:11-2713,config,,,**.loRaGW[0].packetForwarder.destPort,1000,
General-2-20260518-01:55:11-2713,config,,,**.loRaGW[0].packetForwarder.destAddresses,"""networkServer""",
General-2-20260518-01:55:11-2713,config,,,**.loRaGW[0].packetForwarder.indexNumber,0,
General-2-20260518-01:55:11-2713,config,,,**.networkServer.numApps,1,
General-2-20260518-01:55:11-2713,config,,,**.networkServer.**.evaluateADRinServer,true,
General-2-20260518-01:55:11-2713,config,,,**.networkServer.app[0].typename,NetworkServerApp,
General-2-20260518-01:55:11-2713,config,,,**.networkServer.app[0].destAddresses,"""loRaGW[0]""",
General-2-20260518-01:55:11-2713,config,,,**.networkServer.app[0].destPort,2000,
General-2-20260518-01:55:11-2713,config,,,**.networkServer.app[0].localPort,1000,
General-2-20260518-01:55:11-2713,config,,,**.networkServer.app[0].adrMethod,"""avg""",
General-2-20260518-01:55:11-2713,config,,,**.numberOfPacketsToSend,0,
General-2-20260518-01:55:11-2713,config,,,sim-time-limit,3d,
General-2-20260518-01:55:11-2713,config,,,warmup-period,2h,
General-2-20260518-01:55:11-2713,config,,,simtime-resolution,-11,
General-2-20260518-01:55:11-2713,config,,,repeat,20,
General-2-20260518-01:55:11-2713,config,,,**.loRaNodes[0].app[0].timeToFirstPacket,12h 50ms,
General-2-20260518-01:55:11-2713,config,,,**.loRaNodes[0].app[0].timeToNextPacket,1h,
General-2-20260518-01:55:11-2713,config,,,**.loRaNodes[1].app[0].timeToFirstPacket,"uniform(4h, 5h)",
General-2-20260518-01:55:11-2713,config,,,**.loRaNodes[1].app[0].timeToNextPacket,1h,
General-2-20260518-01:55:11-2713,config,,,**.loRaNodes[2].app[0].timeToFirstPacket,12h,
General-2-20260518-01:55:11-2713,config,,,**.loRaNodes[3].app[0].timeToFirstPacket,12h 100ms,
General-2-20260518-01:55:11-2713,config,,,**.loRaNodes[4].app[0].timeToFirstPacket,12h 200ms,
General-2-20260518-01:55:11-2713,config,,,**.loRaNodes[5].app[0].timeToFirstPacket,12h 300ms,
General-2-20260518-01:55:11-2713,config,,,**.loRaNodes[{2..5}].app[0].timeToNextPacket,24h,
General-2-20260518-01:55:11-2713,config,,,**.alohaChannelModel,false,
General-2-20260518-01:55:11-2713,config,,,**.loRaNodes[*].**.initFromDisplayString,false,
General-2-20260518-01:55:11-2713,config,,,**.loRaNodes[*].**.evaluateADRinNode,true,
General-2-20260518-01:55:11-2713,config,,,**.loRaNodes[*].**initialLoRaBW,125 kHz,
General-2-20260518-01:55:11-2713,config,,,**.loRaNodes[*].**initialLoRaCR,4,
General-2-20260518-01:55:11-2713,config,,,**.loRaNodes[*].numApps,1,
General-2-20260518-01:55:11-2713,config,,,**.loRaNodes[*].app[0].typename,SimpleLoRaApp,
General-2-20260518-01:55:11-2713,config,,,**.LoRaGWNic.radio.iAmGateway,true,
General-2-20260518-01:55:11-2713,config,,,**.loRaGW[*].**.initFromDisplayString,false,
General-2-20260518-01:55:11-2713,config,,,**.loRaNodes[*].LoRaNic.radio.energyConsumer.typename,LoRaEnergyConsumer,
General-2-20260518-01:55:11-2713,config,,,**.loRaNodes[*].**.energySourceModule,"""^.IdealEpEnergyStorage""",
General-2-20260518-01:55:11-2713,config,,,**.loRaNodes[*].LoRaNic.radio.energyConsumer.configFile,"xmldoc(""../energyConsumptionParameters.xml"")",
General-2-20260518-01:55:11-2713,config,,,**.sigma,3.57,
General-2-20260518-01:55:11-2713,config,,,**.constraintAreaMinX,0m,
General-2-20260518-01:55:11-2713,config,,,**.constraintAreaMinY,0m,
General-2-20260518-01:55:11-2713,config,,,**.constraintAreaMinZ,0m,
General-2-20260518-01:55:11-2713,config,,,**.constraintAreaMaxZ,0m,
General-2-20260518-01:55:11-2713,config,,,LoRaNetworkTest.**.radio.separateTransmissionParts,false,
General-2-20260518-01:55:11-2713,config,,,LoRaNetworkTest.**.radio.separateReceptionParts,false,
General-2-20260518-01:55:11-2713,config,,,**.ipv4Delayer.config,"xmldoc(""../cloudDelays.xml"")",
General-2-20260518-01:55:11-2713,config,,,**.radio.radioMediumModule,"""LoRaMedium""",
General-2-20260518-01:55:11-2713,config,,,**.LoRaMedium.pathLossType,"""LoRaLogNormalShadowing""",
General-2-20260518-01:55:11-2713,config,,,**.minInterferenceTime,0s,
General-2-20260518-01:55:11-2713,config,,,**.displayAddresses,false,
General-2-20260518-01:55:11-2713,config,,,**.numberOfNodes,6,
General-2-20260518-01:55:11-2713,config,,,**.numberOfGateways,1,
General-2-20260518-01:55:11-2713,config,,,**.constraintAreaMaxX,2376.0m,
General-2-20260518-01:55:11-2713,config,,,**.constraintAreaMaxY,1090.0m,
General-2-20260518-01:55:11-2713,config,,,**.loRaGW[0].**.initialX,544.00m,
General-2-20260518-01:55:11-2713,config,,,**.loRaGW[0].**.initialY,544.00m,
General-2-20260518-01:55:11-2713,config,,,output-scalar-file,../results/n100-gw1-s2.ini.sca,
General-2-20260518-01:55:11-2713,config,,,**.loRaNodes[0..1].app[0].sendInterval,1h,
General-2-20260518-01:55:11-2713,config,,,**.loRaNodes[0].**.initialX,510.63m,
General-2-20260518-01:55:11-2713,config,,,**.loRaNodes[0].**.initialY,500.08m,
General-2-20260518-01:55:11-2713,config,,,**.loRaNodes[1].**.initialX,470.29m,
General-2-20260518-01:55:11-2713,config,,,**.loRaNodes[1].**.initialY,520.24m,
General-2-20260518-01:55:11-2713,config,,,**.loRaNodes[2].**.initialX,500.60m,
General-2-20260518-01:55:11-2713,config,,,**.loRaNodes[2].**.initialY,590.25m,
General-2-20260518-01:55:11-2713,config,,,**.loRaNodes[3].**.initialX,535.86m,
General-2-20260518-01:55:11-2713,config,,,**.loRaNodes[3].**.initialY,590.63m,
General-2-20260518-01:55:11-2713,config,,,**.loRaNodes[2..3].app[0].sendInterval,exponential(8760h),
General-2-20260518-01:55:11-2713,config,,,**.loRaNodes[4..5].app[0].sendInterval,exponential(4h),
General-2-20260518-01:55:11-2713,config,,,**.loRaNodes[4].**.initialX,650.85m,
General-2-20260518-01:55:11-2713,config,,,**.loRaNodes[4].**.initialY,510.11m,
General-2-20260518-01:55:11-2713,config,,,**.loRaNodes[5].**.initialX,680.27m,
General-2-20260518-01:55:11-2713,config,,,**.loRaNodes[5].**.initialY,520.84m,
General-2-20260518-01:55:11-2713,config,,,**.loRaNodes[0].**initialLoRaSF,8,
General-2-20260518-01:55:11-2713,config,,,**.loRaNodes[0].**initialLoRaTP,8dBm,
General-2-20260518-01:55:11-2713,config,,,**.loRaNodes[1].**initialLoRaSF,9,
General-2-20260518-01:55:11-2713,config,,,**.loRaNodes[1].**initialLoRaTP,8dBm,
General-2-20260518-01:55:11-2713,config,,,**.loRaNodes[2].**initialLoRaSF,7,
General-2-20260518-01:55:11-2713,config,,,**.loRaNodes[2].**initialLoRaTP,8dBm,
General-2-20260518-01:55:11-2713,config,,,**.loRaNodes[3].**initialLoRaSF,7,
General-2-20260518-01:55:11-2713,config,,,**.loRaNodes[3].**initialLoRaTP,2dBm,
General-2-20260518-01:55:11-2713,config,,,**.loRaNodes[4].**initialLoRaSF,8,
General-2-20260518-01:55:11-2713,config,,,**.loRaNodes[4].**initialLoRaTP,8dBm,
General-2-20260518-01:55:11-2713,config,,,**.loRaNodes[5].**initialLoRaSF,7,
General-2-20260518-01:55:11-2713,config,,,**.loRaNodes[5].**initialLoRaTP,2dBm,
General-2-20260518-01:55:11-2713,config,,,**.vector-recording,false,
General-2-20260518-01:55:11-2713,config,,,**.loRaGW[*].packetForwarder.highQueueLength.vector-recording,true,
General-2-20260518-01:55:11-2713,config,,,**.loRaGW[*].packetForwarder.lowQueueLength.vector-recording,true,
General-2-20260518-01:55:11-2713,config,,,**.networkServer.app[0].delaySignal.vector-recording,true,
General-2-20260518-01:55:11-2713,config,,,**.loRaNodes[*].app[0].packetsSent:scalar,true,
General-2-20260518-01:55:11-2713,config,,,**.networkServer.app[0].totalReceivedPackets:scalar,true,
General-2-20260518-01:55:11-2713,config,,,**.loRaGW[*].**.packetDropRate:scalar,true,
General-17-20260518-02:53:33-2844,runattr,,,configname,General,
General-17-20260518-02:53:33-2844,runattr,,,datetime,20260518-02:53:33,
General-17-20260518-02:53:33-2844,runattr,,,datetimef,20260518-025333,
General-17-20260518-02:53:33-2844,runattr,,,experiment,General,
General-17-20260518-02:53:33-2844,runattr,,,inifile,n100-gw1.ini,
General-17-20260518-02:53:33-2844,runattr,,,iterationvars,"$0=""avg""",
General-17-20260518-02:53:33-2844,runattr,,,iterationvarsd,avg,
General-17-20260518-02:53:33-2844,runattr,,,iterationvarsf,avg-,
General-17-20260518-02:53:33-2844,runattr,,,measurement,"$0=""avg""",
General-17-20260518-02:53:33-2844,runattr,,,network,flora.simulations.LoRaNetworkTest,
General-17-20260518-02:53:33-2844,runattr,,,processid,2844,
General-17-20260518-02:53:33-2844,runattr,,,repetition,17,
General-17-20260518-02:53:33-2844,runattr,,,replication,#17,
General-17-20260518-02:53:33-2844,runattr,,,resultdir,results,
General-17-20260518-02:53:33-2844,runattr,,,runnumber,17,
General-17-20260518-02:53:33-2844,runattr,,,seedset,17,
General-17-20260518-02:53:33-2844,config,,,image-path,../../../inet4.4/images,
General-17-20260518-02:53:33-2844,config,,,network,flora.simulations.LoRaNetworkTest,
General-17-20260518-02:53:33-2844,config,,,output-vector-file,../results/n100-gw1-s17.ini.vec,
General-17-20260518-02:53:33-2844,config,,,**.maxTransmissionDuration,4s,
General-17-20260518-02:53:33-2844,config,,,**.energyDetection,-110dBm,
General-17-20260518-02:53:33-2844,config,,,**.vector-recording,true,
General-17-20260518-02:53:33-2844,config,,,rng-class,cMersenneTwister,
General-17-20260518-02:53:33-2844,config,,,**.loRaGW[*].numUdpApps,1,
General-17-20260518-02:53:33-2844,config,,,**.loRaGW[0].packetForwarder.localPort,2000,
General-17-20260518-02:53:33-2844,config,,,**.loRaGW[0].packetForwarder.destPort,1000,
General-17-20260518-02:53:33-2844,config,,,**.loRaGW[0].packetForwarder.destAddresses,"""networkServer""",
General-17-20260518-02:53:33-2844,config,,,**.loRaGW[0].packetForwarder.indexNumber,0,
General-17-20260518-02:53:33-2844,config,,,**.networkServer.numApps,1,
General-17-20260518-02:53:33-2844,config,,,**.networkServer.**.evaluateADRinServer,true,
General-17-20260518-02:53:33-2844,config,,,**.networkServer.app[0].typename,NetworkServerApp,
General-17-20260518-02:53:33-2844,config,,,**.networkServer.app[0].destAddresses,"""loRaGW[0]""",
General-17-20260518-02:53:33-2844,config,,,**.networkServer.app[0].destPort,2000,
General-17-20260518-02:53:33-2844,config,,,**.networkServer.app[0].localPort,1000,
General-17-20260518-02:53:33-2844,config,,,**.networkServer.app[0].adrMethod,"""avg""",
General-17-20260518-02:53:33-2844,config,,,**.numberOfPacketsToSend,0,
General-17-20260518-02:53:33-2844,config,,,sim-time-limit,3d,
General-17-20260518-02:53:33-2844,config,,,warmup-period,2h,
General-17-20260518-02:53:33-2844,config,,,simtime-resolution,-11,
General-17-20260518-02:53:33-2844,config,,,repeat,20,
General-17-20260518-02:53:33-2844,config,,,**.loRaNodes[0].app[0].timeToFirstPacket,12h 50ms,
General-17-20260518-02:53:33-2844,config,,,**.loRaNodes[0].app[0].timeToNextPacket,1h,
General-17-20260518-02:53:33-2844,config,,,**.loRaNodes[1].app[0].timeToFirstPacket,"uniform(4h, 5h)",
General-17-20260518-02:53:33-2844,config,,,**.loRaNodes[1].app[0].timeToNextPacket,1h,
General-17-20260518-02:53:33-2844,config,,,**.loRaNodes[2].app[0].timeToFirstPacket,12h,
General-17-20260518-02:53:33-2844,config,,,**.loRaNodes[3].app[0].timeToFirstPacket,12h 100ms,
General-17-20260518-02:53:33-2844,config,,,**.loRaNodes[4].app[0].timeToFirstPacket,12h 200ms,
General-17-20260518-02:53:33-2844,config,,,**.loRaNodes[5].app[0].timeToFirstPacket,12h 300ms,
General-17-20260518-02:53:33-2844,config,,,**.loRaNodes[{2..5}].app[0].timeToNextPacket,24h,
General-17-20260518-02:53:33-2844,config,,,**.alohaChannelModel,false,
General-17-20260518-02:53:33-2844,config,,,**.loRaNodes[*].**.initFromDisplayString,false,
General-17-20260518-02:53:33-2844,config,,,**.loRaNodes[*].**.evaluateADRinNode,true,
General-17-20260518-02:53:33-2844,config,,,**.loRaNodes[*].**initialLoRaBW,125 kHz,
General-17-20260518-02:53:33-2844,config,,,**.loRaNodes[*].**initialLoRaCR,4,
General-17-20260518-02:53:33-2844,config,,,**.loRaNodes[*].numApps,1,
General-17-20260518-02:53:33-2844,config,,,**.loRaNodes[*].app[0].typename,SimpleLoRaApp,
General-17-20260518-02:53:33-2844,config,,,**.LoRaGWNic.radio.iAmGateway,true,
General-17-20260518-02:53:33-2844,config,,,**.loRaGW[*].**.initFromDisplayString,false,
General-17-20260518-02:53:33-2844,config,,,**.loRaNodes[*].LoRaNic.radio.energyConsumer.typename,LoRaEnergyConsumer,
General-17-20260518-02:53:33-2844,config,,,**.loRaNodes[*].**.energySourceModule,"""^.IdealEpEnergyStorage""",
General-17-20260518-02:53:33-2844,config,,,**.loRaNodes[*].LoRaNic.radio.energyConsumer.configFile,"xmldoc(""../energyConsumptionParameters.xml"")",
General-17-20260518-02:53:33-2844,config,,,**.sigma,3.57,
General-17-20260518-02:53:33-2844,config,,,**.constraintAreaMinX,0m,
General-17-20260518-02:53:33-2844,config,,,**.constraintAreaMinY,0m,
General-17-20260518-02:53:33-2844,config,,,**.constraintAreaMinZ,0m,
General-17-20260518-02:53:33-2844,config,,,**.constraintAreaMaxZ,0m,
General-17-20260518-02:53:33-2844,config,,,LoRaNetworkTest.**.radio.separateTransmissionParts,false,
General-17-20260518-02:53:33-2844,config,,,LoRaNetworkTest.**.radio.separateReceptionParts,false,
General-17-20260518-02:53:33-2844,config,,,**.ipv4Delayer.config,"xmldoc(""../cloudDelays.xml"")",
General-17-20260518-02:53:33-2844,config,,,**.radio.radioMediumModule,"""LoRaMedium""",
General-17-20260518-02:53:33-2844,config,,,**.LoRaMedium.pathLossType,"""LoRaLogNormalShadowing""",
General-17-20260518-02:53:33-2844,config,,,**.minInterferenceTime,0s,
General-17-20260518-02:53:33-2844,config,,,**.displayAddresses,false,
General-17-20260518-02:53:33-2844,config,,,**.numberOfNodes,6,
General-17-20260518-02:53:33-2844,config,,,**.numberOfGateways,1,
General-17-20260518-02:53:33-2844,config,,,**.constraintAreaMaxX,2376.0m,
General-17-20260518-02:53:33-2844,config,,,**.constraintAreaMaxY,1090.0m,
General-17-20260518-02:53:33-2844,config,,,**.loRaGW[0].**.initialX,544.00m,
General-17-20260518-02:53:33-2844,config,,,**.loRaGW[0].**.initialY,544.00m,
General-17-20260518-02:53:33-2844,config,,,output-scalar-file,../results/n100-gw1-s17.ini.sca,
General-17-20260518-02:53:33-2844,config,,,**.loRaNodes[0..1].app[0].sendInterval,1h,
General-17-20260518-02:53:33-2844,config,,,**.loRaNodes[0].**.initialX,510.63m,
General-17-20260518-02:53:33-2844,config,,,**.loRaNodes[0].**.initialY,500.08m,
General-17-20260518-02:53:33-2844,config,,,**.loRaNodes[1].**.initialX,470.29m,
General-17-20260518-02:53:33-2844,config,,,**.loRaNodes[1].**.initialY,520.24m,
General-17-20260518-02:53:33-2844,config,,,**.loRaNodes[2].**.initialX,500.60m,
General-17-20260518-02:53:33-2844,config,,,**.loRaNodes[2].**.initialY,590.25m,
General-17-20260518-02:53:33-2844,config,,,**.loRaNodes[3].**.initialX,535.86m,
General-17-20260518-02:53:33-2844,config,,,**.loRaNodes[3].**.initialY,590.63m,
General-17-20260518-02:53:33-2844,config,,,**.loRaNodes[2..3].app[0].sendInterval,exponential(8760h),
General-17-20260518-02:53:33-2844,config,,,**.loRaNodes[4..5].app[0].sendInterval,exponential(4h),
General-17-20260518-02:53:33-2844,config,,,**.loRaNodes[4].**.initialX,650.85m,
General-17-20260518-02:53:33-2844,config,,,**.loRaNodes[4].**.initialY,510.11m,
General-17-20260518-02:53:33-2844,config,,,**.loRaNodes[5].**.initialX,680.27m,
General-17-20260518-02:53:33-2844,config,,,**.loRaNodes[5].**.initialY,520.84m,
General-17-20260518-02:53:33-2844,config,,,**.loRaNodes[0].**initialLoRaSF,8,
General-17-20260518-02:53:33-2844,config,,,**.loRaNodes[0].**initialLoRaTP,8dBm,
General-17-20260518-02:53:33-2844,config,,,**.loRaNodes[1].**initialLoRaSF,9,
General-17-20260518-02:53:33-2844,config,,,**.loRaNodes[1].**initialLoRaTP,8dBm,
General-17-20260518-02:53:33-2844,config,,,**.loRaNodes[2].**initialLoRaSF,7,
General-17-20260518-02:53:33-2844,config,,,**.loRaNodes[2].**initialLoRaTP,8dBm,
General-17-20260518-02:53:33-2844,config,,,**.loRaNodes[3].**initialLoRaSF,7,
General-17-20260518-02:53:33-2844,config,,,**.loRaNodes[3].**initialLoRaTP,2dBm,
General-17-20260518-02:53:33-2844,config,,,**.loRaNodes[4].**initialLoRaSF,8,
General-17-20260518-02:53:33-2844,config,,,**.loRaNodes[4].**initialLoRaTP,8dBm,
General-17-20260518-02:53:33-2844,config,,,**.loRaNodes[5].**initialLoRaSF,7,
General-17-20260518-02:53:33-2844,config,,,**.loRaNodes[5].**initialLoRaTP,2dBm,
General-17-20260518-02:53:33-2844,config,,,**.vector-recording,false,
General-17-20260518-02:53:33-2844,config,,,**.loRaGW[*].packetForwarder.highQueueLength.vector-recording,true,
General-17-20260518-02:53:33-2844,config,,,**.loRaGW[*].packetForwarder.lowQueueLength.vector-recording,true,
General-17-20260518-02:53:33-2844,config,,,**.networkServer.app[0].delaySignal.vector-recording,true,
General-17-20260518-02:53:33-2844,config,,,**.loRaNodes[*].app[0].packetsSent:scalar,true,
General-17-20260518-02:53:33-2844,config,,,**.networkServer.app[0].totalReceivedPackets:scalar,true,
General-17-20260518-02:53:33-2844,config,,,**.loRaGW[*].**.packetDropRate:scalar,true,
General-0-20260518-01:47:11-2687,scalar,LoRaNetworkTest.networkServer.app[0],totalReceivedPackets,,,111
General-10-20260518-02:26:30-2790,scalar,LoRaNetworkTest.networkServer.app[0],totalReceivedPackets,,,107
General-11-20260518-02:30:21-2796,scalar,LoRaNetworkTest.networkServer.app[0],totalReceivedPackets,,,114
General-12-20260518-02:34:11-2806,scalar,LoRaNetworkTest.networkServer.app[0],totalReceivedPackets,,,118
General-13-20260518-02:37:59-2814,scalar,LoRaNetworkTest.networkServer.app[0],totalReceivedPackets,,,117
General-14-20260518-02:41:47-2821,scalar,LoRaNetworkTest.networkServer.app[0],totalReceivedPackets,,,108
General-15-20260518-02:45:41-2829,scalar,LoRaNetworkTest.networkServer.app[0],totalReceivedPackets,,,119
General-16-20260518-02:49:41-2836,scalar,LoRaNetworkTest.networkServer.app[0],totalReceivedPackets,,,111
General-17-20260518-02:53:33-2844,scalar,LoRaNetworkTest.networkServer.app[0],totalReceivedPackets,,,115
General-18-20260518-02:57:32-2852,scalar,LoRaNetworkTest.networkServer.app[0],totalReceivedPackets,,,107
General-19-20260518-03:01:23-2858,scalar,LoRaNetworkTest.networkServer.app[0],totalReceivedPackets,,,112
General-1-20260518-01:51:15-2706,scalar,LoRaNetworkTest.networkServer.app[0],totalReceivedPackets,,,114
General-2-20260518-01:55:11-2713,scalar,LoRaNetworkTest.networkServer.app[0],totalReceivedPackets,,,112
General-3-20260518-01:59:04-2724,scalar,LoRaNetworkTest.networkServer.app[0],totalReceivedPackets,,,113
General-4-20260518-02:02:57-2731,scalar,LoRaNetworkTest.networkServer.app[0],totalReceivedPackets,,,114
General-5-20260518-02:06:45-2738,scalar,LoRaNetworkTest.networkServer.app[0],totalReceivedPackets,,,106
General-6-20260518-02:10:41-2744,scalar,LoRaNetworkTest.networkServer.app[0],totalReceivedPackets,,,116
General-7-20260518-02:14:43-2751,scalar,LoRaNetworkTest.networkServer.app[0],totalReceivedPackets,,,115
General-8-20260518-02:18:37-2774,scalar,LoRaNetworkTest.networkServer.app[0],totalReceivedPackets,,,112
General-9-20260518-02:22:33-2782,scalar,LoRaNetworkTest.networkServer.app[0],totalReceivedPackets,,,100
